account_id,customer_id,account_type,account_status,opening_balance_inr,currency,open_date,home_branch_city
ACC00000001,CUST000001,Savings,Active,7896.57,INR,2023-05-26,Chennai
ACC00000002,CUST000002,Savings,Active,19509.49,INR,2025-07-09,Delhi
ACC00000003,CUST000003,Savings,Active,53343.9,INR,2025-03-16,Chennai
ACC00000004,CUST000004,Savings,Active,17459.61,INR,2023-08-16,Delhi
ACC00000005,CUST000005,Current,Dormant,4458.29,INR,2019-04-27,Mumbai
ACC00000006,CUST000006,Salary,Active,104734.35,INR,2020-04-24,Mumbai
ACC00000007,CUST000007,Savings,Active,14931.04,INR,2025-01-17,Delhi
ACC00000008,CUST000008,Current,Dormant,110417.58,INR,2021-10-26,Delhi
ACC00000009,CUST000009,Savings,Active,6920.23,INR,2019-08-09,Chennai
ACC00000010,CUST000010,Savings,Active,8490.92,INR,2023-03-21,Hyderabad
ACC00000011,CUST000011,Savings,Active,3703.35,INR,2024-12-16,Hyderabad
ACC00000012,CUST000012,Current,Dormant,7988.51,INR,2024-04-08,Hyderabad
ACC00000013,CUST000013,Savings,Active,1593.28,INR,2025-02-01,Delhi
ACC00000014,CUST000014,Savings,Active,30658.45,INR,2025-03-27,Hyderabad
ACC00000015,CUST000015,Savings,Active,44020.82,INR,2022-02-28,Hyderabad
ACC00000016,CUST000016,Savings,Active,23735.65,INR,2019-11-21,Mumbai
ACC00000017,CUST000017,Savings,Active,70049.48,INR,2021-05-20,Mumbai
ACC00000018,CUST000018,Savings,Active,73594.83,INR,2023-07-04,Mumbai
ACC00000019,CUST000019,Savings,Active,17132.5,INR,2021-02-10,Chennai
ACC00000020,CUST000020,Savings,Active,108273.74,INR,2021-06-29,Bengaluru
ACC00000021,CUST000021,Savings,Active,23713.64,INR,2025-01-20,Bengaluru
ACC00000022,CUST000022,Savings,Active,4786.86,INR,2024-05-08,Mumbai
ACC00000023,CUST000023,Salary,Dormant,713272.27,INR,2019-11-11,Delhi
ACC00000024,CUST000024,Savings,Active,9751.79,INR,2019-12-13,Mumbai
ACC00000025,CUST000025,Current,Active,68555.65,INR,2019-07-20,Delhi
ACC00000026,CUST000026,Current,Dormant,113007.13,INR,2024-07-29,Chennai
ACC00000027,CUST000027,Savings,Active,352298.01,INR,2020-09-24,Mumbai
ACC00000028,CUST000028,Savings,Active,116771.55,INR,2024-03-03,Bengaluru
ACC00000029,CUST000029,Current,Active,43667.82,INR,2019-08-29,Mumbai
ACC00000030,CUST000030,Savings,Active,13061.5,INR,2019-12-21,Delhi
ACC00000031,CUST000031,Current,Active,13456.79,INR,2022-11-14,Chennai
ACC00000032,CUST000032,Savings,Active,14873.38,INR,2020-09-12,Chennai
ACC00000033,CUST000033,Savings,Active,150244.14,INR,2023-10-30,Bengaluru
ACC00000034,CUST000034,Savings,Active,13230.37,INR,2023-03-05,Delhi
ACC00000035,CUST000035,Savings,Dormant,64318.52,INR,2020-12-14,Delhi
ACC00000036,CUST000036,Savings,Dormant,29903.98,INR,2022-09-28,Mumbai
ACC00000037,CUST000037,Savings,Active,20292.69,INR,2024-05-30,Mumbai
ACC00000038,CUST000038,Savings,Active,26946.27,INR,2021-02-28,Bengaluru
ACC00000039,CUST000039,Savings,Active,24662.61,INR,2024-03-15,Bengaluru
ACC00000040,CUST000040,Savings,Active,87356.72,INR,2020-06-01,Delhi
ACC00000041,CUST000041,Savings,Active,7296.92,INR,2023-06-27,Mumbai
ACC00000042,CUST000042,Savings,Dormant,43884.55,INR,2022-03-12,Chennai
ACC00000043,CUST000043,Salary,Dormant,13014.25,INR,2025-07-08,Bengaluru
ACC00000044,CUST000044,Savings,Active,9228.08,INR,2022-04-28,Chennai
ACC00000045,CUST000045,Salary,Active,19618.81,INR,2022-05-15,Mumbai
ACC00000046,CUST000046,Savings,Active,8636.91,INR,2025-11-25,Delhi
ACC00000047,CUST000047,Savings,Active,9384.8,INR,2025-10-05,Delhi
ACC00000048,CUST000048,Savings,Active,113296.01,INR,2025-07-25,Bengaluru
ACC00000049,CUST000049,Current,Dormant,57699.52,INR,2022-09-12,Bengaluru
ACC00000050,CUST000050,Savings,Active,8426.07,INR,2020-11-27,Bengaluru
ACC00000051,CUST000051,Savings,Active,15161.13,INR,2022-08-05,Delhi
ACC00000052,CUST000052,Salary,Dormant,182782.71,INR,2022-11-14,Mumbai
ACC00000053,CUST000053,Savings,Active,58649.87,INR,2025-06-09,Bengaluru
ACC00000054,CUST000054,Savings,Active,13351.4,INR,2024-10-09,Mumbai
ACC00000055,CUST000055,Savings,Active,22391.22,INR,2020-12-08,Chennai
ACC00000056,CUST000056,Savings,Active,32821.79,INR,2021-09-25,Chennai
ACC00000057,CUST000057,Salary,Active,20858.48,INR,2024-12-25,Mumbai
ACC00000058,CUST000058,Salary,Active,99849.29,INR,2022-10-12,Chennai
ACC00000059,CUST000059,Savings,Active,46411.64,INR,2025-09-06,Hyderabad
ACC00000060,CUST000060,Savings,Active,21836.51,INR,2019-08-23,Chennai
ACC00000061,CUST000061,Savings,Dormant,5497.49,INR,2024-10-05,Bengaluru
ACC00000062,CUST000062,Savings,Active,13446.69,INR,2025-03-13,Delhi
ACC00000063,CUST000063,Current,Active,111556.07,INR,2025-01-07,Delhi
ACC00000064,CUST000064,Savings,Active,43778.78,INR,2022-01-25,Hyderabad
ACC00000065,CUST000065,Salary,Active,60414.43,INR,2022-06-18,Hyderabad
ACC00000066,CUST000066,Savings,Dormant,131031.37,INR,2019-07-01,Chennai
ACC00000067,CUST000067,Savings,Dormant,3586.33,INR,2021-01-29,Chennai
ACC00000068,CUST000068,Savings,Active,10440.79,INR,2019-05-02,Mumbai
ACC00000069,CUST000069,Savings,Active,15615.95,INR,2020-04-24,Chennai
ACC00000070,CUST000070,Salary,Dormant,14768.15,INR,2023-10-31,Bengaluru
ACC00000071,CUST000071,Savings,Active,5672.63,INR,2021-02-06,Mumbai
ACC00000072,CUST000072,Current,Active,19048.42,INR,2024-05-14,Hyderabad
ACC00000073,CUST000073,Current,Dormant,96142.83,INR,2024-10-04,Bengaluru
ACC00000074,CUST000074,Savings,Active,16043.65,INR,2023-04-23,Chennai
ACC00000075,CUST000075,Savings,Active,7367.52,INR,2024-07-05,Mumbai
ACC00000076,CUST000076,Savings,Dormant,17008.54,INR,2023-03-02,Mumbai
ACC00000077,CUST000077,Current,Active,19157.02,INR,2020-03-08,Bengaluru
ACC00000078,CUST000078,Savings,Dormant,42111.51,INR,2025-07-13,Bengaluru
ACC00000079,CUST000079,Savings,Active,10649.16,INR,2021-07-17,Bengaluru
ACC00000080,CUST000080,Savings,Active,14836.89,INR,2021-01-05,Mumbai
ACC00000081,CUST000081,Savings,Active,8557.78,INR,2025-04-08,Bengaluru
ACC00000082,CUST000082,Salary,Dormant,36068.16,INR,2020-05-14,Mumbai
ACC00000083,CUST000083,Savings,Active,8330.2,INR,2022-08-11,Chennai
ACC00000084,CUST000084,Savings,Active,8437.81,INR,2020-06-03,Chennai
ACC00000085,CUST000085,Current,Active,17306.29,INR,2022-06-05,Hyderabad
ACC00000086,CUST000086,Savings,Dormant,42969.24,INR,2020-05-31,Bengaluru
ACC00000087,CUST000087,Savings,Active,14227.26,INR,2021-07-07,Mumbai
ACC00000088,CUST000088,Savings,Active,46448.84,INR,2025-07-01,Mumbai
ACC00000089,CUST000089,Savings,Dormant,48333.11,INR,2019-09-11,Bengaluru
ACC00000090,CUST000090,Savings,Active,235206.37,INR,2019-06-18,Delhi
ACC00000091,CUST000091,Current,Dormant,46829.44,INR,2025-04-22,Hyderabad
ACC00000092,CUST000092,Savings,Active,79872.41,INR,2022-10-07,Hyderabad
ACC00000093,CUST000093,Savings,Dormant,7521.37,INR,2023-02-17,Delhi
ACC00000094,CUST000094,Savings,Active,14567.5,INR,2020-09-16,Mumbai
ACC00000095,CUST000095,Current,Active,37808.77,INR,2024-01-16,Delhi
ACC00000096,CUST000096,Salary,Dormant,31156.54,INR,2022-12-12,Hyderabad
ACC00000097,CUST000097,Savings,Active,27686.61,INR,2024-06-06,Delhi
ACC00000098,CUST000098,Savings,Active,10458.56,INR,2024-09-09,Bengaluru
ACC00000099,CUST000099,Savings,Active,109681.65,INR,2020-02-11,Delhi
ACC00000100,CUST000100,Savings,Dormant,70891.14,INR,2019-09-07,Mumbai
ACC00000101,CUST000101,Current,Dormant,6912.23,INR,2021-10-22,Delhi
ACC00000102,CUST000102,Current,Dormant,124072.58,INR,2020-01-16,Delhi
ACC00000103,CUST000103,Savings,Dormant,16697.41,INR,2019-04-21,Mumbai
ACC00000104,CUST000104,Savings,Active,12423.35,INR,2023-05-08,Bengaluru
ACC00000105,CUST000105,Salary,Dormant,20514.36,INR,2020-02-15,Bengaluru
ACC00000106,CUST000106,Savings,Active,30136.61,INR,2022-04-21,Mumbai
ACC00000107,CUST000107,Current,Dormant,14612.16,INR,2023-04-15,Chennai
ACC00000108,CUST000108,Current,Dormant,92026.38,INR,2022-06-01,Hyderabad
ACC00000109,CUST000109,Savings,Active,7808.38,INR,2023-02-13,Delhi
ACC00000110,CUST000110,Savings,Active,4994.11,INR,2025-11-26,Hyderabad
ACC00000111,CUST000111,Current,Active,139819.99,INR,2024-10-21,Mumbai
ACC00000112,CUST000112,Savings,Dormant,43969.86,INR,2025-05-18,Mumbai
ACC00000113,CUST000113,Savings,Active,95569.43,INR,2022-11-11,Chennai
ACC00000114,CUST000114,Salary,Active,44795.37,INR,2020-05-22,Bengaluru
ACC00000115,CUST000115,Savings,Dormant,65206.36,INR,2021-03-01,Hyderabad
ACC00000116,CUST000116,Savings,Active,20593.39,INR,2025-09-17,Mumbai
ACC00000117,CUST000117,Savings,Dormant,21213.75,INR,2024-05-15,Mumbai
ACC00000118,CUST000118,Savings,Dormant,14990.03,INR,2022-04-13,Chennai
ACC00000119,CUST000119,Salary,Active,80629.49,INR,2022-05-09,Delhi
ACC00000120,CUST000120,Savings,Active,126472.6,INR,2023-04-17,Bengaluru
ACC00000121,CUST000121,Salary,Active,23260.06,INR,2024-10-12,Hyderabad
ACC00000122,CUST000122,Savings,Active,12523.38,INR,2022-02-20,Mumbai
ACC00000123,CUST000123,Savings,Active,24650.37,INR,2025-10-02,Bengaluru
ACC00000124,CUST000124,Savings,Active,5968.78,INR,2023-10-17,Delhi
ACC00000125,CUST000125,Savings,Active,15936.97,INR,2022-02-07,Bengaluru
ACC00000126,CUST000126,Savings,Active,9817.82,INR,2019-10-14,Hyderabad
ACC00000127,CUST000127,Salary,Dormant,46268.29,INR,2024-02-17,Mumbai
ACC00000128,CUST000128,Current,Dormant,36190.66,INR,2019-11-18,Hyderabad
ACC00000129,CUST000129,Savings,Active,11093.19,INR,2024-06-11,Hyderabad
ACC00000130,CUST000130,Current,Dormant,6075.57,INR,2020-07-08,Hyderabad
ACC00000131,CUST000131,Savings,Active,55912.74,INR,2025-04-18,Chennai
ACC00000132,CUST000132,Salary,Active,1795.87,INR,2021-12-18,Bengaluru
ACC00000133,CUST000133,Savings,Active,11916.73,INR,2025-11-30,Bengaluru
ACC00000134,CUST000134,Salary,Active,44400.51,INR,2025-03-28,Chennai
ACC00000135,CUST000135,Current,Active,17216.88,INR,2022-11-25,Mumbai
ACC00000136,CUST000136,Salary,Active,18564.41,INR,2020-06-15,Delhi
ACC00000137,CUST000137,Salary,Active,100982.15,INR,2025-10-26,Chennai
ACC00000138,CUST000138,Savings,Active,39234.54,INR,2022-11-23,Mumbai
ACC00000139,CUST000139,Savings,Active,4918.7,INR,2024-08-31,Mumbai
ACC00000140,CUST000140,Salary,Active,42323.57,INR,2021-03-11,Bengaluru
ACC00000141,CUST000141,Savings,Active,1443.48,INR,2019-10-22,Delhi
ACC00000142,CUST000142,Savings,Dormant,10089.93,INR,2025-03-26,Delhi
ACC00000143,CUST000143,Current,Active,64827.91,INR,2025-12-07,Delhi
ACC00000144,CUST000144,Salary,Active,777.47,INR,2022-11-13,Mumbai
ACC00000145,CUST000145,Savings,Active,4975.58,INR,2023-05-09,Bengaluru
ACC00000146,CUST000146,Savings,Active,23715.21,INR,2023-09-05,Delhi
ACC00000147,CUST000147,Current,Active,8923.26,INR,2025-08-28,Delhi
ACC00000148,CUST000148,Salary,Active,4797.52,INR,2025-10-05,Mumbai
ACC00000149,CUST000149,Savings,Active,26615.11,INR,2023-08-07,Hyderabad
ACC00000150,CUST000150,Savings,Active,89923.57,INR,2021-09-19,Bengaluru
ACC00000151,CUST000151,Savings,Active,73295.17,INR,2024-03-20,Mumbai
ACC00000152,CUST000152,Current,Active,61024.5,INR,2022-01-23,Chennai
ACC00000153,CUST000153,Current,Active,19300.37,INR,2025-05-04,Mumbai
ACC00000154,CUST000154,Salary,Dormant,17784.56,INR,2020-07-17,Bengaluru
ACC00000155,CUST000155,Salary,Active,248824.09,INR,2019-08-31,Mumbai
ACC00000156,CUST000156,Savings,Active,16967.97,INR,2025-12-28,Mumbai
ACC00000157,CUST000157,Savings,Active,17744.61,INR,2022-06-07,Bengaluru
ACC00000158,CUST000158,Savings,Dormant,19145.98,INR,2024-03-30,Mumbai
ACC00000159,CUST000159,Savings,Active,17890.39,INR,2021-12-17,Mumbai
ACC00000160,CUST000160,Savings,Active,8728.31,INR,2021-09-23,Bengaluru
ACC00000161,CUST000161,Savings,Active,121025.82,INR,2019-10-19,Mumbai
ACC00000162,CUST000162,Salary,Active,108972.08,INR,2023-08-19,Hyderabad
ACC00000163,CUST000163,Savings,Active,5448.23,INR,2020-03-06,Delhi
ACC00000164,CUST000164,Savings,Active,30321.61,INR,2021-05-25,Bengaluru
ACC00000165,CUST000165,Savings,Active,6164.85,INR,2025-10-12,Bengaluru
ACC00000166,CUST000166,Salary,Dormant,7615.46,INR,2020-07-28,Chennai
ACC00000167,CUST000167,Savings,Dormant,19948.71,INR,2020-05-05,Delhi
ACC00000168,CUST000168,Savings,Dormant,106154.56,INR,2025-06-13,Hyderabad
ACC00000169,CUST000169,Salary,Active,57157.57,INR,2021-04-03,Delhi
ACC00000170,CUST000170,Savings,Active,18258.32,INR,2022-05-12,Bengaluru
ACC00000171,CUST000171,Current,Active,86893.05,INR,2022-02-27,Hyderabad
ACC00000172,CUST000172,Savings,Active,195581.79,INR,2022-07-25,Delhi
ACC00000173,CUST000173,Savings,Active,20144.37,INR,2024-06-19,Hyderabad
ACC00000174,CUST000174,Current,Dormant,46117.85,INR,2025-01-07,Hyderabad
ACC00000175,CUST000175,Salary,Active,45159.07,INR,2024-07-23,Mumbai
ACC00000176,CUST000176,Savings,Active,1744.43,INR,2024-02-27,Delhi
ACC00000177,CUST000177,Savings,Active,10933.07,INR,2024-10-17,Mumbai
ACC00000178,CUST000178,Savings,Active,23132.77,INR,2021-04-23,Mumbai
ACC00000179,CUST000179,Savings,Active,81634.74,INR,2024-10-07,Chennai
ACC00000180,CUST000180,Savings,Dormant,69183.92,INR,2024-09-15,Mumbai
ACC00000181,CUST000181,Salary,Active,10851.73,INR,2021-09-06,Delhi
ACC00000182,CUST000182,Salary,Active,108027.03,INR,2020-08-03,Delhi
ACC00000183,CUST000183,Savings,Active,41786.98,INR,2021-02-25,Hyderabad
ACC00000184,CUST000184,Savings,Dormant,9972.64,INR,2023-05-16,Mumbai
ACC00000185,CUST000185,Savings,Dormant,230307.11,INR,2022-03-08,Bengaluru
ACC00000186,CUST000186,Savings,Active,47649.49,INR,2019-11-12,Chennai
ACC00000187,CUST000187,Savings,Active,40815.83,INR,2020-12-14,Delhi
ACC00000188,CUST000188,Savings,Active,101106.92,INR,2022-12-09,Delhi
ACC00000189,CUST000189,Salary,Active,86991.61,INR,2024-01-05,Chennai
ACC00000190,CUST000190,Current,Active,38756.36,INR,2022-10-17,Bengaluru
ACC00000191,CUST000191,Savings,Active,69416.97,INR,2025-06-24,Delhi
ACC00000192,CUST000192,Savings,Active,70635.08,INR,2022-09-16,Delhi
ACC00000193,CUST000193,Current,Active,166721.96,INR,2020-07-03,Chennai
ACC00000194,CUST000194,Savings,Active,39592.58,INR,2024-09-20,Bengaluru
ACC00000195,CUST000195,Salary,Active,24399.5,INR,2022-05-31,Chennai
ACC00000196,CUST000196,Salary,Dormant,33452.67,INR,2025-03-13,Hyderabad
ACC00000197,CUST000197,Savings,Active,20156.92,INR,2025-10-25,Delhi
ACC00000198,CUST000198,Salary,Dormant,34698.38,INR,2021-07-29,Mumbai
ACC00000199,CUST000199,Savings,Active,33053.64,INR,2022-08-03,Hyderabad
ACC00000200,CUST000200,Savings,Active,23212.4,INR,2023-03-13,Mumbai
ACC00000201,CUST000201,Savings,Active,21575.49,INR,2019-08-31,Chennai
ACC00000202,CUST000202,Savings,Active,18978.9,INR,2025-02-01,Bengaluru
ACC00000203,CUST000203,Savings,Active,48369.9,INR,2019-11-29,Chennai
ACC00000204,CUST000204,Savings,Active,98838.77,INR,2023-12-31,Chennai
ACC00000205,CUST000205,Current,Active,36879.0,INR,2021-10-13,Delhi
ACC00000206,CUST000206,Savings,Active,23531.58,INR,2023-08-20,Hyderabad
ACC00000207,CUST000207,Savings,Active,31265.89,INR,2019-08-03,Hyderabad
ACC00000208,CUST000208,Savings,Dormant,71640.1,INR,2020-08-09,Hyderabad
ACC00000209,CUST000209,Savings,Active,32918.67,INR,2025-10-27,Hyderabad
ACC00000210,CUST000210,Savings,Active,45965.11,INR,2020-01-24,Delhi
ACC00000211,CUST000211,Savings,Active,38931.92,INR,2025-12-04,Chennai
ACC00000212,CUST000212,Current,Dormant,56695.72,INR,2024-01-01,Bengaluru
ACC00000213,CUST000213,Current,Active,102456.53,INR,2024-03-15,Delhi
ACC00000214,CUST000214,Savings,Active,92294.98,INR,2019-04-22,Mumbai
ACC00000215,CUST000215,Savings,Active,42885.33,INR,2025-01-12,Bengaluru
ACC00000216,CUST000216,Savings,Active,80703.48,INR,2020-11-27,Delhi
ACC00000217,CUST000217,Savings,Active,23602.1,INR,2020-08-07,Mumbai
ACC00000218,CUST000218,Savings,Active,51463.58,INR,2020-08-30,Bengaluru
ACC00000219,CUST000219,Savings,Dormant,46337.43,INR,2025-12-06,Chennai
ACC00000220,CUST000220,Savings,Dormant,44016.03,INR,2020-08-22,Chennai
ACC00000221,CUST000221,Savings,Active,8231.3,INR,2023-11-28,Chennai
ACC00000222,CUST000222,Current,Active,149851.2,INR,2019-10-12,Delhi
ACC00000223,CUST000223,Savings,Active,34429.37,INR,2025-05-02,Hyderabad
ACC00000224,CUST000224,Savings,Active,7960.69,INR,2022-10-25,Bengaluru
ACC00000225,CUST000225,Savings,Active,12691.5,INR,2023-01-03,Chennai
ACC00000226,CUST000226,Savings,Active,46291.61,INR,2025-04-16,Delhi
ACC00000227,CUST000227,Salary,Dormant,7786.11,INR,2020-10-07,Chennai
ACC00000228,CUST000228,Savings,Active,68635.55,INR,2024-04-05,Bengaluru
ACC00000229,CUST000229,Savings,Active,257186.52,INR,2019-11-10,Bengaluru
ACC00000230,CUST000230,Current,Active,41972.31,INR,2022-10-24,Chennai
ACC00000231,CUST000231,Savings,Dormant,83177.42,INR,2025-11-30,Hyderabad
ACC00000232,CUST000232,Savings,Active,6716.04,INR,2021-09-23,Mumbai
ACC00000233,CUST000233,Savings,Active,42298.14,INR,2019-11-04,Chennai
ACC00000234,CUST000234,Savings,Active,12230.61,INR,2025-11-27,Mumbai
ACC00000235,CUST000235,Savings,Active,13202.34,INR,2021-02-01,Hyderabad
ACC00000236,CUST000236,Savings,Active,30050.85,INR,2025-03-26,Chennai
ACC00000237,CUST000237,Current,Dormant,50113.8,INR,2023-11-17,Chennai
ACC00000238,CUST000238,Savings,Dormant,11685.5,INR,2020-07-06,Chennai
ACC00000239,CUST000239,Current,Active,41188.99,INR,2025-02-17,Hyderabad
ACC00000240,CUST000240,Current,Dormant,23396.88,INR,2020-05-06,Bengaluru
ACC00000241,CUST000241,Savings,Active,41181.26,INR,2021-12-20,Delhi
ACC00000242,CUST000242,Savings,Active,28142.57,INR,2025-08-01,Delhi
ACC00000243,CUST000243,Salary,Active,57961.44,INR,2025-08-02,Chennai
ACC00000244,CUST000244,Savings,Active,20131.14,INR,2022-05-05,Chennai
ACC00000245,CUST000245,Savings,Dormant,5059.0,INR,2023-01-23,Mumbai
ACC00000246,CUST000246,Current,Active,13312.03,INR,2024-09-29,Delhi
ACC00000247,CUST000247,Current,Active,11816.3,INR,2024-09-29,Mumbai
ACC00000248,CUST000248,Current,Dormant,9047.52,INR,2024-06-03,Mumbai
ACC00000249,CUST000249,Salary,Active,159057.16,INR,2022-09-22,Delhi
ACC00000250,CUST000250,Savings,Active,29019.44,INR,2025-10-19,Bengaluru
ACC00000251,CUST000251,Savings,Active,36139.14,INR,2021-04-29,Hyderabad
ACC00000252,CUST000252,Savings,Active,49807.32,INR,2019-10-04,Chennai
ACC00000253,CUST000253,Current,Active,74867.59,INR,2024-07-13,Hyderabad
ACC00000254,CUST000254,Savings,Dormant,23088.33,INR,2020-06-30,Delhi
ACC00000255,CUST000255,Salary,Dormant,43197.64,INR,2020-07-06,Bengaluru
ACC00000256,CUST000256,Current,Active,28698.4,INR,2023-04-02,Chennai
ACC00000257,CUST000257,Savings,Active,22549.06,INR,2023-12-28,Chennai
ACC00000258,CUST000258,Current,Active,34594.7,INR,2021-10-04,Chennai
ACC00000259,CUST000259,Salary,Active,17287.36,INR,2025-12-19,Chennai
ACC00000260,CUST000260,Current,Active,9652.65,INR,2025-06-16,Hyderabad
ACC00000261,CUST000261,Savings,Active,11945.76,INR,2020-11-24,Chennai
ACC00000262,CUST000262,Current,Active,29662.29,INR,2024-10-12,Chennai
ACC00000263,CUST000263,Savings,Active,14097.43,INR,2025-09-26,Delhi
ACC00000264,CUST000264,Savings,Active,17120.59,INR,2025-12-08,Mumbai
ACC00000265,CUST000265,Current,Active,95187.78,INR,2020-02-29,Bengaluru
ACC00000266,CUST000266,Current,Active,89862.11,INR,2025-08-26,Bengaluru
ACC00000267,CUST000267,Salary,Active,28315.68,INR,2023-11-15,Bengaluru
ACC00000268,CUST000268,Savings,Active,2036.8,INR,2025-10-02,Chennai
ACC00000269,CUST000269,Savings,Active,27733.65,INR,2022-12-19,Hyderabad
ACC00000270,CUST000270,Savings,Dormant,23071.4,INR,2022-01-07,Bengaluru
ACC00000271,CUST000271,Savings,Active,14015.84,INR,2022-05-13,Delhi
ACC00000272,CUST000272,Current,Dormant,11473.95,INR,2021-07-06,Chennai
ACC00000273,CUST000273,Savings,Active,29732.72,INR,2019-07-27,Delhi
ACC00000274,CUST000274,Savings,Dormant,283886.22,INR,2025-04-26,Mumbai
ACC00000275,CUST000275,Savings,Active,42431.96,INR,2021-02-17,Bengaluru
ACC00000276,CUST000276,Savings,Active,5852.94,INR,2021-09-18,Delhi
ACC00000277,CUST000277,Salary,Active,25835.28,INR,2024-06-19,Delhi
ACC00000278,CUST000278,Salary,Active,44267.33,INR,2025-08-18,Mumbai
ACC00000279,CUST000279,Current,Active,3729.6,INR,2025-05-31,Bengaluru
ACC00000280,CUST000280,Savings,Active,25452.95,INR,2025-09-13,Bengaluru
ACC00000281,CUST000281,Current,Active,20518.01,INR,2020-07-26,Hyderabad
ACC00000282,CUST000282,Savings,Dormant,44169.94,INR,2020-08-31,Bengaluru
ACC00000283,CUST000283,Salary,Active,37314.91,INR,2021-03-01,Chennai
ACC00000284,CUST000284,Current,Active,19521.75,INR,2023-07-19,Bengaluru
ACC00000285,CUST000285,Salary,Active,849111.11,INR,2023-03-02,Bengaluru
ACC00000286,CUST000286,Savings,Dormant,77879.84,INR,2023-10-04,Chennai
ACC00000287,CUST000287,Savings,Active,26599.3,INR,2021-08-17,Bengaluru
ACC00000288,CUST000288,Salary,Dormant,28827.08,INR,2024-08-24,Chennai
ACC00000289,CUST000289,Salary,Active,4707.67,INR,2020-07-20,Mumbai
ACC00000290,CUST000290,Current,Dormant,17742.09,INR,2024-09-05,Hyderabad
ACC00000291,CUST000291,Savings,Active,49490.73,INR,2024-10-24,Mumbai
ACC00000292,CUST000292,Savings,Active,81958.53,INR,2022-12-08,Hyderabad
ACC00000293,CUST000293,Salary,Dormant,3554.68,INR,2020-09-01,Hyderabad
ACC00000294,CUST000294,Savings,Active,56577.08,INR,2023-11-08,Mumbai
ACC00000295,CUST000295,Savings,Dormant,20035.1,INR,2025-07-09,Mumbai
ACC00000296,CUST000296,Savings,Active,5435.62,INR,2022-05-08,Hyderabad
ACC00000297,CUST000297,Savings,Active,103451.92,INR,2020-11-15,Hyderabad
ACC00000298,CUST000298,Savings,Active,62617.4,INR,2019-07-11,Chennai
ACC00000299,CUST000299,Salary,Active,13299.33,INR,2019-07-29,Mumbai
ACC00000300,CUST000300,Savings,Active,47025.48,INR,2022-09-09,Hyderabad
ACC00000301,CUST000301,Savings,Dormant,12424.08,INR,2025-12-28,Mumbai
ACC00000302,CUST000302,Savings,Active,35628.85,INR,2024-10-05,Delhi
ACC00000303,CUST000303,Current,Active,229256.42,INR,2022-05-31,Bengaluru
ACC00000304,CUST000304,Savings,Active,93942.92,INR,2023-11-23,Delhi
ACC00000305,CUST000305,Salary,Dormant,17139.91,INR,2022-02-12,Delhi
ACC00000306,CUST000306,Savings,Active,30170.27,INR,2022-07-27,Hyderabad
ACC00000307,CUST000307,Savings,Active,179033.75,INR,2024-03-13,Hyderabad
ACC00000308,CUST000308,Savings,Active,16750.53,INR,2024-08-23,Mumbai
ACC00000309,CUST000309,Current,Dormant,112249.08,INR,2022-03-17,Mumbai
ACC00000310,CUST000310,Salary,Active,15220.18,INR,2020-04-07,Delhi
ACC00000311,CUST000311,Salary,Dormant,54356.32,INR,2022-10-08,Hyderabad
ACC00000312,CUST000312,Current,Active,19338.2,INR,2023-10-09,Hyderabad
ACC00000313,CUST000313,Savings,Active,79786.15,INR,2021-04-30,Hyderabad
ACC00000314,CUST000314,Current,Active,64287.82,INR,2023-02-04,Hyderabad
ACC00000315,CUST000315,Current,Active,14763.1,INR,2022-06-17,Bengaluru
ACC00000316,CUST000316,Savings,Active,85328.15,INR,2021-04-29,Delhi
ACC00000317,CUST000317,Current,Active,53491.28,INR,2024-09-04,Hyderabad
ACC00000318,CUST000318,Savings,Active,27572.68,INR,2025-07-09,Mumbai
ACC00000319,CUST000319,Current,Active,8382.27,INR,2020-05-05,Chennai
ACC00000320,CUST000320,Current,Active,84736.44,INR,2021-01-28,Mumbai
ACC00000321,CUST000321,Savings,Active,59460.16,INR,2020-06-20,Mumbai
ACC00000322,CUST000322,Savings,Active,43874.93,INR,2024-09-01,Hyderabad
ACC00000323,CUST000323,Current,Dormant,82692.22,INR,2022-01-05,Delhi
ACC00000324,CUST000324,Savings,Active,35121.71,INR,2025-02-23,Chennai
ACC00000325,CUST000325,Savings,Dormant,20105.48,INR,2025-08-08,Mumbai
ACC00000326,CUST000326,Savings,Dormant,25943.66,INR,2020-09-01,Chennai
ACC00000327,CUST000327,Current,Active,65364.03,INR,2022-03-07,Delhi
ACC00000328,CUST000328,Savings,Active,9206.11,INR,2019-12-20,Bengaluru
ACC00000329,CUST000329,Savings,Dormant,32148.61,INR,2024-11-19,Hyderabad
ACC00000330,CUST000330,Savings,Active,111706.59,INR,2019-07-10,Mumbai
ACC00000331,CUST000331,Current,Active,39818.29,INR,2025-10-18,Chennai
ACC00000332,CUST000332,Savings,Dormant,40681.44,INR,2024-05-07,Hyderabad
ACC00000333,CUST000333,Savings,Active,4190.4,INR,2024-09-24,Hyderabad
ACC00000334,CUST000334,Savings,Active,11515.77,INR,2020-07-22,Mumbai
ACC00000335,CUST000335,Savings,Active,9363.0,INR,2020-02-26,Chennai
ACC00000336,CUST000336,Savings,Active,9636.02,INR,2024-09-27,Bengaluru
ACC00000337,CUST000337,Savings,Active,9912.16,INR,2024-08-21,Chennai
ACC00000338,CUST000338,Savings,Active,5062.31,INR,2022-12-07,Mumbai
ACC00000339,CUST000339,Savings,Active,109858.53,INR,2021-01-12,Hyderabad
ACC00000340,CUST000340,Current,Active,178817.0,INR,2020-12-10,Delhi
ACC00000341,CUST000341,Salary,Active,277047.41,INR,2023-01-26,Hyderabad
ACC00000342,CUST000342,Savings,Active,81621.75,INR,2023-11-14,Bengaluru
ACC00000343,CUST000343,Savings,Dormant,24055.44,INR,2025-01-16,Mumbai
ACC00000344,CUST000344,Savings,Active,108852.42,INR,2025-12-12,Bengaluru
ACC00000345,CUST000345,Salary,Active,262401.81,INR,2023-01-20,Chennai
ACC00000346,CUST000346,Savings,Dormant,9642.14,INR,2021-02-10,Mumbai
ACC00000347,CUST000347,Savings,Active,301522.82,INR,2019-06-18,Mumbai
ACC00000348,CUST000348,Savings,Active,142392.32,INR,2019-05-06,Mumbai
ACC00000349,CUST000349,Current,Dormant,15479.62,INR,2025-01-02,Mumbai
ACC00000350,CUST000350,Savings,Active,35491.76,INR,2020-04-04,Hyderabad
ACC00000351,CUST000351,Salary,Active,65139.92,INR,2022-09-30,Delhi
ACC00000352,CUST000352,Savings,Dormant,28198.61,INR,2019-08-19,Bengaluru
ACC00000353,CUST000353,Current,Dormant,8460.41,INR,2023-01-13,Bengaluru
ACC00000354,CUST000354,Current,Dormant,9163.56,INR,2022-08-11,Chennai
ACC00000355,CUST000355,Savings,Dormant,101898.31,INR,2024-05-06,Delhi
ACC00000356,CUST000356,Salary,Dormant,19581.77,INR,2021-05-06,Delhi
ACC00000357,CUST000357,Savings,Dormant,48771.7,INR,2025-10-09,Hyderabad
ACC00000358,CUST000358,Current,Active,82362.8,INR,2023-09-07,Bengaluru
ACC00000359,CUST000359,Savings,Active,19385.3,INR,2020-05-11,Mumbai
ACC00000360,CUST000360,Salary,Active,76573.13,INR,2025-06-10,Delhi
ACC00000361,CUST000361,Savings,Active,120600.62,INR,2024-04-11,Bengaluru
ACC00000362,CUST000362,Current,Dormant,36108.85,INR,2023-06-13,Hyderabad
ACC00000363,CUST000363,Savings,Dormant,12820.31,INR,2025-08-04,Hyderabad
ACC00000364,CUST000364,Savings,Active,47040.41,INR,2021-06-21,Hyderabad
ACC00000365,CUST000365,Current,Dormant,33162.49,INR,2020-05-04,Mumbai
ACC00000366,CUST000366,Savings,Active,78045.35,INR,2022-01-29,Bengaluru
ACC00000367,CUST000367,Savings,Dormant,24995.3,INR,2019-05-30,Chennai
ACC00000368,CUST000368,Savings,Active,11705.44,INR,2019-09-27,Bengaluru
ACC00000369,CUST000369,Current,Active,13953.08,INR,2019-05-24,Delhi
ACC00000370,CUST000370,Savings,Active,25673.63,INR,2021-10-10,Delhi
ACC00000371,CUST000371,Current,Active,174109.81,INR,2019-09-18,Mumbai
ACC00000372,CUST000372,Savings,Active,36550.09,INR,2022-03-12,Delhi
ACC00000373,CUST000373,Salary,Active,37256.8,INR,2025-09-13,Mumbai
ACC00000374,CUST000374,Salary,Active,27718.18,INR,2025-04-29,Bengaluru
ACC00000375,CUST000375,Savings,Active,15290.61,INR,2024-05-29,Bengaluru
ACC00000376,CUST000376,Savings,Active,68843.32,INR,2019-06-12,Chennai
ACC00000377,CUST000377,Savings,Active,8492.83,INR,2020-11-06,Chennai
ACC00000378,CUST000378,Salary,Dormant,47215.75,INR,2024-08-15,Bengaluru
ACC00000379,CUST000379,Savings,Dormant,82571.07,INR,2021-12-08,Mumbai
ACC00000380,CUST000380,Savings,Active,33331.6,INR,2024-07-30,Bengaluru
ACC00000381,CUST000381,Savings,Active,8005.97,INR,2020-03-16,Mumbai
ACC00000382,CUST000382,Savings,Active,111690.88,INR,2023-10-19,Hyderabad
ACC00000383,CUST000383,Savings,Dormant,28119.61,INR,2024-12-07,Delhi
ACC00000384,CUST000384,Savings,Active,17314.04,INR,2020-12-02,Delhi
ACC00000385,CUST000385,Savings,Dormant,7284.26,INR,2021-01-07,Hyderabad
ACC00000386,CUST000386,Savings,Active,46832.58,INR,2022-09-28,Bengaluru
ACC00000387,CUST000387,Current,Dormant,11868.03,INR,2019-04-13,Bengaluru
ACC00000388,CUST000388,Savings,Active,8848.1,INR,2025-12-06,Bengaluru
ACC00000389,CUST000389,Savings,Active,13082.1,INR,2024-01-20,Bengaluru
ACC00000390,CUST000390,Savings,Active,50305.73,INR,2022-06-10,Chennai
ACC00000391,CUST000391,Savings,Active,15630.56,INR,2024-02-17,Chennai
ACC00000392,CUST000392,Savings,Active,152792.85,INR,2023-09-24,Delhi
ACC00000393,CUST000393,Savings,Active,28055.54,INR,2021-03-24,Delhi
ACC00000394,CUST000394,Current,Active,28611.92,INR,2024-11-25,Mumbai
ACC00000395,CUST000395,Savings,Active,20380.02,INR,2020-09-17,Chennai
ACC00000396,CUST000396,Salary,Dormant,19949.66,INR,2021-04-28,Hyderabad
ACC00000397,CUST000397,Savings,Active,115496.14,INR,2019-08-23,Mumbai
ACC00000398,CUST000398,Savings,Dormant,28937.66,INR,2022-08-04,Mumbai
ACC00000399,CUST000399,Savings,Active,12663.86,INR,2020-03-11,Mumbai
ACC00000400,CUST000400,Savings,Dormant,12097.47,INR,2024-03-23,Chennai
ACC00000401,CUST000401,Savings,Active,593945.63,INR,2021-08-15,Chennai
ACC00000402,CUST000402,Savings,Active,9475.89,INR,2023-07-28,Delhi
ACC00000403,CUST000403,Current,Active,53761.09,INR,2021-07-23,Mumbai
ACC00000404,CUST000404,Savings,Active,25096.39,INR,2024-11-17,Hyderabad
ACC00000405,CUST000405,Savings,Active,24236.48,INR,2021-08-17,Bengaluru
ACC00000406,CUST000406,Salary,Active,37404.39,INR,2024-02-15,Hyderabad
ACC00000407,CUST000407,Savings,Active,16100.0,INR,2021-06-30,Bengaluru
ACC00000408,CUST000408,Salary,Active,11512.81,INR,2019-12-29,Chennai
ACC00000409,CUST000409,Current,Dormant,2598.11,INR,2025-04-01,Bengaluru
ACC00000410,CUST000410,Savings,Dormant,44673.4,INR,2023-04-11,Chennai
ACC00000411,CUST000411,Savings,Active,49583.62,INR,2020-03-01,Delhi
ACC00000412,CUST000412,Salary,Active,24355.61,INR,2023-11-06,Mumbai
ACC00000413,CUST000413,Savings,Active,44517.69,INR,2022-08-10,Bengaluru
ACC00000414,CUST000414,Savings,Active,58967.68,INR,2019-05-02,Chennai
ACC00000415,CUST000415,Salary,Active,42544.28,INR,2025-11-11,Chennai
ACC00000416,CUST000416,Current,Active,52184.09,INR,2025-05-11,Delhi
ACC00000417,CUST000417,Salary,Dormant,99433.72,INR,2019-06-08,Mumbai
ACC00000418,CUST000418,Savings,Dormant,56244.25,INR,2022-07-21,Mumbai
ACC00000419,CUST000419,Savings,Active,7930.14,INR,2020-12-14,Chennai
ACC00000420,CUST000420,Savings,Active,4255.41,INR,2021-10-08,Mumbai
ACC00000421,CUST000421,Savings,Active,6323.73,INR,2020-07-22,Delhi
ACC00000422,CUST000422,Salary,Active,9667.02,INR,2019-04-04,Mumbai
ACC00000423,CUST000423,Current,Active,11083.91,INR,2022-02-06,Delhi
ACC00000424,CUST000424,Salary,Dormant,15525.53,INR,2019-12-11,Hyderabad
ACC00000425,CUST000425,Savings,Active,14098.5,INR,2024-06-25,Chennai
ACC00000426,CUST000426,Savings,Active,111370.49,INR,2024-09-16,Bengaluru
ACC00000427,CUST000427,Salary,Dormant,5332.42,INR,2022-06-03,Bengaluru
ACC00000428,CUST000428,Savings,Active,38644.23,INR,2019-04-16,Bengaluru
ACC00000429,CUST000429,Salary,Active,4515.69,INR,2020-07-16,Delhi
ACC00000430,CUST000430,Savings,Active,57717.05,INR,2019-07-01,Mumbai
ACC00000431,CUST000431,Salary,Active,72134.8,INR,2025-05-17,Mumbai
ACC00000432,CUST000432,Savings,Dormant,11635.63,INR,2024-12-31,Delhi
ACC00000433,CUST000433,Savings,Active,23984.54,INR,2021-09-13,Delhi
ACC00000434,CUST000434,Savings,Active,38914.41,INR,2024-09-09,Hyderabad
ACC00000435,CUST000435,Savings,Active,38598.5,INR,2020-01-07,Delhi
ACC00000436,CUST000436,Salary,Active,12529.77,INR,2019-04-03,Chennai
ACC00000437,CUST000437,Savings,Active,10315.53,INR,2019-12-30,Hyderabad
ACC00000438,CUST000438,Savings,Active,119564.87,INR,2025-02-19,Bengaluru
ACC00000439,CUST000439,Salary,Active,17492.38,INR,2021-10-05,Mumbai
ACC00000440,CUST000440,Salary,Dormant,61108.74,INR,2023-12-24,Bengaluru
ACC00000441,CUST000441,Savings,Dormant,43220.64,INR,2023-12-15,Delhi
ACC00000442,CUST000442,Salary,Dormant,32312.37,INR,2020-04-20,Hyderabad
ACC00000443,CUST000443,Savings,Active,37412.43,INR,2020-02-19,Hyderabad
ACC00000444,CUST000444,Current,Active,10599.42,INR,2022-10-02,Bengaluru
ACC00000445,CUST000445,Savings,Active,5592.8,INR,2025-12-12,Bengaluru
ACC00000446,CUST000446,Savings,Active,11969.98,INR,2021-03-15,Hyderabad
ACC00000447,CUST000447,Savings,Active,12997.18,INR,2024-09-03,Delhi
ACC00000448,CUST000448,Savings,Dormant,19940.88,INR,2022-10-05,Bengaluru
ACC00000449,CUST000449,Current,Active,46200.23,INR,2023-11-22,Chennai
ACC00000450,CUST000450,Current,Active,17464.11,INR,2023-07-09,Bengaluru
ACC00000451,CUST000451,Savings,Active,17533.4,INR,2021-03-05,Hyderabad
ACC00000452,CUST000452,Savings,Active,29108.7,INR,2019-06-15,Delhi
ACC00000453,CUST000453,Current,Active,14076.74,INR,2025-07-07,Hyderabad
ACC00000454,CUST000454,Savings,Active,3556.3,INR,2024-02-19,Chennai
ACC00000455,CUST000455,Savings,Active,10929.19,INR,2023-09-08,Hyderabad
ACC00000456,CUST000456,Savings,Active,16687.56,INR,2025-06-30,Chennai
ACC00000457,CUST000457,Savings,Active,35808.9,INR,2024-07-04,Delhi
ACC00000458,CUST000458,Savings,Dormant,152641.4,INR,2023-07-14,Bengaluru
ACC00000459,CUST000459,Savings,Active,221823.22,INR,2025-10-08,Bengaluru
ACC00000460,CUST000460,Current,Active,6315.51,INR,2024-11-20,Delhi
ACC00000461,CUST000461,Salary,Active,40132.48,INR,2023-09-27,Hyderabad
ACC00000462,CUST000462,Salary,Dormant,29299.84,INR,2024-06-01,Mumbai
ACC00000463,CUST000463,Savings,Active,50205.28,INR,2023-06-28,Mumbai
ACC00000464,CUST000464,Savings,Active,63301.24,INR,2022-12-19,Delhi
ACC00000465,CUST000465,Savings,Active,17061.92,INR,2024-07-29,Hyderabad
ACC00000466,CUST000466,Savings,Active,26176.91,INR,2019-06-29,Delhi
ACC00000467,CUST000467,Salary,Dormant,17827.21,INR,2023-04-15,Hyderabad
ACC00000468,CUST000468,Savings,Active,35157.6,INR,2025-09-01,Hyderabad
ACC00000469,CUST000469,Current,Active,7506.11,INR,2024-10-04,Hyderabad
ACC00000470,CUST000470,Current,Dormant,113952.11,INR,2024-03-31,Bengaluru
ACC00000471,CUST000471,Savings,Dormant,24863.57,INR,2024-02-27,Mumbai
ACC00000472,CUST000472,Salary,Active,13752.1,INR,2022-12-27,Mumbai
ACC00000473,CUST000473,Savings,Active,39544.08,INR,2020-05-17,Hyderabad
ACC00000474,CUST000474,Savings,Active,84495.76,INR,2020-12-27,Hyderabad
ACC00000475,CUST000475,Salary,Active,52140.56,INR,2020-05-30,Mumbai
ACC00000476,CUST000476,Savings,Dormant,36314.0,INR,2025-07-24,Bengaluru
ACC00000477,CUST000477,Savings,Active,141536.29,INR,2024-10-28,Bengaluru
ACC00000478,CUST000478,Savings,Dormant,12481.03,INR,2023-08-16,Delhi
ACC00000479,CUST000479,Savings,Dormant,14421.85,INR,2022-12-24,Bengaluru
ACC00000480,CUST000480,Salary,Active,88049.21,INR,2024-02-29,Hyderabad
ACC00000481,CUST000481,Savings,Active,31489.7,INR,2025-11-05,Hyderabad
ACC00000482,CUST000482,Savings,Active,119818.05,INR,2022-02-07,Hyderabad
ACC00000483,CUST000483,Current,Dormant,21430.26,INR,2020-02-21,Bengaluru
ACC00000484,CUST000484,Savings,Active,23164.88,INR,2025-01-09,Mumbai
ACC00000485,CUST000485,Savings,Dormant,187237.31,INR,2019-10-27,Delhi
ACC00000486,CUST000486,Savings,Active,6968.97,INR,2023-01-02,Bengaluru
ACC00000487,CUST000487,Current,Dormant,114143.14,INR,2024-07-24,Delhi
ACC00000488,CUST000488,Savings,Active,130488.29,INR,2022-05-23,Hyderabad
ACC00000489,CUST000489,Savings,Active,43397.78,INR,2023-11-30,Hyderabad
ACC00000490,CUST000490,Savings,Active,12653.9,INR,2024-12-18,Mumbai
ACC00000491,CUST000491,Savings,Active,7525.61,INR,2024-09-09,Bengaluru
ACC00000492,CUST000492,Savings,Active,11568.71,INR,2025-01-26,Hyderabad
ACC00000493,CUST000493,Savings,Active,14493.63,INR,2024-02-24,Hyderabad
ACC00000494,CUST000494,Salary,Active,12269.09,INR,2019-06-05,Delhi
ACC00000495,CUST000495,Savings,Active,10395.28,INR,2023-08-11,Delhi
ACC00000496,CUST000496,Savings,Active,15512.21,INR,2023-10-14,Hyderabad
ACC00000497,CUST000497,Salary,Active,9557.52,INR,2020-10-29,Bengaluru
ACC00000498,CUST000498,Savings,Active,18298.23,INR,2021-08-05,Bengaluru
ACC00000499,CUST000499,Salary,Active,13366.21,INR,2019-12-24,Mumbai
ACC00000500,CUST000500,Savings,Active,31655.61,INR,2019-06-16,Delhi
ACC00000501,CUST000501,Savings,Active,59256.78,INR,2025-02-17,Mumbai
ACC00000502,CUST000502,Salary,Active,75940.64,INR,2024-07-19,Hyderabad
ACC00000503,CUST000503,Savings,Active,24958.63,INR,2020-11-02,Hyderabad
ACC00000504,CUST000504,Current,Dormant,3775.95,INR,2023-10-31,Bengaluru
ACC00000505,CUST000505,Savings,Active,31873.84,INR,2023-06-20,Chennai
ACC00000506,CUST000506,Current,Active,171317.36,INR,2024-02-05,Bengaluru
ACC00000507,CUST000507,Savings,Active,2549.81,INR,2020-09-10,Chennai
ACC00000508,CUST000508,Savings,Active,13783.4,INR,2022-03-30,Delhi
ACC00000509,CUST000509,Savings,Active,25932.09,INR,2024-05-07,Delhi
ACC00000510,CUST000510,Salary,Dormant,201659.15,INR,2020-02-05,Hyderabad
ACC00000511,CUST000511,Savings,Active,46686.32,INR,2025-11-29,Delhi
ACC00000512,CUST000512,Current,Active,24315.34,INR,2025-05-30,Delhi
ACC00000513,CUST000513,Savings,Active,7674.45,INR,2025-08-24,Delhi
ACC00000514,CUST000514,Savings,Active,39849.83,INR,2022-08-18,Bengaluru
ACC00000515,CUST000515,Savings,Dormant,53425.85,INR,2021-05-28,Delhi
ACC00000516,CUST000516,Savings,Dormant,3846.56,INR,2025-05-25,Mumbai
ACC00000517,CUST000517,Savings,Active,84795.54,INR,2020-03-20,Hyderabad
ACC00000518,CUST000518,Salary,Active,27346.49,INR,2021-06-20,Delhi
ACC00000519,CUST000519,Current,Active,10821.52,INR,2020-08-31,Delhi
ACC00000520,CUST000520,Savings,Active,9252.64,INR,2021-01-08,Mumbai
ACC00000521,CUST000521,Savings,Active,13932.25,INR,2020-11-07,Hyderabad
ACC00000522,CUST000522,Savings,Dormant,89131.92,INR,2025-04-01,Mumbai
ACC00000523,CUST000523,Salary,Active,50792.73,INR,2025-04-24,Chennai
ACC00000524,CUST000524,Savings,Active,12646.46,INR,2024-03-10,Delhi
ACC00000525,CUST000525,Savings,Dormant,25870.33,INR,2020-05-22,Bengaluru
ACC00000526,CUST000526,Salary,Active,18512.45,INR,2021-08-17,Bengaluru
ACC00000527,CUST000527,Savings,Active,39383.49,INR,2025-09-02,Mumbai
ACC00000528,CUST000528,Savings,Dormant,41541.18,INR,2024-07-21,Bengaluru
ACC00000529,CUST000529,Savings,Dormant,49092.75,INR,2025-10-20,Chennai
ACC00000530,CUST000530,Savings,Active,23966.48,INR,2023-06-17,Delhi
ACC00000531,CUST000531,Savings,Active,16124.03,INR,2023-03-15,Chennai
ACC00000532,CUST000532,Savings,Active,13661.82,INR,2021-05-26,Chennai
ACC00000533,CUST000533,Salary,Active,17422.4,INR,2020-05-30,Mumbai
ACC00000534,CUST000534,Savings,Active,23748.04,INR,2025-09-18,Chennai
ACC00000535,CUST000535,Savings,Active,23237.05,INR,2024-03-08,Delhi
ACC00000536,CUST000536,Savings,Active,345774.09,INR,2022-07-25,Chennai
ACC00000537,CUST000537,Savings,Active,76150.29,INR,2025-04-15,Delhi
ACC00000538,CUST000538,Savings,Dormant,37239.63,INR,2019-07-03,Bengaluru
ACC00000539,CUST000539,Savings,Dormant,35078.54,INR,2024-09-26,Chennai
ACC00000540,CUST000540,Savings,Dormant,6602.85,INR,2021-10-21,Delhi
ACC00000541,CUST000541,Savings,Active,16349.04,INR,2021-09-25,Mumbai
ACC00000542,CUST000542,Savings,Active,18212.62,INR,2022-04-27,Hyderabad
ACC00000543,CUST000543,Savings,Active,3087.99,INR,2019-12-23,Hyderabad
ACC00000544,CUST000544,Salary,Active,10814.57,INR,2024-08-03,Mumbai
ACC00000545,CUST000545,Salary,Active,40511.9,INR,2025-03-06,Bengaluru
ACC00000546,CUST000546,Savings,Dormant,142877.45,INR,2021-10-02,Bengaluru
ACC00000547,CUST000547,Savings,Active,17221.03,INR,2025-07-15,Hyderabad
ACC00000548,CUST000548,Savings,Active,37511.0,INR,2025-09-12,Chennai
ACC00000549,CUST000549,Savings,Active,33261.06,INR,2024-08-29,Delhi
ACC00000550,CUST000550,Current,Active,42616.4,INR,2025-07-29,Delhi
ACC00000551,CUST000551,Savings,Active,40326.33,INR,2020-06-08,Bengaluru
ACC00000552,CUST000552,Savings,Active,61952.11,INR,2022-02-04,Delhi
ACC00000553,CUST000553,Savings,Active,88751.59,INR,2024-01-12,Delhi
ACC00000554,CUST000554,Savings,Dormant,14774.66,INR,2021-03-28,Delhi
ACC00000555,CUST000555,Savings,Active,33462.83,INR,2021-10-02,Mumbai
ACC00000556,CUST000556,Savings,Active,77175.49,INR,2025-11-08,Mumbai
ACC00000557,CUST000557,Savings,Dormant,266374.68,INR,2024-07-14,Bengaluru
ACC00000558,CUST000558,Savings,Active,7114.67,INR,2021-03-28,Chennai
ACC00000559,CUST000559,Salary,Active,32943.09,INR,2021-09-19,Mumbai
ACC00000560,CUST000560,Current,Active,38832.76,INR,2024-12-08,Chennai
ACC00000561,CUST000561,Savings,Active,6041.08,INR,2024-04-26,Mumbai
ACC00000562,CUST000562,Current,Active,25196.92,INR,2024-10-29,Delhi
ACC00000563,CUST000563,Savings,Active,26315.2,INR,2019-11-15,Delhi
ACC00000564,CUST000564,Savings,Active,15390.73,INR,2022-04-21,Hyderabad
ACC00000565,CUST000565,Savings,Active,15224.38,INR,2025-04-27,Chennai
ACC00000566,CUST000566,Salary,Active,10125.58,INR,2025-02-19,Chennai
ACC00000567,CUST000567,Savings,Dormant,65207.64,INR,2023-08-29,Hyderabad
ACC00000568,CUST000568,Savings,Active,21115.82,INR,2023-04-22,Chennai
ACC00000569,CUST000569,Savings,Dormant,258933.53,INR,2023-03-13,Mumbai
ACC00000570,CUST000570,Savings,Active,21815.45,INR,2022-04-28,Mumbai
ACC00000571,CUST000571,Salary,Active,26066.3,INR,2025-07-30,Bengaluru
ACC00000572,CUST000572,Salary,Active,45561.61,INR,2023-10-30,Chennai
ACC00000573,CUST000573,Savings,Active,17470.49,INR,2020-05-19,Hyderabad
ACC00000574,CUST000574,Savings,Active,18233.78,INR,2019-08-28,Delhi
ACC00000575,CUST000575,Salary,Active,41711.13,INR,2022-07-22,Hyderabad
ACC00000576,CUST000576,Current,Active,12263.33,INR,2024-12-20,Delhi
ACC00000577,CUST000577,Current,Active,51087.59,INR,2024-12-27,Chennai
ACC00000578,CUST000578,Savings,Active,18916.62,INR,2022-05-23,Mumbai
ACC00000579,CUST000579,Current,Dormant,45499.84,INR,2023-04-11,Bengaluru
ACC00000580,CUST000580,Salary,Active,35229.68,INR,2019-08-21,Hyderabad
ACC00000581,CUST000581,Savings,Active,18569.93,INR,2021-02-09,Mumbai
ACC00000582,CUST000582,Current,Active,149242.69,INR,2021-08-29,Hyderabad
ACC00000583,CUST000583,Savings,Active,55734.37,INR,2019-04-15,Delhi
ACC00000584,CUST000584,Savings,Active,9916.97,INR,2021-04-11,Hyderabad
ACC00000585,CUST000585,Savings,Dormant,12965.37,INR,2025-11-16,Delhi
ACC00000586,CUST000586,Savings,Active,14551.25,INR,2019-05-22,Bengaluru
ACC00000587,CUST000587,Savings,Active,41260.64,INR,2025-09-28,Chennai
ACC00000588,CUST000588,Savings,Dormant,28815.68,INR,2021-03-04,Bengaluru
ACC00000589,CUST000589,Savings,Active,56416.31,INR,2025-02-12,Delhi
ACC00000590,CUST000590,Savings,Active,7771.61,INR,2021-07-15,Hyderabad
ACC00000591,CUST000591,Savings,Active,7909.98,INR,2020-11-03,Chennai
ACC00000592,CUST000592,Savings,Active,10634.64,INR,2020-07-20,Chennai
ACC00000593,CUST000593,Current,Active,49130.2,INR,2021-10-18,Chennai
ACC00000594,CUST000594,Savings,Active,30716.72,INR,2022-06-04,Bengaluru
ACC00000595,CUST000595,Savings,Active,292753.46,INR,2021-09-15,Chennai
ACC00000596,CUST000596,Savings,Active,9936.51,INR,2021-11-08,Mumbai
ACC00000597,CUST000597,Savings,Active,136341.61,INR,2024-03-21,Hyderabad
ACC00000598,CUST000598,Savings,Dormant,14584.08,INR,2025-07-23,Bengaluru
ACC00000599,CUST000599,Savings,Active,51117.32,INR,2020-11-13,Delhi
ACC00000600,CUST000600,Savings,Active,11515.15,INR,2019-09-08,Bengaluru
ACC00000601,CUST000601,Savings,Active,31813.89,INR,2020-04-20,Chennai
ACC00000602,CUST000602,Savings,Active,18187.21,INR,2024-08-31,Hyderabad
ACC00000603,CUST000603,Current,Active,32744.12,INR,2025-05-18,Delhi
ACC00000604,CUST000604,Savings,Dormant,28034.93,INR,2020-10-19,Mumbai
ACC00000605,CUST000605,Savings,Dormant,52949.54,INR,2025-12-31,Bengaluru
ACC00000606,CUST000606,Savings,Active,27283.67,INR,2020-07-15,Mumbai
ACC00000607,CUST000607,Savings,Active,47721.26,INR,2020-01-22,Delhi
ACC00000608,CUST000608,Savings,Active,255024.26,INR,2020-09-17,Bengaluru
ACC00000609,CUST000609,Salary,Active,7403.34,INR,2025-10-15,Hyderabad
ACC00000610,CUST000610,Savings,Active,27866.06,INR,2024-03-16,Bengaluru
ACC00000611,CUST000611,Savings,Active,1434.11,INR,2025-03-05,Bengaluru
ACC00000612,CUST000612,Current,Active,39275.66,INR,2021-12-15,Delhi
ACC00000613,CUST000613,Savings,Dormant,4793.54,INR,2025-06-20,Chennai
ACC00000614,CUST000614,Savings,Active,19816.72,INR,2019-09-30,Mumbai
ACC00000615,CUST000615,Current,Dormant,18766.79,INR,2025-10-07,Delhi
ACC00000616,CUST000616,Current,Active,56583.54,INR,2022-07-19,Hyderabad
ACC00000617,CUST000617,Savings,Active,14954.49,INR,2022-01-08,Mumbai
ACC00000618,CUST000618,Savings,Active,83654.87,INR,2020-04-28,Chennai
ACC00000619,CUST000619,Salary,Active,18866.46,INR,2022-01-11,Bengaluru
ACC00000620,CUST000620,Savings,Active,27921.62,INR,2025-04-27,Chennai
ACC00000621,CUST000621,Savings,Active,11483.98,INR,2022-05-28,Mumbai
ACC00000622,CUST000622,Savings,Dormant,9383.95,INR,2025-04-06,Mumbai
ACC00000623,CUST000623,Current,Active,54754.98,INR,2024-08-05,Hyderabad
ACC00000624,CUST000624,Salary,Active,29167.41,INR,2022-04-30,Delhi
ACC00000625,CUST000625,Savings,Dormant,34186.71,INR,2020-12-08,Hyderabad
ACC00000626,CUST000626,Current,Dormant,49647.48,INR,2025-09-20,Chennai
ACC00000627,CUST000627,Savings,Active,104046.94,INR,2025-10-26,Hyderabad
ACC00000628,CUST000628,Savings,Active,5605.01,INR,2019-12-10,Chennai
ACC00000629,CUST000629,Savings,Active,7461.75,INR,2023-04-15,Delhi
ACC00000630,CUST000630,Savings,Active,9200.12,INR,2025-11-19,Mumbai
ACC00000631,CUST000631,Savings,Dormant,58614.71,INR,2019-06-12,Hyderabad
ACC00000632,CUST000632,Savings,Active,38504.17,INR,2022-01-03,Mumbai
ACC00000633,CUST000633,Savings,Dormant,25516.06,INR,2025-07-14,Chennai
ACC00000634,CUST000634,Savings,Dormant,39736.65,INR,2020-11-02,Chennai
ACC00000635,CUST000635,Salary,Active,61860.63,INR,2022-11-26,Delhi
ACC00000636,CUST000636,Current,Active,12791.73,INR,2022-06-16,Bengaluru
ACC00000637,CUST000637,Savings,Active,16360.81,INR,2024-02-12,Bengaluru
ACC00000638,CUST000638,Salary,Dormant,4688.08,INR,2023-01-20,Hyderabad
ACC00000639,CUST000639,Savings,Active,5709.13,INR,2021-01-25,Hyderabad
ACC00000640,CUST000640,Savings,Dormant,111757.33,INR,2023-01-27,Bengaluru
ACC00000641,CUST000641,Savings,Active,58062.6,INR,2022-02-06,Chennai
ACC00000642,CUST000642,Savings,Active,29953.13,INR,2025-04-16,Bengaluru
ACC00000643,CUST000643,Current,Active,40222.39,INR,2022-04-20,Hyderabad
ACC00000644,CUST000644,Current,Active,9122.71,INR,2023-12-22,Mumbai
ACC00000645,CUST000645,Savings,Active,22931.82,INR,2021-07-03,Hyderabad
ACC00000646,CUST000646,Savings,Active,38045.38,INR,2025-12-14,Bengaluru
ACC00000647,CUST000647,Salary,Active,9987.14,INR,2020-04-25,Hyderabad
ACC00000648,CUST000648,Savings,Dormant,5831.42,INR,2019-11-11,Delhi
ACC00000649,CUST000649,Savings,Active,246058.81,INR,2022-05-31,Chennai
ACC00000650,CUST000650,Savings,Active,5726.51,INR,2020-06-04,Bengaluru
ACC00000651,CUST000651,Savings,Active,28616.65,INR,2022-01-23,Chennai
ACC00000652,CUST000652,Savings,Active,39857.92,INR,2019-08-08,Chennai
ACC00000653,CUST000653,Savings,Active,6932.75,INR,2019-04-17,Hyderabad
ACC00000654,CUST000654,Savings,Active,14914.75,INR,2025-03-20,Mumbai
ACC00000655,CUST000655,Savings,Active,18461.17,INR,2024-10-15,Mumbai
ACC00000656,CUST000656,Savings,Dormant,53811.75,INR,2024-05-28,Delhi
ACC00000657,CUST000657,Savings,Active,126806.37,INR,2022-03-29,Delhi
ACC00000658,CUST000658,Savings,Active,19306.57,INR,2022-05-26,Bengaluru
ACC00000659,CUST000659,Current,Dormant,29137.38,INR,2019-08-07,Delhi
ACC00000660,CUST000660,Current,Dormant,13844.82,INR,2023-02-14,Hyderabad
ACC00000661,CUST000661,Savings,Dormant,91130.08,INR,2020-10-22,Bengaluru
ACC00000662,CUST000662,Savings,Dormant,19735.07,INR,2024-10-14,Chennai
ACC00000663,CUST000663,Salary,Active,30936.39,INR,2021-07-01,Chennai
ACC00000664,CUST000664,Savings,Active,30979.89,INR,2025-04-10,Mumbai
ACC00000665,CUST000665,Savings,Dormant,2016.58,INR,2020-09-05,Bengaluru
ACC00000666,CUST000666,Current,Active,35771.07,INR,2023-03-18,Mumbai
ACC00000667,CUST000667,Savings,Active,159685.69,INR,2020-06-28,Chennai
ACC00000668,CUST000668,Salary,Active,9266.37,INR,2022-01-11,Chennai
ACC00000669,CUST000669,Savings,Dormant,63312.05,INR,2022-03-22,Mumbai
ACC00000670,CUST000670,Savings,Active,42578.87,INR,2020-04-04,Delhi
ACC00000671,CUST000671,Savings,Active,15742.78,INR,2025-01-10,Mumbai
ACC00000672,CUST000672,Current,Active,41669.07,INR,2023-12-04,Mumbai
ACC00000673,CUST000673,Savings,Active,12626.11,INR,2021-01-16,Hyderabad
ACC00000674,CUST000674,Savings,Active,27336.42,INR,2023-04-22,Chennai
ACC00000675,CUST000675,Savings,Active,511728.97,INR,2022-06-08,Chennai
ACC00000676,CUST000676,Current,Dormant,15331.41,INR,2020-10-16,Delhi
ACC00000677,CUST000677,Salary,Active,14523.1,INR,2019-05-11,Hyderabad
ACC00000678,CUST000678,Savings,Dormant,16800.26,INR,2021-02-25,Delhi
ACC00000679,CUST000679,Savings,Active,65672.27,INR,2024-03-24,Bengaluru
ACC00000680,CUST000680,Savings,Active,22468.87,INR,2022-07-02,Delhi
ACC00000681,CUST000681,Savings,Active,72562.39,INR,2021-09-12,Hyderabad
ACC00000682,CUST000682,Savings,Active,4953.05,INR,2022-12-12,Bengaluru
ACC00000683,CUST000683,Savings,Active,278406.75,INR,2024-05-22,Bengaluru
ACC00000684,CUST000684,Savings,Dormant,10653.87,INR,2022-10-24,Hyderabad
ACC00000685,CUST000685,Current,Active,38734.41,INR,2020-04-08,Mumbai
ACC00000686,CUST000686,Current,Dormant,16769.21,INR,2021-07-07,Chennai
ACC00000687,CUST000687,Savings,Active,60467.18,INR,2023-07-20,Hyderabad
ACC00000688,CUST000688,Savings,Active,50497.09,INR,2019-05-24,Mumbai
ACC00000689,CUST000689,Savings,Active,48082.94,INR,2020-04-11,Delhi
ACC00000690,CUST000690,Savings,Dormant,48164.03,INR,2024-10-22,Hyderabad
ACC00000691,CUST000691,Salary,Dormant,58626.42,INR,2022-05-03,Delhi
ACC00000692,CUST000692,Savings,Active,15597.89,INR,2024-11-30,Mumbai
ACC00000693,CUST000693,Salary,Active,4478.75,INR,2020-08-30,Hyderabad
ACC00000694,CUST000694,Savings,Dormant,36857.31,INR,2021-05-19,Hyderabad
ACC00000695,CUST000695,Current,Active,4796.29,INR,2019-09-10,Delhi
ACC00000696,CUST000696,Savings,Dormant,19571.04,INR,2022-02-09,Bengaluru
ACC00000697,CUST000697,Savings,Active,29076.53,INR,2019-12-13,Hyderabad
ACC00000698,CUST000698,Savings,Active,46213.48,INR,2019-11-09,Delhi
ACC00000699,CUST000699,Current,Active,12762.16,INR,2023-11-12,Mumbai
ACC00000700,CUST000700,Savings,Active,34711.01,INR,2021-03-14,Chennai
ACC00000701,CUST000701,Savings,Active,43768.2,INR,2025-01-28,Hyderabad
ACC00000702,CUST000702,Current,Active,33374.67,INR,2020-04-30,Delhi
ACC00000703,CUST000703,Savings,Active,23011.91,INR,2025-07-23,Bengaluru
ACC00000704,CUST000704,Salary,Active,11320.94,INR,2021-01-07,Mumbai
ACC00000705,CUST000705,Savings,Dormant,79221.1,INR,2020-09-10,Mumbai
ACC00000706,CUST000706,Savings,Dormant,6975.62,INR,2019-11-19,Bengaluru
ACC00000707,CUST000707,Savings,Active,3683.08,INR,2022-08-09,Hyderabad
ACC00000708,CUST000708,Savings,Active,13421.49,INR,2020-08-25,Chennai
ACC00000709,CUST000709,Savings,Active,8484.59,INR,2021-10-25,Delhi
ACC00000710,CUST000710,Savings,Active,59062.5,INR,2022-11-23,Delhi
ACC00000711,CUST000711,Savings,Dormant,45816.91,INR,2022-03-24,Mumbai
ACC00000712,CUST000712,Savings,Dormant,11226.96,INR,2023-11-23,Chennai
ACC00000713,CUST000713,Savings,Active,160412.03,INR,2023-12-15,Delhi
ACC00000714,CUST000714,Savings,Active,32805.5,INR,2023-01-10,Mumbai
ACC00000715,CUST000715,Savings,Active,6317.71,INR,2021-04-05,Hyderabad
ACC00000716,CUST000716,Savings,Active,31736.23,INR,2024-04-21,Mumbai
ACC00000717,CUST000717,Salary,Dormant,45246.53,INR,2021-01-01,Hyderabad
ACC00000718,CUST000718,Savings,Dormant,47669.91,INR,2020-02-17,Bengaluru
ACC00000719,CUST000719,Current,Active,19019.13,INR,2021-10-01,Chennai
ACC00000720,CUST000720,Savings,Active,22814.03,INR,2020-08-21,Hyderabad
ACC00000721,CUST000721,Savings,Dormant,104311.9,INR,2022-11-19,Hyderabad
ACC00000722,CUST000722,Savings,Active,13551.52,INR,2023-05-11,Mumbai
ACC00000723,CUST000723,Savings,Active,8257.38,INR,2022-05-10,Hyderabad
ACC00000724,CUST000724,Savings,Active,32074.57,INR,2024-10-09,Hyderabad
ACC00000725,CUST000725,Savings,Active,30313.37,INR,2019-07-13,Delhi
ACC00000726,CUST000726,Savings,Active,19153.38,INR,2025-10-29,Hyderabad
ACC00000727,CUST000727,Savings,Active,24154.52,INR,2024-11-14,Bengaluru
ACC00000728,CUST000728,Savings,Active,3286.25,INR,2020-04-17,Hyderabad
ACC00000729,CUST000729,Savings,Active,66476.39,INR,2021-10-08,Bengaluru
ACC00000730,CUST000730,Savings,Active,11942.33,INR,2023-08-24,Mumbai
ACC00000731,CUST000731,Salary,Active,7090.96,INR,2020-09-30,Bengaluru
ACC00000732,CUST000732,Current,Active,4083.47,INR,2024-10-23,Hyderabad
ACC00000733,CUST000733,Salary,Dormant,9095.51,INR,2021-06-15,Delhi
ACC00000734,CUST000734,Savings,Active,11374.77,INR,2024-02-27,Bengaluru
ACC00000735,CUST000735,Current,Active,13002.14,INR,2019-08-05,Mumbai
ACC00000736,CUST000736,Savings,Active,80119.73,INR,2020-02-09,Mumbai
ACC00000737,CUST000737,Savings,Dormant,16425.85,INR,2021-04-26,Hyderabad
ACC00000738,CUST000738,Savings,Active,15378.92,INR,2020-08-09,Delhi
ACC00000739,CUST000739,Savings,Dormant,9792.98,INR,2022-05-18,Delhi
ACC00000740,CUST000740,Salary,Active,20302.26,INR,2025-07-14,Hyderabad
ACC00000741,CUST000741,Savings,Active,22743.19,INR,2024-05-07,Bengaluru
ACC00000742,CUST000742,Savings,Active,70979.43,INR,2022-06-22,Chennai
ACC00000743,CUST000743,Savings,Active,23286.32,INR,2022-12-09,Chennai
ACC00000744,CUST000744,Savings,Dormant,37987.25,INR,2025-10-10,Mumbai
ACC00000745,CUST000745,Savings,Active,13172.92,INR,2025-02-24,Hyderabad
ACC00000746,CUST000746,Savings,Active,25139.27,INR,2025-01-26,Bengaluru
ACC00000747,CUST000747,Current,Active,15263.25,INR,2020-08-21,Bengaluru
ACC00000748,CUST000748,Current,Active,25115.74,INR,2020-06-18,Chennai
ACC00000749,CUST000749,Savings,Active,38957.08,INR,2020-09-11,Delhi
ACC00000750,CUST000750,Savings,Active,13788.92,INR,2021-05-21,Mumbai
ACC00000751,CUST000751,Savings,Active,52809.28,INR,2019-06-24,Mumbai
ACC00000752,CUST000752,Savings,Dormant,12367.23,INR,2025-07-20,Bengaluru
ACC00000753,CUST000753,Savings,Active,66214.59,INR,2019-08-17,Mumbai
ACC00000754,CUST000754,Savings,Dormant,26461.89,INR,2023-11-06,Chennai
ACC00000755,CUST000755,Savings,Active,22019.03,INR,2019-07-17,Hyderabad
ACC00000756,CUST000756,Savings,Active,21468.1,INR,2024-08-16,Bengaluru
ACC00000757,CUST000757,Savings,Active,23307.32,INR,2025-04-26,Mumbai
ACC00000758,CUST000758,Savings,Active,24047.94,INR,2022-12-01,Delhi
ACC00000759,CUST000759,Savings,Active,30389.95,INR,2021-06-24,Mumbai
ACC00000760,CUST000760,Savings,Dormant,80110.39,INR,2020-01-30,Mumbai
ACC00000761,CUST000761,Savings,Dormant,42697.65,INR,2019-04-05,Chennai
ACC00000762,CUST000762,Savings,Dormant,5055.85,INR,2025-07-07,Hyderabad
ACC00000763,CUST000763,Salary,Active,249314.27,INR,2022-03-09,Hyderabad
ACC00000764,CUST000764,Savings,Active,6752.5,INR,2026-01-02,Delhi
ACC00000765,CUST000765,Savings,Dormant,13909.27,INR,2025-04-27,Delhi
ACC00000766,CUST000766,Savings,Active,25708.76,INR,2021-04-17,Mumbai
ACC00000767,CUST000767,Salary,Active,109489.38,INR,2020-12-04,Hyderabad
ACC00000768,CUST000768,Salary,Active,3102.21,INR,2020-01-09,Mumbai
ACC00000769,CUST000769,Savings,Active,14511.47,INR,2025-07-06,Delhi
ACC00000770,CUST000770,Savings,Active,20171.05,INR,2025-09-25,Mumbai
ACC00000771,CUST000771,Current,Active,79125.21,INR,2022-07-01,Delhi
ACC00000772,CUST000772,Current,Active,12529.66,INR,2024-01-14,Bengaluru
ACC00000773,CUST000773,Savings,Dormant,16466.49,INR,2021-10-08,Chennai
ACC00000774,CUST000774,Current,Dormant,21520.69,INR,2025-05-30,Delhi
ACC00000775,CUST000775,Savings,Dormant,17712.64,INR,2023-03-04,Chennai
ACC00000776,CUST000776,Current,Active,28091.07,INR,2021-07-10,Bengaluru
ACC00000777,CUST000777,Savings,Dormant,22285.5,INR,2024-07-17,Bengaluru
ACC00000778,CUST000778,Savings,Active,49080.91,INR,2022-09-17,Hyderabad
ACC00000779,CUST000779,Savings,Active,152280.29,INR,2022-12-01,Bengaluru
ACC00000780,CUST000780,Savings,Active,3212.44,INR,2019-06-04,Bengaluru
ACC00000781,CUST000781,Savings,Active,32645.14,INR,2023-10-15,Delhi
ACC00000782,CUST000782,Salary,Active,23171.49,INR,2020-10-29,Chennai
ACC00000783,CUST000783,Savings,Dormant,13303.7,INR,2023-01-18,Bengaluru
ACC00000784,CUST000784,Savings,Dormant,12165.44,INR,2020-01-24,Delhi
ACC00000785,CUST000785,Savings,Active,19898.82,INR,2022-09-16,Hyderabad
ACC00000786,CUST000786,Salary,Active,11666.06,INR,2025-09-13,Delhi
ACC00000787,CUST000787,Savings,Dormant,27421.06,INR,2020-07-25,Delhi
ACC00000788,CUST000788,Current,Active,12964.79,INR,2024-11-09,Bengaluru
ACC00000789,CUST000789,Savings,Dormant,17775.74,INR,2019-08-02,Delhi
ACC00000790,CUST000790,Savings,Active,5197.96,INR,2024-01-16,Hyderabad
ACC00000791,CUST000791,Savings,Dormant,24909.25,INR,2025-08-30,Delhi
ACC00000792,CUST000792,Salary,Active,395542.71,INR,2022-02-21,Delhi
ACC00000793,CUST000793,Savings,Dormant,36480.51,INR,2022-02-21,Delhi
ACC00000794,CUST000794,Savings,Active,59330.25,INR,2020-04-19,Bengaluru
ACC00000795,CUST000795,Savings,Active,27098.46,INR,2025-09-20,Mumbai
ACC00000796,CUST000796,Salary,Dormant,36023.11,INR,2024-05-24,Mumbai
ACC00000797,CUST000797,Savings,Active,57916.62,INR,2022-02-21,Mumbai
ACC00000798,CUST000798,Savings,Active,24664.17,INR,2021-12-29,Hyderabad
ACC00000799,CUST000799,Savings,Dormant,37476.6,INR,2024-09-28,Hyderabad
ACC00000800,CUST000800,Savings,Dormant,67766.69,INR,2022-09-16,Chennai
ACC00000801,CUST000801,Savings,Active,61453.33,INR,2025-03-01,Mumbai
ACC00000802,CUST000802,Current,Dormant,32485.17,INR,2023-05-21,Delhi
ACC00000803,CUST000803,Savings,Dormant,25811.81,INR,2021-06-28,Mumbai
ACC00000804,CUST000804,Savings,Active,54892.44,INR,2024-03-21,Mumbai
ACC00000805,CUST000805,Current,Active,33252.83,INR,2021-03-08,Chennai
ACC00000806,CUST000806,Savings,Active,9393.46,INR,2025-01-23,Bengaluru
ACC00000807,CUST000807,Savings,Dormant,103246.97,INR,2022-12-04,Delhi
ACC00000808,CUST000808,Salary,Active,26087.12,INR,2022-06-01,Chennai
ACC00000809,CUST000809,Savings,Active,48273.21,INR,2025-08-30,Mumbai
ACC00000810,CUST000810,Current,Active,12018.47,INR,2023-12-04,Hyderabad
ACC00000811,CUST000811,Current,Active,21575.57,INR,2023-11-30,Chennai
ACC00000812,CUST000812,Savings,Active,27377.3,INR,2025-09-19,Delhi
ACC00000813,CUST000813,Savings,Active,158045.2,INR,2020-02-27,Bengaluru
ACC00000814,CUST000814,Salary,Active,76062.19,INR,2023-05-03,Delhi
ACC00000815,CUST000815,Savings,Active,36263.17,INR,2020-08-24,Mumbai
ACC00000816,CUST000816,Current,Dormant,34381.63,INR,2022-11-15,Bengaluru
ACC00000817,CUST000817,Current,Active,56689.79,INR,2024-01-05,Chennai
ACC00000818,CUST000818,Savings,Active,61365.95,INR,2025-03-11,Hyderabad
ACC00000819,CUST000819,Savings,Active,30227.69,INR,2022-10-26,Chennai
ACC00000820,CUST000820,Salary,Active,73866.68,INR,2020-02-10,Hyderabad
ACC00000821,CUST000821,Savings,Active,48009.29,INR,2024-12-30,Chennai
ACC00000822,CUST000822,Savings,Active,77363.56,INR,2022-01-30,Delhi
ACC00000823,CUST000823,Savings,Active,52677.89,INR,2024-11-10,Delhi
ACC00000824,CUST000824,Salary,Active,164965.6,INR,2025-09-05,Bengaluru
ACC00000825,CUST000825,Savings,Active,36874.62,INR,2024-02-20,Bengaluru
ACC00000826,CUST000826,Salary,Active,56648.47,INR,2023-01-29,Bengaluru
ACC00000827,CUST000827,Current,Active,43374.24,INR,2024-06-15,Chennai
ACC00000828,CUST000828,Savings,Dormant,106026.12,INR,2022-02-02,Hyderabad
ACC00000829,CUST000829,Savings,Active,112404.39,INR,2022-02-12,Hyderabad
ACC00000830,CUST000830,Savings,Active,8340.23,INR,2025-05-15,Chennai
ACC00000831,CUST000831,Savings,Active,63098.07,INR,2024-09-06,Delhi
ACC00000832,CUST000832,Savings,Dormant,19314.41,INR,2023-03-21,Hyderabad
ACC00000833,CUST000833,Savings,Dormant,14608.92,INR,2020-02-14,Hyderabad
ACC00000834,CUST000834,Current,Active,10088.9,INR,2023-08-07,Chennai
ACC00000835,CUST000835,Current,Active,17218.21,INR,2025-09-19,Hyderabad
ACC00000836,CUST000836,Savings,Active,11443.94,INR,2024-07-19,Hyderabad
ACC00000837,CUST000837,Salary,Dormant,2268.55,INR,2021-11-15,Delhi
ACC00000838,CUST000838,Savings,Active,25189.79,INR,2024-09-04,Chennai
ACC00000839,CUST000839,Savings,Active,23469.72,INR,2021-11-24,Delhi
ACC00000840,CUST000840,Salary,Active,46451.23,INR,2021-12-15,Chennai
ACC00000841,CUST000841,Savings,Active,63836.77,INR,2024-08-27,Chennai
ACC00000842,CUST000842,Savings,Active,4716.28,INR,2020-09-05,Mumbai
ACC00000843,CUST000843,Savings,Active,4131.15,INR,2023-03-06,Mumbai
ACC00000844,CUST000844,Savings,Active,32395.11,INR,2022-06-15,Hyderabad
ACC00000845,CUST000845,Savings,Active,36934.49,INR,2021-05-10,Delhi
ACC00000846,CUST000846,Salary,Active,3403.59,INR,2019-06-21,Chennai
ACC00000847,CUST000847,Salary,Active,6448.14,INR,2024-10-27,Mumbai
ACC00000848,CUST000848,Current,Dormant,111707.4,INR,2024-05-12,Mumbai
ACC00000849,CUST000849,Savings,Active,71090.5,INR,2020-12-11,Bengaluru
ACC00000850,CUST000850,Savings,Dormant,69356.67,INR,2024-12-24,Mumbai
ACC00000851,CUST000851,Salary,Dormant,50938.24,INR,2025-06-12,Bengaluru
ACC00000852,CUST000852,Savings,Active,182875.57,INR,2019-10-21,Chennai
ACC00000853,CUST000853,Salary,Dormant,5903.58,INR,2022-10-31,Chennai
ACC00000854,CUST000854,Salary,Active,21313.58,INR,2021-06-12,Bengaluru
ACC00000855,CUST000855,Savings,Active,21553.7,INR,2025-01-02,Bengaluru
ACC00000856,CUST000856,Savings,Dormant,21871.35,INR,2026-01-01,Bengaluru
ACC00000857,CUST000857,Savings,Active,70704.5,INR,2023-01-25,Mumbai
ACC00000858,CUST000858,Savings,Active,45942.92,INR,2019-11-16,Chennai
ACC00000859,CUST000859,Savings,Active,361936.09,INR,2019-11-19,Delhi
ACC00000860,CUST000860,Savings,Active,54316.59,INR,2020-08-25,Bengaluru
ACC00000861,CUST000861,Savings,Dormant,71306.11,INR,2022-06-25,Hyderabad
ACC00000862,CUST000862,Savings,Active,30457.47,INR,2021-10-14,Delhi
ACC00000863,CUST000863,Savings,Active,26089.43,INR,2019-08-08,Delhi
ACC00000864,CUST000864,Current,Active,10597.03,INR,2024-10-15,Delhi
ACC00000865,CUST000865,Savings,Active,50639.99,INR,2025-04-02,Delhi
ACC00000866,CUST000866,Savings,Dormant,120337.39,INR,2020-08-11,Delhi
ACC00000867,CUST000867,Savings,Active,13621.53,INR,2020-01-29,Bengaluru
ACC00000868,CUST000868,Savings,Active,19794.84,INR,2024-07-28,Mumbai
ACC00000869,CUST000869,Savings,Dormant,3406.09,INR,2025-01-20,Delhi
ACC00000870,CUST000870,Savings,Dormant,38956.93,INR,2023-03-28,Mumbai
ACC00000871,CUST000871,Current,Dormant,62911.41,INR,2021-01-24,Delhi
ACC00000872,CUST000872,Current,Active,33701.16,INR,2025-10-31,Bengaluru
ACC00000873,CUST000873,Savings,Active,32951.21,INR,2019-04-17,Mumbai
ACC00000874,CUST000874,Savings,Active,53469.2,INR,2024-07-10,Hyderabad
ACC00000875,CUST000875,Savings,Active,28577.63,INR,2024-02-15,Hyderabad
ACC00000876,CUST000876,Savings,Dormant,27913.72,INR,2021-09-03,Mumbai
ACC00000877,CUST000877,Savings,Active,35054.62,INR,2020-08-05,Bengaluru
ACC00000878,CUST000878,Savings,Active,70656.21,INR,2022-11-17,Bengaluru
ACC00000879,CUST000879,Salary,Active,90344.8,INR,2022-11-04,Mumbai
ACC00000880,CUST000880,Savings,Dormant,22635.76,INR,2020-01-06,Chennai
ACC00000881,CUST000881,Savings,Active,25199.61,INR,2019-05-17,Delhi
ACC00000882,CUST000882,Salary,Dormant,18158.84,INR,2020-02-25,Chennai
ACC00000883,CUST000883,Savings,Active,78778.02,INR,2021-09-08,Chennai
ACC00000884,CUST000884,Savings,Active,37749.19,INR,2020-12-19,Mumbai
ACC00000885,CUST000885,Current,Active,7013.32,INR,2025-06-13,Mumbai
ACC00000886,CUST000886,Salary,Active,171159.12,INR,2025-12-13,Mumbai
ACC00000887,CUST000887,Savings,Active,17681.88,INR,2019-09-13,Mumbai
ACC00000888,CUST000888,Current,Active,2091.15,INR,2019-08-15,Hyderabad
ACC00000889,CUST000889,Current,Active,6436.41,INR,2022-09-20,Hyderabad
ACC00000890,CUST000890,Salary,Active,15433.92,INR,2020-09-08,Hyderabad
ACC00000891,CUST000891,Salary,Active,63305.99,INR,2021-02-04,Bengaluru
ACC00000892,CUST000892,Savings,Active,119213.66,INR,2022-06-10,Hyderabad
ACC00000893,CUST000893,Current,Active,7032.55,INR,2019-05-06,Mumbai
ACC00000894,CUST000894,Savings,Dormant,7874.15,INR,2021-08-23,Mumbai
ACC00000895,CUST000895,Savings,Active,203542.26,INR,2019-08-30,Bengaluru
ACC00000896,CUST000896,Savings,Active,41435.64,INR,2025-08-24,Delhi
ACC00000897,CUST000897,Savings,Dormant,42655.05,INR,2022-10-11,Chennai
ACC00000898,CUST000898,Current,Active,27914.8,INR,2025-03-14,Chennai
ACC00000899,CUST000899,Savings,Dormant,22051.0,INR,2019-08-15,Chennai
ACC00000900,CUST000900,Salary,Active,39389.38,INR,2023-11-01,Chennai
ACC00000901,CUST000901,Savings,Active,10609.64,INR,2024-07-19,Delhi
ACC00000902,CUST000902,Savings,Active,14480.49,INR,2025-03-23,Mumbai
ACC00000903,CUST000903,Current,Active,18809.52,INR,2022-11-06,Bengaluru
ACC00000904,CUST000904,Savings,Active,13244.64,INR,2024-06-02,Delhi
ACC00000905,CUST000905,Savings,Active,4533.78,INR,2025-04-01,Bengaluru
ACC00000906,CUST000906,Savings,Dormant,122433.9,INR,2024-02-17,Mumbai
ACC00000907,CUST000907,Savings,Active,126112.34,INR,2020-04-18,Bengaluru
ACC00000908,CUST000908,Salary,Active,72255.45,INR,2025-04-07,Delhi
ACC00000909,CUST000909,Current,Dormant,15447.05,INR,2021-12-23,Hyderabad
ACC00000910,CUST000910,Savings,Active,160282.44,INR,2021-01-26,Delhi
ACC00000911,CUST000911,Savings,Active,2072.08,INR,2019-06-24,Chennai
ACC00000912,CUST000912,Savings,Dormant,23399.3,INR,2019-10-04,Bengaluru
ACC00000913,CUST000913,Salary,Dormant,18862.12,INR,2023-10-21,Bengaluru
ACC00000914,CUST000914,Current,Active,79240.36,INR,2022-02-25,Chennai
ACC00000915,CUST000915,Savings,Active,12139.83,INR,2019-04-09,Chennai
ACC00000916,CUST000916,Current,Active,38271.76,INR,2020-01-28,Delhi
ACC00000917,CUST000917,Current,Active,54037.66,INR,2023-10-09,Bengaluru
ACC00000918,CUST000918,Savings,Active,13432.0,INR,2022-10-21,Bengaluru
ACC00000919,CUST000919,Savings,Active,81281.6,INR,2019-07-20,Delhi
ACC00000920,CUST000920,Salary,Active,13997.28,INR,2025-06-01,Bengaluru
ACC00000921,CUST000921,Savings,Active,68064.61,INR,2024-02-18,Hyderabad
ACC00000922,CUST000922,Current,Active,7928.9,INR,2023-01-05,Delhi
ACC00000923,CUST000923,Savings,Dormant,11417.28,INR,2021-07-08,Bengaluru
ACC00000924,CUST000924,Savings,Active,14075.59,INR,2025-08-07,Mumbai
ACC00000925,CUST000925,Salary,Active,8413.79,INR,2023-07-26,Delhi
ACC00000926,CUST000926,Current,Active,398088.74,INR,2024-07-28,Bengaluru
ACC00000927,CUST000927,Savings,Dormant,50227.71,INR,2025-01-11,Chennai
ACC00000928,CUST000928,Savings,Active,54560.51,INR,2020-06-30,Mumbai
ACC00000929,CUST000929,Savings,Active,163189.82,INR,2020-01-07,Bengaluru
ACC00000930,CUST000930,Savings,Active,4811.68,INR,2022-02-15,Chennai
ACC00000931,CUST000931,Current,Dormant,28979.83,INR,2022-11-30,Mumbai
ACC00000932,CUST000932,Savings,Active,12305.32,INR,2020-04-20,Bengaluru
ACC00000933,CUST000933,Savings,Active,41508.84,INR,2025-03-14,Mumbai
ACC00000934,CUST000934,Savings,Active,26697.28,INR,2022-07-23,Mumbai
ACC00000935,CUST000935,Savings,Dormant,14999.19,INR,2023-05-31,Mumbai
ACC00000936,CUST000936,Savings,Dormant,18567.81,INR,2022-04-27,Bengaluru
ACC00000937,CUST000937,Salary,Dormant,25904.66,INR,2022-10-27,Delhi
ACC00000938,CUST000938,Salary,Active,36505.45,INR,2021-04-19,Hyderabad
ACC00000939,CUST000939,Salary,Dormant,35988.09,INR,2025-02-13,Mumbai
ACC00000940,CUST000940,Savings,Active,22819.56,INR,2022-10-03,Chennai
ACC00000941,CUST000941,Salary,Active,36968.51,INR,2023-04-15,Bengaluru
ACC00000942,CUST000942,Savings,Dormant,37068.12,INR,2023-07-22,Chennai
ACC00000943,CUST000943,Current,Dormant,18650.66,INR,2021-11-07,Bengaluru
ACC00000944,CUST000944,Savings,Dormant,16790.08,INR,2023-11-15,Bengaluru
ACC00000945,CUST000945,Savings,Active,10755.22,INR,2025-06-20,Hyderabad
ACC00000946,CUST000946,Savings,Dormant,71693.06,INR,2019-12-13,Mumbai
ACC00000947,CUST000947,Savings,Active,22096.49,INR,2023-11-23,Mumbai
ACC00000948,CUST000948,Current,Active,132942.08,INR,2023-10-11,Hyderabad
ACC00000949,CUST000949,Savings,Dormant,14853.09,INR,2021-01-22,Mumbai
ACC00000950,CUST000950,Savings,Active,4863.21,INR,2023-08-24,Mumbai
ACC00000951,CUST000951,Savings,Active,4957.51,INR,2024-12-26,Delhi
ACC00000952,CUST000952,Current,Active,49380.23,INR,2020-08-31,Delhi
ACC00000953,CUST000953,Savings,Active,25282.81,INR,2023-12-28,Hyderabad
ACC00000954,CUST000954,Savings,Active,18735.68,INR,2024-11-20,Hyderabad
ACC00000955,CUST000955,Savings,Active,208889.01,INR,2020-11-28,Mumbai
ACC00000956,CUST000956,Savings,Dormant,26570.09,INR,2021-08-28,Bengaluru
ACC00000957,CUST000957,Salary,Dormant,41336.56,INR,2023-11-07,Hyderabad
ACC00000958,CUST000958,Salary,Active,26799.26,INR,2022-12-20,Delhi
ACC00000959,CUST000959,Current,Active,23868.75,INR,2021-07-20,Delhi
ACC00000960,CUST000960,Savings,Dormant,30254.76,INR,2022-02-02,Chennai
ACC00000961,CUST000961,Savings,Dormant,15221.93,INR,2023-05-26,Delhi
ACC00000962,CUST000962,Savings,Active,19585.43,INR,2019-10-29,Bengaluru
ACC00000963,CUST000963,Savings,Active,36195.15,INR,2025-02-24,Bengaluru
ACC00000964,CUST000964,Savings,Dormant,28902.97,INR,2022-07-16,Bengaluru
ACC00000965,CUST000965,Savings,Dormant,8729.95,INR,2022-11-05,Delhi
ACC00000966,CUST000966,Savings,Active,12293.87,INR,2024-03-05,Chennai
ACC00000967,CUST000967,Savings,Active,7840.94,INR,2020-03-30,Hyderabad
ACC00000968,CUST000968,Savings,Active,19438.95,INR,2023-11-02,Chennai
ACC00000969,CUST000969,Savings,Active,124204.75,INR,2025-05-03,Delhi
ACC00000970,CUST000970,Savings,Dormant,339112.68,INR,2021-06-08,Mumbai
ACC00000971,CUST000971,Savings,Active,13875.71,INR,2019-12-11,Chennai
ACC00000972,CUST000972,Savings,Dormant,25604.27,INR,2021-11-08,Chennai
ACC00000973,CUST000973,Savings,Dormant,23484.77,INR,2019-07-05,Chennai
ACC00000974,CUST000974,Current,Dormant,13430.91,INR,2024-02-03,Chennai
ACC00000975,CUST000975,Savings,Dormant,59273.74,INR,2022-08-31,Hyderabad
ACC00000976,CUST000976,Savings,Active,9568.26,INR,2019-08-09,Bengaluru
ACC00000977,CUST000977,Savings,Dormant,63738.94,INR,2022-09-21,Chennai
ACC00000978,CUST000978,Savings,Active,7198.82,INR,2025-10-20,Chennai
ACC00000979,CUST000979,Savings,Active,58660.62,INR,2019-05-02,Delhi
ACC00000980,CUST000980,Salary,Active,17911.84,INR,2023-09-23,Mumbai
ACC00000981,CUST000981,Savings,Active,207293.28,INR,2021-05-11,Mumbai
ACC00000982,CUST000982,Savings,Dormant,5642.12,INR,2022-12-06,Bengaluru
ACC00000983,CUST000983,Salary,Active,47280.14,INR,2025-12-01,Bengaluru
ACC00000984,CUST000984,Savings,Active,20297.57,INR,2024-12-04,Hyderabad
ACC00000985,CUST000985,Savings,Dormant,14498.46,INR,2020-06-16,Hyderabad
ACC00000986,CUST000986,Savings,Dormant,27117.03,INR,2025-04-05,Mumbai
ACC00000987,CUST000987,Current,Active,1714.96,INR,2024-09-30,Delhi
ACC00000988,CUST000988,Savings,Active,25771.14,INR,2020-01-24,Hyderabad
ACC00000989,CUST000989,Savings,Active,71048.23,INR,2022-10-22,Chennai
ACC00000990,CUST000990,Salary,Active,5532.77,INR,2021-03-29,Delhi
ACC00000991,CUST000991,Savings,Active,2129.94,INR,2021-10-15,Delhi
ACC00000992,CUST000992,Current,Dormant,41294.11,INR,2020-02-25,Bengaluru
ACC00000993,CUST000993,Savings,Active,9760.5,INR,2020-03-11,Mumbai
ACC00000994,CUST000994,Savings,Active,7785.29,INR,2023-01-23,Bengaluru
ACC00000995,CUST000995,Savings,Active,78602.96,INR,2021-02-18,Chennai
ACC00000996,CUST000996,Salary,Active,78126.9,INR,2024-10-28,Delhi
ACC00000997,CUST000997,Savings,Active,155326.43,INR,2022-06-08,Hyderabad
ACC00000998,CUST000998,Savings,Active,89381.82,INR,2022-02-01,Mumbai
ACC00000999,CUST000999,Savings,Dormant,2324.47,INR,2023-09-09,Delhi
ACC00001000,CUST001000,Savings,Active,39965.86,INR,2025-04-30,Mumbai
ACC00001001,CUST001001,Salary,Active,11793.08,INR,2021-09-30,Bengaluru
ACC00001002,CUST001002,Savings,Active,41626.96,INR,2022-09-12,Hyderabad
ACC00001003,CUST001003,Savings,Active,90908.9,INR,2024-08-11,Mumbai
ACC00001004,CUST001004,Savings,Active,64029.82,INR,2020-12-03,Mumbai
ACC00001005,CUST001005,Current,Active,8670.12,INR,2020-04-18,Delhi
ACC00001006,CUST001006,Savings,Active,17634.63,INR,2020-04-26,Delhi
ACC00001007,CUST001007,Savings,Dormant,86263.98,INR,2025-09-30,Hyderabad
ACC00001008,CUST001008,Salary,Active,76912.87,INR,2024-11-20,Chennai
ACC00001009,CUST001009,Salary,Active,11564.57,INR,2019-06-03,Chennai
ACC00001010,CUST001010,Savings,Active,173304.59,INR,2021-04-21,Mumbai
ACC00001011,CUST001011,Current,Active,9881.06,INR,2025-05-18,Hyderabad
ACC00001012,CUST001012,Savings,Active,31085.71,INR,2025-09-02,Mumbai
ACC00001013,CUST001013,Savings,Active,37036.69,INR,2019-12-11,Delhi
ACC00001014,CUST001014,Savings,Active,25720.58,INR,2021-06-10,Mumbai
ACC00001015,CUST001015,Savings,Active,70726.28,INR,2019-06-19,Bengaluru
ACC00001016,CUST001016,Current,Active,6961.49,INR,2024-07-03,Bengaluru
ACC00001017,CUST001017,Salary,Active,9988.87,INR,2019-12-31,Delhi
ACC00001018,CUST001018,Savings,Active,57591.69,INR,2019-09-04,Mumbai
ACC00001019,CUST001019,Savings,Active,53459.74,INR,2022-05-08,Hyderabad
ACC00001020,CUST001020,Salary,Active,56024.61,INR,2020-06-29,Hyderabad
ACC00001021,CUST001021,Savings,Active,22100.94,INR,2020-03-20,Chennai
ACC00001022,CUST001022,Savings,Dormant,72679.14,INR,2025-07-03,Delhi
ACC00001023,CUST001023,Savings,Active,22040.39,INR,2023-07-20,Hyderabad
ACC00001024,CUST001024,Current,Active,11748.96,INR,2024-04-28,Mumbai
ACC00001025,CUST001025,Savings,Active,34384.23,INR,2021-06-21,Delhi
ACC00001026,CUST001026,Savings,Active,46073.55,INR,2025-12-29,Hyderabad
ACC00001027,CUST001027,Savings,Active,8318.31,INR,2019-09-23,Hyderabad
ACC00001028,CUST001028,Savings,Dormant,33631.67,INR,2025-09-28,Mumbai
ACC00001029,CUST001029,Savings,Active,34002.87,INR,2023-01-15,Chennai
ACC00001030,CUST001030,Current,Active,63754.46,INR,2024-10-21,Chennai
ACC00001031,CUST001031,Savings,Dormant,9606.63,INR,2021-05-30,Chennai
ACC00001032,CUST001032,Current,Dormant,29895.79,INR,2022-01-25,Delhi
ACC00001033,CUST001033,Savings,Active,13836.94,INR,2019-07-10,Mumbai
ACC00001034,CUST001034,Savings,Dormant,58236.76,INR,2021-10-06,Chennai
ACC00001035,CUST001035,Current,Active,6770.36,INR,2025-01-07,Mumbai
ACC00001036,CUST001036,Current,Active,6250.99,INR,2025-04-12,Chennai
ACC00001037,CUST001037,Savings,Dormant,39199.16,INR,2025-12-16,Hyderabad
ACC00001038,CUST001038,Current,Dormant,54602.67,INR,2024-11-23,Chennai
ACC00001039,CUST001039,Savings,Active,139031.87,INR,2021-12-01,Mumbai
ACC00001040,CUST001040,Savings,Active,171730.16,INR,2020-09-19,Hyderabad
ACC00001041,CUST001041,Savings,Dormant,12128.37,INR,2023-03-10,Delhi
ACC00001042,CUST001042,Current,Active,34450.82,INR,2022-01-22,Delhi
ACC00001043,CUST001043,Salary,Active,73684.87,INR,2021-07-16,Delhi
ACC00001044,CUST001044,Savings,Active,21410.18,INR,2025-12-15,Delhi
ACC00001045,CUST001045,Savings,Active,29267.5,INR,2020-05-12,Mumbai
ACC00001046,CUST001046,Savings,Active,21093.69,INR,2019-11-02,Delhi
ACC00001047,CUST001047,Current,Active,91139.84,INR,2020-07-03,Chennai
ACC00001048,CUST001048,Savings,Active,9134.6,INR,2019-04-18,Delhi
ACC00001049,CUST001049,Savings,Active,21030.56,INR,2025-04-13,Delhi
ACC00001050,CUST001050,Current,Active,62027.43,INR,2024-11-28,Delhi
ACC00001051,CUST001051,Savings,Dormant,4601.88,INR,2020-01-31,Delhi
ACC00001052,CUST001052,Salary,Active,220050.0,INR,2019-11-09,Delhi
ACC00001053,CUST001053,Salary,Active,42485.78,INR,2024-01-11,Mumbai
ACC00001054,CUST001054,Salary,Dormant,86297.33,INR,2023-02-13,Mumbai
ACC00001055,CUST001055,Savings,Active,79451.0,INR,2024-05-10,Hyderabad
ACC00001056,CUST001056,Savings,Dormant,44750.74,INR,2024-10-23,Delhi
ACC00001057,CUST001057,Salary,Dormant,12919.73,INR,2019-07-09,Mumbai
ACC00001058,CUST001058,Savings,Active,7721.05,INR,2025-04-29,Delhi
ACC00001059,CUST001059,Savings,Active,20436.04,INR,2021-10-12,Chennai
ACC00001060,CUST001060,Savings,Active,2221.85,INR,2022-01-31,Chennai
ACC00001061,CUST001061,Current,Dormant,39035.67,INR,2025-05-04,Hyderabad
ACC00001062,CUST001062,Current,Dormant,31311.62,INR,2022-08-17,Mumbai
ACC00001063,CUST001063,Savings,Active,63608.35,INR,2019-12-05,Chennai
ACC00001064,CUST001064,Savings,Active,13239.44,INR,2023-06-22,Delhi
ACC00001065,CUST001065,Salary,Active,41157.05,INR,2024-08-19,Hyderabad
ACC00001066,CUST001066,Savings,Dormant,102592.32,INR,2022-07-17,Chennai
ACC00001067,CUST001067,Savings,Dormant,22159.51,INR,2021-10-30,Hyderabad
ACC00001068,CUST001068,Savings,Active,86344.93,INR,2025-09-16,Mumbai
ACC00001069,CUST001069,Savings,Active,4009.48,INR,2020-03-15,Delhi
ACC00001070,CUST001070,Salary,Active,57126.28,INR,2019-05-20,Hyderabad
ACC00001071,CUST001071,Salary,Dormant,78810.92,INR,2022-01-12,Mumbai
ACC00001072,CUST001072,Savings,Active,36534.1,INR,2021-02-07,Delhi
ACC00001073,CUST001073,Savings,Active,149508.53,INR,2025-02-08,Chennai
ACC00001074,CUST001074,Savings,Active,21975.53,INR,2023-12-26,Mumbai
ACC00001075,CUST001075,Salary,Dormant,41749.62,INR,2025-07-24,Hyderabad
ACC00001076,CUST001076,Savings,Active,10790.25,INR,2019-12-19,Chennai
ACC00001077,CUST001077,Savings,Dormant,26233.48,INR,2024-10-05,Delhi
ACC00001078,CUST001078,Savings,Active,15306.08,INR,2021-01-07,Delhi
ACC00001079,CUST001079,Savings,Active,7817.2,INR,2024-11-22,Delhi
ACC00001080,CUST001080,Current,Active,17408.59,INR,2023-12-27,Chennai
ACC00001081,CUST001081,Savings,Active,43120.58,INR,2025-07-18,Hyderabad
ACC00001082,CUST001082,Current,Active,33721.39,INR,2024-02-25,Bengaluru
ACC00001083,CUST001083,Salary,Active,33264.58,INR,2020-08-08,Bengaluru
ACC00001084,CUST001084,Savings,Active,29090.31,INR,2020-07-11,Delhi
ACC00001085,CUST001085,Salary,Dormant,17391.88,INR,2024-07-13,Delhi
ACC00001086,CUST001086,Savings,Active,23415.53,INR,2025-11-18,Chennai
ACC00001087,CUST001087,Savings,Active,13428.04,INR,2025-09-14,Delhi
ACC00001088,CUST001088,Savings,Dormant,17880.23,INR,2020-04-22,Chennai
ACC00001089,CUST001089,Savings,Dormant,335998.13,INR,2021-07-10,Mumbai
ACC00001090,CUST001090,Current,Active,30612.62,INR,2021-06-10,Delhi
ACC00001091,CUST001091,Savings,Active,48938.53,INR,2019-08-27,Chennai
ACC00001092,CUST001092,Savings,Active,37321.23,INR,2024-01-31,Delhi
ACC00001093,CUST001093,Savings,Active,7257.68,INR,2019-12-19,Delhi
ACC00001094,CUST001094,Current,Active,127901.04,INR,2020-10-12,Chennai
ACC00001095,CUST001095,Salary,Active,47138.54,INR,2024-11-07,Delhi
ACC00001096,CUST001096,Salary,Active,34008.91,INR,2025-08-28,Chennai
ACC00001097,CUST001097,Savings,Active,7872.26,INR,2019-09-02,Hyderabad
ACC00001098,CUST001098,Savings,Active,39898.29,INR,2021-04-13,Hyderabad
ACC00001099,CUST001099,Salary,Active,12940.05,INR,2021-06-07,Chennai
ACC00001100,CUST001100,Savings,Active,42781.82,INR,2023-04-16,Delhi
ACC00001101,CUST001101,Savings,Dormant,27450.8,INR,2020-06-01,Hyderabad
ACC00001102,CUST001102,Salary,Active,4567.05,INR,2024-06-29,Mumbai
ACC00001103,CUST001103,Salary,Dormant,32011.27,INR,2019-05-23,Chennai
ACC00001104,CUST001104,Savings,Dormant,26366.78,INR,2025-11-13,Bengaluru
ACC00001105,CUST001105,Current,Active,28538.78,INR,2024-04-09,Hyderabad
ACC00001106,CUST001106,Salary,Active,91287.44,INR,2019-09-06,Mumbai
ACC00001107,CUST001107,Savings,Active,22781.19,INR,2024-03-19,Hyderabad
ACC00001108,CUST001108,Savings,Active,35077.28,INR,2021-11-09,Delhi
ACC00001109,CUST001109,Current,Active,196832.48,INR,2022-07-14,Hyderabad
ACC00001110,CUST001110,Savings,Active,26375.21,INR,2025-04-23,Hyderabad
ACC00001111,CUST001111,Current,Active,3701.87,INR,2022-12-03,Delhi
ACC00001112,CUST001112,Savings,Active,50082.63,INR,2020-09-20,Mumbai
ACC00001113,CUST001113,Current,Active,124419.66,INR,2020-12-09,Bengaluru
ACC00001114,CUST001114,Savings,Active,46451.11,INR,2025-10-19,Hyderabad
ACC00001115,CUST001115,Savings,Dormant,55163.29,INR,2020-01-07,Chennai
ACC00001116,CUST001116,Savings,Active,16920.16,INR,2020-10-02,Bengaluru
ACC00001117,CUST001117,Salary,Active,39214.56,INR,2023-07-07,Mumbai
ACC00001118,CUST001118,Savings,Active,53041.0,INR,2019-05-06,Delhi
ACC00001119,CUST001119,Savings,Active,19440.17,INR,2020-01-16,Hyderabad
ACC00001120,CUST001120,Savings,Dormant,9277.73,INR,2025-12-22,Bengaluru
ACC00001121,CUST001121,Savings,Active,114103.99,INR,2021-08-05,Hyderabad
ACC00001122,CUST001122,Salary,Active,29372.98,INR,2019-05-13,Mumbai
ACC00001123,CUST001123,Current,Active,74718.82,INR,2023-05-31,Mumbai
ACC00001124,CUST001124,Savings,Active,8993.49,INR,2022-10-22,Bengaluru
ACC00001125,CUST001125,Salary,Active,20045.07,INR,2024-05-01,Mumbai
ACC00001126,CUST001126,Savings,Dormant,2072.88,INR,2021-06-14,Mumbai
ACC00001127,CUST001127,Savings,Dormant,62486.62,INR,2024-12-14,Bengaluru
ACC00001128,CUST001128,Savings,Active,50358.84,INR,2020-10-05,Chennai
ACC00001129,CUST001129,Savings,Dormant,17383.57,INR,2019-06-30,Hyderabad
ACC00001130,CUST001130,Savings,Active,37676.45,INR,2020-08-23,Delhi
ACC00001131,CUST001131,Current,Dormant,54272.87,INR,2023-08-15,Hyderabad
ACC00001132,CUST001132,Savings,Active,22505.96,INR,2023-02-10,Hyderabad
ACC00001133,CUST001133,Savings,Active,3841.0,INR,2020-03-20,Bengaluru
ACC00001134,CUST001134,Savings,Dormant,39080.71,INR,2022-05-18,Delhi
ACC00001135,CUST001135,Savings,Active,108975.16,INR,2023-09-21,Mumbai
ACC00001136,CUST001136,Savings,Active,17818.7,INR,2024-06-27,Bengaluru
ACC00001137,CUST001137,Savings,Dormant,22244.27,INR,2020-12-02,Delhi
ACC00001138,CUST001138,Salary,Active,82257.17,INR,2021-05-22,Mumbai
ACC00001139,CUST001139,Savings,Active,258015.13,INR,2023-02-12,Chennai
ACC00001140,CUST001140,Salary,Active,66518.29,INR,2024-11-01,Bengaluru
ACC00001141,CUST001141,Salary,Active,3720.95,INR,2022-03-08,Delhi
ACC00001142,CUST001142,Savings,Active,5692.34,INR,2023-10-07,Bengaluru
ACC00001143,CUST001143,Salary,Dormant,316492.93,INR,2024-04-11,Hyderabad
ACC00001144,CUST001144,Savings,Dormant,33871.25,INR,2022-05-23,Bengaluru
ACC00001145,CUST001145,Savings,Active,63653.11,INR,2021-05-10,Delhi
ACC00001146,CUST001146,Savings,Dormant,11354.71,INR,2025-10-25,Chennai
ACC00001147,CUST001147,Savings,Active,12661.57,INR,2024-01-23,Mumbai
ACC00001148,CUST001148,Salary,Dormant,24806.35,INR,2024-06-29,Bengaluru
ACC00001149,CUST001149,Salary,Active,62978.4,INR,2019-07-31,Bengaluru
ACC00001150,CUST001150,Savings,Active,103932.73,INR,2024-12-30,Bengaluru
ACC00001151,CUST001151,Salary,Active,22593.4,INR,2022-07-18,Mumbai
ACC00001152,CUST001152,Savings,Active,31068.37,INR,2024-02-13,Delhi
ACC00001153,CUST001153,Savings,Active,9280.1,INR,2021-11-03,Mumbai
ACC00001154,CUST001154,Savings,Active,4619.94,INR,2024-04-22,Hyderabad
ACC00001155,CUST001155,Current,Dormant,51816.61,INR,2019-06-29,Bengaluru
ACC00001156,CUST001156,Savings,Active,25124.36,INR,2020-06-19,Chennai
ACC00001157,CUST001157,Savings,Active,11723.25,INR,2024-04-05,Mumbai
ACC00001158,CUST001158,Savings,Dormant,112736.7,INR,2024-11-26,Chennai
ACC00001159,CUST001159,Savings,Dormant,25897.34,INR,2019-10-20,Chennai
ACC00001160,CUST001160,Savings,Active,14708.86,INR,2023-11-12,Bengaluru
ACC00001161,CUST001161,Savings,Active,10275.63,INR,2024-12-15,Chennai
ACC00001162,CUST001162,Current,Active,64234.86,INR,2022-05-22,Mumbai
ACC00001163,CUST001163,Salary,Dormant,34635.94,INR,2019-12-23,Mumbai
ACC00001164,CUST001164,Current,Dormant,3573.96,INR,2022-08-30,Mumbai
ACC00001165,CUST001165,Savings,Active,12299.07,INR,2021-01-30,Hyderabad
ACC00001166,CUST001166,Savings,Active,13766.28,INR,2025-03-26,Chennai
ACC00001167,CUST001167,Current,Active,14300.31,INR,2019-11-24,Bengaluru
ACC00001168,CUST001168,Savings,Active,5435.4,INR,2024-11-23,Hyderabad
ACC00001169,CUST001169,Savings,Active,101614.54,INR,2023-10-01,Mumbai
ACC00001170,CUST001170,Savings,Dormant,20653.32,INR,2021-05-07,Delhi
ACC00001171,CUST001171,Salary,Active,31504.27,INR,2021-02-05,Delhi
ACC00001172,CUST001172,Current,Active,34683.23,INR,2025-04-21,Delhi
ACC00001173,CUST001173,Salary,Dormant,57114.76,INR,2022-04-02,Bengaluru
ACC00001174,CUST001174,Savings,Dormant,71722.62,INR,2024-06-05,Hyderabad
ACC00001175,CUST001175,Savings,Dormant,4104.48,INR,2019-05-24,Bengaluru
ACC00001176,CUST001176,Current,Active,4728.96,INR,2025-05-03,Mumbai
ACC00001177,CUST001177,Savings,Active,46866.05,INR,2021-06-17,Chennai
ACC00001178,CUST001178,Current,Active,19982.45,INR,2025-11-13,Delhi
ACC00001179,CUST001179,Salary,Active,7899.65,INR,2022-10-10,Mumbai
ACC00001180,CUST001180,Savings,Active,78647.27,INR,2024-07-24,Hyderabad
ACC00001181,CUST001181,Savings,Active,36099.89,INR,2025-02-27,Mumbai
ACC00001182,CUST001182,Current,Active,49244.49,INR,2022-03-30,Delhi
ACC00001183,CUST001183,Savings,Active,14230.87,INR,2023-03-26,Delhi
ACC00001184,CUST001184,Savings,Active,11123.73,INR,2023-01-03,Delhi
ACC00001185,CUST001185,Salary,Active,40293.79,INR,2021-08-03,Delhi
ACC00001186,CUST001186,Salary,Active,54997.49,INR,2022-09-01,Mumbai
ACC00001187,CUST001187,Savings,Active,26920.27,INR,2021-05-17,Mumbai
ACC00001188,CUST001188,Savings,Active,48847.85,INR,2020-10-29,Mumbai
ACC00001189,CUST001189,Current,Active,9859.36,INR,2019-10-09,Hyderabad
ACC00001190,CUST001190,Current,Active,121966.92,INR,2021-08-25,Bengaluru
ACC00001191,CUST001191,Savings,Active,1888.21,INR,2023-12-21,Delhi
ACC00001192,CUST001192,Savings,Dormant,8637.6,INR,2023-03-28,Chennai
ACC00001193,CUST001193,Savings,Active,28676.8,INR,2025-01-05,Mumbai
ACC00001194,CUST001194,Savings,Active,78486.28,INR,2025-06-22,Bengaluru
ACC00001195,CUST001195,Salary,Active,16181.52,INR,2023-02-11,Chennai
ACC00001196,CUST001196,Current,Active,21596.74,INR,2025-01-14,Delhi
ACC00001197,CUST001197,Current,Active,145038.87,INR,2022-10-05,Mumbai
ACC00001198,CUST001198,Savings,Active,24772.53,INR,2021-03-14,Hyderabad
ACC00001199,CUST001199,Savings,Dormant,67597.07,INR,2023-12-05,Delhi
ACC00001200,CUST001200,Savings,Dormant,7095.95,INR,2019-06-17,Chennai
ACC00001201,CUST001201,Savings,Active,66404.44,INR,2024-05-16,Hyderabad
ACC00001202,CUST001202,Savings,Active,159472.18,INR,2025-12-13,Delhi
ACC00001203,CUST001203,Savings,Dormant,25532.12,INR,2024-02-12,Hyderabad
ACC00001204,CUST001204,Savings,Active,14492.02,INR,2025-12-28,Bengaluru
ACC00001205,CUST001205,Salary,Active,20527.93,INR,2023-10-30,Bengaluru
ACC00001206,CUST001206,Salary,Active,10324.06,INR,2023-04-15,Bengaluru
ACC00001207,CUST001207,Savings,Active,6293.3,INR,2025-10-02,Delhi
ACC00001208,CUST001208,Savings,Active,236787.69,INR,2021-06-29,Chennai
ACC00001209,CUST001209,Salary,Dormant,8932.1,INR,2025-11-03,Delhi
ACC00001210,CUST001210,Savings,Active,15357.41,INR,2021-04-25,Chennai
ACC00001211,CUST001211,Savings,Active,5982.27,INR,2022-08-17,Delhi
ACC00001212,CUST001212,Savings,Active,24598.28,INR,2022-03-04,Hyderabad
ACC00001213,CUST001213,Savings,Active,14695.41,INR,2023-07-10,Hyderabad
ACC00001214,CUST001214,Savings,Active,36609.95,INR,2024-03-31,Chennai
ACC00001215,CUST001215,Salary,Active,20842.73,INR,2021-07-25,Hyderabad
ACC00001216,CUST001216,Savings,Active,17532.31,INR,2023-04-11,Hyderabad
ACC00001217,CUST001217,Current,Active,11831.54,INR,2020-06-26,Mumbai
ACC00001218,CUST001218,Savings,Dormant,51216.19,INR,2022-10-11,Hyderabad
ACC00001219,CUST001219,Savings,Dormant,46617.39,INR,2021-04-26,Mumbai
ACC00001220,CUST001220,Savings,Active,34680.55,INR,2021-08-16,Delhi
ACC00001221,CUST001221,Savings,Active,83421.45,INR,2021-05-12,Hyderabad
ACC00001222,CUST001222,Current,Active,72711.43,INR,2025-03-09,Hyderabad
ACC00001223,CUST001223,Savings,Active,40483.62,INR,2020-06-07,Delhi
ACC00001224,CUST001224,Savings,Active,22589.96,INR,2021-11-14,Mumbai
ACC00001225,CUST001225,Savings,Dormant,12882.51,INR,2024-03-19,Hyderabad
ACC00001226,CUST001226,Salary,Active,4153.93,INR,2020-12-27,Delhi
ACC00001227,CUST001227,Salary,Active,32383.63,INR,2025-12-16,Hyderabad
ACC00001228,CUST001228,Salary,Active,54906.4,INR,2024-09-13,Chennai
ACC00001229,CUST001229,Salary,Active,6101.62,INR,2019-08-23,Bengaluru
ACC00001230,CUST001230,Savings,Active,23696.44,INR,2024-04-22,Mumbai
ACC00001231,CUST001231,Salary,Active,43780.79,INR,2019-12-13,Chennai
ACC00001232,CUST001232,Savings,Active,7146.86,INR,2024-05-16,Bengaluru
ACC00001233,CUST001233,Savings,Active,45782.6,INR,2022-10-20,Bengaluru
ACC00001234,CUST001234,Savings,Active,6311.43,INR,2020-08-26,Bengaluru
ACC00001235,CUST001235,Salary,Active,29350.26,INR,2024-04-09,Delhi
ACC00001236,CUST001236,Salary,Dormant,33608.81,INR,2022-01-04,Chennai
ACC00001237,CUST001237,Savings,Active,9826.12,INR,2021-12-01,Hyderabad
ACC00001238,CUST001238,Savings,Active,30015.11,INR,2021-03-27,Delhi
ACC00001239,CUST001239,Current,Active,8318.74,INR,2024-02-28,Bengaluru
ACC00001240,CUST001240,Savings,Active,30899.12,INR,2020-11-19,Hyderabad
ACC00001241,CUST001241,Savings,Active,6977.07,INR,2025-06-20,Hyderabad
ACC00001242,CUST001242,Salary,Dormant,4321.71,INR,2024-08-28,Chennai
ACC00001243,CUST001243,Savings,Active,36734.63,INR,2024-06-15,Delhi
ACC00001244,CUST001244,Savings,Active,50792.13,INR,2024-09-22,Bengaluru
ACC00001245,CUST001245,Savings,Dormant,38866.85,INR,2022-03-27,Chennai
ACC00001246,CUST001246,Salary,Dormant,65300.67,INR,2021-08-30,Bengaluru
ACC00001247,CUST001247,Salary,Active,20421.99,INR,2020-06-02,Hyderabad
ACC00001248,CUST001248,Savings,Active,31385.95,INR,2020-06-13,Mumbai
ACC00001249,CUST001249,Savings,Active,68116.99,INR,2025-04-07,Chennai
ACC00001250,CUST001250,Savings,Active,86777.65,INR,2025-06-14,Bengaluru
ACC00001251,CUST001251,Savings,Active,13160.01,INR,2022-02-04,Chennai
ACC00001252,CUST001252,Salary,Dormant,50779.62,INR,2020-06-06,Hyderabad
ACC00001253,CUST001253,Savings,Active,19630.23,INR,2020-04-18,Delhi
ACC00001254,CUST001254,Savings,Dormant,12181.23,INR,2021-07-03,Hyderabad
ACC00001255,CUST001255,Savings,Active,31755.64,INR,2022-06-10,Chennai
ACC00001256,CUST001256,Current,Active,10513.45,INR,2020-08-04,Chennai
ACC00001257,CUST001257,Savings,Active,73246.95,INR,2023-01-26,Bengaluru
ACC00001258,CUST001258,Salary,Active,5893.52,INR,2020-06-22,Bengaluru
ACC00001259,CUST001259,Savings,Active,33979.78,INR,2025-11-08,Delhi
ACC00001260,CUST001260,Current,Active,17299.99,INR,2025-09-23,Bengaluru
ACC00001261,CUST001261,Savings,Dormant,13093.09,INR,2021-03-12,Chennai
ACC00001262,CUST001262,Savings,Dormant,27993.07,INR,2020-09-14,Bengaluru
ACC00001263,CUST001263,Current,Active,9482.27,INR,2025-05-03,Bengaluru
ACC00001264,CUST001264,Current,Dormant,74941.09,INR,2023-06-17,Delhi
ACC00001265,CUST001265,Savings,Active,3356.92,INR,2025-09-30,Hyderabad
ACC00001266,CUST001266,Savings,Active,41312.96,INR,2019-07-19,Mumbai
ACC00001267,CUST001267,Savings,Active,8023.89,INR,2019-10-17,Bengaluru
ACC00001268,CUST001268,Current,Dormant,61123.31,INR,2025-08-27,Delhi
ACC00001269,CUST001269,Savings,Dormant,146955.06,INR,2024-02-19,Delhi
ACC00001270,CUST001270,Savings,Active,36766.44,INR,2019-04-21,Bengaluru
ACC00001271,CUST001271,Current,Active,22462.45,INR,2023-08-05,Bengaluru
ACC00001272,CUST001272,Savings,Active,66460.73,INR,2019-10-22,Hyderabad
ACC00001273,CUST001273,Savings,Active,45690.35,INR,2023-02-08,Hyderabad
ACC00001274,CUST001274,Salary,Dormant,36740.43,INR,2020-07-31,Mumbai
ACC00001275,CUST001275,Savings,Dormant,14972.11,INR,2024-06-03,Chennai
ACC00001276,CUST001276,Savings,Dormant,19794.16,INR,2024-09-23,Mumbai
ACC00001277,CUST001277,Savings,Active,14236.3,INR,2019-09-21,Delhi
ACC00001278,CUST001278,Savings,Dormant,263061.74,INR,2022-02-07,Bengaluru
ACC00001279,CUST001279,Salary,Active,24366.44,INR,2024-11-18,Hyderabad
ACC00001280,CUST001280,Current,Active,49752.78,INR,2025-02-22,Delhi
ACC00001281,CUST001281,Savings,Active,14090.35,INR,2025-07-11,Mumbai
ACC00001282,CUST001282,Savings,Active,164944.51,INR,2023-07-30,Delhi
ACC00001283,CUST001283,Savings,Active,14073.35,INR,2021-07-28,Bengaluru
ACC00001284,CUST001284,Salary,Active,26991.22,INR,2019-06-14,Bengaluru
ACC00001285,CUST001285,Salary,Active,25506.51,INR,2024-06-09,Hyderabad
ACC00001286,CUST001286,Savings,Active,66017.43,INR,2024-01-20,Mumbai
ACC00001287,CUST001287,Savings,Active,18137.06,INR,2023-07-31,Delhi
ACC00001288,CUST001288,Salary,Active,138133.98,INR,2024-02-16,Delhi
ACC00001289,CUST001289,Savings,Active,7274.34,INR,2022-11-09,Delhi
ACC00001290,CUST001290,Savings,Active,16090.46,INR,2019-07-17,Delhi
ACC00001291,CUST001291,Savings,Active,10483.85,INR,2025-11-25,Delhi
ACC00001292,CUST001292,Savings,Dormant,75771.91,INR,2024-11-05,Delhi
ACC00001293,CUST001293,Current,Dormant,11665.48,INR,2025-02-22,Delhi
ACC00001294,CUST001294,Savings,Dormant,11884.14,INR,2024-03-04,Chennai
ACC00001295,CUST001295,Salary,Active,33204.16,INR,2024-10-26,Delhi
ACC00001296,CUST001296,Savings,Dormant,48858.96,INR,2023-05-23,Chennai
ACC00001297,CUST001297,Current,Active,30914.52,INR,2019-06-04,Delhi
ACC00001298,CUST001298,Savings,Active,94471.8,INR,2023-09-11,Hyderabad
ACC00001299,CUST001299,Salary,Active,4372.07,INR,2025-04-26,Delhi
ACC00001300,CUST001300,Salary,Active,15295.89,INR,2024-04-06,Mumbai
ACC00001301,CUST001301,Savings,Active,23478.36,INR,2025-11-30,Chennai
ACC00001302,CUST001302,Salary,Active,21752.3,INR,2025-09-13,Hyderabad
ACC00001303,CUST001303,Savings,Active,57717.21,INR,2023-05-29,Chennai
ACC00001304,CUST001304,Savings,Active,15237.12,INR,2022-12-23,Delhi
ACC00001305,CUST001305,Savings,Active,3327.3,INR,2020-04-24,Delhi
ACC00001306,CUST001306,Salary,Active,32992.55,INR,2022-12-15,Delhi
ACC00001307,CUST001307,Current,Active,6370.69,INR,2025-12-15,Mumbai
ACC00001308,CUST001308,Savings,Active,34800.31,INR,2020-11-15,Mumbai
ACC00001309,CUST001309,Current,Dormant,8764.22,INR,2021-02-27,Bengaluru
ACC00001310,CUST001310,Salary,Dormant,16858.65,INR,2019-07-21,Chennai
ACC00001311,CUST001311,Savings,Active,248588.09,INR,2019-09-19,Delhi
ACC00001312,CUST001312,Salary,Dormant,45194.35,INR,2024-01-27,Delhi
ACC00001313,CUST001313,Savings,Active,16856.28,INR,2025-10-05,Mumbai
ACC00001314,CUST001314,Salary,Dormant,55475.16,INR,2020-11-07,Bengaluru
ACC00001315,CUST001315,Current,Active,58343.39,INR,2023-05-26,Mumbai
ACC00001316,CUST001316,Savings,Dormant,14945.08,INR,2024-06-25,Delhi
ACC00001317,CUST001317,Savings,Active,49773.12,INR,2020-05-16,Bengaluru
ACC00001318,CUST001318,Salary,Active,25759.89,INR,2020-08-15,Delhi
ACC00001319,CUST001319,Savings,Active,64229.58,INR,2021-06-02,Bengaluru
ACC00001320,CUST001320,Salary,Active,9150.76,INR,2025-08-05,Bengaluru
ACC00001321,CUST001321,Savings,Active,27114.67,INR,2025-02-07,Mumbai
ACC00001322,CUST001322,Savings,Dormant,111020.67,INR,2019-11-13,Hyderabad
ACC00001323,CUST001323,Savings,Dormant,67965.19,INR,2022-10-20,Mumbai
ACC00001324,CUST001324,Savings,Active,5671.2,INR,2023-08-13,Chennai
ACC00001325,CUST001325,Current,Dormant,3435.2,INR,2023-06-23,Bengaluru
ACC00001326,CUST001326,Savings,Active,7277.06,INR,2021-04-25,Bengaluru
ACC00001327,CUST001327,Savings,Dormant,46406.36,INR,2022-04-21,Bengaluru
ACC00001328,CUST001328,Savings,Active,9838.56,INR,2024-07-31,Chennai
ACC00001329,CUST001329,Savings,Active,244742.7,INR,2020-03-25,Bengaluru
ACC00001330,CUST001330,Savings,Active,19803.05,INR,2022-05-30,Hyderabad
ACC00001331,CUST001331,Savings,Active,15828.52,INR,2022-06-03,Delhi
ACC00001332,CUST001332,Savings,Active,8945.69,INR,2025-10-01,Delhi
ACC00001333,CUST001333,Savings,Active,35549.45,INR,2021-06-21,Chennai
ACC00001334,CUST001334,Savings,Active,102173.41,INR,2025-08-31,Chennai
ACC00001335,CUST001335,Savings,Dormant,20084.98,INR,2025-06-15,Hyderabad
ACC00001336,CUST001336,Savings,Active,132749.0,INR,2025-01-06,Bengaluru
ACC00001337,CUST001337,Salary,Dormant,66174.41,INR,2022-03-07,Mumbai
ACC00001338,CUST001338,Savings,Dormant,28284.58,INR,2021-09-25,Bengaluru
ACC00001339,CUST001339,Savings,Active,29642.83,INR,2020-12-28,Mumbai
ACC00001340,CUST001340,Current,Active,3109.68,INR,2023-05-23,Bengaluru
ACC00001341,CUST001341,Current,Active,58654.52,INR,2020-04-12,Chennai
ACC00001342,CUST001342,Savings,Active,28351.95,INR,2024-10-06,Chennai
ACC00001343,CUST001343,Savings,Active,25752.86,INR,2021-07-12,Bengaluru
ACC00001344,CUST001344,Savings,Dormant,65920.4,INR,2022-12-05,Chennai
ACC00001345,CUST001345,Savings,Active,38335.42,INR,2021-06-13,Bengaluru
ACC00001346,CUST001346,Current,Active,31011.17,INR,2025-04-28,Mumbai
ACC00001347,CUST001347,Savings,Dormant,9991.05,INR,2021-05-28,Chennai
ACC00001348,CUST001348,Savings,Active,12788.09,INR,2023-07-20,Delhi
ACC00001349,CUST001349,Savings,Dormant,105737.25,INR,2020-07-28,Bengaluru
ACC00001350,CUST001350,Salary,Active,14773.69,INR,2020-05-20,Bengaluru
ACC00001351,CUST001351,Savings,Active,26703.0,INR,2025-01-02,Hyderabad
ACC00001352,CUST001352,Savings,Active,34522.82,INR,2020-11-21,Delhi
ACC00001353,CUST001353,Current,Active,2706.93,INR,2019-08-11,Delhi
ACC00001354,CUST001354,Savings,Dormant,3526.74,INR,2024-11-11,Bengaluru
ACC00001355,CUST001355,Savings,Active,17794.3,INR,2025-06-08,Mumbai
ACC00001356,CUST001356,Current,Dormant,133828.17,INR,2024-07-05,Hyderabad
ACC00001357,CUST001357,Savings,Active,20438.89,INR,2023-05-05,Hyderabad
ACC00001358,CUST001358,Savings,Active,34509.04,INR,2023-05-02,Hyderabad
ACC00001359,CUST001359,Current,Active,46691.78,INR,2022-09-29,Mumbai
ACC00001360,CUST001360,Salary,Active,33024.98,INR,2021-02-02,Mumbai
ACC00001361,CUST001361,Savings,Dormant,49624.02,INR,2021-01-05,Delhi
ACC00001362,CUST001362,Current,Active,28975.31,INR,2023-06-03,Bengaluru
ACC00001363,CUST001363,Savings,Dormant,16375.6,INR,2019-08-22,Delhi
ACC00001364,CUST001364,Current,Active,30425.5,INR,2022-03-01,Hyderabad
ACC00001365,CUST001365,Savings,Active,49544.2,INR,2022-05-23,Hyderabad
ACC00001366,CUST001366,Current,Active,40904.76,INR,2022-11-12,Bengaluru
ACC00001367,CUST001367,Current,Active,12476.19,INR,2019-05-10,Hyderabad
ACC00001368,CUST001368,Savings,Active,15055.72,INR,2024-11-29,Mumbai
ACC00001369,CUST001369,Salary,Dormant,4345.07,INR,2021-02-14,Mumbai
ACC00001370,CUST001370,Savings,Dormant,22249.52,INR,2019-07-26,Hyderabad
ACC00001371,CUST001371,Savings,Active,88049.97,INR,2021-09-01,Bengaluru
ACC00001372,CUST001372,Savings,Dormant,8615.79,INR,2020-10-18,Mumbai
ACC00001373,CUST001373,Current,Dormant,16390.43,INR,2021-11-22,Bengaluru
ACC00001374,CUST001374,Savings,Active,25545.39,INR,2022-02-19,Mumbai
ACC00001375,CUST001375,Savings,Active,35407.33,INR,2022-03-16,Chennai
ACC00001376,CUST001376,Salary,Active,19887.5,INR,2019-12-10,Hyderabad
ACC00001377,CUST001377,Current,Active,65569.7,INR,2025-02-09,Delhi
ACC00001378,CUST001378,Salary,Active,67736.6,INR,2026-01-01,Bengaluru
ACC00001379,CUST001379,Savings,Active,18959.89,INR,2019-07-04,Bengaluru
ACC00001380,CUST001380,Savings,Active,6756.49,INR,2021-08-30,Chennai
ACC00001381,CUST001381,Current,Active,6120.65,INR,2021-06-07,Mumbai
ACC00001382,CUST001382,Savings,Dormant,82057.51,INR,2023-07-05,Delhi
ACC00001383,CUST001383,Savings,Active,36892.85,INR,2023-11-06,Hyderabad
ACC00001384,CUST001384,Savings,Active,81941.29,INR,2024-07-17,Hyderabad
ACC00001385,CUST001385,Savings,Active,30762.02,INR,2023-04-03,Mumbai
ACC00001386,CUST001386,Current,Dormant,95968.11,INR,2019-10-04,Delhi
ACC00001387,CUST001387,Salary,Active,129849.53,INR,2019-05-15,Chennai
ACC00001388,CUST001388,Current,Active,90374.11,INR,2019-07-18,Mumbai
ACC00001389,CUST001389,Savings,Active,40991.39,INR,2025-02-12,Hyderabad
ACC00001390,CUST001390,Savings,Active,30775.82,INR,2025-05-20,Bengaluru
ACC00001391,CUST001391,Savings,Active,76751.12,INR,2022-09-23,Chennai
ACC00001392,CUST001392,Salary,Active,14485.57,INR,2021-01-04,Chennai
ACC00001393,CUST001393,Current,Dormant,7101.42,INR,2020-06-09,Chennai
ACC00001394,CUST001394,Salary,Active,6747.84,INR,2019-07-22,Hyderabad
ACC00001395,CUST001395,Savings,Active,19195.59,INR,2022-07-14,Hyderabad
ACC00001396,CUST001396,Salary,Dormant,44840.18,INR,2020-11-01,Delhi
ACC00001397,CUST001397,Savings,Active,102377.17,INR,2022-03-22,Delhi
ACC00001398,CUST001398,Savings,Active,58554.77,INR,2019-04-06,Mumbai
ACC00001399,CUST001399,Savings,Active,2993.38,INR,2022-12-30,Mumbai
ACC00001400,CUST001400,Current,Active,13525.04,INR,2025-04-08,Chennai
ACC00001401,CUST001401,Current,Dormant,86835.19,INR,2020-08-29,Mumbai
ACC00001402,CUST001402,Current,Active,34653.53,INR,2021-02-27,Bengaluru
ACC00001403,CUST001403,Savings,Active,4964.88,INR,2021-02-24,Delhi
ACC00001404,CUST001404,Savings,Active,39837.05,INR,2022-04-04,Delhi
ACC00001405,CUST001405,Savings,Active,14602.06,INR,2024-11-13,Hyderabad
ACC00001406,CUST001406,Savings,Active,88304.24,INR,2022-05-06,Mumbai
ACC00001407,CUST001407,Savings,Active,22089.66,INR,2021-11-04,Bengaluru
ACC00001408,CUST001408,Current,Active,77931.16,INR,2023-02-27,Mumbai
ACC00001409,CUST001409,Salary,Active,8911.15,INR,2019-12-28,Bengaluru
ACC00001410,CUST001410,Savings,Active,44173.63,INR,2022-07-29,Hyderabad
ACC00001411,CUST001411,Savings,Dormant,253576.9,INR,2020-03-31,Chennai
ACC00001412,CUST001412,Savings,Active,17422.35,INR,2025-08-11,Chennai
ACC00001413,CUST001413,Salary,Dormant,3611.3,INR,2024-04-10,Hyderabad
ACC00001414,CUST001414,Salary,Active,78679.98,INR,2024-11-06,Bengaluru
ACC00001415,CUST001415,Savings,Dormant,24511.49,INR,2024-11-15,Mumbai
ACC00001416,CUST001416,Savings,Active,20852.18,INR,2024-06-30,Bengaluru
ACC00001417,CUST001417,Savings,Active,10521.91,INR,2025-11-12,Mumbai
ACC00001418,CUST001418,Salary,Active,31543.92,INR,2019-09-08,Chennai
ACC00001419,CUST001419,Savings,Active,32670.3,INR,2023-06-22,Mumbai
ACC00001420,CUST001420,Savings,Active,32407.3,INR,2024-04-07,Delhi
ACC00001421,CUST001421,Savings,Active,16067.77,INR,2024-11-10,Chennai
ACC00001422,CUST001422,Savings,Active,35065.74,INR,2020-07-22,Chennai
ACC00001423,CUST001423,Savings,Active,18022.83,INR,2019-10-12,Hyderabad
ACC00001424,CUST001424,Savings,Active,4199.05,INR,2023-01-19,Mumbai
ACC00001425,CUST001425,Savings,Active,369411.78,INR,2022-08-07,Delhi
ACC00001426,CUST001426,Salary,Active,37529.29,INR,2025-01-16,Hyderabad
ACC00001427,CUST001427,Current,Dormant,203438.53,INR,2020-12-03,Mumbai
ACC00001428,CUST001428,Savings,Active,60850.8,INR,2025-09-13,Hyderabad
ACC00001429,CUST001429,Salary,Active,48440.43,INR,2025-01-03,Hyderabad
ACC00001430,CUST001430,Savings,Active,6567.16,INR,2020-01-08,Chennai
ACC00001431,CUST001431,Savings,Active,24623.02,INR,2020-04-20,Bengaluru
ACC00001432,CUST001432,Current,Active,63429.24,INR,2021-01-09,Chennai
ACC00001433,CUST001433,Savings,Active,72321.08,INR,2022-04-05,Chennai
ACC00001434,CUST001434,Current,Active,24176.07,INR,2021-12-19,Hyderabad
ACC00001435,CUST001435,Savings,Dormant,42862.63,INR,2023-07-31,Chennai
ACC00001436,CUST001436,Current,Dormant,8591.13,INR,2024-12-20,Bengaluru
ACC00001437,CUST001437,Savings,Active,42761.4,INR,2020-10-26,Chennai
ACC00001438,CUST001438,Savings,Dormant,54559.92,INR,2025-10-31,Mumbai
ACC00001439,CUST001439,Savings,Active,93924.49,INR,2022-04-25,Mumbai
ACC00001440,CUST001440,Salary,Active,34095.92,INR,2025-12-29,Mumbai
ACC00001441,CUST001441,Savings,Dormant,23019.66,INR,2021-12-08,Bengaluru
ACC00001442,CUST001442,Savings,Active,15554.2,INR,2025-09-05,Hyderabad
ACC00001443,CUST001443,Savings,Active,20434.78,INR,2024-05-09,Hyderabad
ACC00001444,CUST001444,Salary,Active,2992.59,INR,2023-12-07,Chennai
ACC00001445,CUST001445,Savings,Active,9384.49,INR,2019-09-15,Delhi
ACC00001446,CUST001446,Current,Active,149220.66,INR,2023-01-07,Delhi
ACC00001447,CUST001447,Savings,Active,12715.91,INR,2022-02-21,Chennai
ACC00001448,CUST001448,Savings,Dormant,20699.6,INR,2023-07-30,Delhi
ACC00001449,CUST001449,Savings,Active,7315.4,INR,2019-07-11,Hyderabad
ACC00001450,CUST001450,Salary,Active,22153.67,INR,2024-05-01,Hyderabad
ACC00001451,CUST001451,Savings,Active,5962.66,INR,2021-07-27,Bengaluru
ACC00001452,CUST001452,Savings,Active,10416.87,INR,2024-07-24,Hyderabad
ACC00001453,CUST001453,Current,Active,219750.62,INR,2023-10-17,Delhi
ACC00001454,CUST001454,Savings,Active,87108.13,INR,2025-11-26,Hyderabad
ACC00001455,CUST001455,Savings,Active,4555.34,INR,2019-10-24,Mumbai
ACC00001456,CUST001456,Savings,Dormant,18855.46,INR,2019-07-31,Delhi
ACC00001457,CUST001457,Salary,Active,81282.16,INR,2020-11-22,Delhi
ACC00001458,CUST001458,Savings,Dormant,359013.4,INR,2023-12-21,Delhi
ACC00001459,CUST001459,Current,Dormant,104987.85,INR,2024-09-07,Chennai
ACC00001460,CUST001460,Savings,Active,50341.85,INR,2021-01-06,Delhi
ACC00001461,CUST001461,Savings,Dormant,76559.27,INR,2025-07-27,Mumbai
ACC00001462,CUST001462,Savings,Active,37555.01,INR,2025-12-05,Delhi
ACC00001463,CUST001463,Savings,Active,16550.07,INR,2023-08-21,Chennai
ACC00001464,CUST001464,Savings,Dormant,37456.66,INR,2019-06-03,Bengaluru
ACC00001465,CUST001465,Current,Active,16633.15,INR,2019-08-21,Mumbai
ACC00001466,CUST001466,Savings,Active,60987.84,INR,2020-12-14,Chennai
ACC00001467,CUST001467,Savings,Active,38246.3,INR,2020-10-12,Delhi
ACC00001468,CUST001468,Savings,Active,86930.8,INR,2024-07-19,Chennai
ACC00001469,CUST001469,Savings,Active,13738.88,INR,2023-11-23,Hyderabad
ACC00001470,CUST001470,Salary,Active,12819.12,INR,2024-05-03,Mumbai
ACC00001471,CUST001471,Savings,Active,47928.6,INR,2019-04-24,Mumbai
ACC00001472,CUST001472,Savings,Active,56616.98,INR,2021-09-04,Bengaluru
ACC00001473,CUST001473,Savings,Active,26590.29,INR,2023-07-31,Hyderabad
ACC00001474,CUST001474,Savings,Active,20444.47,INR,2021-04-01,Chennai
ACC00001475,CUST001475,Savings,Active,38930.38,INR,2023-03-04,Bengaluru
ACC00001476,CUST001476,Salary,Active,43915.14,INR,2024-09-29,Mumbai
ACC00001477,CUST001477,Savings,Dormant,11688.38,INR,2024-02-20,Chennai
ACC00001478,CUST001478,Savings,Active,19559.97,INR,2023-02-08,Delhi
ACC00001479,CUST001479,Savings,Active,19197.74,INR,2024-01-09,Bengaluru
ACC00001480,CUST001480,Salary,Dormant,25136.9,INR,2025-01-14,Hyderabad
ACC00001481,CUST001481,Savings,Dormant,9619.65,INR,2025-08-19,Bengaluru
ACC00001482,CUST001482,Savings,Active,14694.53,INR,2024-07-05,Chennai
ACC00001483,CUST001483,Current,Dormant,22924.61,INR,2020-07-22,Mumbai
ACC00001484,CUST001484,Savings,Active,36480.91,INR,2021-05-20,Mumbai
ACC00001485,CUST001485,Savings,Active,26272.52,INR,2025-11-15,Bengaluru
ACC00001486,CUST001486,Salary,Dormant,98747.99,INR,2022-12-28,Delhi
ACC00001487,CUST001487,Savings,Dormant,38079.36,INR,2022-10-26,Mumbai
ACC00001488,CUST001488,Current,Dormant,164908.07,INR,2021-10-02,Chennai
ACC00001489,CUST001489,Savings,Active,29540.27,INR,2022-12-03,Bengaluru
ACC00001490,CUST001490,Savings,Active,11276.71,INR,2021-01-21,Chennai
ACC00001491,CUST001491,Savings,Active,20596.61,INR,2019-04-26,Hyderabad
ACC00001492,CUST001492,Salary,Active,62527.56,INR,2025-07-23,Hyderabad
ACC00001493,CUST001493,Savings,Dormant,29605.72,INR,2019-11-11,Mumbai
ACC00001494,CUST001494,Savings,Active,30009.81,INR,2025-02-06,Bengaluru
ACC00001495,CUST001495,Savings,Dormant,40678.58,INR,2019-05-24,Chennai
ACC00001496,CUST001496,Current,Active,66813.01,INR,2021-05-05,Mumbai
ACC00001497,CUST001497,Current,Dormant,93072.74,INR,2023-04-16,Delhi
ACC00001498,CUST001498,Savings,Active,40367.92,INR,2022-06-18,Hyderabad
ACC00001499,CUST001499,Savings,Dormant,75742.97,INR,2024-03-10,Bengaluru
ACC00001500,CUST001500,Current,Dormant,121251.34,INR,2021-05-04,Mumbai
ACC00001501,CUST001501,Savings,Active,39188.51,INR,2020-02-20,Chennai
ACC00001502,CUST001502,Savings,Active,123758.65,INR,2025-07-04,Hyderabad
ACC00001503,CUST001503,Savings,Dormant,66524.32,INR,2020-02-21,Delhi
ACC00001504,CUST001504,Savings,Dormant,42132.38,INR,2020-12-21,Chennai
ACC00001505,CUST001505,Salary,Active,239931.33,INR,2020-08-14,Hyderabad
ACC00001506,CUST001506,Savings,Active,20864.17,INR,2024-02-05,Chennai
ACC00001507,CUST001507,Savings,Active,18105.96,INR,2021-12-21,Chennai
ACC00001508,CUST001508,Savings,Active,26870.97,INR,2025-03-20,Hyderabad
ACC00001509,CUST001509,Salary,Active,38115.13,INR,2021-04-11,Bengaluru
ACC00001510,CUST001510,Savings,Dormant,30764.75,INR,2024-12-25,Delhi
ACC00001511,CUST001511,Savings,Active,28890.38,INR,2023-09-09,Delhi
ACC00001512,CUST001512,Current,Active,41544.05,INR,2022-01-16,Delhi
ACC00001513,CUST001513,Salary,Active,32594.81,INR,2025-03-04,Chennai
ACC00001514,CUST001514,Current,Active,44308.91,INR,2021-08-01,Bengaluru
ACC00001515,CUST001515,Current,Active,4948.86,INR,2020-10-23,Hyderabad
ACC00001516,CUST001516,Savings,Active,174548.5,INR,2025-11-24,Hyderabad
ACC00001517,CUST001517,Current,Active,13002.72,INR,2020-08-22,Chennai
ACC00001518,CUST001518,Savings,Active,124314.62,INR,2020-09-13,Mumbai
ACC00001519,CUST001519,Savings,Active,15452.8,INR,2022-10-03,Chennai
ACC00001520,CUST001520,Savings,Active,13837.18,INR,2020-04-02,Hyderabad
ACC00001521,CUST001521,Savings,Active,154478.25,INR,2025-03-25,Delhi
ACC00001522,CUST001522,Current,Active,14768.4,INR,2022-12-14,Bengaluru
ACC00001523,CUST001523,Current,Active,8347.79,INR,2021-08-01,Mumbai
ACC00001524,CUST001524,Savings,Active,76431.98,INR,2025-04-30,Delhi
ACC00001525,CUST001525,Savings,Active,10967.97,INR,2022-06-09,Chennai
ACC00001526,CUST001526,Salary,Dormant,63837.53,INR,2022-09-20,Bengaluru
ACC00001527,CUST001527,Savings,Active,54684.57,INR,2022-01-05,Bengaluru
ACC00001528,CUST001528,Salary,Dormant,20563.88,INR,2023-10-25,Delhi
ACC00001529,CUST001529,Savings,Dormant,75867.63,INR,2025-01-06,Hyderabad
ACC00001530,CUST001530,Savings,Active,27531.22,INR,2023-03-03,Mumbai
ACC00001531,CUST001531,Savings,Active,5981.11,INR,2022-04-10,Bengaluru
ACC00001532,CUST001532,Savings,Active,26894.66,INR,2023-10-13,Bengaluru
ACC00001533,CUST001533,Salary,Active,16099.8,INR,2024-11-23,Delhi
ACC00001534,CUST001534,Savings,Active,4065.23,INR,2021-06-13,Bengaluru
ACC00001535,CUST001535,Savings,Active,115825.96,INR,2020-09-10,Delhi
ACC00001536,CUST001536,Savings,Active,100219.39,INR,2021-08-31,Delhi
ACC00001537,CUST001537,Savings,Active,159135.31,INR,2022-07-29,Delhi
ACC00001538,CUST001538,Salary,Active,22549.22,INR,2024-08-07,Chennai
ACC00001539,CUST001539,Savings,Active,56987.69,INR,2019-12-06,Hyderabad
ACC00001540,CUST001540,Savings,Active,91652.27,INR,2020-11-20,Delhi
ACC00001541,CUST001541,Savings,Dormant,25588.4,INR,2024-09-01,Mumbai
ACC00001542,CUST001542,Salary,Active,94272.16,INR,2023-12-08,Hyderabad
ACC00001543,CUST001543,Savings,Active,64553.73,INR,2024-02-23,Delhi
ACC00001544,CUST001544,Savings,Active,132820.74,INR,2021-05-30,Bengaluru
ACC00001545,CUST001545,Savings,Dormant,24424.29,INR,2021-02-17,Chennai
ACC00001546,CUST001546,Savings,Dormant,51356.46,INR,2021-06-01,Hyderabad
ACC00001547,CUST001547,Savings,Active,12718.8,INR,2023-11-01,Bengaluru
ACC00001548,CUST001548,Savings,Active,18090.48,INR,2020-10-30,Bengaluru
ACC00001549,CUST001549,Savings,Dormant,10037.02,INR,2019-07-24,Chennai
ACC00001550,CUST001550,Savings,Active,13989.15,INR,2021-07-08,Hyderabad
ACC00001551,CUST001551,Savings,Active,10574.29,INR,2023-09-18,Delhi
ACC00001552,CUST001552,Salary,Active,14417.17,INR,2021-12-20,Delhi
ACC00001553,CUST001553,Savings,Active,3578.7,INR,2020-07-08,Chennai
ACC00001554,CUST001554,Savings,Active,20744.6,INR,2024-07-08,Chennai
ACC00001555,CUST001555,Savings,Active,70273.17,INR,2025-02-06,Mumbai
ACC00001556,CUST001556,Savings,Dormant,37157.78,INR,2020-09-21,Mumbai
ACC00001557,CUST001557,Savings,Dormant,21148.63,INR,2023-04-17,Delhi
ACC00001558,CUST001558,Savings,Active,20763.61,INR,2023-10-13,Mumbai
ACC00001559,CUST001559,Salary,Active,13758.26,INR,2021-08-17,Delhi
ACC00001560,CUST001560,Savings,Active,90550.61,INR,2022-08-13,Chennai
ACC00001561,CUST001561,Savings,Dormant,36670.49,INR,2025-05-09,Chennai
ACC00001562,CUST001562,Current,Active,6131.89,INR,2021-04-24,Delhi
ACC00001563,CUST001563,Current,Active,31681.19,INR,2020-12-19,Delhi
ACC00001564,CUST001564,Savings,Active,11296.41,INR,2020-04-08,Chennai
ACC00001565,CUST001565,Savings,Active,82166.44,INR,2023-08-28,Bengaluru
ACC00001566,CUST001566,Savings,Active,223769.27,INR,2022-01-25,Chennai
ACC00001567,CUST001567,Savings,Active,16220.9,INR,2023-07-02,Chennai
ACC00001568,CUST001568,Salary,Active,5895.0,INR,2021-09-09,Mumbai
ACC00001569,CUST001569,Current,Dormant,21734.14,INR,2025-02-22,Delhi
ACC00001570,CUST001570,Savings,Active,64002.09,INR,2023-09-05,Hyderabad
ACC00001571,CUST001571,Savings,Active,115847.86,INR,2021-09-07,Hyderabad
ACC00001572,CUST001572,Salary,Dormant,68077.2,INR,2022-06-10,Delhi
ACC00001573,CUST001573,Current,Active,231790.23,INR,2023-10-24,Mumbai
ACC00001574,CUST001574,Savings,Active,18980.03,INR,2025-10-12,Chennai
ACC00001575,CUST001575,Salary,Active,240454.63,INR,2023-03-03,Bengaluru
ACC00001576,CUST001576,Current,Active,32046.41,INR,2019-05-20,Bengaluru
ACC00001577,CUST001577,Savings,Dormant,33086.99,INR,2021-01-14,Delhi
ACC00001578,CUST001578,Salary,Active,15090.95,INR,2020-06-13,Hyderabad
ACC00001579,CUST001579,Current,Active,30393.13,INR,2019-04-25,Chennai
ACC00001580,CUST001580,Savings,Active,8350.32,INR,2025-07-03,Hyderabad
ACC00001581,CUST001581,Salary,Active,9352.45,INR,2020-02-29,Bengaluru
ACC00001582,CUST001582,Savings,Active,56030.53,INR,2024-04-30,Hyderabad
ACC00001583,CUST001583,Savings,Active,189398.95,INR,2019-12-21,Delhi
ACC00001584,CUST001584,Current,Active,43690.19,INR,2020-05-16,Mumbai
ACC00001585,CUST001585,Savings,Dormant,141819.51,INR,2020-12-10,Bengaluru
ACC00001586,CUST001586,Salary,Active,15098.61,INR,2019-10-19,Mumbai
ACC00001587,CUST001587,Savings,Active,19297.22,INR,2019-12-12,Chennai
ACC00001588,CUST001588,Savings,Active,11130.26,INR,2024-12-08,Mumbai
ACC00001589,CUST001589,Current,Active,20095.2,INR,2022-12-19,Hyderabad
ACC00001590,CUST001590,Savings,Active,19878.55,INR,2025-06-29,Hyderabad
ACC00001591,CUST001591,Current,Active,27481.67,INR,2024-09-16,Bengaluru
ACC00001592,CUST001592,Savings,Active,8367.67,INR,2021-01-30,Mumbai
ACC00001593,CUST001593,Salary,Active,20262.14,INR,2021-06-30,Mumbai
ACC00001594,CUST001594,Savings,Active,820.38,INR,2021-01-25,Hyderabad
ACC00001595,CUST001595,Salary,Active,42431.49,INR,2023-05-30,Mumbai
ACC00001596,CUST001596,Savings,Active,59230.76,INR,2023-12-22,Mumbai
ACC00001597,CUST001597,Salary,Active,52252.51,INR,2025-01-27,Delhi
ACC00001598,CUST001598,Salary,Dormant,57817.48,INR,2022-03-26,Chennai
ACC00001599,CUST001599,Savings,Active,10424.66,INR,2023-07-16,Chennai
ACC00001600,CUST001600,Salary,Active,52972.18,INR,2024-12-14,Mumbai
ACC00001601,CUST001601,Savings,Active,26869.91,INR,2025-01-11,Mumbai
ACC00001602,CUST001602,Savings,Dormant,15902.28,INR,2023-06-01,Delhi
ACC00001603,CUST001603,Savings,Active,33080.52,INR,2021-12-07,Chennai
ACC00001604,CUST001604,Current,Dormant,39337.0,INR,2025-12-15,Chennai
ACC00001605,CUST001605,Savings,Active,60028.1,INR,2021-05-26,Bengaluru
ACC00001606,CUST001606,Savings,Active,29464.13,INR,2019-06-19,Bengaluru
ACC00001607,CUST001607,Savings,Active,26349.22,INR,2020-02-16,Chennai
ACC00001608,CUST001608,Savings,Active,28811.04,INR,2020-01-09,Bengaluru
ACC00001609,CUST001609,Savings,Active,24832.07,INR,2025-01-10,Bengaluru
ACC00001610,CUST001610,Savings,Dormant,33422.6,INR,2023-09-12,Hyderabad
ACC00001611,CUST001611,Savings,Active,14643.35,INR,2019-07-21,Bengaluru
ACC00001612,CUST001612,Salary,Active,16557.69,INR,2019-05-15,Delhi
ACC00001613,CUST001613,Savings,Active,52578.17,INR,2025-10-01,Bengaluru
ACC00001614,CUST001614,Salary,Active,24582.42,INR,2024-03-18,Chennai
ACC00001615,CUST001615,Savings,Active,28313.32,INR,2023-03-22,Delhi
ACC00001616,CUST001616,Salary,Active,12186.59,INR,2019-12-22,Bengaluru
ACC00001617,CUST001617,Savings,Active,16549.0,INR,2020-03-29,Mumbai
ACC00001618,CUST001618,Salary,Active,34741.51,INR,2025-09-26,Hyderabad
ACC00001619,CUST001619,Savings,Dormant,337290.6,INR,2021-09-25,Hyderabad
ACC00001620,CUST001620,Current,Active,40540.26,INR,2025-05-01,Hyderabad
ACC00001621,CUST001621,Salary,Active,73325.51,INR,2019-08-27,Hyderabad
ACC00001622,CUST001622,Current,Active,36834.32,INR,2022-04-24,Bengaluru
ACC00001623,CUST001623,Savings,Active,23157.27,INR,2024-11-25,Chennai
ACC00001624,CUST001624,Savings,Active,5578.35,INR,2022-08-09,Bengaluru
ACC00001625,CUST001625,Savings,Active,3160.86,INR,2019-04-06,Hyderabad
ACC00001626,CUST001626,Savings,Active,10710.05,INR,2024-09-08,Hyderabad
ACC00001627,CUST001627,Salary,Active,475657.84,INR,2019-11-13,Bengaluru
ACC00001628,CUST001628,Savings,Active,61920.42,INR,2021-10-17,Bengaluru
ACC00001629,CUST001629,Salary,Active,15212.17,INR,2025-05-19,Bengaluru
ACC00001630,CUST001630,Salary,Dormant,66285.68,INR,2021-05-10,Chennai
ACC00001631,CUST001631,Savings,Active,18316.25,INR,2020-09-19,Chennai
ACC00001632,CUST001632,Savings,Active,139882.79,INR,2025-09-24,Mumbai
ACC00001633,CUST001633,Current,Dormant,89094.75,INR,2023-04-13,Delhi
ACC00001634,CUST001634,Savings,Active,61372.41,INR,2024-06-28,Mumbai
ACC00001635,CUST001635,Savings,Active,82456.24,INR,2021-01-17,Chennai
ACC00001636,CUST001636,Savings,Active,2577.5,INR,2023-03-18,Mumbai
ACC00001637,CUST001637,Salary,Active,19369.72,INR,2024-08-22,Chennai
ACC00001638,CUST001638,Current,Active,5549.64,INR,2021-09-01,Mumbai
ACC00001639,CUST001639,Salary,Active,42629.77,INR,2020-12-19,Delhi
ACC00001640,CUST001640,Savings,Dormant,6971.43,INR,2022-01-09,Hyderabad
ACC00001641,CUST001641,Savings,Active,11954.36,INR,2025-10-06,Bengaluru
ACC00001642,CUST001642,Savings,Active,89717.98,INR,2023-12-02,Delhi
ACC00001643,CUST001643,Salary,Active,196018.72,INR,2019-07-01,Delhi
ACC00001644,CUST001644,Savings,Active,108582.07,INR,2025-12-08,Delhi
ACC00001645,CUST001645,Salary,Active,50159.73,INR,2024-04-08,Mumbai
ACC00001646,CUST001646,Current,Active,20309.78,INR,2020-12-01,Bengaluru
ACC00001647,CUST001647,Savings,Active,29414.82,INR,2020-10-27,Mumbai
ACC00001648,CUST001648,Current,Active,31747.51,INR,2025-10-26,Bengaluru
ACC00001649,CUST001649,Savings,Active,14055.92,INR,2022-04-18,Mumbai
ACC00001650,CUST001650,Current,Active,11957.72,INR,2022-06-19,Delhi
ACC00001651,CUST001651,Current,Active,7408.65,INR,2021-01-23,Mumbai
ACC00001652,CUST001652,Savings,Dormant,17005.56,INR,2021-10-20,Mumbai
ACC00001653,CUST001653,Savings,Active,40322.88,INR,2020-07-13,Chennai
ACC00001654,CUST001654,Current,Active,20080.36,INR,2021-11-15,Delhi
ACC00001655,CUST001655,Current,Dormant,18611.88,INR,2024-10-06,Chennai
ACC00001656,CUST001656,Salary,Active,70722.63,INR,2019-05-25,Bengaluru
ACC00001657,CUST001657,Savings,Active,23905.01,INR,2025-01-21,Bengaluru
ACC00001658,CUST001658,Current,Active,93120.83,INR,2019-05-11,Hyderabad
ACC00001659,CUST001659,Savings,Active,165772.54,INR,2025-07-03,Mumbai
ACC00001660,CUST001660,Salary,Dormant,12823.81,INR,2020-12-12,Chennai
ACC00001661,CUST001661,Savings,Active,14088.42,INR,2023-10-06,Mumbai
ACC00001662,CUST001662,Current,Dormant,15784.18,INR,2019-10-06,Hyderabad
ACC00001663,CUST001663,Savings,Active,4538.34,INR,2019-11-07,Delhi
ACC00001664,CUST001664,Savings,Dormant,12107.08,INR,2020-04-12,Delhi
ACC00001665,CUST001665,Savings,Active,9575.52,INR,2022-08-18,Hyderabad
ACC00001666,CUST001666,Current,Active,40989.32,INR,2021-09-27,Chennai
ACC00001667,CUST001667,Savings,Dormant,83804.41,INR,2019-08-02,Bengaluru
ACC00001668,CUST001668,Savings,Active,23900.87,INR,2024-09-20,Mumbai
ACC00001669,CUST001669,Savings,Active,121006.17,INR,2023-08-26,Chennai
ACC00001670,CUST001670,Savings,Active,45315.45,INR,2022-05-19,Bengaluru
ACC00001671,CUST001671,Savings,Active,47600.78,INR,2021-09-09,Delhi
ACC00001672,CUST001672,Savings,Active,525002.75,INR,2024-10-16,Delhi
ACC00001673,CUST001673,Savings,Active,20336.87,INR,2021-02-11,Bengaluru
ACC00001674,CUST001674,Savings,Active,130052.75,INR,2022-04-27,Delhi
ACC00001675,CUST001675,Current,Active,31722.46,INR,2024-03-18,Chennai
ACC00001676,CUST001676,Salary,Active,6217.07,INR,2025-06-05,Chennai
ACC00001677,CUST001677,Savings,Active,4742.38,INR,2021-05-03,Bengaluru
ACC00001678,CUST001678,Savings,Active,6568.0,INR,2023-05-13,Bengaluru
ACC00001679,CUST001679,Savings,Active,25753.14,INR,2025-11-22,Hyderabad
ACC00001680,CUST001680,Savings,Dormant,54858.79,INR,2021-03-22,Delhi
ACC00001681,CUST001681,Savings,Dormant,122429.38,INR,2024-05-20,Bengaluru
ACC00001682,CUST001682,Savings,Active,43016.0,INR,2023-07-18,Chennai
ACC00001683,CUST001683,Current,Active,1408.63,INR,2025-02-13,Chennai
ACC00001684,CUST001684,Savings,Active,25967.23,INR,2019-08-28,Bengaluru
ACC00001685,CUST001685,Savings,Active,38018.92,INR,2024-03-06,Bengaluru
ACC00001686,CUST001686,Savings,Active,37429.53,INR,2021-03-13,Hyderabad
ACC00001687,CUST001687,Savings,Active,6168.0,INR,2024-01-27,Hyderabad
ACC00001688,CUST001688,Savings,Active,15619.02,INR,2025-03-20,Mumbai
ACC00001689,CUST001689,Savings,Active,207083.22,INR,2020-01-13,Mumbai
ACC00001690,CUST001690,Salary,Active,5341.07,INR,2021-03-30,Chennai
ACC00001691,CUST001691,Savings,Active,46860.46,INR,2021-05-24,Bengaluru
ACC00001692,CUST001692,Savings,Active,8796.17,INR,2025-06-23,Delhi
ACC00001693,CUST001693,Savings,Dormant,165152.55,INR,2019-10-18,Delhi
ACC00001694,CUST001694,Savings,Active,21915.06,INR,2020-04-28,Delhi
ACC00001695,CUST001695,Current,Active,88277.28,INR,2022-11-10,Mumbai
ACC00001696,CUST001696,Savings,Active,36675.67,INR,2025-08-20,Bengaluru
ACC00001697,CUST001697,Savings,Active,16998.41,INR,2025-05-22,Bengaluru
ACC00001698,CUST001698,Salary,Active,20333.83,INR,2024-06-27,Mumbai
ACC00001699,CUST001699,Savings,Dormant,18157.86,INR,2019-12-24,Mumbai
ACC00001700,CUST001700,Savings,Dormant,26536.41,INR,2020-09-25,Mumbai
ACC00001701,CUST001701,Current,Active,15968.77,INR,2020-10-22,Hyderabad
ACC00001702,CUST001702,Current,Active,10296.57,INR,2023-06-15,Chennai
ACC00001703,CUST001703,Current,Active,5718.4,INR,2023-04-05,Hyderabad
ACC00001704,CUST001704,Savings,Active,98528.72,INR,2023-04-17,Delhi
ACC00001705,CUST001705,Savings,Active,38982.29,INR,2023-02-11,Mumbai
ACC00001706,CUST001706,Salary,Active,58291.13,INR,2023-01-14,Hyderabad
ACC00001707,CUST001707,Savings,Active,6875.21,INR,2022-12-23,Hyderabad
ACC00001708,CUST001708,Savings,Active,29130.33,INR,2025-08-27,Hyderabad
ACC00001709,CUST001709,Savings,Active,12023.22,INR,2022-03-28,Mumbai
ACC00001710,CUST001710,Savings,Active,26228.79,INR,2019-08-31,Delhi
ACC00001711,CUST001711,Savings,Active,1581.51,INR,2021-11-29,Hyderabad
ACC00001712,CUST001712,Current,Active,10725.19,INR,2023-10-14,Chennai
ACC00001713,CUST001713,Savings,Dormant,44536.46,INR,2025-05-15,Hyderabad
ACC00001714,CUST001714,Savings,Active,108094.83,INR,2023-04-14,Delhi
ACC00001715,CUST001715,Savings,Active,47147.89,INR,2024-01-24,Delhi
ACC00001716,CUST001716,Savings,Active,61258.34,INR,2021-08-02,Hyderabad
ACC00001717,CUST001717,Savings,Active,10634.8,INR,2025-10-29,Bengaluru
ACC00001718,CUST001718,Savings,Dormant,31495.06,INR,2020-07-04,Delhi
ACC00001719,CUST001719,Savings,Active,20377.61,INR,2020-07-07,Delhi
ACC00001720,CUST001720,Savings,Active,3152.8,INR,2020-08-30,Hyderabad
ACC00001721,CUST001721,Savings,Active,101347.36,INR,2024-10-28,Hyderabad
ACC00001722,CUST001722,Savings,Active,15802.69,INR,2020-09-17,Hyderabad
ACC00001723,CUST001723,Current,Active,59698.59,INR,2023-05-18,Hyderabad
ACC00001724,CUST001724,Savings,Active,28194.29,INR,2022-10-31,Mumbai
ACC00001725,CUST001725,Savings,Active,10416.5,INR,2019-06-01,Bengaluru
ACC00001726,CUST001726,Current,Active,72474.09,INR,2022-07-19,Hyderabad
ACC00001727,CUST001727,Savings,Dormant,1662.79,INR,2019-09-08,Chennai
ACC00001728,CUST001728,Savings,Dormant,27400.24,INR,2019-12-22,Chennai
ACC00001729,CUST001729,Salary,Active,15526.8,INR,2022-12-22,Delhi
ACC00001730,CUST001730,Current,Active,10184.16,INR,2025-06-11,Hyderabad
ACC00001731,CUST001731,Savings,Active,30851.14,INR,2019-06-04,Mumbai
ACC00001732,CUST001732,Savings,Active,53009.99,INR,2023-09-14,Mumbai
ACC00001733,CUST001733,Salary,Dormant,93228.64,INR,2025-09-11,Delhi
ACC00001734,CUST001734,Salary,Dormant,41549.6,INR,2022-07-17,Bengaluru
ACC00001735,CUST001735,Salary,Active,160007.49,INR,2023-02-23,Bengaluru
ACC00001736,CUST001736,Savings,Active,26935.01,INR,2019-08-05,Hyderabad
ACC00001737,CUST001737,Savings,Dormant,6112.53,INR,2024-08-17,Hyderabad
ACC00001738,CUST001738,Savings,Dormant,5942.15,INR,2021-08-17,Mumbai
ACC00001739,CUST001739,Savings,Dormant,55240.41,INR,2021-02-24,Delhi
ACC00001740,CUST001740,Savings,Dormant,19379.11,INR,2020-01-27,Hyderabad
ACC00001741,CUST001741,Current,Active,38218.39,INR,2020-02-08,Delhi
ACC00001742,CUST001742,Salary,Active,2212.86,INR,2024-10-01,Chennai
ACC00001743,CUST001743,Savings,Dormant,18567.52,INR,2023-03-03,Bengaluru
ACC00001744,CUST001744,Salary,Active,93906.92,INR,2019-12-03,Chennai
ACC00001745,CUST001745,Savings,Active,78770.76,INR,2019-05-15,Hyderabad
ACC00001746,CUST001746,Savings,Active,78813.89,INR,2022-07-01,Hyderabad
ACC00001747,CUST001747,Current,Dormant,261810.47,INR,2024-01-31,Bengaluru
ACC00001748,CUST001748,Current,Dormant,28362.42,INR,2024-07-26,Bengaluru
ACC00001749,CUST001749,Savings,Active,9641.96,INR,2022-10-31,Chennai
ACC00001750,CUST001750,Savings,Active,38064.84,INR,2025-12-17,Bengaluru
ACC00001751,CUST001751,Savings,Active,63641.97,INR,2020-07-07,Delhi
ACC00001752,CUST001752,Savings,Active,19321.97,INR,2019-07-02,Hyderabad
ACC00001753,CUST001753,Current,Active,5763.82,INR,2020-05-08,Hyderabad
ACC00001754,CUST001754,Current,Active,19009.85,INR,2022-06-22,Delhi
ACC00001755,CUST001755,Savings,Active,241921.41,INR,2025-06-29,Mumbai
ACC00001756,CUST001756,Current,Active,16277.2,INR,2025-05-17,Delhi
ACC00001757,CUST001757,Savings,Active,77914.6,INR,2019-04-05,Hyderabad
ACC00001758,CUST001758,Savings,Dormant,9832.8,INR,2021-01-02,Bengaluru
ACC00001759,CUST001759,Current,Dormant,62914.53,INR,2020-01-30,Bengaluru
ACC00001760,CUST001760,Savings,Dormant,82680.64,INR,2021-07-26,Chennai
ACC00001761,CUST001761,Savings,Dormant,44106.91,INR,2022-12-15,Chennai
ACC00001762,CUST001762,Savings,Dormant,6348.43,INR,2021-05-16,Mumbai
ACC00001763,CUST001763,Savings,Active,30223.2,INR,2021-12-13,Hyderabad
ACC00001764,CUST001764,Current,Active,29742.66,INR,2023-10-14,Chennai
ACC00001765,CUST001765,Savings,Dormant,27292.98,INR,2021-10-10,Chennai
ACC00001766,CUST001766,Savings,Dormant,13286.3,INR,2024-02-26,Chennai
ACC00001767,CUST001767,Salary,Active,33436.75,INR,2020-10-06,Hyderabad
ACC00001768,CUST001768,Savings,Dormant,17528.24,INR,2020-03-05,Chennai
ACC00001769,CUST001769,Current,Active,36627.46,INR,2022-08-24,Bengaluru
ACC00001770,CUST001770,Savings,Active,13526.13,INR,2023-09-22,Delhi
ACC00001771,CUST001771,Savings,Active,16409.35,INR,2023-10-27,Hyderabad
ACC00001772,CUST001772,Salary,Active,45747.52,INR,2024-11-28,Delhi
ACC00001773,CUST001773,Savings,Active,52389.67,INR,2020-01-25,Hyderabad
ACC00001774,CUST001774,Savings,Active,24474.08,INR,2025-08-20,Bengaluru
ACC00001775,CUST001775,Current,Active,10721.07,INR,2021-10-21,Chennai
ACC00001776,CUST001776,Savings,Active,8246.49,INR,2024-02-24,Chennai
ACC00001777,CUST001777,Savings,Active,190823.36,INR,2019-04-21,Mumbai
ACC00001778,CUST001778,Savings,Dormant,6218.69,INR,2022-03-20,Hyderabad
ACC00001779,CUST001779,Savings,Active,17188.6,INR,2024-03-03,Chennai
ACC00001780,CUST001780,Salary,Active,15659.12,INR,2020-04-15,Hyderabad
ACC00001781,CUST001781,Savings,Active,29908.39,INR,2024-12-30,Hyderabad
ACC00001782,CUST001782,Savings,Active,19144.63,INR,2020-09-06,Mumbai
ACC00001783,CUST001783,Salary,Active,34419.6,INR,2025-05-18,Delhi
ACC00001784,CUST001784,Salary,Active,19944.08,INR,2024-07-22,Bengaluru
ACC00001785,CUST001785,Savings,Active,50925.45,INR,2023-06-05,Bengaluru
ACC00001786,CUST001786,Savings,Active,30205.46,INR,2021-12-17,Chennai
ACC00001787,CUST001787,Savings,Active,11067.12,INR,2020-01-30,Bengaluru
ACC00001788,CUST001788,Current,Dormant,16581.62,INR,2020-11-30,Delhi
ACC00001789,CUST001789,Savings,Active,22258.76,INR,2024-09-12,Bengaluru
ACC00001790,CUST001790,Savings,Active,79996.71,INR,2023-10-27,Bengaluru
ACC00001791,CUST001791,Salary,Active,66760.76,INR,2020-08-23,Bengaluru
ACC00001792,CUST001792,Current,Active,107678.47,INR,2023-03-09,Delhi
ACC00001793,CUST001793,Salary,Active,62096.6,INR,2020-10-17,Bengaluru
ACC00001794,CUST001794,Salary,Active,16077.22,INR,2023-02-02,Bengaluru
ACC00001795,CUST001795,Savings,Active,66668.4,INR,2025-06-22,Mumbai
ACC00001796,CUST001796,Savings,Dormant,331640.79,INR,2019-04-21,Mumbai
ACC00001797,CUST001797,Salary,Active,38375.24,INR,2024-07-04,Mumbai
ACC00001798,CUST001798,Savings,Dormant,20114.73,INR,2020-05-04,Bengaluru
ACC00001799,CUST001799,Savings,Dormant,10622.37,INR,2025-03-31,Bengaluru
ACC00001800,CUST001800,Savings,Active,15557.08,INR,2021-08-19,Delhi
ACC00001801,CUST001801,Current,Active,6475.02,INR,2020-01-21,Bengaluru
ACC00001802,CUST001802,Savings,Dormant,14953.15,INR,2022-07-09,Bengaluru
ACC00001803,CUST001803,Savings,Active,21721.92,INR,2023-04-08,Delhi
ACC00001804,CUST001804,Savings,Active,128031.96,INR,2024-02-04,Bengaluru
ACC00001805,CUST001805,Current,Dormant,18908.0,INR,2020-06-09,Bengaluru
ACC00001806,CUST001806,Current,Dormant,14234.43,INR,2022-06-01,Hyderabad
ACC00001807,CUST001807,Savings,Active,27507.26,INR,2023-09-18,Bengaluru
ACC00001808,CUST001808,Savings,Active,10090.15,INR,2020-08-11,Mumbai
ACC00001809,CUST001809,Savings,Active,64611.7,INR,2025-01-10,Hyderabad
ACC00001810,CUST001810,Salary,Active,65582.81,INR,2020-11-21,Delhi
ACC00001811,CUST001811,Savings,Active,10592.13,INR,2024-06-09,Delhi
ACC00001812,CUST001812,Current,Dormant,28332.26,INR,2025-10-01,Hyderabad
ACC00001813,CUST001813,Salary,Dormant,25699.48,INR,2022-10-20,Chennai
ACC00001814,CUST001814,Savings,Active,80433.19,INR,2023-06-10,Bengaluru
ACC00001815,CUST001815,Savings,Active,65026.02,INR,2019-06-23,Mumbai
ACC00001816,CUST001816,Savings,Dormant,16950.04,INR,2025-11-25,Mumbai
ACC00001817,CUST001817,Current,Active,38550.9,INR,2020-10-30,Delhi
ACC00001818,CUST001818,Current,Active,31947.81,INR,2021-09-07,Bengaluru
ACC00001819,CUST001819,Savings,Active,22652.26,INR,2022-01-09,Mumbai
ACC00001820,CUST001820,Current,Dormant,32677.51,INR,2023-03-12,Delhi
ACC00001821,CUST001821,Savings,Active,14004.57,INR,2021-10-27,Delhi
ACC00001822,CUST001822,Savings,Dormant,36638.47,INR,2023-06-28,Mumbai
ACC00001823,CUST001823,Savings,Active,11230.39,INR,2024-10-06,Delhi
ACC00001824,CUST001824,Savings,Active,10756.75,INR,2020-07-04,Delhi
ACC00001825,CUST001825,Current,Active,25474.23,INR,2020-02-18,Hyderabad
ACC00001826,CUST001826,Current,Active,174616.51,INR,2020-05-03,Delhi
ACC00001827,CUST001827,Savings,Active,21694.91,INR,2020-08-15,Hyderabad
ACC00001828,CUST001828,Savings,Active,82458.49,INR,2024-10-19,Hyderabad
ACC00001829,CUST001829,Savings,Dormant,40953.44,INR,2019-10-11,Mumbai
ACC00001830,CUST001830,Savings,Active,27058.35,INR,2022-04-30,Mumbai
ACC00001831,CUST001831,Savings,Dormant,61567.77,INR,2024-10-15,Chennai
ACC00001832,CUST001832,Savings,Active,30027.0,INR,2025-08-16,Chennai
ACC00001833,CUST001833,Savings,Active,54952.39,INR,2019-07-06,Bengaluru
ACC00001834,CUST001834,Salary,Active,26555.01,INR,2025-12-31,Hyderabad
ACC00001835,CUST001835,Savings,Active,77506.7,INR,2025-10-23,Hyderabad
ACC00001836,CUST001836,Current,Active,40359.62,INR,2019-05-27,Delhi
ACC00001837,CUST001837,Savings,Dormant,13555.87,INR,2023-04-21,Mumbai
ACC00001838,CUST001838,Savings,Active,55980.22,INR,2025-11-06,Mumbai
ACC00001839,CUST001839,Savings,Dormant,45649.87,INR,2023-05-29,Bengaluru
ACC00001840,CUST001840,Savings,Active,10408.11,INR,2022-01-29,Bengaluru
ACC00001841,CUST001841,Salary,Active,80808.24,INR,2019-07-12,Bengaluru
ACC00001842,CUST001842,Savings,Dormant,45207.72,INR,2021-04-23,Delhi
ACC00001843,CUST001843,Savings,Active,32350.63,INR,2025-10-07,Chennai
ACC00001844,CUST001844,Current,Active,41374.43,INR,2020-04-15,Hyderabad
ACC00001845,CUST001845,Savings,Dormant,27364.7,INR,2021-06-15,Delhi
ACC00001846,CUST001846,Savings,Active,54930.58,INR,2023-05-03,Mumbai
ACC00001847,CUST001847,Savings,Dormant,37709.43,INR,2025-04-15,Hyderabad
ACC00001848,CUST001848,Salary,Active,27905.69,INR,2021-04-21,Chennai
ACC00001849,CUST001849,Savings,Active,16830.38,INR,2021-11-16,Mumbai
ACC00001850,CUST001850,Current,Active,8502.89,INR,2021-10-12,Hyderabad
ACC00001851,CUST001851,Savings,Dormant,1933.33,INR,2020-01-22,Hyderabad
ACC00001852,CUST001852,Salary,Dormant,87874.16,INR,2019-07-03,Delhi
ACC00001853,CUST001853,Salary,Active,22817.83,INR,2024-08-17,Chennai
ACC00001854,CUST001854,Savings,Active,13217.78,INR,2020-05-18,Bengaluru
ACC00001855,CUST001855,Salary,Active,22643.59,INR,2020-05-05,Hyderabad
ACC00001856,CUST001856,Savings,Active,34768.43,INR,2024-05-07,Bengaluru
ACC00001857,CUST001857,Savings,Active,11085.0,INR,2021-07-29,Delhi
ACC00001858,CUST001858,Savings,Dormant,49257.61,INR,2022-07-06,Chennai
ACC00001859,CUST001859,Savings,Active,332079.35,INR,2024-12-09,Mumbai
ACC00001860,CUST001860,Savings,Dormant,67486.75,INR,2024-04-19,Hyderabad
ACC00001861,CUST001861,Savings,Dormant,11439.87,INR,2023-01-26,Chennai
ACC00001862,CUST001862,Savings,Active,92294.63,INR,2022-12-08,Hyderabad
ACC00001863,CUST001863,Savings,Active,24973.41,INR,2024-02-11,Hyderabad
ACC00001864,CUST001864,Savings,Active,26883.92,INR,2022-01-02,Bengaluru
ACC00001865,CUST001865,Salary,Active,8825.47,INR,2024-06-13,Mumbai
ACC00001866,CUST001866,Current,Active,18560.68,INR,2021-11-28,Mumbai
ACC00001867,CUST001867,Savings,Active,82863.64,INR,2023-08-24,Chennai
ACC00001868,CUST001868,Savings,Active,107075.33,INR,2025-10-11,Bengaluru
ACC00001869,CUST001869,Savings,Dormant,26303.01,INR,2023-03-03,Bengaluru
ACC00001870,CUST001870,Savings,Active,15291.21,INR,2020-01-24,Delhi
ACC00001871,CUST001871,Savings,Active,16704.64,INR,2023-11-04,Delhi
ACC00001872,CUST001872,Savings,Active,13358.49,INR,2019-09-27,Mumbai
ACC00001873,CUST001873,Salary,Active,15658.3,INR,2020-03-24,Hyderabad
ACC00001874,CUST001874,Current,Dormant,10552.12,INR,2022-08-04,Delhi
ACC00001875,CUST001875,Savings,Active,4272.72,INR,2019-07-23,Delhi
ACC00001876,CUST001876,Savings,Active,164310.29,INR,2021-03-11,Chennai
ACC00001877,CUST001877,Savings,Active,168241.93,INR,2020-04-30,Delhi
ACC00001878,CUST001878,Savings,Active,3427.08,INR,2021-09-08,Bengaluru
ACC00001879,CUST001879,Savings,Active,39219.69,INR,2024-11-19,Bengaluru
ACC00001880,CUST001880,Savings,Active,20045.19,INR,2022-12-20,Bengaluru
ACC00001881,CUST001881,Savings,Dormant,6412.73,INR,2024-03-23,Chennai
ACC00001882,CUST001882,Salary,Active,107134.14,INR,2024-09-19,Chennai
ACC00001883,CUST001883,Savings,Active,122126.68,INR,2022-05-22,Hyderabad
ACC00001884,CUST001884,Savings,Active,9696.1,INR,2023-10-02,Mumbai
ACC00001885,CUST001885,Current,Active,8135.21,INR,2025-11-26,Delhi
ACC00001886,CUST001886,Savings,Active,77933.82,INR,2022-07-05,Hyderabad
ACC00001887,CUST001887,Savings,Active,66720.54,INR,2025-07-03,Hyderabad
ACC00001888,CUST001888,Savings,Active,21849.08,INR,2022-10-17,Mumbai
ACC00001889,CUST001889,Savings,Active,22639.85,INR,2023-04-26,Chennai
ACC00001890,CUST001890,Savings,Dormant,15954.16,INR,2024-10-08,Bengaluru
ACC00001891,CUST001891,Savings,Active,7165.4,INR,2022-10-06,Mumbai
ACC00001892,CUST001892,Savings,Active,23792.67,INR,2022-02-16,Mumbai
ACC00001893,CUST001893,Savings,Active,59377.47,INR,2020-06-25,Delhi
ACC00001894,CUST001894,Current,Active,49821.91,INR,2023-01-27,Delhi
ACC00001895,CUST001895,Savings,Active,4768.75,INR,2023-03-31,Delhi
ACC00001896,CUST001896,Salary,Active,32453.25,INR,2019-11-17,Mumbai
ACC00001897,CUST001897,Savings,Active,32116.63,INR,2023-12-09,Mumbai
ACC00001898,CUST001898,Current,Active,13500.3,INR,2019-08-29,Chennai
ACC00001899,CUST001899,Savings,Active,81610.65,INR,2026-01-01,Hyderabad
ACC00001900,CUST001900,Salary,Active,18616.15,INR,2023-08-22,Mumbai
ACC00001901,CUST001901,Salary,Active,59848.22,INR,2023-06-21,Mumbai
ACC00001902,CUST001902,Savings,Active,26232.87,INR,2022-05-21,Chennai
ACC00001903,CUST001903,Savings,Active,24449.92,INR,2019-05-25,Hyderabad
ACC00001904,CUST001904,Savings,Active,23575.18,INR,2025-01-28,Hyderabad
ACC00001905,CUST001905,Savings,Active,92151.38,INR,2021-04-16,Hyderabad
ACC00001906,CUST001906,Current,Dormant,13271.79,INR,2021-03-21,Delhi
ACC00001907,CUST001907,Savings,Active,27479.01,INR,2021-08-02,Mumbai
ACC00001908,CUST001908,Savings,Active,10850.77,INR,2024-07-03,Bengaluru
ACC00001909,CUST001909,Savings,Active,36164.83,INR,2022-11-05,Chennai
ACC00001910,CUST001910,Savings,Active,235332.08,INR,2019-06-01,Chennai
ACC00001911,CUST001911,Savings,Active,11634.37,INR,2024-04-27,Bengaluru
ACC00001912,CUST001912,Savings,Active,50426.47,INR,2023-06-27,Chennai
ACC00001913,CUST001913,Savings,Dormant,39252.39,INR,2024-06-18,Delhi
ACC00001914,CUST001914,Savings,Active,59873.35,INR,2025-10-11,Mumbai
ACC00001915,CUST001915,Savings,Dormant,183379.53,INR,2021-01-05,Mumbai
ACC00001916,CUST001916,Salary,Dormant,70978.02,INR,2021-04-04,Bengaluru
ACC00001917,CUST001917,Savings,Dormant,22157.88,INR,2021-01-09,Hyderabad
ACC00001918,CUST001918,Salary,Active,166441.93,INR,2021-05-17,Mumbai
ACC00001919,CUST001919,Savings,Active,18181.45,INR,2025-06-10,Hyderabad
ACC00001920,CUST001920,Savings,Active,26207.65,INR,2025-05-21,Delhi
ACC00001921,CUST001921,Savings,Active,37737.08,INR,2021-06-19,Hyderabad
ACC00001922,CUST001922,Savings,Dormant,4040.26,INR,2023-07-26,Mumbai
ACC00001923,CUST001923,Salary,Active,20961.78,INR,2022-08-21,Chennai
ACC00001924,CUST001924,Savings,Active,35663.06,INR,2019-04-30,Bengaluru
ACC00001925,CUST001925,Savings,Dormant,9800.98,INR,2025-11-25,Mumbai
ACC00001926,CUST001926,Savings,Active,21020.4,INR,2021-12-21,Delhi
ACC00001927,CUST001927,Savings,Active,61273.14,INR,2022-03-28,Chennai
ACC00001928,CUST001928,Savings,Active,142361.37,INR,2023-05-14,Bengaluru
ACC00001929,CUST001929,Savings,Active,19937.08,INR,2020-05-30,Bengaluru
ACC00001930,CUST001930,Salary,Dormant,4893.31,INR,2022-06-18,Delhi
ACC00001931,CUST001931,Savings,Active,79331.45,INR,2023-03-01,Delhi
ACC00001932,CUST001932,Savings,Dormant,14526.68,INR,2023-06-10,Hyderabad
ACC00001933,CUST001933,Savings,Active,100839.32,INR,2025-06-11,Bengaluru
ACC00001934,CUST001934,Savings,Active,153850.72,INR,2022-12-25,Bengaluru
ACC00001935,CUST001935,Savings,Active,29021.94,INR,2020-05-01,Chennai
ACC00001936,CUST001936,Savings,Dormant,16868.76,INR,2020-08-02,Bengaluru
ACC00001937,CUST001937,Savings,Dormant,5487.21,INR,2022-04-13,Bengaluru
ACC00001938,CUST001938,Savings,Active,13589.2,INR,2022-05-22,Chennai
ACC00001939,CUST001939,Salary,Active,13386.13,INR,2021-06-13,Bengaluru
ACC00001940,CUST001940,Current,Dormant,13042.95,INR,2026-01-02,Chennai
ACC00001941,CUST001941,Current,Active,22436.03,INR,2021-02-06,Delhi
ACC00001942,CUST001942,Savings,Active,24043.23,INR,2025-02-02,Mumbai
ACC00001943,CUST001943,Savings,Active,8823.73,INR,2020-11-10,Delhi
ACC00001944,CUST001944,Savings,Active,41036.42,INR,2023-10-04,Chennai
ACC00001945,CUST001945,Salary,Active,159998.04,INR,2025-01-31,Hyderabad
ACC00001946,CUST001946,Savings,Active,28375.22,INR,2024-10-02,Bengaluru
ACC00001947,CUST001947,Salary,Active,66719.73,INR,2021-04-04,Delhi
ACC00001948,CUST001948,Savings,Active,32846.71,INR,2022-09-30,Mumbai
ACC00001949,CUST001949,Savings,Active,72137.46,INR,2019-12-11,Bengaluru
ACC00001950,CUST001950,Current,Active,9327.82,INR,2019-07-03,Hyderabad
ACC00001951,CUST001951,Savings,Active,34822.82,INR,2025-07-02,Mumbai
ACC00001952,CUST001952,Savings,Active,16244.71,INR,2022-04-13,Delhi
ACC00001953,CUST001953,Current,Active,16568.93,INR,2023-12-11,Bengaluru
ACC00001954,CUST001954,Current,Dormant,124712.08,INR,2020-06-12,Hyderabad
ACC00001955,CUST001955,Savings,Dormant,127467.18,INR,2021-06-13,Chennai
ACC00001956,CUST001956,Savings,Active,20111.82,INR,2023-07-20,Delhi
ACC00001957,CUST001957,Current,Active,16368.78,INR,2020-07-12,Bengaluru
ACC00001958,CUST001958,Savings,Active,8953.89,INR,2023-01-13,Bengaluru
ACC00001959,CUST001959,Current,Active,18678.38,INR,2023-02-15,Mumbai
ACC00001960,CUST001960,Savings,Dormant,18227.24,INR,2025-12-24,Delhi
ACC00001961,CUST001961,Savings,Active,23360.59,INR,2024-08-17,Bengaluru
ACC00001962,CUST001962,Savings,Active,45816.88,INR,2021-02-01,Hyderabad
ACC00001963,CUST001963,Savings,Active,22244.4,INR,2021-05-31,Hyderabad
ACC00001964,CUST001964,Savings,Active,41918.74,INR,2019-07-23,Bengaluru
ACC00001965,CUST001965,Savings,Dormant,40782.61,INR,2020-05-20,Hyderabad
ACC00001966,CUST001966,Salary,Active,18220.85,INR,2023-11-19,Hyderabad
ACC00001967,CUST001967,Salary,Active,44056.56,INR,2020-05-22,Chennai
ACC00001968,CUST001968,Savings,Dormant,7194.82,INR,2023-12-13,Hyderabad
ACC00001969,CUST001969,Savings,Active,105907.25,INR,2022-03-23,Mumbai
ACC00001970,CUST001970,Savings,Active,35749.15,INR,2021-04-07,Chennai
ACC00001971,CUST001971,Salary,Active,23685.15,INR,2020-02-11,Delhi
ACC00001972,CUST001972,Savings,Dormant,260528.47,INR,2025-07-24,Delhi
ACC00001973,CUST001973,Savings,Active,33272.56,INR,2020-01-12,Mumbai
ACC00001974,CUST001974,Salary,Active,6881.97,INR,2020-07-08,Bengaluru
ACC00001975,CUST001975,Savings,Active,46874.7,INR,2020-08-23,Bengaluru
ACC00001976,CUST001976,Savings,Active,45178.35,INR,2024-12-09,Mumbai
ACC00001977,CUST001977,Salary,Active,19299.64,INR,2023-08-31,Bengaluru
ACC00001978,CUST001978,Salary,Active,9575.13,INR,2023-06-01,Mumbai
ACC00001979,CUST001979,Savings,Active,70516.06,INR,2019-08-02,Bengaluru
ACC00001980,CUST001980,Savings,Dormant,103186.79,INR,2021-02-27,Hyderabad
ACC00001981,CUST001981,Savings,Dormant,17627.2,INR,2021-01-25,Delhi
ACC00001982,CUST001982,Current,Active,87093.77,INR,2024-03-05,Delhi
ACC00001983,CUST001983,Salary,Active,87813.92,INR,2025-04-04,Bengaluru
ACC00001984,CUST001984,Salary,Dormant,102960.88,INR,2023-01-18,Mumbai
ACC00001985,CUST001985,Savings,Dormant,4576.96,INR,2024-11-01,Hyderabad
ACC00001986,CUST001986,Savings,Dormant,121161.82,INR,2023-02-04,Mumbai
ACC00001987,CUST001987,Salary,Active,250273.43,INR,2024-08-17,Delhi
ACC00001988,CUST001988,Salary,Dormant,12236.56,INR,2022-09-17,Hyderabad
ACC00001989,CUST001989,Savings,Dormant,22138.12,INR,2022-10-16,Delhi
ACC00001990,CUST001990,Salary,Active,93809.94,INR,2023-07-01,Bengaluru
ACC00001991,CUST001991,Savings,Active,23634.9,INR,2025-11-07,Bengaluru
ACC00001992,CUST001992,Savings,Active,24483.54,INR,2024-12-14,Delhi
ACC00001993,CUST001993,Savings,Active,33676.81,INR,2024-02-10,Chennai
ACC00001994,CUST001994,Savings,Active,18407.27,INR,2024-01-29,Bengaluru
ACC00001995,CUST001995,Savings,Active,9131.57,INR,2020-04-12,Chennai
ACC00001996,CUST001996,Current,Active,57640.24,INR,2023-08-28,Hyderabad
ACC00001997,CUST001997,Savings,Active,12292.95,INR,2023-01-29,Mumbai
ACC00001998,CUST001998,Savings,Active,41683.49,INR,2023-12-06,Mumbai
ACC00001999,CUST001999,Salary,Active,51581.11,INR,2019-07-25,Bengaluru
ACC00002000,CUST002000,Savings,Active,45538.47,INR,2023-04-28,Bengaluru
