alert_id,transaction_id,customer_id,alert_ts,fraud_risk_score,priority,fraud_type,decision,alert_status,queue,age_minutes
ALT00000001,TXN000023030,CUST001727,2026-02-01 00:01:25,67.4,Medium,NONE,CHALLENGE,Investigating,Fraud Ops - C,29
ALT00000002,TXN000036649,CUST000109,2026-02-01 00:19:01,67.6,Medium,NONE,CHALLENGE,Open,Fraud Ops - B,175
ALT00000003,TXN000043163,CUST001727,2026-02-01 00:25:36,68.9,Medium,NONE,CHALLENGE,Investigating,Fraud Ops - B,55
ALT00000004,TXN000030629,CUST001466,2026-02-01 00:32:28,90.0,Critical,MULE_TRANSFER,DECLINE,Open,Fraud Ops - A,165
ALT00000005,TXN000024386,CUST000473,2026-02-01 01:33:49,79.9,Medium,IMPOSSIBLE_TRAVEL,CHALLENGE,Investigating,Fraud Ops - C,70
ALT00000006,TXN000049020,CUST000450,2026-02-01 01:38:36,66.0,Medium,NONE,CHALLENGE,Closed,Fraud Ops - B,237
ALT00000007,TXN000002836,CUST001900,2026-02-01 03:46:28,70.7,Medium,NONE,CHALLENGE,Open,Fraud Ops - B,165
ALT00000008,TXN000013576,CUST001742,2026-02-01 04:15:21,74.0,Medium,MULE_TRANSFER,CHALLENGE,Open,Fraud Ops - B,85
ALT00000009,TXN000020617,CUST000518,2026-02-01 04:38:11,58.8,Medium,VELOCITY_ABUSE,APPROVE,Open,Fraud Ops - A,73
ALT00000010,TXN000009197,CUST000166,2026-02-01 09:49:39,62.8,Medium,VELOCITY_ABUSE,APPROVE,Open,Fraud Ops - C,97
ALT00000011,TXN000049129,CUST001530,2026-02-01 11:33:35,50.0,Medium,ATM_CASHOUT,APPROVE,Investigating,Fraud Ops - B,213
ALT00000012,TXN000047340,CUST001726,2026-02-01 18:51:24,68.0,Medium,ATM_CASHOUT,CHALLENGE,Closed,Fraud Ops - A,146
ALT00000013,TXN000005394,CUST000885,2026-02-01 22:57:43,91.0,Critical,CARD_NOT_PRESENT,DECLINE,Open,Fraud Ops - C,210
ALT00000014,TXN000007280,CUST000796,2026-02-02 00:09:32,69.0,Medium,NONE,CHALLENGE,Investigating,Fraud Ops - B,30
ALT00000015,TXN000039879,CUST001765,2026-02-02 00:43:32,69.7,Medium,NONE,CHALLENGE,Open,Fraud Ops - B,76
ALT00000016,TXN000024841,CUST000677,2026-02-02 02:19:13,72.9,Medium,NONE,CHALLENGE,Open,Fraud Ops - B,159
ALT00000017,TXN000014341,CUST001018,2026-02-02 02:43:53,82.7,High,IMPOSSIBLE_TRAVEL,CHALLENGE,Closed,Fraud Ops - C,199
ALT00000018,TXN000025386,CUST000121,2026-02-02 08:32:58,56.0,Medium,ATM_CASHOUT,APPROVE,Open,Fraud Ops - C,212
ALT00000019,TXN000047043,CUST000578,2026-02-02 10:52:31,48.3,Medium,CARD_TESTING,APPROVE,Investigating,Fraud Ops - A,211
ALT00000020,TXN000037327,CUST000442,2026-02-02 12:09:37,83.6,High,ACCOUNT_TAKEOVER,CHALLENGE,Investigating,Fraud Ops - B,173
ALT00000021,TXN000022003,CUST001214,2026-02-02 12:31:12,76.5,Medium,CARD_NOT_PRESENT,CHALLENGE,Open,Fraud Ops - A,101
ALT00000022,TXN000010561,CUST001289,2026-02-02 22:49:41,42.4,Medium,CARD_TESTING,APPROVE,Open,Fraud Ops - C,180
ALT00000023,TXN000012984,CUST001077,2026-02-03 00:07:25,66.4,Medium,NONE,CHALLENGE,Open,Fraud Ops - C,60
ALT00000024,TXN000027626,CUST001627,2026-02-03 03:57:25,60.1,Medium,IMPOSSIBLE_TRAVEL,APPROVE,Investigating,Fraud Ops - B,198
ALT00000025,TXN000025765,CUST001638,2026-02-03 04:43:06,69.3,Medium,NONE,CHALLENGE,Open,Fraud Ops - C,144
ALT00000026,TXN000012533,CUST001548,2026-02-03 09:33:27,52.0,Medium,MERCHANT_COLLUSION,APPROVE,Closed,Fraud Ops - A,224
ALT00000027,TXN000005161,CUST000823,2026-02-03 09:39:59,50.5,Medium,VELOCITY_ABUSE,APPROVE,Investigating,Fraud Ops - A,224
ALT00000028,TXN000020967,CUST001783,2026-02-03 18:47:54,54.0,Medium,MERCHANT_COLLUSION,APPROVE,Investigating,Fraud Ops - A,149
ALT00000029,TXN000040439,CUST000726,2026-02-03 19:00:09,83.2,High,ACCOUNT_TAKEOVER,CHALLENGE,Open,Fraud Ops - A,205
ALT00000030,TXN000041257,CUST000196,2026-02-03 20:20:18,65.6,Medium,IMPOSSIBLE_TRAVEL,CHALLENGE,Investigating,Fraud Ops - C,215
ALT00000031,TXN000035175,CUST001878,2026-02-03 20:23:46,95,Critical,CARD_NOT_PRESENT,DECLINE,Closed,Fraud Ops - B,113
ALT00000032,TXN000001935,CUST001168,2026-02-03 23:57:00,96.0,Critical,CARD_NOT_PRESENT,DECLINE,Closed,Fraud Ops - B,185
ALT00000033,TXN000028790,CUST001193,2026-02-04 00:11:24,73.3,Medium,VELOCITY_ABUSE,CHALLENGE,Open,Fraud Ops - C,168
ALT00000034,TXN000002815,CUST000328,2026-02-04 04:18:10,70.1,Medium,NONE,CHALLENGE,Investigating,Fraud Ops - C,205
ALT00000035,TXN000042695,CUST000830,2026-02-04 04:34:51,73.0,Medium,NONE,CHALLENGE,Investigating,Fraud Ops - B,132
ALT00000036,TXN000004588,CUST001388,2026-02-04 15:10:58,48.0,Medium,MERCHANT_COLLUSION,APPROVE,Closed,Fraud Ops - C,175
ALT00000037,TXN000018872,CUST000403,2026-02-04 15:30:24,60.0,Medium,CARD_NOT_PRESENT,APPROVE,Closed,Fraud Ops - A,208
ALT00000038,TXN000039860,CUST000390,2026-02-04 17:43:04,62.7,Medium,CARD_NOT_PRESENT,APPROVE,Open,Fraud Ops - B,199
ALT00000039,TXN000049856,CUST000024,2026-02-05 00:02:48,69.7,Medium,NONE,CHALLENGE,Closed,Fraud Ops - B,26
ALT00000040,TXN000042665,CUST000294,2026-02-05 00:26:57,71.3,Medium,VELOCITY_ABUSE,CHALLENGE,Open,Fraud Ops - C,229
ALT00000041,TXN000013599,CUST000774,2026-02-05 01:11:02,74.9,Medium,NONE,CHALLENGE,Open,Fraud Ops - C,123
ALT00000042,TXN000049962,CUST001111,2026-02-05 01:32:18,77.6,Medium,NONE,CHALLENGE,Closed,Fraud Ops - B,131
ALT00000043,TXN000019299,CUST001191,2026-02-05 01:52:17,67.9,Medium,NONE,CHALLENGE,Investigating,Fraud Ops - A,41
ALT00000044,TXN000039295,CUST001580,2026-02-05 02:00:56,66.9,Medium,NONE,CHALLENGE,Open,Fraud Ops - B,174
ALT00000045,TXN000012510,CUST001434,2026-02-05 02:29:59,66.4,Medium,CARD_TESTING,CHALLENGE,Open,Fraud Ops - A,110
ALT00000046,TXN000036706,CUST000255,2026-02-05 03:23:08,66.8,Medium,NONE,CHALLENGE,Open,Fraud Ops - A,79
ALT00000047,TXN000001402,CUST001693,2026-02-05 03:59:10,66.6,Medium,NONE,CHALLENGE,Investigating,Fraud Ops - B,21
ALT00000048,TXN000029277,CUST000072,2026-02-05 10:57:29,68.0,Medium,MULE_TRANSFER,CHALLENGE,Closed,Fraud Ops - B,42
ALT00000049,TXN000021911,CUST000752,2026-02-05 13:38:19,48.0,Medium,ATM_CASHOUT,APPROVE,Closed,Fraud Ops - C,119
ALT00000050,TXN000032848,CUST001972,2026-02-06 01:44:35,73.1,Medium,IMPOSSIBLE_TRAVEL,CHALLENGE,Open,Fraud Ops - B,40
ALT00000051,TXN000004571,CUST000277,2026-02-06 02:33:21,72.4,Medium,NONE,CHALLENGE,Open,Fraud Ops - A,161
ALT00000052,TXN000008054,CUST000298,2026-02-06 02:45:03,69.5,Medium,NONE,CHALLENGE,Closed,Fraud Ops - B,167
ALT00000053,TXN000039509,CUST000432,2026-02-06 04:07:11,76.5,Medium,NONE,CHALLENGE,Open,Fraud Ops - C,194
ALT00000054,TXN000017293,CUST000204,2026-02-06 04:22:26,69.5,Medium,NONE,CHALLENGE,Open,Fraud Ops - A,191
ALT00000055,TXN000045985,CUST000377,2026-02-06 04:57:51,71.4,Medium,NONE,CHALLENGE,Closed,Fraud Ops - B,19
ALT00000056,TXN000006019,CUST000077,2026-02-06 05:09:14,74.0,Medium,ATM_CASHOUT,CHALLENGE,Open,Fraud Ops - A,234
ALT00000057,TXN000024658,CUST000511,2026-02-06 05:20:30,48.0,Medium,CARD_TESTING,APPROVE,Investigating,Fraud Ops - A,240
ALT00000058,TXN000020643,CUST001203,2026-02-06 05:44:07,85.8,High,ACCOUNT_TAKEOVER,DECLINE,Open,Fraud Ops - C,222
ALT00000059,TXN000046477,CUST000859,2026-02-06 06:09:24,42.0,Medium,CARD_TESTING,APPROVE,Closed,Fraud Ops - A,195
ALT00000060,TXN000005230,CUST000258,2026-02-06 08:22:52,63.6,Medium,IMPOSSIBLE_TRAVEL,APPROVE,Closed,Fraud Ops - C,237
ALT00000061,TXN000020087,CUST000263,2026-02-06 16:45:30,86.1,High,CARD_NOT_PRESENT,DECLINE,Open,Fraud Ops - C,5
ALT00000062,TXN000047562,CUST000361,2026-02-07 01:20:51,67.8,Medium,VELOCITY_ABUSE,CHALLENGE,Open,Fraud Ops - A,232
ALT00000063,TXN000003961,CUST001392,2026-02-07 04:29:05,73.3,Medium,NONE,CHALLENGE,Investigating,Fraud Ops - C,123
ALT00000064,TXN000030075,CUST000117,2026-02-07 05:44:30,68.3,Medium,CARD_TESTING,CHALLENGE,Open,Fraud Ops - B,227
ALT00000065,TXN000043317,CUST000292,2026-02-07 08:43:22,56.0,Medium,ATM_CASHOUT,APPROVE,Investigating,Fraud Ops - B,25
ALT00000066,TXN000049771,CUST001286,2026-02-07 14:01:49,85.0,High,ACCOUNT_TAKEOVER,DECLINE,Open,Fraud Ops - C,85
ALT00000067,TXN000037145,CUST000587,2026-02-07 15:53:15,48.0,Medium,ATM_CASHOUT,APPROVE,Open,Fraud Ops - A,219
ALT00000068,TXN000020579,CUST001396,2026-02-07 22:27:06,52.1,Medium,VELOCITY_ABUSE,APPROVE,Closed,Fraud Ops - B,25
ALT00000069,TXN000013575,CUST001581,2026-02-08 00:36:11,66.1,Medium,NONE,CHALLENGE,Investigating,Fraud Ops - C,42
ALT00000070,TXN000034442,CUST000409,2026-02-08 01:26:19,74.5,Medium,NONE,CHALLENGE,Investigating,Fraud Ops - C,185
ALT00000071,TXN000004662,CUST001231,2026-02-08 01:47:56,82.1,High,VELOCITY_ABUSE,CHALLENGE,Investigating,Fraud Ops - C,223
ALT00000072,TXN000034037,CUST000891,2026-02-08 02:33:42,75.0,Medium,NONE,CHALLENGE,Open,Fraud Ops - C,217
ALT00000073,TXN000027173,CUST000606,2026-02-08 03:06:34,65.5,Medium,NONE,CHALLENGE,Closed,Fraud Ops - B,7
ALT00000074,TXN000043596,CUST000544,2026-02-08 03:08:36,66.8,Medium,NONE,CHALLENGE,Closed,Fraud Ops - C,167
ALT00000075,TXN000017833,CUST001376,2026-02-08 03:23:20,69.0,Medium,NONE,CHALLENGE,Open,Fraud Ops - C,223
ALT00000076,TXN000046761,CUST001413,2026-02-08 04:27:42,66.2,Medium,NONE,CHALLENGE,Open,Fraud Ops - A,212
ALT00000077,TXN000014128,CUST001141,2026-02-08 04:35:34,69.2,Medium,NONE,CHALLENGE,Closed,Fraud Ops - C,31
ALT00000078,TXN000021607,CUST001574,2026-02-08 05:47:24,50.0,Medium,MERCHANT_COLLUSION,APPROVE,Closed,Fraud Ops - A,145
ALT00000079,TXN000040238,CUST001304,2026-02-08 06:28:37,54.0,Medium,ATM_CASHOUT,APPROVE,Investigating,Fraud Ops - A,201
ALT00000080,TXN000022278,CUST001971,2026-02-08 17:20:24,88.5,High,CARD_NOT_PRESENT,DECLINE,Investigating,Fraud Ops - C,224
ALT00000081,TXN000022947,CUST001830,2026-02-08 19:29:34,74.0,Medium,MULE_TRANSFER,CHALLENGE,Closed,Fraud Ops - C,125
ALT00000082,TXN000028670,CUST001722,2026-02-08 21:37:38,72.0,Medium,MERCHANT_COLLUSION,CHALLENGE,Closed,Fraud Ops - A,217
ALT00000083,TXN000038650,CUST000588,2026-02-08 23:34:55,50.0,Medium,MERCHANT_COLLUSION,APPROVE,Open,Fraud Ops - A,215
ALT00000084,TXN000043804,CUST001290,2026-02-09 00:52:18,72.9,Medium,NONE,CHALLENGE,Open,Fraud Ops - A,103
ALT00000085,TXN000034068,CUST000725,2026-02-09 01:40:05,69.8,Medium,NONE,CHALLENGE,Closed,Fraud Ops - A,239
ALT00000086,TXN000006573,CUST000367,2026-02-09 03:52:57,76.3,Medium,NONE,CHALLENGE,Closed,Fraud Ops - C,131
ALT00000087,TXN000047976,CUST000010,2026-02-09 03:54:50,81.2,High,IMPOSSIBLE_TRAVEL,CHALLENGE,Open,Fraud Ops - C,131
ALT00000088,TXN000018936,CUST000046,2026-02-09 06:00:19,83.8,High,ACCOUNT_TAKEOVER,CHALLENGE,Investigating,Fraud Ops - B,219
ALT00000089,TXN000045183,CUST000274,2026-02-09 13:01:53,48.0,Medium,ATM_CASHOUT,APPROVE,Investigating,Fraud Ops - A,129
ALT00000090,TXN000018276,CUST001470,2026-02-10 00:11:31,68.6,Medium,NONE,CHALLENGE,Open,Fraud Ops - C,148
ALT00000091,TXN000044746,CUST001160,2026-02-10 00:33:59,73.1,Medium,NONE,CHALLENGE,Investigating,Fraud Ops - B,99
ALT00000092,TXN000014896,CUST001141,2026-02-10 02:12:25,75.8,Medium,NONE,CHALLENGE,Closed,Fraud Ops - A,193
ALT00000093,TXN000018842,CUST000617,2026-02-10 03:22:14,72.5,Medium,NONE,CHALLENGE,Open,Fraud Ops - A,198
ALT00000094,TXN000033747,CUST000628,2026-02-10 04:02:55,67.1,Medium,NONE,CHALLENGE,Open,Fraud Ops - A,23
ALT00000095,TXN000020134,CUST000676,2026-02-10 04:03:38,78.3,Medium,NONE,CHALLENGE,Open,Fraud Ops - A,17
ALT00000096,TXN000018023,CUST001776,2026-02-10 04:08:15,73.7,Medium,NONE,CHALLENGE,Open,Fraud Ops - C,184
ALT00000097,TXN000000904,CUST000434,2026-02-10 04:35:46,66.1,Medium,NONE,CHALLENGE,Open,Fraud Ops - B,140
ALT00000098,TXN000016004,CUST001503,2026-02-10 07:15:48,70.0,Medium,MERCHANT_COLLUSION,CHALLENGE,Open,Fraud Ops - A,47
ALT00000099,TXN000012967,CUST000014,2026-02-10 07:57:24,47.8,Medium,VELOCITY_ABUSE,APPROVE,Open,Fraud Ops - C,43
ALT00000100,TXN000008101,CUST001046,2026-02-10 08:30:14,48.1,Medium,CARD_TESTING,APPROVE,Investigating,Fraud Ops - A,11
ALT00000101,TXN000046075,CUST000263,2026-02-10 09:20:40,80.4,High,IMPOSSIBLE_TRAVEL,CHALLENGE,Investigating,Fraud Ops - B,208
ALT00000102,TXN000024268,CUST001102,2026-02-10 11:56:10,85.3,High,IMPOSSIBLE_TRAVEL,DECLINE,Investigating,Fraud Ops - B,226
ALT00000103,TXN000005369,CUST001601,2026-02-11 00:09:46,65.7,Medium,NONE,CHALLENGE,Closed,Fraud Ops - C,22
ALT00000104,TXN000025651,CUST001612,2026-02-11 02:55:32,84.1,High,IMPOSSIBLE_TRAVEL,CHALLENGE,Open,Fraud Ops - C,119
ALT00000105,TXN000035216,CUST001883,2026-02-11 03:48:47,65.0,Medium,NONE,CHALLENGE,Open,Fraud Ops - A,216
ALT00000106,TXN000013509,CUST001807,2026-02-11 04:39:04,75.2,Medium,NONE,CHALLENGE,Investigating,Fraud Ops - C,92
ALT00000107,TXN000005168,CUST000432,2026-02-11 05:17:35,48.0,Medium,MULE_TRANSFER,APPROVE,Open,Fraud Ops - A,131
ALT00000108,TXN000013157,CUST001690,2026-02-11 08:29:31,72.0,Medium,MULE_TRANSFER,CHALLENGE,Investigating,Fraud Ops - B,17
ALT00000109,TXN000015207,CUST000976,2026-02-11 19:55:56,90.2,Critical,CARD_NOT_PRESENT,DECLINE,Closed,Fraud Ops - A,103
ALT00000110,TXN000047671,CUST000335,2026-02-12 01:55:17,72.7,Medium,NONE,CHALLENGE,Open,Fraud Ops - B,13
ALT00000111,TXN000049611,CUST000561,2026-02-12 03:39:00,68.5,Medium,NONE,CHALLENGE,Open,Fraud Ops - B,19
ALT00000112,TXN000041473,CUST000430,2026-02-12 03:52:30,77.0,Medium,NONE,CHALLENGE,Closed,Fraud Ops - B,103
ALT00000113,TXN000045852,CUST001111,2026-02-12 03:56:41,65.6,Medium,NONE,CHALLENGE,Investigating,Fraud Ops - A,111
ALT00000114,TXN000027177,CUST001670,2026-02-12 12:06:44,48.1,Medium,CARD_TESTING,APPROVE,Open,Fraud Ops - C,124
ALT00000115,TXN000034855,CUST000999,2026-02-12 14:58:54,89.3,High,IMPOSSIBLE_TRAVEL,DECLINE,Open,Fraud Ops - C,136
ALT00000116,TXN000020356,CUST000779,2026-02-12 16:03:37,44.8,Medium,VELOCITY_ABUSE,APPROVE,Open,Fraud Ops - A,11
ALT00000117,TXN000039817,CUST000040,2026-02-12 20:34:59,54.0,Medium,MULE_TRANSFER,APPROVE,Closed,Fraud Ops - A,64
ALT00000118,TXN000030336,CUST001636,2026-02-13 01:04:44,68.1,Medium,NONE,CHALLENGE,Closed,Fraud Ops - C,52
ALT00000119,TXN000015380,CUST000275,2026-02-13 03:56:39,65.1,Medium,NONE,CHALLENGE,Open,Fraud Ops - C,46
ALT00000120,TXN000022088,CUST000759,2026-02-13 04:30:22,74.0,Medium,MERCHANT_COLLUSION,CHALLENGE,Open,Fraud Ops - A,127
ALT00000121,TXN000008022,CUST001167,2026-02-13 18:01:23,52.0,Medium,MERCHANT_COLLUSION,APPROVE,Open,Fraud Ops - A,211
ALT00000122,TXN000015981,CUST001890,2026-02-13 23:01:59,99,Critical,ACCOUNT_TAKEOVER,DECLINE,Closed,Fraud Ops - C,52
ALT00000123,TXN000031042,CUST000995,2026-02-14 00:27:22,74.3,Medium,IMPOSSIBLE_TRAVEL,CHALLENGE,Open,Fraud Ops - A,89
ALT00000124,TXN000049152,CUST001812,2026-02-14 02:05:16,66.9,Medium,NONE,CHALLENGE,Closed,Fraud Ops - A,128
ALT00000125,TXN000035062,CUST001956,2026-02-14 02:13:08,71.0,Medium,NONE,CHALLENGE,Investigating,Fraud Ops - B,129
ALT00000126,TXN000039493,CUST000156,2026-02-14 09:32:26,74.5,Medium,CARD_NOT_PRESENT,CHALLENGE,Open,Fraud Ops - A,41
ALT00000127,TXN000015085,CUST000582,2026-02-14 10:40:43,48.9,Medium,VELOCITY_ABUSE,APPROVE,Closed,Fraud Ops - C,166
ALT00000128,TXN000016901,CUST001160,2026-02-14 13:15:24,76.0,Medium,ATM_CASHOUT,CHALLENGE,Closed,Fraud Ops - C,157
ALT00000129,TXN000048402,CUST001535,2026-02-14 13:41:32,74.0,Medium,IMPOSSIBLE_TRAVEL,CHALLENGE,Open,Fraud Ops - A,78
ALT00000130,TXN000033253,CUST000420,2026-02-14 14:15:16,81,High,IMPOSSIBLE_TRAVEL,CHALLENGE,Investigating,Fraud Ops - C,178
ALT00000131,TXN000009199,CUST000668,2026-02-15 01:14:39,77.0,Medium,NONE,CHALLENGE,Investigating,Fraud Ops - A,120
ALT00000132,TXN000038414,CUST000533,2026-02-15 02:36:26,68.1,Medium,NONE,CHALLENGE,Closed,Fraud Ops - C,58
ALT00000133,TXN000011189,CUST000789,2026-02-15 03:06:15,69.8,Medium,NONE,CHALLENGE,Investigating,Fraud Ops - A,24
ALT00000134,TXN000048440,CUST001430,2026-02-15 14:21:06,68.0,Medium,ATM_CASHOUT,CHALLENGE,Open,Fraud Ops - A,30
ALT00000135,TXN000043943,CUST000481,2026-02-15 16:01:28,48.2,Medium,CARD_TESTING,APPROVE,Open,Fraud Ops - C,46
ALT00000136,TXN000018571,CUST000627,2026-02-15 16:14:01,95,Critical,ACCOUNT_TAKEOVER,DECLINE,Open,Fraud Ops - C,44
ALT00000137,TXN000044195,CUST001470,2026-02-16 00:25:49,65.6,Medium,NONE,CHALLENGE,Open,Fraud Ops - C,52
ALT00000138,TXN000035844,CUST000314,2026-02-16 01:37:36,74.7,Medium,NONE,CHALLENGE,Open,Fraud Ops - B,21
ALT00000139,TXN000013913,CUST001346,2026-02-16 01:39:42,77.0,Medium,NONE,CHALLENGE,Closed,Fraud Ops - B,119
ALT00000140,TXN000029605,CUST001473,2026-02-16 01:53:20,72.0,Medium,MERCHANT_COLLUSION,CHALLENGE,Closed,Fraud Ops - C,123
ALT00000141,TXN000016862,CUST000912,2026-02-16 01:59:34,72.1,Medium,NONE,CHALLENGE,Closed,Fraud Ops - C,223
ALT00000142,TXN000022215,CUST001038,2026-02-16 02:11:33,72.0,Medium,NONE,CHALLENGE,Open,Fraud Ops - B,41
ALT00000143,TXN000036162,CUST001946,2026-02-16 02:12:33,73.8,Medium,NONE,CHALLENGE,Closed,Fraud Ops - A,76
ALT00000144,TXN000021681,CUST001618,2026-02-16 02:20:16,72.0,Medium,MERCHANT_COLLUSION,CHALLENGE,Investigating,Fraud Ops - A,82
ALT00000145,TXN000046366,CUST000600,2026-02-16 02:24:03,75.1,Medium,NONE,CHALLENGE,Closed,Fraud Ops - B,48
ALT00000146,TXN000010569,CUST001555,2026-02-16 02:55:13,70.3,Medium,NONE,CHALLENGE,Open,Fraud Ops - A,209
ALT00000147,TXN000039917,CUST000622,2026-02-16 04:08:51,78.0,Medium,NONE,CHALLENGE,Open,Fraud Ops - C,238
ALT00000148,TXN000010945,CUST000681,2026-02-16 14:03:45,95.6,Critical,ACCOUNT_TAKEOVER,DECLINE,Open,Fraud Ops - A,65
ALT00000149,TXN000027587,CUST001105,2026-02-16 16:02:32,48.0,Medium,CARD_TESTING,APPROVE,Investigating,Fraud Ops - B,153
ALT00000150,TXN000025128,CUST001457,2026-02-16 19:45:03,43.9,Medium,IMPOSSIBLE_TRAVEL,APPROVE,Open,Fraud Ops - C,127
ALT00000151,TXN000033425,CUST001045,2026-02-16 20:51:20,65.7,Medium,CARD_NOT_PRESENT,CHALLENGE,Closed,Fraud Ops - B,47
ALT00000152,TXN000049234,CUST001280,2026-02-16 21:36:28,50.0,Medium,IMPOSSIBLE_TRAVEL,APPROVE,Open,Fraud Ops - C,235
ALT00000153,TXN000029508,CUST001905,2026-02-17 00:27:58,66.7,Medium,VELOCITY_ABUSE,CHALLENGE,Closed,Fraud Ops - B,56
ALT00000154,TXN000006848,CUST001191,2026-02-17 00:45:18,70.5,Medium,NONE,CHALLENGE,Open,Fraud Ops - A,205
ALT00000155,TXN000001607,CUST001191,2026-02-17 01:04:42,68.3,Medium,NONE,CHALLENGE,Open,Fraud Ops - A,49
ALT00000156,TXN000038912,CUST000991,2026-02-17 01:55:01,99,Critical,CARD_NOT_PRESENT,DECLINE,Open,Fraud Ops - B,83
ALT00000157,TXN000001491,CUST001220,2026-02-17 03:49:52,68.7,Medium,NONE,CHALLENGE,Closed,Fraud Ops - B,6
ALT00000158,TXN000033436,CUST001227,2026-02-17 13:08:19,76.0,Medium,MULE_TRANSFER,CHALLENGE,Closed,Fraud Ops - A,127
ALT00000159,TXN000037737,CUST001776,2026-02-18 00:07:47,68.4,Medium,NONE,CHALLENGE,Closed,Fraud Ops - B,113
ALT00000160,TXN000031460,CUST001906,2026-02-18 00:18:20,68.0,Medium,MERCHANT_COLLUSION,CHALLENGE,Investigating,Fraud Ops - C,133
ALT00000161,TXN000033424,CUST001592,2026-02-18 00:21:29,77.9,Medium,NONE,CHALLENGE,Open,Fraud Ops - B,107
ALT00000162,TXN000010306,CUST001543,2026-02-18 01:01:37,73.7,Medium,NONE,CHALLENGE,Open,Fraud Ops - B,96
ALT00000163,TXN000019069,CUST001146,2026-02-18 02:26:56,71.4,Medium,NONE,CHALLENGE,Investigating,Fraud Ops - C,99
ALT00000164,TXN000048334,CUST000964,2026-02-18 03:16:51,78.8,Medium,VELOCITY_ABUSE,CHALLENGE,Closed,Fraud Ops - B,52
ALT00000165,TXN000029753,CUST000620,2026-02-18 03:46:18,73.0,Medium,NONE,CHALLENGE,Investigating,Fraud Ops - B,179
ALT00000166,TXN000005961,CUST001040,2026-02-18 12:47:39,43.3,Medium,VELOCITY_ABUSE,APPROVE,Investigating,Fraud Ops - C,164
ALT00000167,TXN000032391,CUST000557,2026-02-18 22:25:07,66.3,Medium,VELOCITY_ABUSE,CHALLENGE,Open,Fraud Ops - C,156
ALT00000168,TXN000004500,CUST001511,2026-02-18 23:10:53,68.0,Medium,MULE_TRANSFER,CHALLENGE,Open,Fraud Ops - B,40
ALT00000169,TXN000031704,CUST000830,2026-02-19 04:33:08,78.0,Medium,NONE,CHALLENGE,Investigating,Fraud Ops - C,114
ALT00000170,TXN000039083,CUST001891,2026-02-19 05:03:05,83.9,High,ACCOUNT_TAKEOVER,CHALLENGE,Open,Fraud Ops - A,84
ALT00000171,TXN000041708,CUST001310,2026-02-19 15:05:23,90.9,Critical,ACCOUNT_TAKEOVER,DECLINE,Open,Fraud Ops - A,188
ALT00000172,TXN000043048,CUST001056,2026-02-20 01:11:14,65.2,Medium,VELOCITY_ABUSE,CHALLENGE,Open,Fraud Ops - C,56
ALT00000173,TXN000028572,CUST000084,2026-02-20 01:29:57,67.1,Medium,NONE,CHALLENGE,Open,Fraud Ops - C,11
ALT00000174,TXN000014270,CUST001970,2026-02-20 02:33:37,71.3,Medium,NONE,CHALLENGE,Investigating,Fraud Ops - A,5
ALT00000175,TXN000038048,CUST000296,2026-02-20 03:09:45,70.7,Medium,NONE,CHALLENGE,Closed,Fraud Ops - A,11
ALT00000176,TXN000007653,CUST000605,2026-02-20 04:17:11,73.9,Medium,NONE,CHALLENGE,Investigating,Fraud Ops - A,33
ALT00000177,TXN000042454,CUST001236,2026-02-20 05:48:46,57.0,Medium,VELOCITY_ABUSE,APPROVE,Closed,Fraud Ops - A,240
ALT00000178,TXN000041825,CUST001739,2026-02-20 07:02:59,54.0,Medium,MERCHANT_COLLUSION,APPROVE,Investigating,Fraud Ops - C,104
ALT00000179,TXN000025480,CUST001249,2026-02-20 13:57:38,48.0,Medium,CARD_TESTING,APPROVE,Open,Fraud Ops - A,158
ALT00000180,TXN000021955,CUST000980,2026-02-20 19:28:11,68.0,Medium,IMPOSSIBLE_TRAVEL,CHALLENGE,Closed,Fraud Ops - B,25
ALT00000181,TXN000009881,CUST001160,2026-02-21 00:21:40,70.2,Medium,NONE,CHALLENGE,Open,Fraud Ops - B,214
ALT00000182,TXN000037908,CUST000853,2026-02-21 00:47:05,72.5,Medium,NONE,CHALLENGE,Investigating,Fraud Ops - A,38
ALT00000183,TXN000038383,CUST001290,2026-02-21 00:58:40,69.1,Medium,NONE,CHALLENGE,Open,Fraud Ops - B,105
ALT00000184,TXN000018048,CUST001011,2026-02-21 01:25:25,60.5,Medium,CARD_TESTING,APPROVE,Open,Fraud Ops - C,133
ALT00000185,TXN000015868,CUST000621,2026-02-21 02:49:18,72.6,Medium,NONE,CHALLENGE,Open,Fraud Ops - A,167
ALT00000186,TXN000000577,CUST001037,2026-02-21 03:35:13,80.2,High,CARD_TESTING,CHALLENGE,Closed,Fraud Ops - B,107
ALT00000187,TXN000033538,CUST000184,2026-02-21 03:57:53,69.9,Medium,NONE,CHALLENGE,Investigating,Fraud Ops - A,135
ALT00000188,TXN000028116,CUST000912,2026-02-21 04:18:42,65.0,Medium,NONE,CHALLENGE,Open,Fraud Ops - B,5
ALT00000189,TXN000040579,CUST001578,2026-02-21 04:21:17,68.6,Medium,NONE,CHALLENGE,Open,Fraud Ops - A,228
ALT00000190,TXN000010470,CUST001479,2026-02-21 04:41:18,67.5,Medium,NONE,CHALLENGE,Investigating,Fraud Ops - A,81
ALT00000191,TXN000039662,CUST001776,2026-02-21 04:44:42,65.6,Medium,NONE,CHALLENGE,Closed,Fraud Ops - B,76
ALT00000192,TXN000046043,CUST001583,2026-02-21 16:50:20,54.0,Medium,MULE_TRANSFER,APPROVE,Investigating,Fraud Ops - B,24
ALT00000193,TXN000022653,CUST001718,2026-02-21 19:17:52,81.0,High,ACCOUNT_TAKEOVER,CHALLENGE,Investigating,Fraud Ops - C,238
ALT00000194,TXN000012173,CUST001468,2026-02-21 21:09:55,48.3,Medium,VELOCITY_ABUSE,APPROVE,Open,Fraud Ops - B,32
ALT00000195,TXN000013619,CUST000597,2026-02-22 02:07:26,86.2,High,VELOCITY_ABUSE,DECLINE,Investigating,Fraud Ops - C,41
ALT00000196,TXN000035685,CUST000141,2026-02-22 02:14:09,74.3,Medium,NONE,CHALLENGE,Investigating,Fraud Ops - B,137
ALT00000197,TXN000004708,CUST000296,2026-02-22 03:05:22,75.0,Medium,NONE,CHALLENGE,Open,Fraud Ops - A,224
ALT00000198,TXN000020413,CUST000450,2026-02-22 03:21:04,68.5,Medium,NONE,CHALLENGE,Investigating,Fraud Ops - B,179
ALT00000199,TXN000037112,CUST000682,2026-02-22 08:23:15,52.0,Medium,MERCHANT_COLLUSION,APPROVE,Open,Fraud Ops - B,39
ALT00000200,TXN000022639,CUST000773,2026-02-22 13:59:00,56.0,Medium,MERCHANT_COLLUSION,APPROVE,Closed,Fraud Ops - A,40
ALT00000201,TXN000015452,CUST000037,2026-02-22 21:25:01,58.2,Medium,VELOCITY_ABUSE,APPROVE,Open,Fraud Ops - C,206
ALT00000202,TXN000036340,CUST001391,2026-02-22 22:18:29,42.3,Medium,VELOCITY_ABUSE,APPROVE,Open,Fraud Ops - B,229
ALT00000203,TXN000040017,CUST000620,2026-02-23 01:34:41,72.3,Medium,NONE,CHALLENGE,Closed,Fraud Ops - A,53
ALT00000204,TXN000045310,CUST000215,2026-02-23 02:25:51,90.1,Critical,CARD_NOT_PRESENT,DECLINE,Open,Fraud Ops - B,67
ALT00000205,TXN000049096,CUST000695,2026-02-23 03:08:43,69.8,Medium,NONE,CHALLENGE,Open,Fraud Ops - B,24
ALT00000206,TXN000048389,CUST001231,2026-02-23 03:50:07,65.0,Medium,IMPOSSIBLE_TRAVEL,CHALLENGE,Open,Fraud Ops - B,16
ALT00000207,TXN000049930,CUST000888,2026-02-23 04:31:15,70.0,Medium,NONE,CHALLENGE,Closed,Fraud Ops - C,159
ALT00000208,TXN000031119,CUST001084,2026-02-24 00:31:31,72.6,Medium,NONE,CHALLENGE,Open,Fraud Ops - C,41
ALT00000209,TXN000022510,CUST000739,2026-02-24 02:43:41,69.7,Medium,NONE,CHALLENGE,Open,Fraud Ops - C,157
ALT00000210,TXN000035264,CUST001882,2026-02-24 03:21:57,82.0,High,CARD_TESTING,CHALLENGE,Open,Fraud Ops - C,41
ALT00000211,TXN000037026,CUST001676,2026-02-24 04:06:58,65.6,Medium,NONE,CHALLENGE,Open,Fraud Ops - A,175
ALT00000212,TXN000018247,CUST000493,2026-02-24 04:46:54,66.5,Medium,NONE,CHALLENGE,Investigating,Fraud Ops - C,85
ALT00000213,TXN000043950,CUST001492,2026-02-24 06:59:32,83.8,High,ACCOUNT_TAKEOVER,CHALLENGE,Open,Fraud Ops - B,205
ALT00000214,TXN000008485,CUST001766,2026-02-24 07:56:36,76.0,Medium,ATM_CASHOUT,CHALLENGE,Open,Fraud Ops - A,228
ALT00000215,TXN000019897,CUST000792,2026-02-24 08:41:07,76.0,Medium,ATM_CASHOUT,CHALLENGE,Closed,Fraud Ops - B,85
ALT00000216,TXN000042956,CUST001870,2026-02-24 11:25:05,54.0,Medium,MULE_TRANSFER,APPROVE,Closed,Fraud Ops - B,164
ALT00000217,TXN000005750,CUST000729,2026-02-24 13:05:38,70.0,Medium,ATM_CASHOUT,CHALLENGE,Investigating,Fraud Ops - B,120
ALT00000218,TXN000014901,CUST000108,2026-02-24 16:10:28,48.0,Medium,CARD_TESTING,APPROVE,Open,Fraud Ops - B,127
ALT00000219,TXN000019630,CUST001631,2026-02-25 00:47:45,67.0,Medium,NONE,CHALLENGE,Closed,Fraud Ops - B,197
ALT00000220,TXN000037788,CUST001693,2026-02-25 01:42:03,74.8,Medium,NONE,CHALLENGE,Open,Fraud Ops - C,223
ALT00000221,TXN000008798,CUST000159,2026-02-25 09:37:24,85.1,High,IMPOSSIBLE_TRAVEL,DECLINE,Closed,Fraud Ops - B,224
ALT00000222,TXN000012747,CUST001541,2026-02-25 12:10:46,64.0,Medium,VELOCITY_ABUSE,APPROVE,Open,Fraud Ops - C,171
ALT00000223,TXN000032915,CUST001787,2026-02-25 18:21:57,81.5,High,CARD_NOT_PRESENT,CHALLENGE,Open,Fraud Ops - B,79
ALT00000224,TXN000012549,CUST000532,2026-02-25 20:32:08,48.2,Medium,CARD_TESTING,APPROVE,Open,Fraud Ops - C,181
ALT00000225,TXN000016799,CUST001587,2026-02-26 00:48:05,76.4,Medium,NONE,CHALLENGE,Open,Fraud Ops - B,124
ALT00000226,TXN000026621,CUST000346,2026-02-26 02:42:57,68.4,Medium,NONE,CHALLENGE,Closed,Fraud Ops - A,123
ALT00000227,TXN000007694,CUST001402,2026-02-26 04:04:17,66.0,Medium,MERCHANT_COLLUSION,CHALLENGE,Closed,Fraud Ops - A,230
ALT00000228,TXN000047662,CUST001819,2026-02-26 04:16:44,65.5,Medium,NONE,CHALLENGE,Open,Fraud Ops - B,11
ALT00000229,TXN000015699,CUST000918,2026-02-26 12:47:53,50.0,Medium,MULE_TRANSFER,APPROVE,Closed,Fraud Ops - A,195
ALT00000230,TXN000002572,CUST001965,2026-02-26 17:41:26,54.0,Medium,ATM_CASHOUT,APPROVE,Open,Fraud Ops - A,47
ALT00000231,TXN000048831,CUST001300,2026-02-26 22:34:36,76.8,Medium,CARD_NOT_PRESENT,CHALLENGE,Investigating,Fraud Ops - B,38
ALT00000232,TXN000040551,CUST000193,2026-02-27 01:17:30,61.7,Medium,IMPOSSIBLE_TRAVEL,APPROVE,Investigating,Fraud Ops - B,212
ALT00000233,TXN000047776,CUST000232,2026-02-27 02:56:09,78.2,Medium,NONE,CHALLENGE,Closed,Fraud Ops - B,108
ALT00000234,TXN000038023,CUST000614,2026-02-27 02:57:38,69.9,Medium,NONE,CHALLENGE,Closed,Fraud Ops - B,199
ALT00000235,TXN000027743,CUST001168,2026-02-27 03:41:44,67.3,Medium,NONE,CHALLENGE,Open,Fraud Ops - B,156
ALT00000236,TXN000029666,CUST000704,2026-02-27 06:26:04,48.0,Medium,MULE_TRANSFER,APPROVE,Open,Fraud Ops - A,168
ALT00000237,TXN000045051,CUST000987,2026-02-27 21:30:13,49.1,Medium,CARD_TESTING,APPROVE,Closed,Fraud Ops - B,104
ALT00000238,TXN000029499,CUST001552,2026-02-28 00:49:34,68.6,Medium,NONE,CHALLENGE,Closed,Fraud Ops - B,143
ALT00000239,TXN000011430,CUST000332,2026-02-28 00:52:30,69.5,Medium,NONE,CHALLENGE,Open,Fraud Ops - A,140
ALT00000240,TXN000013493,CUST001843,2026-02-28 01:38:41,67.4,Medium,NONE,CHALLENGE,Closed,Fraud Ops - C,13
ALT00000241,TXN000048908,CUST000921,2026-02-28 02:07:19,80.1,High,CARD_TESTING,CHALLENGE,Investigating,Fraud Ops - A,200
ALT00000242,TXN000025322,CUST001782,2026-02-28 02:54:55,67.1,Medium,NONE,CHALLENGE,Open,Fraud Ops - B,155
ALT00000243,TXN000012222,CUST000473,2026-02-28 03:01:09,68.7,Medium,NONE,CHALLENGE,Investigating,Fraud Ops - A,86
ALT00000244,TXN000033535,CUST000774,2026-02-28 03:55:25,70.9,Medium,NONE,CHALLENGE,Investigating,Fraud Ops - C,131
ALT00000245,TXN000005299,CUST000687,2026-02-28 03:57:45,68.0,Medium,ATM_CASHOUT,CHALLENGE,Closed,Fraud Ops - B,14
ALT00000246,TXN000015342,CUST000594,2026-02-28 04:09:02,65.8,Medium,NONE,CHALLENGE,Open,Fraud Ops - B,205
ALT00000247,TXN000043500,CUST000513,2026-02-28 04:18:26,75.6,Medium,NONE,CHALLENGE,Open,Fraud Ops - C,221
ALT00000248,TXN000011921,CUST000024,2026-02-28 04:34:35,67.7,Medium,NONE,CHALLENGE,Investigating,Fraud Ops - C,64
ALT00000249,TXN000026143,CUST001982,2026-02-28 05:15:53,68.0,Medium,MERCHANT_COLLUSION,CHALLENGE,Open,Fraud Ops - B,162
ALT00000250,TXN000017306,CUST000607,2026-02-28 07:13:22,55.1,Medium,VELOCITY_ABUSE,APPROVE,Open,Fraud Ops - C,57
ALT00000251,TXN000041235,CUST000795,2026-02-28 20:12:58,52.0,Medium,MERCHANT_COLLUSION,APPROVE,Investigating,Fraud Ops - A,216
ALT00000252,TXN000047602,CUST000787,2026-02-28 20:13:17,52.0,Medium,ATM_CASHOUT,APPROVE,Investigating,Fraud Ops - C,236
ALT00000253,TXN000032184,CUST000188,2026-02-28 20:44:41,78.7,Medium,CARD_NOT_PRESENT,CHALLENGE,Closed,Fraud Ops - C,51
ALT00000254,TXN000023089,CUST000629,2026-02-28 21:38:13,75.6,Medium,CARD_NOT_PRESENT,CHALLENGE,Closed,Fraud Ops - B,33
ALT00000255,TXN000007142,CUST001012,2026-02-28 21:44:38,56.0,Medium,ATM_CASHOUT,APPROVE,Open,Fraud Ops - C,214
ALT00000256,TXN000019578,CUST000117,2026-03-01 02:33:57,74.4,Medium,NONE,CHALLENGE,Open,Fraud Ops - A,47
ALT00000257,TXN000001447,CUST001242,2026-03-01 02:45:40,75.2,Medium,NONE,CHALLENGE,Closed,Fraud Ops - B,37
ALT00000258,TXN000042221,CUST001044,2026-03-01 07:56:06,48.0,Medium,ATM_CASHOUT,APPROVE,Open,Fraud Ops - A,188
ALT00000259,TXN000019532,CUST000515,2026-03-01 11:52:33,64.8,Medium,IMPOSSIBLE_TRAVEL,APPROVE,Closed,Fraud Ops - C,206
ALT00000260,TXN000008908,CUST000016,2026-03-01 13:46:10,79.3,Medium,ACCOUNT_TAKEOVER,CHALLENGE,Closed,Fraud Ops - A,147
ALT00000261,TXN000021248,CUST000223,2026-03-01 19:23:38,94.2,Critical,ACCOUNT_TAKEOVER,DECLINE,Investigating,Fraud Ops - C,136
ALT00000262,TXN000024002,CUST001077,2026-03-01 23:31:44,68.0,Medium,ATM_CASHOUT,CHALLENGE,Investigating,Fraud Ops - B,112
ALT00000263,TXN000005343,CUST001448,2026-03-02 00:39:54,70.7,Medium,NONE,CHALLENGE,Open,Fraud Ops - A,72
ALT00000264,TXN000010227,CUST000468,2026-03-02 00:51:18,70.9,Medium,NONE,CHALLENGE,Closed,Fraud Ops - C,13
ALT00000265,TXN000044237,CUST000644,2026-03-02 01:33:59,70.1,Medium,NONE,CHALLENGE,Investigating,Fraud Ops - A,55
ALT00000266,TXN000047279,CUST000458,2026-03-02 02:24:10,74.0,Medium,NONE,CHALLENGE,Investigating,Fraud Ops - C,34
ALT00000267,TXN000046928,CUST000144,2026-03-02 03:39:59,68.8,Medium,NONE,CHALLENGE,Closed,Fraud Ops - B,8
ALT00000268,TXN000020725,CUST000944,2026-03-02 04:04:28,65.6,Medium,NONE,CHALLENGE,Investigating,Fraud Ops - B,171
ALT00000269,TXN000021064,CUST000777,2026-03-02 04:49:15,72.0,Medium,NONE,CHALLENGE,Investigating,Fraud Ops - A,148
ALT00000270,TXN000032907,CUST001930,2026-03-02 11:25:56,84.8,High,CARD_NOT_PRESENT,CHALLENGE,Open,Fraud Ops - C,144
ALT00000271,TXN000018900,CUST000615,2026-03-02 14:12:53,85.2,High,CARD_NOT_PRESENT,DECLINE,Open,Fraud Ops - A,92
ALT00000272,TXN000026185,CUST001533,2026-03-02 18:21:09,56.4,Medium,IMPOSSIBLE_TRAVEL,APPROVE,Open,Fraud Ops - C,23
ALT00000273,TXN000016897,CUST001147,2026-03-02 21:24:00,54.0,Medium,MERCHANT_COLLUSION,APPROVE,Open,Fraud Ops - C,67
ALT00000274,TXN000021838,CUST000888,2026-03-03 01:43:10,67.7,Medium,NONE,CHALLENGE,Open,Fraud Ops - B,86
ALT00000275,TXN000002356,CUST001779,2026-03-03 02:00:39,66.7,Medium,NONE,CHALLENGE,Open,Fraud Ops - B,28
ALT00000276,TXN000040031,CUST001227,2026-03-03 02:16:32,99,Critical,VELOCITY_ABUSE,DECLINE,Closed,Fraud Ops - A,152
ALT00000277,TXN000023087,CUST001729,2026-03-03 02:48:38,66.0,Medium,NONE,CHALLENGE,Investigating,Fraud Ops - B,137
ALT00000278,TXN000026034,CUST000104,2026-03-03 03:01:47,73.8,Medium,NONE,CHALLENGE,Investigating,Fraud Ops - C,118
ALT00000279,TXN000003800,CUST000296,2026-03-03 04:30:13,99,Critical,CARD_NOT_PRESENT,DECLINE,Closed,Fraud Ops - B,51
ALT00000280,TXN000000070,CUST000901,2026-03-03 04:50:34,73.9,Medium,NONE,CHALLENGE,Open,Fraud Ops - B,166
ALT00000281,TXN000036183,CUST000455,2026-03-03 06:54:18,44.6,Medium,VELOCITY_ABUSE,APPROVE,Investigating,Fraud Ops - C,165
ALT00000282,TXN000024033,CUST001887,2026-03-03 07:51:31,68.2,Medium,IMPOSSIBLE_TRAVEL,CHALLENGE,Closed,Fraud Ops - C,176
ALT00000283,TXN000016533,CUST001023,2026-03-03 08:42:53,58.0,Medium,VELOCITY_ABUSE,APPROVE,Open,Fraud Ops - C,156
ALT00000284,TXN000038837,CUST001492,2026-03-03 12:12:31,91.4,Critical,ACCOUNT_TAKEOVER,DECLINE,Open,Fraud Ops - C,213
ALT00000285,TXN000005636,CUST001382,2026-03-03 13:33:05,84.5,High,ACCOUNT_TAKEOVER,CHALLENGE,Closed,Fraud Ops - B,59
ALT00000286,TXN000003669,CUST001533,2026-03-03 14:37:13,49.1,Medium,VELOCITY_ABUSE,APPROVE,Investigating,Fraud Ops - C,212
ALT00000287,TXN000023613,CUST000454,2026-03-03 20:28:02,50.0,Medium,MERCHANT_COLLUSION,APPROVE,Closed,Fraud Ops - A,139
ALT00000288,TXN000021650,CUST000141,2026-03-04 00:48:33,76.2,Medium,NONE,CHALLENGE,Open,Fraud Ops - B,131
ALT00000289,TXN000020185,CUST000062,2026-03-04 00:55:32,65.8,Medium,NONE,CHALLENGE,Open,Fraud Ops - A,98
ALT00000290,TXN000032692,CUST001652,2026-03-04 02:00:43,69.7,Medium,NONE,CHALLENGE,Investigating,Fraud Ops - B,35
ALT00000291,TXN000049608,CUST000965,2026-03-04 02:47:06,66.5,Medium,NONE,CHALLENGE,Closed,Fraud Ops - C,121
ALT00000292,TXN000033456,CUST000031,2026-03-04 02:48:26,93.2,Critical,IMPOSSIBLE_TRAVEL,DECLINE,Open,Fraud Ops - A,239
ALT00000293,TXN000045364,CUST001534,2026-03-04 13:57:41,50.0,Medium,MERCHANT_COLLUSION,APPROVE,Closed,Fraud Ops - A,186
ALT00000294,TXN000028182,CUST001959,2026-03-04 17:21:16,87.2,High,ACCOUNT_TAKEOVER,DECLINE,Open,Fraud Ops - B,57
ALT00000295,TXN000047408,CUST000116,2026-03-05 00:01:04,66.3,Medium,NONE,CHALLENGE,Open,Fraud Ops - B,203
ALT00000296,TXN000027840,CUST001275,2026-03-05 02:43:34,68.3,Medium,NONE,CHALLENGE,Closed,Fraud Ops - B,94
ALT00000297,TXN000013538,CUST000081,2026-03-05 03:37:08,68.8,Medium,NONE,CHALLENGE,Open,Fraud Ops - C,79
ALT00000298,TXN000003010,CUST000747,2026-03-05 03:45:08,68.1,Medium,NONE,CHALLENGE,Closed,Fraud Ops - B,63
ALT00000299,TXN000040041,CUST000462,2026-03-05 04:08:50,90.0,Critical,MULE_TRANSFER,DECLINE,Open,Fraud Ops - B,104
ALT00000300,TXN000044884,CUST001077,2026-03-05 04:16:40,68.0,Medium,NONE,CHALLENGE,Open,Fraud Ops - C,159
ALT00000301,TXN000022685,CUST001922,2026-03-05 04:36:20,68.4,Medium,NONE,CHALLENGE,Investigating,Fraud Ops - C,76
ALT00000302,TXN000018250,CUST000618,2026-03-05 20:30:19,71.0,Medium,CARD_NOT_PRESENT,CHALLENGE,Open,Fraud Ops - B,190
ALT00000303,TXN000004478,CUST001101,2026-03-06 01:42:33,68.3,Medium,NONE,CHALLENGE,Open,Fraud Ops - B,53
ALT00000304,TXN000005217,CUST001055,2026-03-06 03:41:13,70.7,Medium,NONE,CHALLENGE,Open,Fraud Ops - A,240
ALT00000305,TXN000008714,CUST001035,2026-03-06 07:12:30,92.3,Critical,ACCOUNT_TAKEOVER,DECLINE,Investigating,Fraud Ops - C,167
ALT00000306,TXN000000732,CUST001477,2026-03-06 12:56:22,53.5,Medium,IMPOSSIBLE_TRAVEL,APPROVE,Closed,Fraud Ops - B,90
ALT00000307,TXN000026172,CUST000839,2026-03-06 14:49:37,54.0,Medium,MERCHANT_COLLUSION,APPROVE,Open,Fraud Ops - B,130
ALT00000308,TXN000024164,CUST001383,2026-03-06 15:18:24,64.8,Medium,CARD_NOT_PRESENT,APPROVE,Investigating,Fraud Ops - B,177
ALT00000309,TXN000011565,CUST001727,2026-03-06 20:06:39,74.5,Medium,VELOCITY_ABUSE,CHALLENGE,Open,Fraud Ops - C,128
ALT00000310,TXN000000916,CUST000416,2026-03-07 00:02:02,65.0,Medium,NONE,CHALLENGE,Investigating,Fraud Ops - C,204
ALT00000311,TXN000001087,CUST001505,2026-03-07 01:29:39,72.6,Medium,NONE,CHALLENGE,Open,Fraud Ops - B,108
ALT00000312,TXN000033217,CUST000255,2026-03-07 01:45:59,68.2,Medium,NONE,CHALLENGE,Investigating,Fraud Ops - A,228
ALT00000313,TXN000018552,CUST000830,2026-03-07 02:26:50,76.9,Medium,NONE,CHALLENGE,Open,Fraud Ops - B,79
ALT00000314,TXN000049082,CUST000446,2026-03-07 04:16:40,67.5,Medium,NONE,CHALLENGE,Closed,Fraud Ops - C,177
ALT00000315,TXN000036749,CUST000219,2026-03-07 08:06:53,76.4,Medium,CARD_NOT_PRESENT,CHALLENGE,Investigating,Fraud Ops - C,237
ALT00000316,TXN000022283,CUST001897,2026-03-07 10:31:43,68.0,Medium,MERCHANT_COLLUSION,CHALLENGE,Open,Fraud Ops - A,167
ALT00000317,TXN000029987,CUST001890,2026-03-07 15:04:47,50.0,Medium,MULE_TRANSFER,APPROVE,Closed,Fraud Ops - C,181
ALT00000318,TXN000004307,CUST001801,2026-03-08 01:33:27,73.4,Medium,NONE,CHALLENGE,Open,Fraud Ops - B,180
ALT00000319,TXN000039551,CUST001423,2026-03-08 02:55:47,65.4,Medium,NONE,CHALLENGE,Investigating,Fraud Ops - A,75
ALT00000320,TXN000033466,CUST001120,2026-03-08 03:55:00,67.7,Medium,NONE,CHALLENGE,Closed,Fraud Ops - C,62
ALT00000321,TXN000029278,CUST001531,2026-03-08 04:18:35,75.8,Medium,NONE,CHALLENGE,Open,Fraud Ops - A,188
ALT00000322,TXN000008775,CUST001212,2026-03-08 08:44:40,74.0,Medium,MERCHANT_COLLUSION,CHALLENGE,Investigating,Fraud Ops - A,158
ALT00000323,TXN000019588,CUST000234,2026-03-08 09:40:23,50.0,Medium,MULE_TRANSFER,APPROVE,Open,Fraud Ops - A,17
ALT00000324,TXN000021762,CUST000054,2026-03-08 11:38:21,56.0,Medium,MERCHANT_COLLUSION,APPROVE,Open,Fraud Ops - C,234
ALT00000325,TXN000012646,CUST000097,2026-03-08 16:24:29,54.0,Medium,MULE_TRANSFER,APPROVE,Investigating,Fraud Ops - B,146
ALT00000326,TXN000039140,CUST000728,2026-03-08 20:31:56,56.0,Medium,MULE_TRANSFER,APPROVE,Closed,Fraud Ops - A,195
ALT00000327,TXN000039394,CUST000075,2026-03-09 00:10:41,69.1,Medium,NONE,CHALLENGE,Open,Fraud Ops - B,146
ALT00000328,TXN000046474,CUST000111,2026-03-09 00:26:13,69.2,Medium,IMPOSSIBLE_TRAVEL,CHALLENGE,Open,Fraud Ops - A,89
ALT00000329,TXN000002571,CUST000084,2026-03-09 00:44:44,72.9,Medium,NONE,CHALLENGE,Investigating,Fraud Ops - C,114
ALT00000330,TXN000007836,CUST001447,2026-03-09 01:02:15,77.7,Medium,NONE,CHALLENGE,Closed,Fraud Ops - C,95
ALT00000331,TXN000033948,CUST001390,2026-03-09 03:57:12,72.1,Medium,NONE,CHALLENGE,Open,Fraud Ops - A,159
ALT00000332,TXN000015841,CUST001552,2026-03-09 03:57:14,70.0,Medium,NONE,CHALLENGE,Closed,Fraud Ops - B,162
ALT00000333,TXN000004778,CUST000011,2026-03-09 04:09:59,65.5,Medium,NONE,CHALLENGE,Open,Fraud Ops - B,75
ALT00000334,TXN000009388,CUST000045,2026-03-09 04:14:54,67.9,Medium,NONE,CHALLENGE,Open,Fraud Ops - A,173
ALT00000335,TXN000023911,CUST001839,2026-03-09 04:15:02,90.5,Critical,CARD_NOT_PRESENT,DECLINE,Open,Fraud Ops - B,33
ALT00000336,TXN000008995,CUST000232,2026-03-09 04:18:09,68.5,Medium,NONE,CHALLENGE,Closed,Fraud Ops - B,18
ALT00000337,TXN000015641,CUST000450,2026-03-09 04:42:35,65.8,Medium,NONE,CHALLENGE,Closed,Fraud Ops - A,220
ALT00000338,TXN000041889,CUST001525,2026-03-09 04:52:25,69.5,Medium,NONE,CHALLENGE,Open,Fraud Ops - A,18
ALT00000339,TXN000005200,CUST001958,2026-03-09 06:55:52,56.5,Medium,VELOCITY_ABUSE,APPROVE,Open,Fraud Ops - C,167
ALT00000340,TXN000012920,CUST000024,2026-03-09 12:56:26,93.2,Critical,CARD_NOT_PRESENT,DECLINE,Open,Fraud Ops - C,11
ALT00000341,TXN000041201,CUST000365,2026-03-09 14:07:12,52.0,Medium,MERCHANT_COLLUSION,APPROVE,Investigating,Fraud Ops - B,229
ALT00000342,TXN000005128,CUST000263,2026-03-09 14:07:29,68.2,Medium,CARD_TESTING,CHALLENGE,Open,Fraud Ops - B,83
ALT00000343,TXN000003711,CUST000336,2026-03-09 17:08:58,68.2,Medium,CARD_TESTING,CHALLENGE,Open,Fraud Ops - B,74
ALT00000344,TXN000039316,CUST001122,2026-03-09 17:59:10,50.0,Medium,MERCHANT_COLLUSION,APPROVE,Investigating,Fraud Ops - A,194
ALT00000345,TXN000041983,CUST000051,2026-03-09 21:41:18,48.9,Medium,CARD_TESTING,APPROVE,Open,Fraud Ops - B,176
ALT00000346,TXN000021408,CUST000127,2026-03-09 23:35:05,54.0,Medium,MERCHANT_COLLUSION,APPROVE,Investigating,Fraud Ops - B,148
ALT00000347,TXN000049378,CUST001225,2026-03-10 01:12:34,70.7,Medium,NONE,CHALLENGE,Open,Fraud Ops - A,184
ALT00000348,TXN000035979,CUST000962,2026-03-10 01:16:29,99,Critical,ACCOUNT_TAKEOVER,DECLINE,Open,Fraud Ops - A,157
ALT00000349,TXN000020977,CUST001866,2026-03-10 01:32:15,69.4,Medium,NONE,CHALLENGE,Investigating,Fraud Ops - B,111
ALT00000350,TXN000003626,CUST001412,2026-03-10 01:58:12,69.9,Medium,VELOCITY_ABUSE,CHALLENGE,Open,Fraud Ops - C,108
ALT00000351,TXN000004362,CUST001734,2026-03-10 02:03:37,81.3,High,CARD_NOT_PRESENT,CHALLENGE,Closed,Fraud Ops - A,67
ALT00000352,TXN000031971,CUST001557,2026-03-10 02:05:16,67.6,Medium,NONE,CHALLENGE,Investigating,Fraud Ops - A,32
ALT00000353,TXN000013473,CUST000091,2026-03-10 03:11:32,66.7,Medium,NONE,CHALLENGE,Open,Fraud Ops - B,223
ALT00000354,TXN000016710,CUST001464,2026-03-10 06:40:52,50.6,Medium,VELOCITY_ABUSE,APPROVE,Investigating,Fraud Ops - B,102
ALT00000355,TXN000001654,CUST001637,2026-03-10 18:36:55,73.7,Medium,ACCOUNT_TAKEOVER,CHALLENGE,Open,Fraud Ops - A,76
ALT00000356,TXN000019994,CUST000893,2026-03-10 21:47:44,48.4,Medium,CARD_TESTING,APPROVE,Open,Fraud Ops - B,100
ALT00000357,TXN000006549,CUST001804,2026-03-10 23:49:46,82.7,High,VELOCITY_ABUSE,CHALLENGE,Investigating,Fraud Ops - A,228
ALT00000358,TXN000009425,CUST001664,2026-03-11 01:21:04,69.3,Medium,NONE,CHALLENGE,Open,Fraud Ops - B,157
ALT00000359,TXN000019755,CUST000303,2026-03-11 02:03:32,78.4,Medium,CARD_NOT_PRESENT,CHALLENGE,Open,Fraud Ops - B,130
ALT00000360,TXN000032003,CUST000798,2026-03-11 04:35:46,88.0,High,MERCHANT_COLLUSION,DECLINE,Open,Fraud Ops - C,188
ALT00000361,TXN000030568,CUST001901,2026-03-11 06:12:26,87.8,High,IMPOSSIBLE_TRAVEL,DECLINE,Closed,Fraud Ops - A,9
ALT00000362,TXN000006790,CUST001741,2026-03-11 13:03:36,78.3,Medium,CARD_NOT_PRESENT,CHALLENGE,Closed,Fraud Ops - B,34
ALT00000363,TXN000009487,CUST000091,2026-03-11 15:15:51,72.0,Medium,ATM_CASHOUT,CHALLENGE,Closed,Fraud Ops - A,218
ALT00000364,TXN000026752,CUST001641,2026-03-11 19:22:09,90.9,Critical,ACCOUNT_TAKEOVER,DECLINE,Closed,Fraud Ops - C,44
ALT00000365,TXN000042068,CUST001729,2026-03-12 00:03:17,67.4,Medium,NONE,CHALLENGE,Closed,Fraud Ops - B,111
ALT00000366,TXN000001785,CUST000990,2026-03-12 00:13:05,66.0,Medium,NONE,CHALLENGE,Open,Fraud Ops - C,134
ALT00000367,TXN000016740,CUST001146,2026-03-12 02:09:37,68.2,Medium,NONE,CHALLENGE,Open,Fraud Ops - B,187
ALT00000368,TXN000010064,CUST000990,2026-03-12 03:55:45,67.6,Medium,NONE,CHALLENGE,Open,Fraud Ops - C,107
ALT00000369,TXN000010739,CUST000717,2026-03-12 05:35:54,48.0,Medium,MULE_TRANSFER,APPROVE,Open,Fraud Ops - C,195
ALT00000370,TXN000035631,CUST000179,2026-03-12 05:53:23,63.8,Medium,CARD_NOT_PRESENT,APPROVE,Open,Fraud Ops - A,8
ALT00000371,TXN000038720,CUST001698,2026-03-12 09:51:47,88.7,High,ACCOUNT_TAKEOVER,DECLINE,Open,Fraud Ops - C,197
ALT00000372,TXN000023541,CUST000107,2026-03-12 14:13:52,52.0,Medium,ATM_CASHOUT,APPROVE,Investigating,Fraud Ops - B,62
ALT00000373,TXN000041032,CUST001179,2026-03-12 22:11:35,49.2,Medium,CARD_TESTING,APPROVE,Investigating,Fraud Ops - A,5
ALT00000374,TXN000026566,CUST000144,2026-03-13 00:12:09,65.2,Medium,NONE,CHALLENGE,Open,Fraud Ops - B,15
ALT00000375,TXN000028128,CUST000447,2026-03-13 01:07:25,64.5,Medium,CARD_TESTING,APPROVE,Closed,Fraud Ops - C,167
ALT00000376,TXN000026717,CUST001722,2026-03-13 01:22:59,67.1,Medium,NONE,CHALLENGE,Closed,Fraud Ops - A,143
ALT00000377,TXN000002889,CUST001447,2026-03-13 03:58:24,74.1,Medium,NONE,CHALLENGE,Closed,Fraud Ops - C,205
ALT00000378,TXN000044780,CUST001321,2026-03-13 04:59:22,84.5,High,VELOCITY_ABUSE,CHALLENGE,Open,Fraud Ops - B,64
ALT00000379,TXN000024752,CUST000432,2026-03-13 07:01:35,48.0,Medium,ATM_CASHOUT,APPROVE,Open,Fraud Ops - B,92
ALT00000380,TXN000043816,CUST001968,2026-03-13 07:20:30,56.0,Medium,MERCHANT_COLLUSION,APPROVE,Closed,Fraud Ops - A,56
ALT00000381,TXN000040879,CUST001244,2026-03-13 11:29:19,38.3,Medium,CARD_TESTING,APPROVE,Investigating,Fraud Ops - B,104
ALT00000382,TXN000013372,CUST000887,2026-03-13 16:41:45,94.6,Critical,ACCOUNT_TAKEOVER,DECLINE,Open,Fraud Ops - C,143
ALT00000383,TXN000007884,CUST000539,2026-03-13 19:24:40,47.9,Medium,VELOCITY_ABUSE,APPROVE,Open,Fraud Ops - A,110
ALT00000384,TXN000005021,CUST001229,2026-03-13 20:59:28,79.1,Medium,IMPOSSIBLE_TRAVEL,CHALLENGE,Open,Fraud Ops - B,124
ALT00000385,TXN000040581,CUST000163,2026-03-14 00:09:50,67.6,Medium,NONE,CHALLENGE,Investigating,Fraud Ops - A,204
ALT00000386,TXN000020773,CUST000062,2026-03-14 01:16:28,66.6,Medium,NONE,CHALLENGE,Open,Fraud Ops - A,32
ALT00000387,TXN000021393,CUST000232,2026-03-14 02:33:45,75.1,Medium,NONE,CHALLENGE,Open,Fraud Ops - B,131
ALT00000388,TXN000006152,CUST000529,2026-03-14 03:37:47,88.0,High,MERCHANT_COLLUSION,DECLINE,Open,Fraud Ops - C,50
ALT00000389,TXN000012744,CUST000139,2026-03-14 04:04:38,70.9,Medium,NONE,CHALLENGE,Investigating,Fraud Ops - C,225
ALT00000390,TXN000048617,CUST001689,2026-03-14 04:08:52,75.5,Medium,NONE,CHALLENGE,Open,Fraud Ops - A,56
ALT00000391,TXN000041690,CUST000809,2026-03-14 14:35:45,48.0,Medium,MERCHANT_COLLUSION,APPROVE,Investigating,Fraud Ops - C,157
ALT00000392,TXN000015084,CUST000560,2026-03-15 00:11:26,66.3,Medium,NONE,CHALLENGE,Investigating,Fraud Ops - A,114
ALT00000393,TXN000022291,CUST001479,2026-03-15 01:25:38,65.7,Medium,NONE,CHALLENGE,Open,Fraud Ops - A,45
ALT00000394,TXN000027797,CUST000145,2026-03-15 03:27:14,75.8,Medium,NONE,CHALLENGE,Investigating,Fraud Ops - B,68
ALT00000395,TXN000022759,CUST001517,2026-03-15 04:19:54,68.0,Medium,NONE,CHALLENGE,Closed,Fraud Ops - B,154
ALT00000396,TXN000008220,CUST001798,2026-03-15 08:22:38,50.0,Medium,VELOCITY_ABUSE,APPROVE,Investigating,Fraud Ops - B,239
ALT00000397,TXN000046370,CUST000149,2026-03-15 10:26:29,48.0,Medium,CARD_TESTING,APPROVE,Investigating,Fraud Ops - B,196
ALT00000398,TXN000021419,CUST000812,2026-03-15 13:44:04,86.2,High,CARD_NOT_PRESENT,DECLINE,Open,Fraud Ops - A,142
ALT00000399,TXN000009044,CUST000643,2026-03-15 20:32:15,69.6,Medium,VELOCITY_ABUSE,CHALLENGE,Closed,Fraud Ops - B,114
ALT00000400,TXN000013680,CUST001551,2026-03-15 20:35:23,50.0,Medium,ATM_CASHOUT,APPROVE,Open,Fraud Ops - A,21
ALT00000401,TXN000028900,CUST001306,2026-03-15 23:55:51,68.7,Medium,VELOCITY_ABUSE,CHALLENGE,Open,Fraud Ops - C,64
ALT00000402,TXN000014552,CUST000044,2026-03-16 00:17:19,75.3,Medium,NONE,CHALLENGE,Investigating,Fraud Ops - C,48
ALT00000403,TXN000027012,CUST001776,2026-03-16 02:37:07,74.1,Medium,NONE,CHALLENGE,Investigating,Fraud Ops - B,142
ALT00000404,TXN000039593,CUST000803,2026-03-16 03:19:38,66.2,Medium,NONE,CHALLENGE,Open,Fraud Ops - C,37
ALT00000405,TXN000030988,CUST001511,2026-03-16 04:20:53,69.2,Medium,NONE,CHALLENGE,Open,Fraud Ops - C,148
ALT00000406,TXN000034354,CUST000570,2026-03-16 05:27:50,54.0,Medium,MULE_TRANSFER,APPROVE,Closed,Fraud Ops - A,154
ALT00000407,TXN000028681,CUST001514,2026-03-16 08:26:41,46.0,Medium,IMPOSSIBLE_TRAVEL,APPROVE,Open,Fraud Ops - A,111
ALT00000408,TXN000021315,CUST000711,2026-03-16 14:16:38,46.0,Medium,CARD_TESTING,APPROVE,Open,Fraud Ops - B,198
ALT00000409,TXN000028476,CUST000305,2026-03-16 16:33:58,44.3,Medium,IMPOSSIBLE_TRAVEL,APPROVE,Investigating,Fraud Ops - C,137
ALT00000410,TXN000000143,CUST000238,2026-03-16 19:46:33,46.8,Medium,CARD_TESTING,APPROVE,Open,Fraud Ops - B,223
ALT00000411,TXN000011666,CUST000475,2026-03-16 22:53:30,50.0,Medium,ATM_CASHOUT,APPROVE,Closed,Fraud Ops - B,167
ALT00000412,TXN000035833,CUST000399,2026-03-16 23:00:55,72.0,Medium,MERCHANT_COLLUSION,CHALLENGE,Open,Fraud Ops - A,77
ALT00000413,TXN000045762,CUST000409,2026-03-17 01:47:32,73.5,Medium,NONE,CHALLENGE,Investigating,Fraud Ops - C,196
ALT00000414,TXN000040961,CUST000147,2026-03-17 03:30:12,77.6,Medium,IMPOSSIBLE_TRAVEL,CHALLENGE,Investigating,Fraud Ops - B,187
ALT00000415,TXN000019868,CUST000634,2026-03-17 04:43:38,66.3,Medium,NONE,CHALLENGE,Investigating,Fraud Ops - B,130
ALT00000416,TXN000027370,CUST000150,2026-03-17 07:00:22,72.0,Medium,MERCHANT_COLLUSION,CHALLENGE,Closed,Fraud Ops - A,146
ALT00000417,TXN000023893,CUST000569,2026-03-17 09:35:42,68.0,Medium,CARD_TESTING,CHALLENGE,Closed,Fraud Ops - C,37
ALT00000418,TXN000041942,CUST000017,2026-03-17 14:25:07,70.9,Medium,VELOCITY_ABUSE,CHALLENGE,Open,Fraud Ops - B,66
ALT00000419,TXN000010624,CUST001069,2026-03-17 16:42:07,43.0,Medium,CARD_TESTING,APPROVE,Open,Fraud Ops - A,180
ALT00000420,TXN000043563,CUST000463,2026-03-17 16:43:17,54.3,Medium,VELOCITY_ABUSE,APPROVE,Investigating,Fraud Ops - C,144
ALT00000421,TXN000010904,CUST000202,2026-03-17 21:11:29,53.1,Medium,VELOCITY_ABUSE,APPROVE,Closed,Fraud Ops - B,52
ALT00000422,TXN000027721,CUST001557,2026-03-18 03:24:17,69.1,Medium,NONE,CHALLENGE,Open,Fraud Ops - C,32
ALT00000423,TXN000036672,CUST000166,2026-03-18 03:42:07,76.7,Medium,NONE,CHALLENGE,Investigating,Fraud Ops - C,223
ALT00000424,TXN000037924,CUST000472,2026-03-18 04:57:28,77.8,Medium,NONE,CHALLENGE,Open,Fraud Ops - C,205
ALT00000425,TXN000013536,CUST000554,2026-03-18 04:59:14,71.6,Medium,NONE,CHALLENGE,Closed,Fraud Ops - C,233
ALT00000426,TXN000007633,CUST000492,2026-03-18 09:14:24,70.1,Medium,IMPOSSIBLE_TRAVEL,CHALLENGE,Open,Fraud Ops - B,40
ALT00000427,TXN000004265,CUST000583,2026-03-18 15:51:02,67.7,Medium,VELOCITY_ABUSE,CHALLENGE,Open,Fraud Ops - C,13
ALT00000428,TXN000038013,CUST001743,2026-03-18 17:33:16,82.3,High,CARD_NOT_PRESENT,CHALLENGE,Investigating,Fraud Ops - A,173
ALT00000429,TXN000003603,CUST000548,2026-03-18 21:39:39,54.0,Medium,ATM_CASHOUT,APPROVE,Investigating,Fraud Ops - B,198
ALT00000430,TXN000019247,CUST001160,2026-03-19 00:10:39,68.5,Medium,NONE,CHALLENGE,Investigating,Fraud Ops - C,86
ALT00000431,TXN000027760,CUST000413,2026-03-19 00:21:18,65.5,Medium,NONE,CHALLENGE,Investigating,Fraud Ops - C,123
ALT00000432,TXN000041800,CUST000636,2026-03-19 01:24:23,65.2,Medium,NONE,CHALLENGE,Closed,Fraud Ops - C,128
ALT00000433,TXN000032170,CUST000420,2026-03-19 01:36:46,66.1,Medium,NONE,CHALLENGE,Closed,Fraud Ops - C,156
ALT00000434,TXN000003883,CUST001309,2026-03-19 02:09:51,70.7,Medium,NONE,CHALLENGE,Open,Fraud Ops - A,220
ALT00000435,TXN000033385,CUST000798,2026-03-19 03:26:02,68.4,Medium,NONE,CHALLENGE,Open,Fraud Ops - B,240
ALT00000436,TXN000007059,CUST000466,2026-03-19 16:50:44,56.0,Medium,MERCHANT_COLLUSION,APPROVE,Closed,Fraud Ops - C,201
ALT00000437,TXN000012136,CUST001043,2026-03-19 17:31:58,70.0,Medium,ATM_CASHOUT,CHALLENGE,Open,Fraud Ops - A,75
ALT00000438,TXN000020619,CUST000245,2026-03-20 00:21:50,86.0,High,VELOCITY_ABUSE,DECLINE,Open,Fraud Ops - A,65
ALT00000439,TXN000006136,CUST000299,2026-03-20 00:57:18,68.0,Medium,NONE,CHALLENGE,Open,Fraud Ops - C,221
ALT00000440,TXN000026374,CUST001722,2026-03-20 01:16:47,74.0,Medium,NONE,CHALLENGE,Open,Fraud Ops - B,81
ALT00000441,TXN000034743,CUST000949,2026-03-20 02:22:52,71.0,Medium,NONE,CHALLENGE,Closed,Fraud Ops - A,134
ALT00000442,TXN000023218,CUST001006,2026-03-20 02:57:18,70.1,Medium,NONE,CHALLENGE,Open,Fraud Ops - B,57
ALT00000443,TXN000025490,CUST001674,2026-03-20 03:32:27,78.6,Medium,IMPOSSIBLE_TRAVEL,CHALLENGE,Open,Fraud Ops - A,122
ALT00000444,TXN000008429,CUST001416,2026-03-20 03:41:32,65.0,Medium,NONE,CHALLENGE,Open,Fraud Ops - C,159
ALT00000445,TXN000031776,CUST000800,2026-03-20 16:01:50,54.0,Medium,ATM_CASHOUT,APPROVE,Closed,Fraud Ops - C,172
ALT00000446,TXN000047789,CUST001951,2026-03-20 17:14:58,48.4,Medium,CARD_TESTING,APPROVE,Investigating,Fraud Ops - A,147
ALT00000447,TXN000040372,CUST001705,2026-03-20 21:13:20,46.1,Medium,CARD_TESTING,APPROVE,Open,Fraud Ops - C,180
ALT00000448,TXN000018735,CUST001199,2026-03-20 22:06:55,52.0,Medium,MULE_TRANSFER,APPROVE,Investigating,Fraud Ops - A,213
ALT00000449,TXN000016688,CUST001988,2026-03-21 00:44:18,83.5,High,CARD_NOT_PRESENT,CHALLENGE,Open,Fraud Ops - C,207
ALT00000450,TXN000032730,CUST001998,2026-03-21 02:29:36,67.2,Medium,NONE,CHALLENGE,Investigating,Fraud Ops - A,61
ALT00000451,TXN000026918,CUST001843,2026-03-21 03:02:07,67.1,Medium,NONE,CHALLENGE,Investigating,Fraud Ops - C,240
ALT00000452,TXN000019074,CUST001908,2026-03-21 03:29:58,68.7,Medium,NONE,CHALLENGE,Closed,Fraud Ops - A,45
ALT00000453,TXN000049711,CUST000783,2026-03-21 04:13:12,65.5,Medium,NONE,CHALLENGE,Open,Fraud Ops - A,11
ALT00000454,TXN000011363,CUST000377,2026-03-21 07:38:38,62.8,Medium,VELOCITY_ABUSE,APPROVE,Investigating,Fraud Ops - B,219
ALT00000455,TXN000025257,CUST000920,2026-03-21 20:49:49,91.7,Critical,CARD_NOT_PRESENT,DECLINE,Closed,Fraud Ops - A,53
ALT00000456,TXN000011852,CUST001638,2026-03-22 00:25:46,71.8,Medium,NONE,CHALLENGE,Open,Fraud Ops - C,197
ALT00000457,TXN000013026,CUST000185,2026-03-22 00:38:22,68.7,Medium,NONE,CHALLENGE,Open,Fraud Ops - C,219
ALT00000458,TXN000001173,CUST001531,2026-03-22 02:34:34,67.6,Medium,NONE,CHALLENGE,Closed,Fraud Ops - B,181
ALT00000459,TXN000020216,CUST001636,2026-03-22 03:25:15,69.4,Medium,NONE,CHALLENGE,Closed,Fraud Ops - C,74
ALT00000460,TXN000006886,CUST001899,2026-03-22 03:36:25,99,Critical,ACCOUNT_TAKEOVER,DECLINE,Open,Fraud Ops - B,145
ALT00000461,TXN000035773,CUST000294,2026-03-22 04:02:02,74.0,Medium,MULE_TRANSFER,CHALLENGE,Open,Fraud Ops - C,109
ALT00000462,TXN000020451,CUST001890,2026-03-22 12:56:30,38.8,Medium,CARD_TESTING,APPROVE,Investigating,Fraud Ops - B,201
ALT00000463,TXN000033046,CUST000156,2026-03-23 00:20:38,74.4,Medium,NONE,CHALLENGE,Investigating,Fraud Ops - A,151
ALT00000464,TXN000004278,CUST001911,2026-03-23 00:45:24,65.8,Medium,NONE,CHALLENGE,Investigating,Fraud Ops - B,172
ALT00000465,TXN000020253,CUST000819,2026-03-23 01:18:18,72.0,Medium,NONE,CHALLENGE,Open,Fraud Ops - A,196
ALT00000466,TXN000017638,CUST001722,2026-03-23 01:23:29,68.7,Medium,NONE,CHALLENGE,Open,Fraud Ops - B,223
ALT00000467,TXN000041260,CUST000676,2026-03-23 03:46:23,68.0,Medium,NONE,CHALLENGE,Closed,Fraud Ops - A,96
ALT00000468,TXN000014853,CUST000391,2026-03-23 04:41:04,70.4,Medium,NONE,CHALLENGE,Investigating,Fraud Ops - C,177
ALT00000469,TXN000021857,CUST000982,2026-03-23 07:52:14,48.0,Medium,CARD_TESTING,APPROVE,Closed,Fraud Ops - C,152
ALT00000470,TXN000041592,CUST000143,2026-03-23 12:32:12,52.0,Medium,MERCHANT_COLLUSION,APPROVE,Investigating,Fraud Ops - C,45
ALT00000471,TXN000042065,CUST001600,2026-03-23 16:09:24,54.0,Medium,ATM_CASHOUT,APPROVE,Closed,Fraud Ops - A,219
ALT00000472,TXN000011351,CUST000566,2026-03-23 18:01:08,83.7,High,ACCOUNT_TAKEOVER,CHALLENGE,Closed,Fraud Ops - B,105
ALT00000473,TXN000048634,CUST000869,2026-03-23 18:08:04,54.0,Medium,MULE_TRANSFER,APPROVE,Investigating,Fraud Ops - C,195
ALT00000474,TXN000024899,CUST000677,2026-03-24 01:47:42,71.0,Medium,NONE,CHALLENGE,Closed,Fraud Ops - C,123
ALT00000475,TXN000032787,CUST000177,2026-03-24 02:26:04,74.1,Medium,NONE,CHALLENGE,Investigating,Fraud Ops - C,79
ALT00000476,TXN000037345,CUST000163,2026-03-24 02:31:54,69.8,Medium,NONE,CHALLENGE,Open,Fraud Ops - C,169
ALT00000477,TXN000036501,CUST001469,2026-03-24 03:08:46,72.6,Medium,NONE,CHALLENGE,Open,Fraud Ops - A,140
ALT00000478,TXN000024620,CUST000796,2026-03-24 03:43:23,65.7,Medium,NONE,CHALLENGE,Closed,Fraud Ops - B,52
ALT00000479,TXN000003185,CUST000819,2026-03-24 03:49:33,66.3,Medium,NONE,CHALLENGE,Closed,Fraud Ops - C,218
ALT00000480,TXN000004861,CUST001118,2026-03-24 23:24:19,54.0,Medium,MERCHANT_COLLUSION,APPROVE,Open,Fraud Ops - A,220
ALT00000481,TXN000039898,CUST000034,2026-03-25 00:30:12,69.9,Medium,NONE,CHALLENGE,Investigating,Fraud Ops - C,9
ALT00000482,TXN000027552,CUST000271,2026-03-25 01:01:45,69.3,Medium,NONE,CHALLENGE,Open,Fraud Ops - C,28
ALT00000483,TXN000041820,CUST000145,2026-03-25 01:52:26,73.9,Medium,NONE,CHALLENGE,Open,Fraud Ops - A,30
ALT00000484,TXN000026247,CUST001217,2026-03-25 03:56:37,99,Critical,ACCOUNT_TAKEOVER,DECLINE,Open,Fraud Ops - A,206
ALT00000485,TXN000040095,CUST001988,2026-03-25 06:10:11,75.3,Medium,CARD_NOT_PRESENT,CHALLENGE,Open,Fraud Ops - A,177
ALT00000486,TXN000003084,CUST000840,2026-03-25 07:29:12,48.8,Medium,VELOCITY_ABUSE,APPROVE,Open,Fraud Ops - B,97
ALT00000487,TXN000017195,CUST000724,2026-03-25 08:31:17,63.5,Medium,VELOCITY_ABUSE,APPROVE,Open,Fraud Ops - A,75
ALT00000488,TXN000001441,CUST001046,2026-03-25 11:54:57,48.0,Medium,MULE_TRANSFER,APPROVE,Open,Fraud Ops - A,14
ALT00000489,TXN000022332,CUST000903,2026-03-25 15:30:10,56.0,Medium,ATM_CASHOUT,APPROVE,Investigating,Fraud Ops - A,235
ALT00000490,TXN000004002,CUST001555,2026-03-26 00:03:22,97.2,Critical,VELOCITY_ABUSE,DECLINE,Investigating,Fraud Ops - B,137
ALT00000491,TXN000015250,CUST001959,2026-03-26 00:51:11,69.1,Medium,NONE,CHALLENGE,Closed,Fraud Ops - B,163
ALT00000492,TXN000020376,CUST001395,2026-03-26 01:06:48,72.7,Medium,NONE,CHALLENGE,Closed,Fraud Ops - C,80
ALT00000493,TXN000029474,CUST000177,2026-03-26 01:21:26,76.3,Medium,NONE,CHALLENGE,Open,Fraud Ops - B,78
ALT00000494,TXN000033677,CUST000653,2026-03-26 01:55:42,74.1,Medium,NONE,CHALLENGE,Open,Fraud Ops - C,35
ALT00000495,TXN000009349,CUST001927,2026-03-26 01:57:22,66.5,Medium,NONE,CHALLENGE,Open,Fraud Ops - C,188
ALT00000496,TXN000038894,CUST001604,2026-03-26 02:15:03,67.4,Medium,NONE,CHALLENGE,Open,Fraud Ops - A,158
ALT00000497,TXN000033580,CUST000240,2026-03-26 02:30:04,72.4,Medium,NONE,CHALLENGE,Investigating,Fraud Ops - C,48
ALT00000498,TXN000022469,CUST001338,2026-03-26 02:53:57,97.4,Critical,CARD_NOT_PRESENT,DECLINE,Closed,Fraud Ops - C,189
ALT00000499,TXN000046601,CUST000621,2026-03-26 03:00:26,69.4,Medium,NONE,CHALLENGE,Closed,Fraud Ops - B,67
ALT00000500,TXN000001873,CUST001402,2026-03-26 04:06:06,66.2,Medium,NONE,CHALLENGE,Investigating,Fraud Ops - C,22
ALT00000501,TXN000032039,CUST000942,2026-03-26 14:11:38,70.2,Medium,CARD_NOT_PRESENT,CHALLENGE,Investigating,Fraud Ops - A,107
ALT00000502,TXN000016522,CUST000370,2026-03-26 14:44:24,50.0,Medium,MERCHANT_COLLUSION,APPROVE,Open,Fraud Ops - B,56
ALT00000503,TXN000005450,CUST001205,2026-03-26 15:49:02,67.9,Medium,CARD_NOT_PRESENT,CHALLENGE,Investigating,Fraud Ops - B,209
ALT00000504,TXN000046143,CUST001619,2026-03-26 22:34:38,48.0,Medium,CARD_TESTING,APPROVE,Open,Fraud Ops - C,128
ALT00000505,TXN000006449,CUST001306,2026-03-26 22:37:18,74.0,Medium,ATM_CASHOUT,CHALLENGE,Investigating,Fraud Ops - C,172
ALT00000506,TXN000036560,CUST001779,2026-03-27 00:36:18,71.6,Medium,NONE,CHALLENGE,Open,Fraud Ops - C,87
ALT00000507,TXN000048732,CUST001662,2026-03-27 01:35:40,65.2,Medium,NONE,CHALLENGE,Open,Fraud Ops - A,131
ALT00000508,TXN000008648,CUST000621,2026-03-27 01:58:09,73.4,Medium,NONE,CHALLENGE,Investigating,Fraud Ops - A,110
ALT00000509,TXN000018604,CUST001061,2026-03-27 02:25:31,74.0,Medium,ATM_CASHOUT,CHALLENGE,Open,Fraud Ops - A,15
ALT00000510,TXN000023294,CUST001823,2026-03-27 04:13:55,74.2,Medium,NONE,CHALLENGE,Open,Fraud Ops - C,23
ALT00000511,TXN000041907,CUST000679,2026-03-27 05:29:15,49.3,Medium,IMPOSSIBLE_TRAVEL,APPROVE,Open,Fraud Ops - B,87
ALT00000512,TXN000002973,CUST001421,2026-03-27 13:16:19,54.0,Medium,MERCHANT_COLLUSION,APPROVE,Investigating,Fraud Ops - B,54
ALT00000513,TXN000006715,CUST001779,2026-03-28 00:56:36,68.2,Medium,NONE,CHALLENGE,Open,Fraud Ops - C,201
ALT00000514,TXN000013928,CUST001782,2026-03-28 01:04:49,71.8,Medium,NONE,CHALLENGE,Investigating,Fraud Ops - A,53
ALT00000515,TXN000038630,CUST000067,2026-03-28 01:07:38,99,Critical,ACCOUNT_TAKEOVER,DECLINE,Open,Fraud Ops - A,210
ALT00000516,TXN000048366,CUST000065,2026-03-28 02:37:12,67.4,Medium,NONE,CHALLENGE,Closed,Fraud Ops - A,78
ALT00000517,TXN000016102,CUST000109,2026-03-28 03:30:50,70.0,Medium,NONE,CHALLENGE,Open,Fraud Ops - C,22
ALT00000518,TXN000002673,CUST000011,2026-03-28 03:57:15,71.0,Medium,NONE,CHALLENGE,Investigating,Fraud Ops - B,210
ALT00000519,TXN000041657,CUST000461,2026-03-28 04:04:23,65.6,Medium,NONE,CHALLENGE,Closed,Fraud Ops - A,175
ALT00000520,TXN000045624,CUST000246,2026-03-28 08:14:33,87.6,High,ACCOUNT_TAKEOVER,DECLINE,Closed,Fraud Ops - A,122
ALT00000521,TXN000000754,CUST001221,2026-03-28 08:51:18,49.8,Medium,VELOCITY_ABUSE,APPROVE,Investigating,Fraud Ops - A,116
ALT00000522,TXN000014412,CUST000253,2026-03-28 15:48:32,47.4,Medium,VELOCITY_ABUSE,APPROVE,Closed,Fraud Ops - C,31
ALT00000523,TXN000040963,CUST001321,2026-03-28 20:05:07,41.5,Medium,VELOCITY_ABUSE,APPROVE,Investigating,Fraud Ops - A,102
ALT00000524,TXN000048507,CUST001372,2026-03-29 02:36:30,72.1,Medium,IMPOSSIBLE_TRAVEL,CHALLENGE,Open,Fraud Ops - B,192
ALT00000525,TXN000008595,CUST000774,2026-03-29 03:52:33,69.2,Medium,NONE,CHALLENGE,Open,Fraud Ops - B,225
ALT00000526,TXN000039119,CUST001959,2026-03-29 04:08:57,69.8,Medium,NONE,CHALLENGE,Open,Fraud Ops - A,233
ALT00000527,TXN000004475,CUST001518,2026-03-29 05:01:43,65.0,Medium,IMPOSSIBLE_TRAVEL,CHALLENGE,Open,Fraud Ops - B,204
ALT00000528,TXN000027563,CUST001520,2026-03-29 06:52:25,56.0,Medium,MULE_TRANSFER,APPROVE,Open,Fraud Ops - B,237
ALT00000529,TXN000001368,CUST001819,2026-03-29 06:52:26,92.2,Critical,CARD_NOT_PRESENT,DECLINE,Investigating,Fraud Ops - C,56
ALT00000530,TXN000005390,CUST001048,2026-03-29 09:49:19,70.0,Medium,ATM_CASHOUT,CHALLENGE,Closed,Fraud Ops - C,166
ALT00000531,TXN000013204,CUST000868,2026-03-29 10:17:35,80.2,High,CARD_NOT_PRESENT,CHALLENGE,Investigating,Fraud Ops - A,92
ALT00000532,TXN000011376,CUST000564,2026-03-29 11:25:55,70.0,Medium,MERCHANT_COLLUSION,CHALLENGE,Investigating,Fraud Ops - B,28
ALT00000533,TXN000023890,CUST000815,2026-03-29 14:04:58,65.7,Medium,CARD_NOT_PRESENT,CHALLENGE,Open,Fraud Ops - B,57
ALT00000534,TXN000032764,CUST000515,2026-03-29 15:16:00,74.0,Medium,MERCHANT_COLLUSION,CHALLENGE,Investigating,Fraud Ops - C,41
ALT00000535,TXN000029234,CUST001068,2026-03-29 18:17:06,48.5,Medium,IMPOSSIBLE_TRAVEL,APPROVE,Open,Fraud Ops - C,229
ALT00000536,TXN000000377,CUST000274,2026-03-29 23:17:50,54.0,Medium,MERCHANT_COLLUSION,APPROVE,Closed,Fraud Ops - A,55
ALT00000537,TXN000035550,CUST000789,2026-03-30 00:58:11,97.6,Critical,ACCOUNT_TAKEOVER,DECLINE,Closed,Fraud Ops - B,183
ALT00000538,TXN000046517,CUST001597,2026-03-30 02:33:35,70.0,Medium,ATM_CASHOUT,CHALLENGE,Open,Fraud Ops - A,153
ALT00000539,TXN000017923,CUST001958,2026-03-30 02:54:10,71.5,Medium,NONE,CHALLENGE,Investigating,Fraud Ops - C,177
ALT00000540,TXN000014644,CUST001160,2026-03-30 03:30:49,73.5,Medium,NONE,CHALLENGE,Open,Fraud Ops - C,148
ALT00000541,TXN000003121,CUST000604,2026-03-30 03:47:54,76.5,Medium,NONE,CHALLENGE,Open,Fraud Ops - C,197
ALT00000542,TXN000015606,CUST001431,2026-03-30 04:04:02,68.0,Medium,NONE,CHALLENGE,Open,Fraud Ops - A,60
ALT00000543,TXN000042335,CUST000956,2026-03-30 04:44:31,66.2,Medium,NONE,CHALLENGE,Open,Fraud Ops - C,187
ALT00000544,TXN000022576,CUST000638,2026-03-30 12:45:57,66.1,Medium,VELOCITY_ABUSE,CHALLENGE,Open,Fraud Ops - A,173
ALT00000545,TXN000024556,CUST000172,2026-03-30 16:04:55,48.3,Medium,VELOCITY_ABUSE,APPROVE,Investigating,Fraud Ops - B,159
ALT00000546,TXN000012577,CUST000744,2026-03-30 16:47:30,54.0,Medium,ATM_CASHOUT,APPROVE,Open,Fraud Ops - C,222
ALT00000547,TXN000030509,CUST001146,2026-03-31 00:10:50,65.7,Medium,NONE,CHALLENGE,Closed,Fraud Ops - B,215
ALT00000548,TXN000000624,CUST001874,2026-03-31 00:46:34,68.5,Medium,NONE,CHALLENGE,Investigating,Fraud Ops - C,136
ALT00000549,TXN000001103,CUST001254,2026-03-31 01:02:04,65.1,Medium,NONE,CHALLENGE,Closed,Fraud Ops - B,231
ALT00000550,TXN000001199,CUST000232,2026-03-31 01:09:29,71.1,Medium,NONE,CHALLENGE,Closed,Fraud Ops - A,95
ALT00000551,TXN000004027,CUST001525,2026-03-31 04:31:07,69.9,Medium,NONE,CHALLENGE,Investigating,Fraud Ops - A,143
ALT00000552,TXN000028082,CUST000315,2026-03-31 05:50:29,56.0,Medium,MERCHANT_COLLUSION,APPROVE,Investigating,Fraud Ops - B,62
ALT00000553,TXN000041493,CUST001059,2026-03-31 06:55:55,97,Critical,CARD_NOT_PRESENT,DECLINE,Open,Fraud Ops - B,133
ALT00000554,TXN000024676,CUST000512,2026-03-31 07:13:39,48.3,Medium,CARD_TESTING,APPROVE,Open,Fraud Ops - A,191
ALT00000555,TXN000046457,CUST001662,2026-03-31 10:42:35,66.3,Medium,CARD_NOT_PRESENT,CHALLENGE,Open,Fraud Ops - C,44
ALT00000556,TXN000042921,CUST000673,2026-03-31 13:39:32,48.0,Medium,MERCHANT_COLLUSION,APPROVE,Investigating,Fraud Ops - A,7
ALT00000557,TXN000031623,CUST000118,2026-03-31 14:55:14,48.9,Medium,IMPOSSIBLE_TRAVEL,APPROVE,Closed,Fraud Ops - B,186
ALT00000558,TXN000005100,CUST001571,2026-03-31 21:13:42,48.0,Medium,ATM_CASHOUT,APPROVE,Open,Fraud Ops - A,233
ALT00000559,TXN000009222,CUST001067,2026-04-01 00:16:27,76.4,Medium,NONE,CHALLENGE,Closed,Fraud Ops - C,135
ALT00000560,TXN000046572,CUST000224,2026-04-01 00:49:04,66.4,Medium,NONE,CHALLENGE,Closed,Fraud Ops - B,77
ALT00000561,TXN000034035,CUST001481,2026-04-01 01:33:22,71.3,Medium,NONE,CHALLENGE,Closed,Fraud Ops - C,233
ALT00000562,TXN000013728,CUST001229,2026-04-01 02:28:01,68.5,Medium,NONE,CHALLENGE,Open,Fraud Ops - C,38
ALT00000563,TXN000036889,CUST000896,2026-04-01 03:40:16,67.5,Medium,NONE,CHALLENGE,Open,Fraud Ops - B,48
ALT00000564,TXN000016058,CUST000381,2026-04-01 03:57:00,70.1,Medium,NONE,CHALLENGE,Open,Fraud Ops - C,79
ALT00000565,TXN000036304,CUST001120,2026-04-01 04:04:19,67.3,Medium,NONE,CHALLENGE,Open,Fraud Ops - C,92
ALT00000566,TXN000048308,CUST001102,2026-04-01 12:05:37,87.0,High,CARD_NOT_PRESENT,DECLINE,Open,Fraud Ops - A,88
ALT00000567,TXN000026810,CUST000006,2026-04-01 12:32:22,48.8,Medium,VELOCITY_ABUSE,APPROVE,Open,Fraud Ops - A,239
ALT00000568,TXN000003126,CUST001380,2026-04-01 13:24:16,54.0,Medium,MERCHANT_COLLUSION,APPROVE,Open,Fraud Ops - C,82
ALT00000569,TXN000042952,CUST001755,2026-04-01 14:06:44,56.0,Medium,ATM_CASHOUT,APPROVE,Investigating,Fraud Ops - C,112
ALT00000570,TXN000020876,CUST001898,2026-04-01 14:58:17,58.0,Medium,VELOCITY_ABUSE,APPROVE,Investigating,Fraud Ops - C,122
ALT00000571,TXN000033729,CUST000153,2026-04-01 18:25:35,56.0,Medium,MERCHANT_COLLUSION,APPROVE,Closed,Fraud Ops - B,61
ALT00000572,TXN000000899,CUST001559,2026-04-01 23:57:38,52.0,Medium,VELOCITY_ABUSE,APPROVE,Open,Fraud Ops - B,25
ALT00000573,TXN000044618,CUST001854,2026-04-02 00:43:49,66.0,Medium,MERCHANT_COLLUSION,CHALLENGE,Open,Fraud Ops - A,128
ALT00000574,TXN000040306,CUST000429,2026-04-02 03:23:52,73.0,Medium,NONE,CHALLENGE,Open,Fraud Ops - C,102
ALT00000575,TXN000029383,CUST000862,2026-04-02 04:18:52,86.0,High,ATM_CASHOUT,DECLINE,Open,Fraud Ops - B,82
ALT00000576,TXN000024290,CUST001799,2026-04-02 06:54:03,71.2,Medium,IMPOSSIBLE_TRAVEL,CHALLENGE,Closed,Fraud Ops - B,39
ALT00000577,TXN000017221,CUST001493,2026-04-02 11:08:06,89.3,High,ACCOUNT_TAKEOVER,DECLINE,Open,Fraud Ops - B,7
ALT00000578,TXN000027697,CUST000376,2026-04-02 14:43:48,82.8,High,CARD_NOT_PRESENT,CHALLENGE,Investigating,Fraud Ops - B,231
ALT00000579,TXN000016178,CUST000796,2026-04-02 23:27:33,90.2,Critical,ACCOUNT_TAKEOVER,DECLINE,Closed,Fraud Ops - B,191
ALT00000580,TXN000025120,CUST000452,2026-04-02 23:53:40,52.0,Medium,MERCHANT_COLLUSION,APPROVE,Open,Fraud Ops - B,231
ALT00000581,TXN000035682,CUST000971,2026-04-03 02:57:51,99,Critical,CARD_NOT_PRESENT,DECLINE,Investigating,Fraud Ops - B,138
ALT00000582,TXN000011876,CUST000075,2026-04-03 07:26:17,54.0,Medium,ATM_CASHOUT,APPROVE,Investigating,Fraud Ops - C,169
ALT00000583,TXN000013274,CUST001759,2026-04-03 07:45:28,77.1,Medium,CARD_NOT_PRESENT,CHALLENGE,Open,Fraud Ops - B,182
ALT00000584,TXN000045605,CUST001072,2026-04-03 17:36:21,77.9,Medium,CARD_NOT_PRESENT,CHALLENGE,Open,Fraud Ops - B,74
ALT00000585,TXN000010409,CUST000533,2026-04-04 00:12:27,76.6,Medium,NONE,CHALLENGE,Open,Fraud Ops - B,84
ALT00000586,TXN000037152,CUST001294,2026-04-04 01:24:39,72.4,Medium,NONE,CHALLENGE,Open,Fraud Ops - B,214
ALT00000587,TXN000035159,CUST000410,2026-04-04 02:04:07,68.0,Medium,ATM_CASHOUT,CHALLENGE,Open,Fraud Ops - C,19
ALT00000588,TXN000049446,CUST000941,2026-04-04 04:14:24,69.6,Medium,VELOCITY_ABUSE,CHALLENGE,Investigating,Fraud Ops - B,184
ALT00000589,TXN000019864,CUST001577,2026-04-04 12:24:25,52.0,Medium,MULE_TRANSFER,APPROVE,Closed,Fraud Ops - A,91
ALT00000590,TXN000012226,CUST000288,2026-04-04 12:46:54,52.0,Medium,MULE_TRANSFER,APPROVE,Closed,Fraud Ops - A,101
ALT00000591,TXN000041028,CUST001864,2026-04-04 14:25:55,48.0,Medium,ATM_CASHOUT,APPROVE,Open,Fraud Ops - A,18
ALT00000592,TXN000017931,CUST001557,2026-04-04 15:49:36,50.0,Medium,ATM_CASHOUT,APPROVE,Open,Fraud Ops - B,6
ALT00000593,TXN000003608,CUST000377,2026-04-05 00:02:19,78.5,Medium,NONE,CHALLENGE,Open,Fraud Ops - C,217
ALT00000594,TXN000034375,CUST001423,2026-04-05 01:39:58,68.7,Medium,NONE,CHALLENGE,Open,Fraud Ops - A,233
ALT00000595,TXN000038108,CUST001438,2026-04-05 02:01:52,65.0,Medium,NONE,CHALLENGE,Investigating,Fraud Ops - A,162
ALT00000596,TXN000003510,CUST001376,2026-04-05 03:11:13,67.0,Medium,NONE,CHALLENGE,Closed,Fraud Ops - C,42
ALT00000597,TXN000006374,CUST000200,2026-04-05 05:35:56,56.0,Medium,ATM_CASHOUT,APPROVE,Open,Fraud Ops - B,208
ALT00000598,TXN000022495,CUST001094,2026-04-05 07:05:20,99,Critical,ACCOUNT_TAKEOVER,DECLINE,Open,Fraud Ops - C,85
ALT00000599,TXN000015192,CUST000766,2026-04-05 08:58:07,68.0,Medium,VELOCITY_ABUSE,CHALLENGE,Open,Fraud Ops - A,169
ALT00000600,TXN000033332,CUST000017,2026-04-05 12:16:34,93.8,Critical,ACCOUNT_TAKEOVER,DECLINE,Investigating,Fraud Ops - C,82
ALT00000601,TXN000023025,CUST001756,2026-04-06 00:33:00,65.2,Medium,NONE,CHALLENGE,Investigating,Fraud Ops - C,232
ALT00000602,TXN000010728,CUST001699,2026-04-06 00:33:38,74.3,Medium,NONE,CHALLENGE,Open,Fraud Ops - C,127
ALT00000603,TXN000038336,CUST001729,2026-04-06 01:32:32,86.0,High,MERCHANT_COLLUSION,DECLINE,Open,Fraud Ops - B,220
ALT00000604,TXN000026843,CUST000473,2026-04-06 03:24:43,65.0,Medium,NONE,CHALLENGE,Investigating,Fraud Ops - B,191
ALT00000605,TXN000001776,CUST000377,2026-04-06 03:52:03,67.3,Medium,NONE,CHALLENGE,Investigating,Fraud Ops - A,39
ALT00000606,TXN000027286,CUST001276,2026-04-06 04:30:11,69.9,Medium,NONE,CHALLENGE,Open,Fraud Ops - A,236
ALT00000607,TXN000039510,CUST000305,2026-04-06 04:43:16,66.0,Medium,MERCHANT_COLLUSION,CHALLENGE,Open,Fraud Ops - A,46
ALT00000608,TXN000040713,CUST000611,2026-04-06 12:28:12,52.0,Medium,ATM_CASHOUT,APPROVE,Investigating,Fraud Ops - A,83
ALT00000609,TXN000002070,CUST000613,2026-04-06 16:36:05,49.5,Medium,CARD_TESTING,APPROVE,Open,Fraud Ops - A,7
ALT00000610,TXN000039254,CUST000254,2026-04-07 00:00:39,72.0,Medium,ATM_CASHOUT,CHALLENGE,Open,Fraud Ops - C,16
ALT00000611,TXN000035418,CUST001102,2026-04-07 00:11:30,65.8,Medium,NONE,CHALLENGE,Closed,Fraud Ops - C,60
ALT00000612,TXN000010896,CUST000134,2026-04-07 00:40:37,65.2,Medium,NONE,CHALLENGE,Open,Fraud Ops - B,53
ALT00000613,TXN000028389,CUST001701,2026-04-07 00:53:38,78.4,Medium,NONE,CHALLENGE,Investigating,Fraud Ops - B,75
ALT00000614,TXN000036748,CUST001799,2026-04-07 00:57:58,99,Critical,CARD_NOT_PRESENT,DECLINE,Open,Fraud Ops - C,108
ALT00000615,TXN000032259,CUST000034,2026-04-07 02:08:25,65.6,Medium,NONE,CHALLENGE,Closed,Fraud Ops - A,87
ALT00000616,TXN000001994,CUST000606,2026-04-07 02:36:50,94.0,Critical,MULE_TRANSFER,DECLINE,Closed,Fraud Ops - C,45
ALT00000617,TXN000040002,CUST000286,2026-04-07 03:29:11,65.4,Medium,NONE,CHALLENGE,Investigating,Fraud Ops - C,195
ALT00000618,TXN000013040,CUST001139,2026-04-07 04:43:50,92.0,Critical,ATM_CASHOUT,DECLINE,Closed,Fraud Ops - A,8
ALT00000619,TXN000048455,CUST000682,2026-04-07 12:19:45,48.3,Medium,CARD_TESTING,APPROVE,Closed,Fraud Ops - C,45
ALT00000620,TXN000046125,CUST001562,2026-04-08 01:36:43,70.6,Medium,NONE,CHALLENGE,Investigating,Fraud Ops - C,98
ALT00000621,TXN000046393,CUST000590,2026-04-08 01:36:46,72.0,Medium,NONE,CHALLENGE,Open,Fraud Ops - C,25
ALT00000622,TXN000021430,CUST001048,2026-04-08 03:17:38,67.2,Medium,NONE,CHALLENGE,Closed,Fraud Ops - B,119
ALT00000623,TXN000015801,CUST000677,2026-04-08 04:01:29,65.1,Medium,NONE,CHALLENGE,Open,Fraud Ops - B,32
ALT00000624,TXN000018088,CUST000350,2026-04-08 04:29:45,68.3,Medium,NONE,CHALLENGE,Closed,Fraud Ops - B,8
ALT00000625,TXN000037993,CUST000024,2026-04-08 20:06:06,68.0,Medium,ATM_CASHOUT,CHALLENGE,Open,Fraud Ops - B,34
ALT00000626,TXN000013476,CUST000338,2026-04-09 00:02:51,75.0,Medium,NONE,CHALLENGE,Open,Fraud Ops - C,141
ALT00000627,TXN000039090,CUST001254,2026-04-09 01:01:28,70.4,Medium,NONE,CHALLENGE,Open,Fraud Ops - C,146
ALT00000628,TXN000036020,CUST001633,2026-04-09 01:08:47,72.8,Medium,NONE,CHALLENGE,Open,Fraud Ops - C,163
ALT00000629,TXN000000848,CUST000139,2026-04-09 01:12:52,78.3,Medium,NONE,CHALLENGE,Open,Fraud Ops - C,98
ALT00000630,TXN000017961,CUST001689,2026-04-09 02:04:30,69.4,Medium,NONE,CHALLENGE,Open,Fraud Ops - B,88
ALT00000631,TXN000009374,CUST001313,2026-04-09 02:19:24,68.0,Medium,NONE,CHALLENGE,Closed,Fraud Ops - A,212
ALT00000632,TXN000002680,CUST001662,2026-04-09 02:44:38,69.4,Medium,NONE,CHALLENGE,Open,Fraud Ops - C,215
ALT00000633,TXN000040535,CUST001461,2026-04-09 03:08:25,68.1,Medium,NONE,CHALLENGE,Closed,Fraud Ops - A,206
ALT00000634,TXN000037129,CUST000085,2026-04-09 03:11:45,72.1,Medium,NONE,CHALLENGE,Open,Fraud Ops - C,230
ALT00000635,TXN000011981,CUST001782,2026-04-09 03:21:54,74.9,Medium,NONE,CHALLENGE,Open,Fraud Ops - A,112
ALT00000636,TXN000018339,CUST000391,2026-04-09 04:53:53,70.2,Medium,NONE,CHALLENGE,Open,Fraud Ops - C,46
ALT00000637,TXN000010311,CUST000523,2026-04-09 11:05:33,89.4,High,ACCOUNT_TAKEOVER,DECLINE,Open,Fraud Ops - B,161
ALT00000638,TXN000024171,CUST000692,2026-04-09 15:12:34,49.3,Medium,VELOCITY_ABUSE,APPROVE,Investigating,Fraud Ops - A,229
ALT00000639,TXN000008192,CUST000623,2026-04-09 20:56:27,40.1,Medium,CARD_TESTING,APPROVE,Open,Fraud Ops - B,48
ALT00000640,TXN000037842,CUST001141,2026-04-10 00:09:10,70.3,Medium,NONE,CHALLENGE,Investigating,Fraud Ops - B,58
ALT00000641,TXN000029064,CUST001725,2026-04-10 00:11:14,67.8,Medium,NONE,CHALLENGE,Closed,Fraud Ops - A,46
ALT00000642,TXN000047611,CUST000349,2026-04-10 00:50:09,67.4,Medium,NONE,CHALLENGE,Closed,Fraud Ops - B,79
ALT00000643,TXN000047658,CUST001361,2026-04-10 01:47:49,90.0,Critical,ATM_CASHOUT,DECLINE,Investigating,Fraud Ops - B,103
ALT00000644,TXN000045057,CUST001481,2026-04-10 02:41:44,78.3,Medium,NONE,CHALLENGE,Open,Fraud Ops - B,129
ALT00000645,TXN000030130,CUST000582,2026-04-10 07:03:02,50.0,Medium,MULE_TRANSFER,APPROVE,Investigating,Fraud Ops - B,81
ALT00000646,TXN000018199,CUST000978,2026-04-10 10:09:57,60.0,Medium,VELOCITY_ABUSE,APPROVE,Investigating,Fraud Ops - A,72
ALT00000647,TXN000019843,CUST001481,2026-04-10 13:34:55,52.0,Medium,MERCHANT_COLLUSION,APPROVE,Open,Fraud Ops - C,188
ALT00000648,TXN000001481,CUST001490,2026-04-10 21:07:10,91.2,Critical,ACCOUNT_TAKEOVER,DECLINE,Open,Fraud Ops - A,234
ALT00000649,TXN000011926,CUST000646,2026-04-10 23:13:00,99,Critical,ACCOUNT_TAKEOVER,DECLINE,Investigating,Fraud Ops - B,190
ALT00000650,TXN000029100,CUST001432,2026-04-10 23:28:11,48.0,Medium,MERCHANT_COLLUSION,APPROVE,Closed,Fraud Ops - A,224
ALT00000651,TXN000012617,CUST000889,2026-04-11 00:08:26,69.2,Medium,NONE,CHALLENGE,Open,Fraud Ops - A,81
ALT00000652,TXN000021634,CUST000180,2026-04-11 02:33:07,74.0,Medium,ATM_CASHOUT,CHALLENGE,Investigating,Fraud Ops - C,210
ALT00000653,TXN000037215,CUST001874,2026-04-11 04:11:08,77.4,Medium,NONE,CHALLENGE,Investigating,Fraud Ops - A,84
ALT00000654,TXN000048792,CUST001683,2026-04-11 04:19:03,73.8,Medium,NONE,CHALLENGE,Closed,Fraud Ops - B,71
ALT00000655,TXN000025949,CUST000614,2026-04-11 04:40:01,71.5,Medium,NONE,CHALLENGE,Investigating,Fraud Ops - A,26
ALT00000656,TXN000002164,CUST001893,2026-04-11 08:41:29,43.6,Medium,IMPOSSIBLE_TRAVEL,APPROVE,Investigating,Fraud Ops - B,154
ALT00000657,TXN000017176,CUST001550,2026-04-11 18:55:53,54.0,Medium,MULE_TRANSFER,APPROVE,Closed,Fraud Ops - C,62
ALT00000658,TXN000031582,CUST000407,2026-04-12 00:32:18,66.0,Medium,NONE,CHALLENGE,Investigating,Fraud Ops - B,148
ALT00000659,TXN000033096,CUST001992,2026-04-12 04:00:01,65.9,Medium,NONE,CHALLENGE,Open,Fraud Ops - C,210
ALT00000660,TXN000018750,CUST000949,2026-04-12 04:25:44,69.4,Medium,NONE,CHALLENGE,Investigating,Fraud Ops - B,10
ALT00000661,TXN000009718,CUST001449,2026-04-12 04:50:00,66.8,Medium,NONE,CHALLENGE,Open,Fraud Ops - B,211
ALT00000662,TXN000036754,CUST001480,2026-04-12 05:06:56,81.8,High,IMPOSSIBLE_TRAVEL,CHALLENGE,Open,Fraud Ops - A,43
ALT00000663,TXN000026414,CUST000443,2026-04-12 08:20:18,48.0,Medium,MULE_TRANSFER,APPROVE,Open,Fraud Ops - C,44
ALT00000664,TXN000031226,CUST000148,2026-04-12 10:49:54,68.0,Medium,VELOCITY_ABUSE,CHALLENGE,Closed,Fraud Ops - B,38
ALT00000665,TXN000018067,CUST000921,2026-04-12 11:56:04,74.0,Medium,MULE_TRANSFER,CHALLENGE,Closed,Fraud Ops - C,222
ALT00000666,TXN000001629,CUST001848,2026-04-12 17:44:03,54.0,Medium,MERCHANT_COLLUSION,APPROVE,Open,Fraud Ops - C,21
ALT00000667,TXN000017068,CUST001520,2026-04-12 17:44:04,56.0,Medium,MULE_TRANSFER,APPROVE,Open,Fraud Ops - A,111
ALT00000668,TXN000040498,CUST001191,2026-04-13 00:16:23,99,Critical,CARD_NOT_PRESENT,DECLINE,Investigating,Fraud Ops - A,134
ALT00000669,TXN000001486,CUST000821,2026-04-13 00:57:24,67.4,Medium,NONE,CHALLENGE,Closed,Fraud Ops - C,222
ALT00000670,TXN000018169,CUST000803,2026-04-13 02:40:46,65.6,Medium,NONE,CHALLENGE,Open,Fraud Ops - C,131
ALT00000671,TXN000013109,CUST000141,2026-04-13 03:27:03,70.7,Medium,NONE,CHALLENGE,Closed,Fraud Ops - A,152
ALT00000672,TXN000045819,CUST001758,2026-04-13 03:48:04,68.8,Medium,NONE,CHALLENGE,Investigating,Fraud Ops - B,122
ALT00000673,TXN000030249,CUST000212,2026-04-13 06:44:16,48.1,Medium,CARD_TESTING,APPROVE,Open,Fraud Ops - A,73
ALT00000674,TXN000016867,CUST000485,2026-04-13 13:05:45,88.8,High,ACCOUNT_TAKEOVER,DECLINE,Closed,Fraud Ops - C,146
ALT00000675,TXN000010282,CUST001798,2026-04-13 16:49:02,48.0,Medium,MERCHANT_COLLUSION,APPROVE,Open,Fraud Ops - B,224
ALT00000676,TXN000001485,CUST001317,2026-04-13 19:18:25,40.3,Medium,CARD_TESTING,APPROVE,Open,Fraud Ops - B,122
ALT00000677,TXN000034812,CUST000286,2026-04-14 00:20:09,86.0,High,MULE_TRANSFER,DECLINE,Open,Fraud Ops - A,126
ALT00000678,TXN000025415,CUST001776,2026-04-14 02:47:07,74.7,Medium,NONE,CHALLENGE,Open,Fraud Ops - A,36
ALT00000679,TXN000035332,CUST001507,2026-04-14 03:37:09,73.9,Medium,NONE,CHALLENGE,Open,Fraud Ops - C,81
ALT00000680,TXN000035250,CUST000409,2026-04-14 03:39:36,74.8,Medium,NONE,CHALLENGE,Investigating,Fraud Ops - C,72
ALT00000681,TXN000030464,CUST001902,2026-04-14 16:30:17,76.4,Medium,CARD_NOT_PRESENT,CHALLENGE,Investigating,Fraud Ops - C,196
ALT00000682,TXN000000714,CUST001278,2026-04-14 23:34:21,48.0,Medium,CARD_TESTING,APPROVE,Investigating,Fraud Ops - A,190
ALT00000683,TXN000040186,CUST001036,2026-04-15 00:15:13,70.4,Medium,NONE,CHALLENGE,Open,Fraud Ops - B,117
ALT00000684,TXN000002277,CUST001782,2026-04-15 00:24:35,71.0,Medium,NONE,CHALLENGE,Investigating,Fraud Ops - B,201
ALT00000685,TXN000005505,CUST000500,2026-04-15 01:39:28,65.5,Medium,NONE,CHALLENGE,Investigating,Fraud Ops - C,100
ALT00000686,TXN000026771,CUST000105,2026-04-15 01:56:30,76.2,Medium,NONE,CHALLENGE,Investigating,Fraud Ops - B,202
ALT00000687,TXN000022635,CUST001922,2026-04-15 02:27:46,70.2,Medium,NONE,CHALLENGE,Investigating,Fraud Ops - B,192
ALT00000688,TXN000002467,CUST000500,2026-04-15 03:21:01,66.0,Medium,IMPOSSIBLE_TRAVEL,CHALLENGE,Investigating,Fraud Ops - C,104
ALT00000689,TXN000039846,CUST001957,2026-04-15 04:15:23,94.0,Critical,ATM_CASHOUT,DECLINE,Open,Fraud Ops - A,27
ALT00000690,TXN000046844,CUST000934,2026-04-15 04:27:16,71.9,Medium,NONE,CHALLENGE,Closed,Fraud Ops - C,60
ALT00000691,TXN000025278,CUST000407,2026-04-16 00:18:35,73.6,Medium,NONE,CHALLENGE,Open,Fraud Ops - C,92
ALT00000692,TXN000030009,CUST001944,2026-04-16 00:35:47,67.1,Medium,NONE,CHALLENGE,Open,Fraud Ops - A,205
ALT00000693,TXN000005332,CUST001158,2026-04-16 00:44:25,69.3,Medium,NONE,CHALLENGE,Closed,Fraud Ops - C,6
ALT00000694,TXN000037377,CUST000261,2026-04-16 02:13:40,70.8,Medium,NONE,CHALLENGE,Open,Fraud Ops - A,228
ALT00000695,TXN000027213,CUST000407,2026-04-16 02:50:31,67.2,Medium,NONE,CHALLENGE,Open,Fraud Ops - B,106
ALT00000696,TXN000003729,CUST001367,2026-04-16 06:01:59,49.2,Medium,CARD_TESTING,APPROVE,Closed,Fraud Ops - C,196
ALT00000697,TXN000005349,CUST000652,2026-04-16 10:46:20,74.9,Medium,IMPOSSIBLE_TRAVEL,CHALLENGE,Closed,Fraud Ops - C,198
ALT00000698,TXN000045021,CUST001949,2026-04-16 16:47:09,69.3,Medium,CARD_NOT_PRESENT,CHALLENGE,Investigating,Fraud Ops - B,167
ALT00000699,TXN000035872,CUST000588,2026-04-16 17:11:49,45.4,Medium,VELOCITY_ABUSE,APPROVE,Open,Fraud Ops - C,78
ALT00000700,TXN000008568,CUST001234,2026-04-17 00:54:53,74.0,Medium,MULE_TRANSFER,CHALLENGE,Closed,Fraud Ops - A,165
ALT00000701,TXN000035071,CUST000513,2026-04-17 00:58:42,66.8,Medium,NONE,CHALLENGE,Investigating,Fraud Ops - C,225
ALT00000702,TXN000036383,CUST001275,2026-04-17 01:32:43,66.7,Medium,NONE,CHALLENGE,Investigating,Fraud Ops - B,16
ALT00000703,TXN000048801,CUST001907,2026-04-17 02:51:27,70.7,Medium,NONE,CHALLENGE,Closed,Fraud Ops - C,31
ALT00000704,TXN000002960,CUST000220,2026-04-17 04:49:20,67.6,Medium,NONE,CHALLENGE,Open,Fraud Ops - B,45
ALT00000705,TXN000049186,CUST001921,2026-04-17 08:42:01,93.3,Critical,ACCOUNT_TAKEOVER,DECLINE,Investigating,Fraud Ops - C,203
ALT00000706,TXN000025496,CUST001161,2026-04-17 09:26:47,58.2,Medium,CARD_NOT_PRESENT,APPROVE,Open,Fraud Ops - A,193
ALT00000707,TXN000001239,CUST000122,2026-04-17 09:48:17,52.0,Medium,ATM_CASHOUT,APPROVE,Investigating,Fraud Ops - B,194
ALT00000708,TXN000017975,CUST000976,2026-04-17 12:27:56,60.7,Medium,IMPOSSIBLE_TRAVEL,APPROVE,Investigating,Fraud Ops - B,53
ALT00000709,TXN000028262,CUST000144,2026-04-17 13:08:09,68.0,Medium,ATM_CASHOUT,CHALLENGE,Closed,Fraud Ops - B,142
ALT00000710,TXN000010531,CUST001317,2026-04-17 13:56:29,83.7,High,ACCOUNT_TAKEOVER,CHALLENGE,Open,Fraud Ops - C,94
ALT00000711,TXN000030414,CUST001940,2026-04-17 17:40:56,52.0,Medium,MULE_TRANSFER,APPROVE,Open,Fraud Ops - B,112
ALT00000712,TXN000000314,CUST001908,2026-04-18 01:57:36,67.9,Medium,NONE,CHALLENGE,Closed,Fraud Ops - C,96
ALT00000713,TXN000042494,CUST001348,2026-04-18 03:31:52,68.7,Medium,NONE,CHALLENGE,Open,Fraud Ops - B,225
ALT00000714,TXN000045719,CUST001552,2026-04-18 04:49:55,69.1,Medium,NONE,CHALLENGE,Closed,Fraud Ops - B,20
ALT00000715,TXN000020655,CUST000468,2026-04-18 04:54:59,74.2,Medium,NONE,CHALLENGE,Open,Fraud Ops - A,84
ALT00000716,TXN000023269,CUST000527,2026-04-18 09:16:55,82.7,High,ACCOUNT_TAKEOVER,CHALLENGE,Open,Fraud Ops - A,58
ALT00000717,TXN000023531,CUST000637,2026-04-18 11:05:12,63.5,Medium,IMPOSSIBLE_TRAVEL,APPROVE,Investigating,Fraud Ops - C,167
ALT00000718,TXN000031638,CUST001767,2026-04-18 23:54:44,48.4,Medium,CARD_TESTING,APPROVE,Open,Fraud Ops - B,93
ALT00000719,TXN000036370,CUST001309,2026-04-19 00:15:17,65.7,Medium,NONE,CHALLENGE,Investigating,Fraud Ops - A,231
ALT00000720,TXN000013074,CUST000949,2026-04-19 00:37:51,66.8,Medium,NONE,CHALLENGE,Investigating,Fraud Ops - B,208
ALT00000721,TXN000045987,CUST001709,2026-04-19 00:44:54,78.0,Medium,NONE,CHALLENGE,Open,Fraud Ops - A,47
ALT00000722,TXN000035799,CUST001712,2026-04-19 02:24:59,65.4,Medium,NONE,CHALLENGE,Investigating,Fraud Ops - A,25
ALT00000723,TXN000011912,CUST000798,2026-04-19 02:32:35,69.2,Medium,NONE,CHALLENGE,Open,Fraud Ops - B,225
ALT00000724,TXN000004208,CUST001415,2026-04-19 02:44:51,65.1,Medium,NONE,CHALLENGE,Open,Fraud Ops - A,99
ALT00000725,TXN000001119,CUST000935,2026-04-19 03:12:00,74.3,Medium,NONE,CHALLENGE,Open,Fraud Ops - C,19
ALT00000726,TXN000020880,CUST000724,2026-04-19 13:39:06,89.0,High,ACCOUNT_TAKEOVER,DECLINE,Open,Fraud Ops - C,31
ALT00000727,TXN000039345,CUST000354,2026-04-19 19:05:15,70.0,Medium,ATM_CASHOUT,CHALLENGE,Open,Fraud Ops - C,222
ALT00000728,TXN000045510,CUST000699,2026-04-19 21:17:32,38.6,Medium,CARD_TESTING,APPROVE,Investigating,Fraud Ops - B,36
ALT00000729,TXN000033152,CUST000626,2026-04-19 21:34:12,97.0,Critical,ACCOUNT_TAKEOVER,DECLINE,Open,Fraud Ops - B,223
ALT00000730,TXN000012174,CUST001396,2026-04-19 21:38:18,56.0,Medium,MULE_TRANSFER,APPROVE,Closed,Fraud Ops - C,33
ALT00000731,TXN000001063,CUST001645,2026-04-19 23:39:15,56.0,Medium,MULE_TRANSFER,APPROVE,Open,Fraud Ops - C,43
ALT00000732,TXN000033470,CUST001068,2026-04-20 00:38:37,70.0,Medium,ATM_CASHOUT,CHALLENGE,Open,Fraud Ops - A,200
ALT00000733,TXN000020511,CUST000725,2026-04-20 00:43:48,65.6,Medium,NONE,CHALLENGE,Investigating,Fraud Ops - B,94
ALT00000734,TXN000015888,CUST000612,2026-04-20 01:09:04,66.2,Medium,NONE,CHALLENGE,Investigating,Fraud Ops - B,238
ALT00000735,TXN000011736,CUST001903,2026-04-20 02:13:21,70.1,Medium,NONE,CHALLENGE,Closed,Fraud Ops - B,70
ALT00000736,TXN000016609,CUST000335,2026-04-20 08:05:51,95,Critical,ACCOUNT_TAKEOVER,DECLINE,Open,Fraud Ops - B,71
ALT00000737,TXN000016411,CUST001335,2026-04-20 13:22:18,94.9,Critical,CARD_NOT_PRESENT,DECLINE,Closed,Fraud Ops - B,25
ALT00000738,TXN000016726,CUST001677,2026-04-20 13:41:09,93.2,Critical,ACCOUNT_TAKEOVER,DECLINE,Open,Fraud Ops - B,91
ALT00000739,TXN000018111,CUST001426,2026-04-20 14:12:02,48.0,Medium,CARD_TESTING,APPROVE,Open,Fraud Ops - B,82
ALT00000740,TXN000000107,CUST000638,2026-04-21 02:32:48,71.7,Medium,NONE,CHALLENGE,Open,Fraud Ops - B,202
ALT00000741,TXN000043231,CUST000703,2026-04-21 02:48:03,72.0,Medium,ATM_CASHOUT,CHALLENGE,Investigating,Fraud Ops - C,216
ALT00000742,TXN000007827,CUST001282,2026-04-21 03:10:03,74.0,Medium,ATM_CASHOUT,CHALLENGE,Open,Fraud Ops - B,92
ALT00000743,TXN000014975,CUST000822,2026-04-21 10:43:19,86.9,High,ACCOUNT_TAKEOVER,DECLINE,Open,Fraud Ops - A,148
ALT00000744,TXN000001946,CUST001090,2026-04-21 21:44:56,48.5,Medium,CARD_TESTING,APPROVE,Open,Fraud Ops - C,44
ALT00000745,TXN000034999,CUST000520,2026-04-22 00:00:45,71.9,Medium,NONE,CHALLENGE,Open,Fraud Ops - B,155
ALT00000746,TXN000007853,CUST001758,2026-04-22 00:04:49,75.3,Medium,NONE,CHALLENGE,Open,Fraud Ops - C,82
ALT00000747,TXN000013328,CUST001789,2026-04-22 02:40:05,75.2,Medium,NONE,CHALLENGE,Open,Fraud Ops - A,14
ALT00000748,TXN000015831,CUST000696,2026-04-22 04:01:15,69.6,Medium,NONE,CHALLENGE,Investigating,Fraud Ops - A,197
ALT00000749,TXN000018797,CUST001875,2026-04-22 04:08:49,68.8,Medium,NONE,CHALLENGE,Investigating,Fraud Ops - B,181
ALT00000750,TXN000020950,CUST000965,2026-04-22 04:19:57,76.2,Medium,NONE,CHALLENGE,Open,Fraud Ops - A,210
ALT00000751,TXN000037970,CUST000995,2026-04-22 14:08:16,48.0,Medium,CARD_TESTING,APPROVE,Closed,Fraud Ops - A,70
ALT00000752,TXN000022673,CUST000020,2026-04-22 16:50:49,70.0,Medium,MERCHANT_COLLUSION,CHALLENGE,Open,Fraud Ops - C,56
ALT00000753,TXN000030558,CUST000600,2026-04-22 23:14:26,66.4,Medium,CARD_NOT_PRESENT,CHALLENGE,Open,Fraud Ops - B,168
ALT00000754,TXN000038152,CUST000778,2026-04-23 00:02:32,93.5,Critical,CARD_NOT_PRESENT,DECLINE,Closed,Fraud Ops - B,50
ALT00000755,TXN000003459,CUST000806,2026-04-23 00:09:31,69.9,Medium,NONE,CHALLENGE,Closed,Fraud Ops - B,198
ALT00000756,TXN000020995,CUST000328,2026-04-23 02:24:09,70.6,Medium,NONE,CHALLENGE,Closed,Fraud Ops - A,135
ALT00000757,TXN000001411,CUST000296,2026-04-23 03:02:08,92.0,Critical,MULE_TRANSFER,DECLINE,Open,Fraud Ops - C,109
ALT00000758,TXN000036534,CUST001819,2026-04-23 07:56:30,54.8,Medium,VELOCITY_ABUSE,APPROVE,Investigating,Fraud Ops - A,5
ALT00000759,TXN000029069,CUST001688,2026-04-23 19:32:58,48.0,Medium,MULE_TRANSFER,APPROVE,Closed,Fraud Ops - A,22
ALT00000760,TXN000040688,CUST000285,2026-04-24 00:32:58,67.8,Medium,NONE,CHALLENGE,Investigating,Fraud Ops - C,90
ALT00000761,TXN000044038,CUST001141,2026-04-24 01:05:05,69.8,Medium,NONE,CHALLENGE,Investigating,Fraud Ops - B,62
ALT00000762,TXN000001723,CUST001831,2026-04-24 01:13:30,66.0,Medium,MULE_TRANSFER,CHALLENGE,Open,Fraud Ops - C,8
ALT00000763,TXN000024450,CUST001413,2026-04-24 01:19:37,67.5,Medium,NONE,CHALLENGE,Open,Fraud Ops - C,158
ALT00000764,TXN000034159,CUST000338,2026-04-24 01:55:05,66.9,Medium,NONE,CHALLENGE,Open,Fraud Ops - C,125
ALT00000765,TXN000043430,CUST001399,2026-04-24 02:06:13,67.2,Medium,NONE,CHALLENGE,Open,Fraud Ops - A,174
ALT00000766,TXN000024962,CUST001036,2026-04-24 02:24:29,67.8,Medium,NONE,CHALLENGE,Investigating,Fraud Ops - A,184
ALT00000767,TXN000006479,CUST000031,2026-04-24 02:48:01,68.4,Medium,NONE,CHALLENGE,Open,Fraud Ops - A,195
ALT00000768,TXN000013405,CUST001220,2026-04-24 03:27:00,74.3,Medium,NONE,CHALLENGE,Investigating,Fraud Ops - A,117
ALT00000769,TXN000043451,CUST000409,2026-04-24 03:29:23,69.0,Medium,NONE,CHALLENGE,Closed,Fraud Ops - C,194
ALT00000770,TXN000016019,CUST001974,2026-04-24 07:51:10,70.4,Medium,IMPOSSIBLE_TRAVEL,CHALLENGE,Open,Fraud Ops - A,198
ALT00000771,TXN000008100,CUST000130,2026-04-24 13:49:06,54.6,Medium,VELOCITY_ABUSE,APPROVE,Closed,Fraud Ops - B,127
ALT00000772,TXN000013277,CUST000106,2026-04-24 14:22:26,74.0,Medium,IMPOSSIBLE_TRAVEL,CHALLENGE,Closed,Fraud Ops - B,231
ALT00000773,TXN000013514,CUST001274,2026-04-24 17:46:10,70.0,Medium,ATM_CASHOUT,CHALLENGE,Open,Fraud Ops - A,174
ALT00000774,TXN000003145,CUST001084,2026-04-24 18:36:11,64.2,Medium,CARD_TESTING,APPROVE,Open,Fraud Ops - B,225
ALT00000775,TXN000023151,CUST000162,2026-04-24 22:12:24,48.1,Medium,CARD_TESTING,APPROVE,Closed,Fraud Ops - A,100
ALT00000776,TXN000028187,CUST001257,2026-04-25 00:04:22,69.6,Medium,NONE,CHALLENGE,Closed,Fraud Ops - B,220
ALT00000777,TXN000000446,CUST000606,2026-04-25 02:07:54,68.6,Medium,NONE,CHALLENGE,Closed,Fraud Ops - C,114
ALT00000778,TXN000003306,CUST000223,2026-04-25 02:16:22,68.4,Medium,VELOCITY_ABUSE,CHALLENGE,Open,Fraud Ops - C,84
ALT00000779,TXN000032804,CUST001038,2026-04-25 02:33:57,71.4,Medium,NONE,CHALLENGE,Open,Fraud Ops - B,198
ALT00000780,TXN000029772,CUST000944,2026-04-25 03:12:25,70.9,Medium,NONE,CHALLENGE,Closed,Fraud Ops - B,44
ALT00000781,TXN000019019,CUST000159,2026-04-25 03:53:08,75.5,Medium,NONE,CHALLENGE,Investigating,Fraud Ops - A,177
ALT00000782,TXN000049800,CUST000508,2026-04-25 08:12:31,50.0,Medium,MERCHANT_COLLUSION,APPROVE,Investigating,Fraud Ops - C,123
ALT00000783,TXN000007233,CUST001901,2026-04-25 23:46:04,46.8,Medium,VELOCITY_ABUSE,APPROVE,Closed,Fraud Ops - A,152
ALT00000784,TXN000000297,CUST000446,2026-04-26 00:12:25,71.6,Medium,NONE,CHALLENGE,Open,Fraud Ops - B,130
ALT00000785,TXN000006393,CUST000880,2026-04-26 02:02:57,71.7,Medium,NONE,CHALLENGE,Open,Fraud Ops - B,200
ALT00000786,TXN000046766,CUST000067,2026-04-26 15:05:57,99,Critical,ACCOUNT_TAKEOVER,DECLINE,Investigating,Fraud Ops - A,36
ALT00000787,TXN000022646,CUST001139,2026-04-26 17:12:51,72.0,Medium,MERCHANT_COLLUSION,CHALLENGE,Open,Fraud Ops - C,168
ALT00000788,TXN000039788,CUST001536,2026-04-26 21:03:07,56.0,Medium,MERCHANT_COLLUSION,APPROVE,Investigating,Fraud Ops - A,44
ALT00000789,TXN000026560,CUST000853,2026-04-27 00:04:18,70.4,Medium,NONE,CHALLENGE,Open,Fraud Ops - C,186
ALT00000790,TXN000006149,CUST000011,2026-04-27 01:23:15,73.2,Medium,NONE,CHALLENGE,Closed,Fraud Ops - A,229
ALT00000791,TXN000026775,CUST000807,2026-04-27 02:11:16,68.1,Medium,NONE,CHALLENGE,Investigating,Fraud Ops - B,173
ALT00000792,TXN000001095,CUST000734,2026-04-27 02:18:20,70.6,Medium,NONE,CHALLENGE,Investigating,Fraud Ops - A,182
ALT00000793,TXN000017152,CUST001507,2026-04-27 03:45:47,79.0,Medium,NONE,CHALLENGE,Open,Fraud Ops - A,104
ALT00000794,TXN000038626,CUST000244,2026-04-27 04:59:28,65.9,Medium,NONE,CHALLENGE,Open,Fraud Ops - A,210
ALT00000795,TXN000031447,CUST000215,2026-04-27 07:14:00,74.0,Medium,MERCHANT_COLLUSION,CHALLENGE,Open,Fraud Ops - B,51
ALT00000796,TXN000039043,CUST001320,2026-04-27 09:20:59,50.0,Medium,MULE_TRANSFER,APPROVE,Closed,Fraud Ops - B,26
ALT00000797,TXN000008683,CUST000602,2026-04-27 10:29:25,54.0,Medium,MULE_TRANSFER,APPROVE,Open,Fraud Ops - B,131
ALT00000798,TXN000022980,CUST000961,2026-04-27 13:12:39,52.0,Medium,ATM_CASHOUT,APPROVE,Open,Fraud Ops - A,96
ALT00000799,TXN000025387,CUST000722,2026-04-27 16:05:47,48.0,Medium,MERCHANT_COLLUSION,APPROVE,Investigating,Fraud Ops - A,136
ALT00000800,TXN000038016,CUST001044,2026-04-28 00:07:36,84.2,High,VELOCITY_ABUSE,CHALLENGE,Open,Fraud Ops - A,81
ALT00000801,TXN000019281,CUST001638,2026-04-28 01:32:37,73.2,Medium,NONE,CHALLENGE,Closed,Fraud Ops - B,232
ALT00000802,TXN000043373,CUST000999,2026-04-28 01:38:39,76.3,Medium,NONE,CHALLENGE,Open,Fraud Ops - A,205
ALT00000803,TXN000018029,CUST000513,2026-04-28 01:46:51,67.3,Medium,NONE,CHALLENGE,Closed,Fraud Ops - C,56
ALT00000804,TXN000004539,CUST000989,2026-04-28 03:21:11,72.5,Medium,NONE,CHALLENGE,Investigating,Fraud Ops - A,69
ALT00000805,TXN000039096,CUST001729,2026-04-28 12:52:40,91.8,Critical,ACCOUNT_TAKEOVER,DECLINE,Open,Fraud Ops - B,183
ALT00000806,TXN000047327,CUST001053,2026-04-28 23:32:52,52.0,Medium,ATM_CASHOUT,APPROVE,Open,Fraud Ops - B,43
ALT00000807,TXN000041993,CUST000145,2026-04-29 01:06:12,68.4,Medium,NONE,CHALLENGE,Investigating,Fraud Ops - A,188
ALT00000808,TXN000030084,CUST000147,2026-04-29 02:05:03,70.0,Medium,MULE_TRANSFER,CHALLENGE,Open,Fraud Ops - C,229
ALT00000809,TXN000030052,CUST001059,2026-04-29 02:34:53,68.1,Medium,NONE,CHALLENGE,Open,Fraud Ops - B,124
ALT00000810,TXN000013255,CUST000409,2026-04-29 03:34:13,74.3,Medium,NONE,CHALLENGE,Closed,Fraud Ops - A,45
ALT00000811,TXN000037231,CUST001493,2026-04-29 03:43:37,71.0,Medium,NONE,CHALLENGE,Investigating,Fraud Ops - C,105
ALT00000812,TXN000032773,CUST001680,2026-04-29 03:52:21,66.5,Medium,NONE,CHALLENGE,Open,Fraud Ops - A,39
ALT00000813,TXN000041797,CUST001778,2026-04-29 08:03:10,60.4,Medium,IMPOSSIBLE_TRAVEL,APPROVE,Investigating,Fraud Ops - C,58
ALT00000814,TXN000048698,CUST001469,2026-04-29 08:22:30,62.0,Medium,VELOCITY_ABUSE,APPROVE,Open,Fraud Ops - C,26
ALT00000815,TXN000049487,CUST001719,2026-04-29 10:06:46,52.0,Medium,MULE_TRANSFER,APPROVE,Open,Fraud Ops - B,27
ALT00000816,TXN000000875,CUST001878,2026-04-29 11:01:15,91.7,Critical,CARD_NOT_PRESENT,DECLINE,Open,Fraud Ops - B,59
ALT00000817,TXN000041178,CUST001928,2026-04-29 20:46:47,76.4,Medium,CARD_NOT_PRESENT,CHALLENGE,Open,Fraud Ops - C,98
ALT00000818,TXN000007661,CUST000753,2026-04-29 23:08:15,53.4,Medium,IMPOSSIBLE_TRAVEL,APPROVE,Open,Fraud Ops - B,176
ALT00000819,TXN000036793,CUST000057,2026-04-30 01:40:15,73.4,Medium,IMPOSSIBLE_TRAVEL,CHALLENGE,Closed,Fraud Ops - B,100
ALT00000820,TXN000021711,CUST001687,2026-04-30 02:23:34,99,Critical,CARD_NOT_PRESENT,DECLINE,Open,Fraud Ops - C,133
ALT00000821,TXN000035515,CUST000707,2026-04-30 02:58:46,67.8,Medium,NONE,CHALLENGE,Open,Fraud Ops - A,149
ALT00000822,TXN000038557,CUST001719,2026-04-30 03:04:30,72.0,Medium,MERCHANT_COLLUSION,CHALLENGE,Closed,Fraud Ops - A,162
ALT00000823,TXN000042784,CUST001387,2026-04-30 13:35:47,72.0,Medium,MULE_TRANSFER,CHALLENGE,Closed,Fraud Ops - C,33
ALT00000824,TXN000014372,CUST001205,2026-04-30 17:10:53,90.7,Critical,ACCOUNT_TAKEOVER,DECLINE,Investigating,Fraud Ops - B,216
ALT00000825,TXN000029564,CUST001203,2026-04-30 17:49:43,83.1,High,ACCOUNT_TAKEOVER,CHALLENGE,Open,Fraud Ops - A,45
ALT00000826,TXN000038863,CUST000616,2026-04-30 18:38:40,52.0,Medium,MERCHANT_COLLUSION,APPROVE,Open,Fraud Ops - C,180
ALT00000827,TXN000024161,CUST000561,2026-04-30 23:20:58,74.0,Medium,MERCHANT_COLLUSION,CHALLENGE,Open,Fraud Ops - A,123
ALT00000828,TXN000013036,CUST001540,2026-05-01 00:55:01,78.2,Medium,VELOCITY_ABUSE,CHALLENGE,Investigating,Fraud Ops - B,235
ALT00000829,TXN000022310,CUST000017,2026-05-01 01:27:53,70.4,Medium,NONE,CHALLENGE,Open,Fraud Ops - C,189
ALT00000830,TXN000011612,CUST001364,2026-05-01 03:16:43,68.0,Medium,ATM_CASHOUT,CHALLENGE,Open,Fraud Ops - B,142
ALT00000831,TXN000044680,CUST001686,2026-05-01 03:29:00,89.4,High,CARD_NOT_PRESENT,DECLINE,Open,Fraud Ops - A,28
ALT00000832,TXN000009098,CUST000600,2026-05-01 03:37:53,66.1,Medium,NONE,CHALLENGE,Investigating,Fraud Ops - B,181
ALT00000833,TXN000004250,CUST001383,2026-05-01 18:10:52,52.0,Medium,MULE_TRANSFER,APPROVE,Closed,Fraud Ops - B,54
ALT00000834,TXN000007878,CUST000146,2026-05-01 21:36:34,52.0,Medium,ATM_CASHOUT,APPROVE,Investigating,Fraud Ops - C,171
ALT00000835,TXN000045303,CUST001712,2026-05-02 00:04:49,75.9,Medium,NONE,CHALLENGE,Investigating,Fraud Ops - A,109
ALT00000836,TXN000043778,CUST001810,2026-05-02 00:17:18,70.0,Medium,ATM_CASHOUT,CHALLENGE,Open,Fraud Ops - B,133
ALT00000837,TXN000036018,CUST001449,2026-05-02 00:49:44,77.0,Medium,NONE,CHALLENGE,Open,Fraud Ops - A,93
ALT00000838,TXN000022114,CUST000349,2026-05-02 02:33:07,71.2,Medium,NONE,CHALLENGE,Closed,Fraud Ops - A,115
ALT00000839,TXN000041026,CUST000591,2026-05-02 02:41:24,65.3,Medium,NONE,CHALLENGE,Closed,Fraud Ops - A,98
ALT00000840,TXN000011169,CUST000747,2026-05-02 03:17:03,67.7,Medium,NONE,CHALLENGE,Investigating,Fraud Ops - A,11
ALT00000841,TXN000003550,CUST001588,2026-05-02 05:25:08,81.4,High,CARD_NOT_PRESENT,CHALLENGE,Investigating,Fraud Ops - B,215
ALT00000842,TXN000031932,CUST001550,2026-05-02 08:00:20,54.0,Medium,ATM_CASHOUT,APPROVE,Investigating,Fraud Ops - A,93
ALT00000843,TXN000004207,CUST001011,2026-05-02 17:14:40,71.3,Medium,IMPOSSIBLE_TRAVEL,CHALLENGE,Closed,Fraud Ops - A,63
ALT00000844,TXN000027171,CUST001454,2026-05-02 23:35:56,50.0,Medium,ATM_CASHOUT,APPROVE,Investigating,Fraud Ops - C,109
ALT00000845,TXN000020085,CUST001290,2026-05-03 00:09:07,72.0,Medium,NONE,CHALLENGE,Closed,Fraud Ops - B,174
ALT00000846,TXN000001014,CUST001462,2026-05-03 00:13:38,60.0,Medium,IMPOSSIBLE_TRAVEL,APPROVE,Open,Fraud Ops - B,11
ALT00000847,TXN000039051,CUST001977,2026-05-03 00:23:01,68.3,Medium,NONE,CHALLENGE,Open,Fraud Ops - B,88
ALT00000848,TXN000028157,CUST001102,2026-05-03 01:25:35,72.6,Medium,NONE,CHALLENGE,Investigating,Fraud Ops - B,165
ALT00000849,TXN000036991,CUST001650,2026-05-03 01:37:48,73.4,Medium,NONE,CHALLENGE,Open,Fraud Ops - C,208
ALT00000850,TXN000025315,CUST000417,2026-05-03 04:17:02,74.0,Medium,ATM_CASHOUT,CHALLENGE,Open,Fraud Ops - A,133
ALT00000851,TXN000021219,CUST001271,2026-05-03 04:39:44,76.1,Medium,IMPOSSIBLE_TRAVEL,CHALLENGE,Investigating,Fraud Ops - C,95
ALT00000852,TXN000043853,CUST001746,2026-05-03 07:36:13,89.5,High,ACCOUNT_TAKEOVER,DECLINE,Open,Fraud Ops - A,166
ALT00000853,TXN000038753,CUST001908,2026-05-03 08:36:20,93,Critical,IMPOSSIBLE_TRAVEL,DECLINE,Open,Fraud Ops - C,70
ALT00000854,TXN000000726,CUST000818,2026-05-03 11:14:02,52.0,Medium,MERCHANT_COLLUSION,APPROVE,Closed,Fraud Ops - B,5
ALT00000855,TXN000033369,CUST000578,2026-05-03 15:24:48,62.5,Medium,CARD_TESTING,APPROVE,Open,Fraud Ops - C,43
ALT00000856,TXN000008831,CUST001796,2026-05-03 15:36:16,70.0,Medium,ATM_CASHOUT,CHALLENGE,Open,Fraud Ops - B,157
ALT00000857,TXN000041608,CUST001008,2026-05-03 17:30:03,50.0,Medium,MERCHANT_COLLUSION,APPROVE,Investigating,Fraud Ops - B,130
ALT00000858,TXN000041843,CUST001265,2026-05-03 18:24:37,54.0,Medium,MERCHANT_COLLUSION,APPROVE,Investigating,Fraud Ops - A,40
ALT00000859,TXN000032119,CUST000552,2026-05-03 19:48:47,53.6,Medium,IMPOSSIBLE_TRAVEL,APPROVE,Investigating,Fraud Ops - B,25
ALT00000860,TXN000023861,CUST000394,2026-05-03 22:04:11,54.0,Medium,MERCHANT_COLLUSION,APPROVE,Open,Fraud Ops - A,70
ALT00000861,TXN000008017,CUST000015,2026-05-04 02:30:02,67.3,Medium,NONE,CHALLENGE,Closed,Fraud Ops - C,87
ALT00000862,TXN000005163,CUST000513,2026-05-04 03:30:37,78.5,Medium,NONE,CHALLENGE,Open,Fraud Ops - B,159
ALT00000863,TXN000048533,CUST001348,2026-05-04 03:44:12,84.2,High,CARD_NOT_PRESENT,CHALLENGE,Open,Fraud Ops - A,68
ALT00000864,TXN000000799,CUST000330,2026-05-04 04:27:02,74.1,Medium,NONE,CHALLENGE,Open,Fraud Ops - C,89
ALT00000865,TXN000031227,CUST001687,2026-05-04 13:39:16,87.3,High,CARD_NOT_PRESENT,DECLINE,Open,Fraud Ops - C,171
ALT00000866,TXN000032019,CUST001892,2026-05-05 00:28:58,76.8,Medium,NONE,CHALLENGE,Closed,Fraud Ops - B,71
ALT00000867,TXN000015802,CUST000227,2026-05-05 00:31:22,70.4,Medium,NONE,CHALLENGE,Open,Fraud Ops - C,205
ALT00000868,TXN000020482,CUST001194,2026-05-05 00:40:57,71.3,Medium,NONE,CHALLENGE,Open,Fraud Ops - B,87
ALT00000869,TXN000006672,CUST000328,2026-05-05 03:28:00,70.1,Medium,NONE,CHALLENGE,Closed,Fraud Ops - B,180
ALT00000870,TXN000015450,CUST000109,2026-05-05 03:47:36,71.0,Medium,NONE,CHALLENGE,Investigating,Fraud Ops - B,195
ALT00000871,TXN000024779,CUST000144,2026-05-05 03:47:44,65.1,Medium,NONE,CHALLENGE,Open,Fraud Ops - A,128
ALT00000872,TXN000017573,CUST001276,2026-05-05 04:50:31,73.6,Medium,NONE,CHALLENGE,Open,Fraud Ops - C,39
ALT00000873,TXN000032225,CUST000999,2026-05-05 04:52:00,66.8,Medium,NONE,CHALLENGE,Open,Fraud Ops - C,181
ALT00000874,TXN000031025,CUST001414,2026-05-05 07:52:50,61.3,Medium,CARD_NOT_PRESENT,APPROVE,Open,Fraud Ops - C,234
ALT00000875,TXN000012766,CUST000664,2026-05-05 14:30:10,76.9,Medium,CARD_NOT_PRESENT,CHALLENGE,Open,Fraud Ops - B,176
ALT00000876,TXN000029702,CUST001209,2026-05-05 20:35:33,83.1,High,CARD_NOT_PRESENT,CHALLENGE,Open,Fraud Ops - C,227
ALT00000877,TXN000018581,CUST000935,2026-05-06 00:11:49,71.0,Medium,NONE,CHALLENGE,Open,Fraud Ops - C,232
ALT00000878,TXN000028803,CUST000225,2026-05-06 01:31:29,69.3,Medium,NONE,CHALLENGE,Open,Fraud Ops - A,91
ALT00000879,TXN000023705,CUST000840,2026-05-06 01:32:22,72.0,Medium,VELOCITY_ABUSE,CHALLENGE,Investigating,Fraud Ops - A,234
ALT00000880,TXN000012879,CUST000568,2026-05-06 02:14:08,65.1,Medium,NONE,CHALLENGE,Open,Fraud Ops - C,170
ALT00000881,TXN000027308,CUST001250,2026-05-06 02:24:31,74.6,Medium,NONE,CHALLENGE,Open,Fraud Ops - C,164
ALT00000882,TXN000020704,CUST000299,2026-05-06 02:38:38,69.4,Medium,NONE,CHALLENGE,Investigating,Fraud Ops - B,46
ALT00000883,TXN000041775,CUST000386,2026-05-06 12:57:12,56.0,Medium,MULE_TRANSFER,APPROVE,Investigating,Fraud Ops - B,175
ALT00000884,TXN000021232,CUST001761,2026-05-06 21:48:56,60.0,Medium,CARD_NOT_PRESENT,APPROVE,Open,Fraud Ops - B,121
ALT00000885,TXN000024048,CUST000024,2026-05-07 01:55:11,69.6,Medium,NONE,CHALLENGE,Open,Fraud Ops - C,149
ALT00000886,TXN000028857,CUST001801,2026-05-07 02:08:44,67.8,Medium,NONE,CHALLENGE,Investigating,Fraud Ops - C,73
ALT00000887,TXN000027178,CUST000688,2026-05-07 02:55:19,68.7,Medium,NONE,CHALLENGE,Investigating,Fraud Ops - A,79
ALT00000888,TXN000029487,CUST001299,2026-05-07 03:51:17,70.0,Medium,ATM_CASHOUT,CHALLENGE,Open,Fraud Ops - B,69
ALT00000889,TXN000017534,CUST001786,2026-05-07 04:19:16,76.4,Medium,NONE,CHALLENGE,Closed,Fraud Ops - A,229
ALT00000890,TXN000035466,CUST001662,2026-05-07 04:45:59,65.3,Medium,NONE,CHALLENGE,Investigating,Fraud Ops - A,164
ALT00000891,TXN000039269,CUST001090,2026-05-07 11:55:22,40.1,Medium,CARD_TESTING,APPROVE,Open,Fraud Ops - C,120
ALT00000892,TXN000005008,CUST001122,2026-05-07 13:34:15,52.0,Medium,MULE_TRANSFER,APPROVE,Open,Fraud Ops - A,36
ALT00000893,TXN000034697,CUST000366,2026-05-07 19:02:32,48.0,Medium,MERCHANT_COLLUSION,APPROVE,Open,Fraud Ops - B,22
ALT00000894,TXN000019929,CUST001229,2026-05-08 00:34:01,70.2,Medium,NONE,CHALLENGE,Open,Fraud Ops - C,110
ALT00000895,TXN000045414,CUST000105,2026-05-08 00:37:46,69.2,Medium,NONE,CHALLENGE,Open,Fraud Ops - C,156
ALT00000896,TXN000015291,CUST000381,2026-05-08 03:20:02,67.3,Medium,NONE,CHALLENGE,Investigating,Fraud Ops - A,29
ALT00000897,TXN000025591,CUST001801,2026-05-08 03:27:12,70.4,Medium,NONE,CHALLENGE,Open,Fraud Ops - B,41
ALT00000898,TXN000037240,CUST001305,2026-05-08 03:46:02,66.3,Medium,NONE,CHALLENGE,Closed,Fraud Ops - B,20
ALT00000899,TXN000020140,CUST000754,2026-05-08 04:37:02,66.0,Medium,MERCHANT_COLLUSION,CHALLENGE,Open,Fraud Ops - B,113
ALT00000900,TXN000029849,CUST001338,2026-05-08 07:40:06,54.0,Medium,MULE_TRANSFER,APPROVE,Open,Fraud Ops - C,122
ALT00000901,TXN000009458,CUST000259,2026-05-08 09:06:49,48.0,Medium,MULE_TRANSFER,APPROVE,Open,Fraud Ops - A,230
ALT00000902,TXN000009029,CUST001111,2026-05-08 11:36:04,64.5,Medium,VELOCITY_ABUSE,APPROVE,Open,Fraud Ops - B,36
ALT00000903,TXN000035789,CUST001264,2026-05-08 19:44:57,95,Critical,ACCOUNT_TAKEOVER,DECLINE,Closed,Fraud Ops - C,13
ALT00000904,TXN000039029,CUST000828,2026-05-08 22:21:04,53.2,Medium,IMPOSSIBLE_TRAVEL,APPROVE,Closed,Fraud Ops - B,109
ALT00000905,TXN000034563,CUST001326,2026-05-08 22:48:40,81.3,High,ACCOUNT_TAKEOVER,CHALLENGE,Open,Fraud Ops - C,24
ALT00000906,TXN000045099,CUST001638,2026-05-09 00:15:16,72.9,Medium,NONE,CHALLENGE,Closed,Fraud Ops - C,9
ALT00000907,TXN000030798,CUST001998,2026-05-09 04:23:25,69.7,Medium,NONE,CHALLENGE,Closed,Fraud Ops - C,29
ALT00000908,TXN000005867,CUST001423,2026-05-09 04:35:59,76.9,Medium,NONE,CHALLENGE,Open,Fraud Ops - B,214
ALT00000909,TXN000012824,CUST000729,2026-05-09 10:11:36,73.8,Medium,CARD_NOT_PRESENT,CHALLENGE,Investigating,Fraud Ops - C,129
ALT00000910,TXN000021477,CUST000396,2026-05-09 17:34:51,52.0,Medium,ATM_CASHOUT,APPROVE,Open,Fraud Ops - B,168
ALT00000911,TXN000018621,CUST000673,2026-05-09 22:45:06,56.0,Medium,MERCHANT_COLLUSION,APPROVE,Closed,Fraud Ops - A,85
ALT00000912,TXN000009520,CUST001578,2026-05-10 02:57:42,66.0,Medium,NONE,CHALLENGE,Closed,Fraud Ops - C,186
ALT00000913,TXN000035767,CUST001638,2026-05-10 03:15:03,66.0,Medium,NONE,CHALLENGE,Open,Fraud Ops - B,151
ALT00000914,TXN000032198,CUST001191,2026-05-10 03:40:32,71.9,Medium,NONE,CHALLENGE,Open,Fraud Ops - A,34
ALT00000915,TXN000011446,CUST001290,2026-05-10 04:14:23,74.1,Medium,NONE,CHALLENGE,Open,Fraud Ops - C,96
ALT00000916,TXN000036590,CUST001430,2026-05-10 04:23:51,66.2,Medium,NONE,CHALLENGE,Open,Fraud Ops - B,21
ALT00000917,TXN000020345,CUST000717,2026-05-10 05:16:48,52.0,Medium,ATM_CASHOUT,APPROVE,Open,Fraud Ops - A,21
ALT00000918,TXN000020320,CUST000048,2026-05-10 21:36:38,56.5,Medium,IMPOSSIBLE_TRAVEL,APPROVE,Open,Fraud Ops - A,25
ALT00000919,TXN000025721,CUST000354,2026-05-11 02:29:31,76.0,Medium,NONE,CHALLENGE,Open,Fraud Ops - A,55
ALT00000920,TXN000012906,CUST001010,2026-05-11 06:06:16,56.0,Medium,ATM_CASHOUT,APPROVE,Investigating,Fraud Ops - C,238
ALT00000921,TXN000022233,CUST000188,2026-05-11 06:48:38,48.1,Medium,CARD_TESTING,APPROVE,Investigating,Fraud Ops - C,230
ALT00000922,TXN000007614,CUST001777,2026-05-11 11:11:18,62.0,Medium,IMPOSSIBLE_TRAVEL,APPROVE,Closed,Fraud Ops - C,192
ALT00000923,TXN000032822,CUST001541,2026-05-11 11:24:12,50.0,Medium,MERCHANT_COLLUSION,APPROVE,Open,Fraud Ops - C,40
ALT00000924,TXN000036876,CUST001036,2026-05-11 20:14:57,72.0,Medium,MULE_TRANSFER,CHALLENGE,Open,Fraud Ops - A,74
ALT00000925,TXN000027066,CUST001979,2026-05-11 22:34:36,64.5,Medium,CARD_NOT_PRESENT,APPROVE,Open,Fraud Ops - A,13
ALT00000926,TXN000018119,CUST000604,2026-05-12 00:52:20,69.8,Medium,NONE,CHALLENGE,Open,Fraud Ops - C,165
ALT00000927,TXN000010238,CUST001395,2026-05-12 02:18:50,78.0,Medium,VELOCITY_ABUSE,CHALLENGE,Open,Fraud Ops - B,110
ALT00000928,TXN000036364,CUST001690,2026-05-12 03:01:18,68.6,Medium,NONE,CHALLENGE,Open,Fraud Ops - A,18
ALT00000929,TXN000047379,CUST000949,2026-05-12 03:23:19,68.3,Medium,NONE,CHALLENGE,Investigating,Fraud Ops - C,165
ALT00000930,TXN000043405,CUST000297,2026-05-12 08:31:09,48.0,Medium,MERCHANT_COLLUSION,APPROVE,Investigating,Fraud Ops - A,199
ALT00000931,TXN000022793,CUST000208,2026-05-12 10:26:55,48.1,Medium,CARD_TESTING,APPROVE,Open,Fraud Ops - B,85
ALT00000932,TXN000038896,CUST001528,2026-05-12 19:37:51,95.6,Critical,CARD_NOT_PRESENT,DECLINE,Closed,Fraud Ops - B,159
ALT00000933,TXN000018759,CUST000937,2026-05-12 22:43:09,71.9,Medium,CARD_NOT_PRESENT,CHALLENGE,Closed,Fraud Ops - C,178
ALT00000934,TXN000001829,CUST001792,2026-05-12 23:03:16,93.3,Critical,ACCOUNT_TAKEOVER,DECLINE,Open,Fraud Ops - A,228
ALT00000935,TXN000001233,CUST000499,2026-05-13 00:55:01,63.5,Medium,VELOCITY_ABUSE,APPROVE,Investigating,Fraud Ops - B,9
ALT00000936,TXN000008391,CUST001807,2026-05-13 03:45:51,71.1,Medium,NONE,CHALLENGE,Investigating,Fraud Ops - A,231
ALT00000937,TXN000020555,CUST000163,2026-05-13 03:59:48,65.6,Medium,NONE,CHALLENGE,Open,Fraud Ops - C,7
ALT00000938,TXN000003937,CUST000130,2026-05-13 04:11:44,73.8,Medium,NONE,CHALLENGE,Investigating,Fraud Ops - B,194
ALT00000939,TXN000023787,CUST001128,2026-05-13 04:23:16,65.6,Medium,NONE,CHALLENGE,Closed,Fraud Ops - C,7
ALT00000940,TXN000032127,CUST001688,2026-05-13 04:54:29,68.0,Medium,MULE_TRANSFER,CHALLENGE,Open,Fraud Ops - B,142
ALT00000941,TXN000043917,CUST000341,2026-05-13 11:46:14,97,Critical,ACCOUNT_TAKEOVER,DECLINE,Open,Fraud Ops - C,218
ALT00000942,TXN000004372,CUST000646,2026-05-13 23:46:12,50.0,Medium,MULE_TRANSFER,APPROVE,Closed,Fraud Ops - A,106
ALT00000943,TXN000041759,CUST001276,2026-05-14 00:00:10,68.0,Medium,MERCHANT_COLLUSION,CHALLENGE,Open,Fraud Ops - B,183
ALT00000944,TXN000041064,CUST000090,2026-05-14 00:42:59,75.4,Medium,NONE,CHALLENGE,Investigating,Fraud Ops - B,59
ALT00000945,TXN000010466,CUST001956,2026-05-14 00:56:38,65.2,Medium,NONE,CHALLENGE,Closed,Fraud Ops - A,64
ALT00000946,TXN000009763,CUST000005,2026-05-14 01:04:38,71.5,Medium,NONE,CHALLENGE,Investigating,Fraud Ops - A,146
ALT00000947,TXN000019999,CUST001908,2026-05-14 01:08:30,66.5,Medium,NONE,CHALLENGE,Open,Fraud Ops - A,84
ALT00000948,TXN000044768,CUST001283,2026-05-14 01:20:28,71.9,Medium,NONE,CHALLENGE,Open,Fraud Ops - B,157
ALT00000949,TXN000013134,CUST000734,2026-05-14 02:07:13,69.1,Medium,NONE,CHALLENGE,Closed,Fraud Ops - A,94
ALT00000950,TXN000024203,CUST000706,2026-05-14 03:02:55,97.9,Critical,ACCOUNT_TAKEOVER,DECLINE,Investigating,Fraud Ops - A,14
ALT00000951,TXN000045161,CUST001684,2026-05-14 03:55:39,69.9,Medium,NONE,CHALLENGE,Closed,Fraud Ops - B,41
ALT00000952,TXN000044970,CUST001957,2026-05-14 04:25:09,75.3,Medium,NONE,CHALLENGE,Open,Fraud Ops - A,184
ALT00000953,TXN000040340,CUST000330,2026-05-14 14:51:57,72.0,Medium,ATM_CASHOUT,CHALLENGE,Open,Fraud Ops - B,192
ALT00000954,TXN000031963,CUST001026,2026-05-14 18:59:13,91.6,Critical,ACCOUNT_TAKEOVER,DECLINE,Open,Fraud Ops - A,60
ALT00000955,TXN000022031,CUST000371,2026-05-15 00:47:52,70.0,Medium,MULE_TRANSFER,CHALLENGE,Open,Fraud Ops - B,240
ALT00000956,TXN000005853,CUST001059,2026-05-15 01:01:31,68.7,Medium,NONE,CHALLENGE,Investigating,Fraud Ops - C,46
ALT00000957,TXN000016639,CUST000141,2026-05-15 01:35:07,71.2,Medium,NONE,CHALLENGE,Closed,Fraud Ops - A,136
ALT00000958,TXN000009289,CUST000347,2026-05-15 02:12:40,73.0,Medium,NONE,CHALLENGE,Investigating,Fraud Ops - A,226
ALT00000959,TXN000017945,CUST000057,2026-05-15 03:35:55,72.0,Medium,ATM_CASHOUT,CHALLENGE,Investigating,Fraud Ops - B,87
ALT00000960,TXN000010659,CUST001301,2026-05-15 08:23:41,57.6,Medium,IMPOSSIBLE_TRAVEL,APPROVE,Open,Fraud Ops - C,110
ALT00000961,TXN000007017,CUST001803,2026-05-15 11:27:18,69.8,Medium,CARD_NOT_PRESENT,CHALLENGE,Open,Fraud Ops - C,59
ALT00000962,TXN000005081,CUST001525,2026-05-16 00:01:50,78.5,Medium,NONE,CHALLENGE,Open,Fraud Ops - C,144
ALT00000963,TXN000032840,CUST001610,2026-05-16 01:00:42,78.7,Medium,NONE,CHALLENGE,Closed,Fraud Ops - B,34
ALT00000964,TXN000018667,CUST000610,2026-05-16 01:40:53,67.1,Medium,NONE,CHALLENGE,Closed,Fraud Ops - B,207
ALT00000965,TXN000024329,CUST000707,2026-05-16 04:04:33,68.3,Medium,NONE,CHALLENGE,Closed,Fraud Ops - C,7
ALT00000966,TXN000038306,CUST001935,2026-05-16 04:43:03,99,Critical,CARD_NOT_PRESENT,DECLINE,Closed,Fraud Ops - B,156
ALT00000967,TXN000000825,CUST001730,2026-05-16 06:17:28,94.6,Critical,ACCOUNT_TAKEOVER,DECLINE,Open,Fraud Ops - B,213
ALT00000968,TXN000001652,CUST000210,2026-05-16 08:31:06,71.8,Medium,VELOCITY_ABUSE,CHALLENGE,Closed,Fraud Ops - B,214
ALT00000969,TXN000019973,CUST001734,2026-05-16 12:45:16,70.0,Medium,MULE_TRANSFER,CHALLENGE,Open,Fraud Ops - B,84
ALT00000970,TXN000046704,CUST000755,2026-05-16 21:09:46,56.0,Medium,MERCHANT_COLLUSION,APPROVE,Investigating,Fraud Ops - C,212
ALT00000971,TXN000049236,CUST001727,2026-05-17 03:02:09,68.9,Medium,NONE,CHALLENGE,Open,Fraud Ops - A,133
ALT00000972,TXN000015820,CUST001120,2026-05-17 04:36:28,66.7,Medium,NONE,CHALLENGE,Open,Fraud Ops - A,234
ALT00000973,TXN000016523,CUST000094,2026-05-17 06:06:28,54.5,Medium,IMPOSSIBLE_TRAVEL,APPROVE,Closed,Fraud Ops - A,202
ALT00000974,TXN000040564,CUST000698,2026-05-17 15:49:17,54.0,Medium,MERCHANT_COLLUSION,APPROVE,Open,Fraud Ops - A,97
ALT00000975,TXN000000834,CUST001033,2026-05-17 21:10:57,48.0,Medium,MERCHANT_COLLUSION,APPROVE,Open,Fraud Ops - B,58
ALT00000976,TXN000027970,CUST001405,2026-05-18 00:08:41,70.6,Medium,NONE,CHALLENGE,Open,Fraud Ops - A,145
ALT00000977,TXN000014719,CUST001463,2026-05-18 02:16:19,69.8,Medium,NONE,CHALLENGE,Investigating,Fraud Ops - A,123
ALT00000978,TXN000027117,CUST001012,2026-05-18 02:58:26,66.0,Medium,MULE_TRANSFER,CHALLENGE,Closed,Fraud Ops - C,234
ALT00000979,TXN000043086,CUST000420,2026-05-18 03:53:05,67.5,Medium,NONE,CHALLENGE,Investigating,Fraud Ops - A,144
ALT00000980,TXN000008726,CUST000783,2026-05-18 07:30:52,48.0,Medium,MULE_TRANSFER,APPROVE,Investigating,Fraud Ops - A,220
ALT00000981,TXN000032217,CUST000275,2026-05-18 07:43:27,72.0,Medium,MULE_TRANSFER,CHALLENGE,Open,Fraud Ops - A,191
ALT00000982,TXN000017037,CUST000875,2026-05-18 10:25:44,46.4,Medium,CARD_TESTING,APPROVE,Open,Fraud Ops - B,10
ALT00000983,TXN000012013,CUST000390,2026-05-18 10:34:48,80.5,High,CARD_NOT_PRESENT,CHALLENGE,Open,Fraud Ops - C,52
ALT00000984,TXN000005502,CUST000669,2026-05-18 16:16:52,62.3,Medium,CARD_NOT_PRESENT,APPROVE,Investigating,Fraud Ops - A,55
ALT00000985,TXN000028602,CUST000096,2026-05-18 18:31:04,67.0,Medium,IMPOSSIBLE_TRAVEL,CHALLENGE,Open,Fraud Ops - C,203
ALT00000986,TXN000006349,CUST000458,2026-05-18 20:10:25,89.3,High,ACCOUNT_TAKEOVER,DECLINE,Open,Fraud Ops - B,105
ALT00000987,TXN000034879,CUST000157,2026-05-18 21:59:58,62.4,Medium,CARD_NOT_PRESENT,APPROVE,Open,Fraud Ops - C,86
ALT00000988,TXN000007525,CUST000983,2026-05-18 23:05:02,48.0,Medium,ATM_CASHOUT,APPROVE,Investigating,Fraud Ops - A,224
ALT00000989,TXN000025455,CUST001941,2026-05-19 03:24:58,66.8,Medium,NONE,CHALLENGE,Open,Fraud Ops - A,75
ALT00000990,TXN000011433,CUST000792,2026-05-19 03:44:44,70.9,Medium,NONE,CHALLENGE,Open,Fraud Ops - C,48
ALT00000991,TXN000025573,CUST000986,2026-05-19 03:58:12,66.0,Medium,MERCHANT_COLLUSION,CHALLENGE,Closed,Fraud Ops - B,166
ALT00000992,TXN000038482,CUST000715,2026-05-19 17:43:58,56.0,Medium,ATM_CASHOUT,APPROVE,Closed,Fraud Ops - C,6
ALT00000993,TXN000002724,CUST000069,2026-05-19 21:50:37,97,Critical,IMPOSSIBLE_TRAVEL,DECLINE,Closed,Fraud Ops - C,19
ALT00000994,TXN000009117,CUST000637,2026-05-19 23:19:18,50.0,Medium,MULE_TRANSFER,APPROVE,Closed,Fraud Ops - C,138
ALT00000995,TXN000024245,CUST000166,2026-05-20 00:42:51,68.0,Medium,MERCHANT_COLLUSION,CHALLENGE,Investigating,Fraud Ops - B,93
ALT00000996,TXN000047781,CUST001120,2026-05-20 00:58:15,74.5,Medium,NONE,CHALLENGE,Open,Fraud Ops - B,10
ALT00000997,TXN000015633,CUST000283,2026-05-20 14:26:05,72.7,Medium,IMPOSSIBLE_TRAVEL,CHALLENGE,Open,Fraud Ops - A,77
ALT00000998,TXN000012423,CUST001101,2026-05-21 00:43:50,69.2,Medium,NONE,CHALLENGE,Open,Fraud Ops - A,159
ALT00000999,TXN000028937,CUST000075,2026-05-21 01:18:18,76.0,Medium,NONE,CHALLENGE,Open,Fraud Ops - A,189
ALT00001000,TXN000049837,CUST001046,2026-05-21 01:30:53,66.2,Medium,CARD_TESTING,CHALLENGE,Open,Fraud Ops - C,95
ALT00001001,TXN000032933,CUST000535,2026-05-21 02:43:17,70.7,Medium,IMPOSSIBLE_TRAVEL,CHALLENGE,Open,Fraud Ops - B,94
ALT00001002,TXN000029524,CUST000610,2026-05-21 18:23:37,97,Critical,CARD_NOT_PRESENT,DECLINE,Open,Fraud Ops - C,134
ALT00001003,TXN000010936,CUST000477,2026-05-21 22:45:34,95.8,Critical,ACCOUNT_TAKEOVER,DECLINE,Closed,Fraud Ops - C,138
ALT00001004,TXN000049627,CUST001907,2026-05-22 00:09:14,67.1,Medium,NONE,CHALLENGE,Open,Fraud Ops - A,213
ALT00001005,TXN000042110,CUST001679,2026-05-22 01:32:20,68.3,Medium,NONE,CHALLENGE,Closed,Fraud Ops - B,163
ALT00001006,TXN000026801,CUST001727,2026-05-22 02:46:47,65.5,Medium,NONE,CHALLENGE,Open,Fraud Ops - C,96
ALT00001007,TXN000012287,CUST001786,2026-05-22 04:57:19,95.9,Critical,CARD_NOT_PRESENT,DECLINE,Investigating,Fraud Ops - B,85
ALT00001008,TXN000017790,CUST001097,2026-05-22 10:01:57,48.0,Medium,MERCHANT_COLLUSION,APPROVE,Investigating,Fraud Ops - C,197
ALT00001009,TXN000016534,CUST001380,2026-05-22 17:35:38,87.5,High,CARD_NOT_PRESENT,DECLINE,Open,Fraud Ops - C,35
ALT00001010,TXN000026873,CUST000273,2026-05-22 20:53:03,81.1,High,IMPOSSIBLE_TRAVEL,CHALLENGE,Investigating,Fraud Ops - B,80
ALT00001011,TXN000010641,CUST000145,2026-05-23 00:34:49,70.6,Medium,NONE,CHALLENGE,Open,Fraud Ops - A,147
ALT00001012,TXN000031947,CUST001483,2026-05-23 02:04:33,66.1,Medium,NONE,CHALLENGE,Open,Fraud Ops - C,143
ALT00001013,TXN000049177,CUST001901,2026-05-23 02:35:32,66.1,Medium,NONE,CHALLENGE,Open,Fraud Ops - C,132
ALT00001014,TXN000017651,CUST000031,2026-05-23 03:04:01,72.1,Medium,NONE,CHALLENGE,Open,Fraud Ops - C,167
ALT00001015,TXN000045716,CUST001654,2026-05-23 03:12:41,69.2,Medium,NONE,CHALLENGE,Investigating,Fraud Ops - B,63
ALT00001016,TXN000029997,CUST001944,2026-05-23 03:41:59,70.0,Medium,NONE,CHALLENGE,Open,Fraud Ops - C,55
ALT00001017,TXN000012566,CUST001606,2026-05-23 03:44:52,68.2,Medium,NONE,CHALLENGE,Investigating,Fraud Ops - A,153
ALT00001018,TXN000029664,CUST001625,2026-05-23 17:40:57,91.5,Critical,ACCOUNT_TAKEOVER,DECLINE,Closed,Fraud Ops - C,127
ALT00001019,TXN000016969,CUST001251,2026-05-23 23:06:21,47.6,Medium,IMPOSSIBLE_TRAVEL,APPROVE,Open,Fraud Ops - B,72
ALT00001020,TXN000007830,CUST001801,2026-05-24 00:39:38,75.1,Medium,NONE,CHALLENGE,Closed,Fraud Ops - C,136
ALT00001021,TXN000004319,CUST001557,2026-05-24 02:12:44,71.3,Medium,NONE,CHALLENGE,Investigating,Fraud Ops - C,60
ALT00001022,TXN000047153,CUST000336,2026-05-24 02:20:05,73.0,Medium,NONE,CHALLENGE,Open,Fraud Ops - B,96
ALT00001023,TXN000003517,CUST001962,2026-05-24 03:37:57,73.4,Medium,NONE,CHALLENGE,Investigating,Fraud Ops - C,19
ALT00001024,TXN000038609,CUST000727,2026-05-24 04:07:56,66.5,Medium,NONE,CHALLENGE,Open,Fraud Ops - A,195
ALT00001025,TXN000000176,CUST001907,2026-05-25 01:48:27,72.7,Medium,NONE,CHALLENGE,Investigating,Fraud Ops - A,192
ALT00001026,TXN000037511,CUST001765,2026-05-25 03:33:51,72.4,Medium,NONE,CHALLENGE,Open,Fraud Ops - C,138
ALT00001027,TXN000017127,CUST000215,2026-05-25 09:25:30,54.0,Medium,ATM_CASHOUT,APPROVE,Investigating,Fraud Ops - A,199
ALT00001028,TXN000040075,CUST001554,2026-05-25 17:37:38,69.8,Medium,CARD_NOT_PRESENT,CHALLENGE,Open,Fraud Ops - A,204
ALT00001029,TXN000041443,CUST000754,2026-05-25 18:31:17,76.0,Medium,ATM_CASHOUT,CHALLENGE,Investigating,Fraud Ops - A,180
ALT00001030,TXN000039373,CUST001249,2026-05-25 21:38:43,48.1,Medium,CARD_TESTING,APPROVE,Open,Fraud Ops - B,149
ALT00001031,TXN000040468,CUST000305,2026-05-25 22:24:51,46.1,Medium,VELOCITY_ABUSE,APPROVE,Closed,Fraud Ops - A,86
ALT00001032,TXN000035846,CUST001162,2026-05-26 00:15:48,72.3,Medium,NONE,CHALLENGE,Open,Fraud Ops - B,171
ALT00001033,TXN000031174,CUST001159,2026-05-26 02:38:23,69.1,Medium,NONE,CHALLENGE,Open,Fraud Ops - C,67
ALT00001034,TXN000023106,CUST000572,2026-05-26 02:38:25,93.5,Critical,CARD_NOT_PRESENT,DECLINE,Closed,Fraud Ops - B,132
ALT00001035,TXN000040070,CUST001786,2026-05-26 02:54:34,72.1,Medium,NONE,CHALLENGE,Investigating,Fraud Ops - B,205
ALT00001036,TXN000022599,CUST001346,2026-05-26 04:30:37,74.2,Medium,NONE,CHALLENGE,Closed,Fraud Ops - C,98
ALT00001037,TXN000039516,CUST001636,2026-05-26 09:22:06,82.9,High,CARD_NOT_PRESENT,CHALLENGE,Closed,Fraud Ops - C,198
ALT00001038,TXN000013362,CUST001822,2026-05-26 11:15:22,44.2,Medium,CARD_TESTING,APPROVE,Open,Fraud Ops - B,56
ALT00001039,TXN000034680,CUST001046,2026-05-26 14:26:51,50.0,Medium,MERCHANT_COLLUSION,APPROVE,Open,Fraud Ops - C,135
ALT00001040,TXN000030656,CUST001525,2026-05-27 00:42:31,86.0,High,MERCHANT_COLLUSION,DECLINE,Open,Fraud Ops - A,216
ALT00001041,TXN000015067,CUST001552,2026-05-27 01:19:24,69.9,Medium,NONE,CHALLENGE,Investigating,Fraud Ops - B,115
ALT00001042,TXN000021451,CUST001102,2026-05-27 01:32:31,70.7,Medium,NONE,CHALLENGE,Open,Fraud Ops - A,111
ALT00001043,TXN000025226,CUST001002,2026-05-27 01:32:38,72.0,Medium,NONE,CHALLENGE,Open,Fraud Ops - C,214
ALT00001044,TXN000016086,CUST001309,2026-05-27 04:11:03,71.8,Medium,NONE,CHALLENGE,Open,Fraud Ops - A,193
ALT00001045,TXN000044773,CUST001384,2026-05-27 09:39:48,54.0,Medium,ATM_CASHOUT,APPROVE,Investigating,Fraud Ops - A,16
ALT00001046,TXN000039570,CUST001769,2026-05-27 10:28:18,48.4,Medium,CARD_TESTING,APPROVE,Open,Fraud Ops - C,216
ALT00001047,TXN000031711,CUST000685,2026-05-27 12:04:44,54.0,Medium,MERCHANT_COLLUSION,APPROVE,Closed,Fraud Ops - C,47
ALT00001048,TXN000003646,CUST000563,2026-05-27 13:13:12,54.0,Medium,ATM_CASHOUT,APPROVE,Investigating,Fraud Ops - A,150
ALT00001049,TXN000047839,CUST000964,2026-05-27 13:44:30,76.0,Medium,ATM_CASHOUT,CHALLENGE,Open,Fraud Ops - B,127
ALT00001050,TXN000001561,CUST001092,2026-05-27 14:19:13,50.5,Medium,VELOCITY_ABUSE,APPROVE,Open,Fraud Ops - C,154
ALT00001051,TXN000041180,CUST000880,2026-05-27 16:48:59,52.0,Medium,MERCHANT_COLLUSION,APPROVE,Investigating,Fraud Ops - B,53
ALT00001052,TXN000044895,CUST001359,2026-05-27 20:30:40,72.7,Medium,CARD_NOT_PRESENT,CHALLENGE,Open,Fraud Ops - A,223
ALT00001053,TXN000025850,CUST000346,2026-05-28 00:18:51,71.3,Medium,NONE,CHALLENGE,Investigating,Fraud Ops - B,56
ALT00001054,TXN000029877,CUST000299,2026-05-28 01:19:46,66.7,Medium,NONE,CHALLENGE,Investigating,Fraud Ops - B,77
ALT00001055,TXN000016717,CUST001353,2026-05-28 02:24:07,69.0,Medium,NONE,CHALLENGE,Open,Fraud Ops - C,71
ALT00001056,TXN000016388,CUST001821,2026-05-28 03:58:21,66.8,Medium,NONE,CHALLENGE,Open,Fraud Ops - A,7
ALT00001057,TXN000002200,CUST000195,2026-05-28 04:27:30,66.1,Medium,CARD_TESTING,CHALLENGE,Open,Fraud Ops - C,27
ALT00001058,TXN000001279,CUST001229,2026-05-28 04:36:59,68.4,Medium,NONE,CHALLENGE,Investigating,Fraud Ops - B,126
ALT00001059,TXN000045448,CUST000601,2026-05-28 05:26:00,45.3,Medium,IMPOSSIBLE_TRAVEL,APPROVE,Open,Fraud Ops - A,157
ALT00001060,TXN000030202,CUST001811,2026-05-28 11:06:35,52.0,Medium,MULE_TRANSFER,APPROVE,Open,Fraud Ops - C,190
ALT00001061,TXN000048691,CUST000798,2026-05-28 12:38:06,66.4,Medium,CARD_TESTING,CHALLENGE,Open,Fraud Ops - A,213
ALT00001062,TXN000023552,CUST000748,2026-05-28 22:04:04,56.0,Medium,MERCHANT_COLLUSION,APPROVE,Closed,Fraud Ops - B,198
ALT00001063,TXN000007786,CUST000991,2026-05-29 00:13:45,84.0,High,VELOCITY_ABUSE,CHALLENGE,Open,Fraud Ops - B,22
ALT00001064,TXN000025495,CUST001977,2026-05-29 00:41:10,74.5,Medium,NONE,CHALLENGE,Open,Fraud Ops - B,37
ALT00001065,TXN000032898,CUST000659,2026-05-29 01:26:24,71.2,Medium,NONE,CHALLENGE,Open,Fraud Ops - A,161
ALT00001066,TXN000019106,CUST001249,2026-05-29 02:15:20,99,Critical,ACCOUNT_TAKEOVER,DECLINE,Investigating,Fraud Ops - C,197
ALT00001067,TXN000044190,CUST001152,2026-05-29 02:28:17,65.8,Medium,NONE,CHALLENGE,Investigating,Fraud Ops - A,81
ALT00001068,TXN000014357,CUST000990,2026-05-29 02:29:14,77.7,Medium,NONE,CHALLENGE,Closed,Fraud Ops - B,236
ALT00001069,TXN000023766,CUST000342,2026-05-29 02:41:13,99,Critical,ACCOUNT_TAKEOVER,DECLINE,Open,Fraud Ops - B,111
ALT00001070,TXN000025441,CUST001971,2026-05-29 02:50:30,79.9,Medium,IMPOSSIBLE_TRAVEL,CHALLENGE,Investigating,Fraud Ops - B,138
ALT00001071,TXN000029222,CUST001439,2026-05-29 03:15:37,57.9,Medium,VELOCITY_ABUSE,APPROVE,Closed,Fraud Ops - B,207
ALT00001072,TXN000017700,CUST001381,2026-05-29 03:42:28,70.0,Medium,NONE,CHALLENGE,Investigating,Fraud Ops - B,199
ALT00001073,TXN000044369,CUST001614,2026-05-29 03:53:57,76.3,Medium,NONE,CHALLENGE,Open,Fraud Ops - C,128
ALT00001074,TXN000030545,CUST000980,2026-05-29 04:12:49,99,Critical,ACCOUNT_TAKEOVER,DECLINE,Open,Fraud Ops - A,207
ALT00001075,TXN000023116,CUST001458,2026-05-29 05:45:29,49.1,Medium,VELOCITY_ABUSE,APPROVE,Open,Fraud Ops - B,206
ALT00001076,TXN000010847,CUST000130,2026-05-29 09:11:22,49.4,Medium,CARD_TESTING,APPROVE,Closed,Fraud Ops - A,154
ALT00001077,TXN000012970,CUST001229,2026-05-29 11:34:48,92.0,Critical,CARD_NOT_PRESENT,DECLINE,Open,Fraud Ops - B,72
ALT00001078,TXN000012950,CUST000220,2026-05-29 11:40:52,68.0,Medium,MERCHANT_COLLUSION,CHALLENGE,Closed,Fraud Ops - A,210
ALT00001079,TXN000015355,CUST000925,2026-05-29 16:43:35,48.0,Medium,MULE_TRANSFER,APPROVE,Open,Fraud Ops - B,74
ALT00001080,TXN000025805,CUST001499,2026-05-29 16:56:12,52.0,Medium,MULE_TRANSFER,APPROVE,Open,Fraud Ops - A,45
ALT00001081,TXN000044958,CUST001846,2026-05-29 17:56:31,70.0,Medium,MULE_TRANSFER,CHALLENGE,Closed,Fraud Ops - A,7
ALT00001082,TXN000010681,CUST000277,2026-05-30 00:49:07,68.9,Medium,NONE,CHALLENGE,Open,Fraud Ops - C,138
ALT00001083,TXN000037477,CUST001184,2026-05-30 00:59:54,74.8,Medium,NONE,CHALLENGE,Open,Fraud Ops - A,59
ALT00001084,TXN000039962,CUST001741,2026-05-30 02:27:57,77.9,Medium,NONE,CHALLENGE,Investigating,Fraud Ops - B,63
ALT00001085,TXN000029439,CUST001977,2026-05-30 02:58:43,72.9,Medium,NONE,CHALLENGE,Open,Fraud Ops - C,14
ALT00001086,TXN000027383,CUST001364,2026-05-30 03:06:35,76.1,Medium,NONE,CHALLENGE,Open,Fraud Ops - B,87
ALT00001087,TXN000020506,CUST001343,2026-05-30 03:36:22,78.6,Medium,IMPOSSIBLE_TRAVEL,CHALLENGE,Open,Fraud Ops - B,147
ALT00001088,TXN000022917,CUST000521,2026-05-30 04:23:48,72.7,Medium,NONE,CHALLENGE,Open,Fraud Ops - A,213
ALT00001089,TXN000032098,CUST000833,2026-05-30 10:47:31,48.0,Medium,ATM_CASHOUT,APPROVE,Open,Fraud Ops - B,189
ALT00001090,TXN000034050,CUST001685,2026-05-30 15:08:25,49.1,Medium,VELOCITY_ABUSE,APPROVE,Open,Fraud Ops - B,71
ALT00001091,TXN000013975,CUST000447,2026-05-31 00:29:22,68.8,Medium,NONE,CHALLENGE,Open,Fraud Ops - A,189
ALT00001092,TXN000046012,CUST000472,2026-05-31 01:40:41,72.3,Medium,NONE,CHALLENGE,Open,Fraud Ops - A,121
ALT00001093,TXN000015931,CUST000281,2026-05-31 01:51:55,77.0,Medium,NONE,CHALLENGE,Closed,Fraud Ops - C,59
ALT00001094,TXN000038765,CUST001727,2026-05-31 03:31:02,70.5,Medium,NONE,CHALLENGE,Investigating,Fraud Ops - C,207
ALT00001095,TXN000005275,CUST001332,2026-05-31 03:33:18,66.2,Medium,NONE,CHALLENGE,Open,Fraud Ops - C,185
ALT00001096,TXN000007924,CUST001766,2026-05-31 04:26:36,67.5,Medium,NONE,CHALLENGE,Closed,Fraud Ops - B,119
ALT00001097,TXN000044068,CUST000557,2026-05-31 06:06:18,68.9,Medium,VELOCITY_ABUSE,CHALLENGE,Investigating,Fraud Ops - C,77
ALT00001098,TXN000008445,CUST001569,2026-05-31 06:07:07,50.0,Medium,MERCHANT_COLLUSION,APPROVE,Open,Fraud Ops - A,230
ALT00001099,TXN000017652,CUST000007,2026-05-31 08:53:49,77.2,Medium,CARD_NOT_PRESENT,CHALLENGE,Open,Fraud Ops - A,39
ALT00001100,TXN000040542,CUST000072,2026-05-31 12:00:29,68.6,Medium,CARD_TESTING,CHALLENGE,Closed,Fraud Ops - B,204
ALT00001101,TXN000003286,CUST001261,2026-05-31 12:05:38,83.6,High,CARD_NOT_PRESENT,CHALLENGE,Open,Fraud Ops - A,134
ALT00001102,TXN000045016,CUST001789,2026-05-31 13:09:53,69.0,Medium,IMPOSSIBLE_TRAVEL,CHALLENGE,Open,Fraud Ops - C,184
ALT00001103,TXN000012781,CUST000429,2026-05-31 15:15:45,52.0,Medium,MULE_TRANSFER,APPROVE,Open,Fraud Ops - B,62
ALT00001104,TXN000043235,CUST001744,2026-05-31 16:19:24,50.1,Medium,VELOCITY_ABUSE,APPROVE,Open,Fraud Ops - B,183
ALT00001105,TXN000035565,CUST000758,2026-06-01 01:56:41,67.8,Medium,NONE,CHALLENGE,Open,Fraud Ops - B,173
ALT00001106,TXN000002506,CUST001409,2026-06-01 02:35:02,70.9,Medium,NONE,CHALLENGE,Closed,Fraud Ops - B,28
ALT00001107,TXN000045225,CUST001316,2026-06-01 03:11:37,68.0,Medium,ATM_CASHOUT,CHALLENGE,Closed,Fraud Ops - B,102
ALT00001108,TXN000018502,CUST000557,2026-06-01 16:17:30,68.0,Medium,CARD_TESTING,CHALLENGE,Closed,Fraud Ops - A,20
ALT00001109,TXN000034352,CUST001136,2026-06-01 18:16:50,76.0,Medium,MULE_TRANSFER,CHALLENGE,Closed,Fraud Ops - C,84
ALT00001110,TXN000029695,CUST001191,2026-06-02 00:33:35,71.4,Medium,NONE,CHALLENGE,Open,Fraud Ops - A,226
ALT00001111,TXN000030471,CUST000874,2026-06-02 00:55:49,70.6,Medium,NONE,CHALLENGE,Open,Fraud Ops - A,49
ALT00001112,TXN000028134,CUST000086,2026-06-02 03:09:50,65.3,Medium,NONE,CHALLENGE,Open,Fraud Ops - C,159
ALT00001113,TXN000025327,CUST001816,2026-06-02 03:16:37,72.0,Medium,NONE,CHALLENGE,Open,Fraud Ops - A,51
ALT00001114,TXN000021076,CUST000396,2026-06-02 04:04:10,81.7,High,VELOCITY_ABUSE,CHALLENGE,Open,Fraud Ops - A,233
ALT00001115,TXN000044611,CUST000118,2026-06-02 04:53:16,99,Critical,CARD_NOT_PRESENT,DECLINE,Closed,Fraud Ops - A,79
ALT00001116,TXN000042752,CUST001559,2026-06-02 11:32:02,52.0,Medium,MULE_TRANSFER,APPROVE,Closed,Fraud Ops - B,179
ALT00001117,TXN000044705,CUST001919,2026-06-02 16:55:03,48.0,Medium,ATM_CASHOUT,APPROVE,Investigating,Fraud Ops - B,171
ALT00001118,TXN000026762,CUST000147,2026-06-02 20:06:26,50.0,Medium,ATM_CASHOUT,APPROVE,Open,Fraud Ops - C,21
ALT00001119,TXN000033378,CUST001922,2026-06-03 01:25:32,71.6,Medium,NONE,CHALLENGE,Investigating,Fraud Ops - B,187
ALT00001120,TXN000015975,CUST001422,2026-06-03 02:23:59,76.7,Medium,NONE,CHALLENGE,Closed,Fraud Ops - B,144
ALT00001121,TXN000008103,CUST000404,2026-06-03 03:26:18,74.5,Medium,NONE,CHALLENGE,Closed,Fraud Ops - C,181
ALT00001122,TXN000004298,CUST000429,2026-06-03 04:57:53,73.9,Medium,NONE,CHALLENGE,Open,Fraud Ops - B,137
ALT00001123,TXN000027854,CUST001316,2026-06-03 15:25:29,66.6,Medium,CARD_NOT_PRESENT,CHALLENGE,Open,Fraud Ops - A,148
ALT00001124,TXN000022027,CUST000634,2026-06-03 16:07:21,50.0,Medium,MERCHANT_COLLUSION,APPROVE,Closed,Fraud Ops - C,127
ALT00001125,TXN000046720,CUST001438,2026-06-03 16:59:39,66.1,Medium,CARD_TESTING,CHALLENGE,Open,Fraud Ops - C,180
ALT00001126,TXN000018400,CUST001606,2026-06-03 18:38:57,68.0,Medium,MERCHANT_COLLUSION,CHALLENGE,Investigating,Fraud Ops - C,73
ALT00001127,TXN000038248,CUST000145,2026-06-03 20:14:02,74.0,Medium,MULE_TRANSFER,CHALLENGE,Open,Fraud Ops - A,135
ALT00001128,TXN000036693,CUST000084,2026-06-04 00:12:45,98.6,Critical,ACCOUNT_TAKEOVER,DECLINE,Open,Fraud Ops - B,202
ALT00001129,TXN000022780,CUST000070,2026-06-04 00:20:37,73.7,Medium,NONE,CHALLENGE,Closed,Fraud Ops - A,157
ALT00001130,TXN000011257,CUST000557,2026-06-04 02:49:38,68.3,Medium,NONE,CHALLENGE,Open,Fraud Ops - C,141
ALT00001131,TXN000019893,CUST001419,2026-06-04 02:51:12,86.0,High,ATM_CASHOUT,DECLINE,Closed,Fraud Ops - B,105
ALT00001132,TXN000036377,CUST000184,2026-06-04 02:59:52,69.6,Medium,NONE,CHALLENGE,Open,Fraud Ops - C,89
ALT00001133,TXN000028349,CUST000068,2026-06-04 04:08:04,65.1,Medium,NONE,CHALLENGE,Open,Fraud Ops - B,216
ALT00001134,TXN000037510,CUST001669,2026-06-04 08:44:21,68.0,Medium,MERCHANT_COLLUSION,CHALLENGE,Investigating,Fraud Ops - C,106
ALT00001135,TXN000032095,CUST001078,2026-06-04 22:25:41,91.6,Critical,CARD_NOT_PRESENT,DECLINE,Closed,Fraud Ops - C,194
ALT00001136,TXN000020200,CUST001698,2026-06-05 00:20:48,99,Critical,ACCOUNT_TAKEOVER,DECLINE,Open,Fraud Ops - C,214
ALT00001137,TXN000002903,CUST000949,2026-06-05 01:07:07,67.9,Medium,NONE,CHALLENGE,Open,Fraud Ops - B,84
ALT00001138,TXN000041484,CUST001638,2026-06-05 01:43:08,69.1,Medium,NONE,CHALLENGE,Open,Fraud Ops - A,120
ALT00001139,TXN000015211,CUST001816,2026-06-05 03:41:40,68.1,Medium,NONE,CHALLENGE,Investigating,Fraud Ops - B,215
ALT00001140,TXN000043110,CUST001505,2026-06-05 10:43:45,66.2,Medium,CARD_NOT_PRESENT,CHALLENGE,Closed,Fraud Ops - B,23
ALT00001141,TXN000037844,CUST000433,2026-06-05 14:58:35,78.2,Medium,CARD_NOT_PRESENT,CHALLENGE,Open,Fraud Ops - C,28
ALT00001142,TXN000030458,CUST000183,2026-06-05 19:20:08,83.7,High,ACCOUNT_TAKEOVER,CHALLENGE,Closed,Fraud Ops - A,110
ALT00001143,TXN000039644,CUST000038,2026-06-05 19:28:37,48.2,Medium,CARD_TESTING,APPROVE,Closed,Fraud Ops - A,177
ALT00001144,TXN000033656,CUST000395,2026-06-05 20:04:23,54.0,Medium,MULE_TRANSFER,APPROVE,Investigating,Fraud Ops - A,131
ALT00001145,TXN000011165,CUST000225,2026-06-06 00:02:53,68.9,Medium,NONE,CHALLENGE,Closed,Fraud Ops - C,164
ALT00001146,TXN000001589,CUST000611,2026-06-06 00:30:26,73.9,Medium,CARD_TESTING,CHALLENGE,Investigating,Fraud Ops - A,156
ALT00001147,TXN000015787,CUST000529,2026-06-06 01:07:37,66.0,Medium,NONE,CHALLENGE,Open,Fraud Ops - B,197
ALT00001148,TXN000040663,CUST000590,2026-06-06 01:21:36,71.4,Medium,NONE,CHALLENGE,Closed,Fraud Ops - A,154
ALT00001149,TXN000028447,CUST001423,2026-06-06 01:53:31,73.8,Medium,NONE,CHALLENGE,Open,Fraud Ops - A,219
ALT00001150,TXN000014746,CUST001101,2026-06-06 02:13:10,72.4,Medium,NONE,CHALLENGE,Investigating,Fraud Ops - A,188
ALT00001151,TXN000037066,CUST000078,2026-06-06 02:43:50,65.3,Medium,NONE,CHALLENGE,Investigating,Fraud Ops - C,62
ALT00001152,TXN000020119,CUST001448,2026-06-06 02:43:51,74.5,Medium,NONE,CHALLENGE,Open,Fraud Ops - C,31
ALT00001153,TXN000012386,CUST001624,2026-06-06 03:34:40,67.4,Medium,CARD_TESTING,CHALLENGE,Investigating,Fraud Ops - A,129
ALT00001154,TXN000028130,CUST000990,2026-06-06 03:50:00,70.0,Medium,NONE,CHALLENGE,Open,Fraud Ops - C,226
ALT00001155,TXN000043921,CUST001945,2026-06-06 07:10:25,71.0,Medium,CARD_NOT_PRESENT,CHALLENGE,Open,Fraud Ops - C,125
ALT00001156,TXN000019483,CUST000597,2026-06-06 13:12:13,42.0,Medium,CARD_TESTING,APPROVE,Investigating,Fraud Ops - B,114
ALT00001157,TXN000019145,CUST000941,2026-06-06 15:35:56,50.0,Medium,ATM_CASHOUT,APPROVE,Investigating,Fraud Ops - C,184
ALT00001158,TXN000018209,CUST000269,2026-06-06 22:44:08,60.0,Medium,VELOCITY_ABUSE,APPROVE,Investigating,Fraud Ops - C,5
ALT00001159,TXN000045639,CUST001601,2026-06-07 01:42:00,66.0,Medium,NONE,CHALLENGE,Open,Fraud Ops - B,143
ALT00001160,TXN000047716,CUST001005,2026-06-07 08:41:24,49.6,Medium,IMPOSSIBLE_TRAVEL,APPROVE,Open,Fraud Ops - A,182
ALT00001161,TXN000027144,CUST000954,2026-06-07 09:41:42,54.5,Medium,VELOCITY_ABUSE,APPROVE,Open,Fraud Ops - A,222
ALT00001162,TXN000033588,CUST001187,2026-06-07 15:27:24,40.5,Medium,CARD_TESTING,APPROVE,Closed,Fraud Ops - C,200
ALT00001163,TXN000030236,CUST001727,2026-06-08 00:27:56,77.4,Medium,NONE,CHALLENGE,Closed,Fraud Ops - B,84
ALT00001164,TXN000044513,CUST001184,2026-06-08 00:59:02,99,Critical,IMPOSSIBLE_TRAVEL,DECLINE,Closed,Fraud Ops - B,75
ALT00001165,TXN000011339,CUST001325,2026-06-08 01:03:44,70.3,Medium,NONE,CHALLENGE,Open,Fraud Ops - C,57
ALT00001166,TXN000034475,CUST000746,2026-06-08 02:30:50,68.6,Medium,NONE,CHALLENGE,Open,Fraud Ops - B,34
ALT00001167,TXN000037038,CUST000261,2026-06-08 03:38:20,65.9,Medium,NONE,CHALLENGE,Closed,Fraud Ops - A,173
ALT00001168,TXN000002710,CUST000520,2026-06-08 04:45:40,99,Critical,ACCOUNT_TAKEOVER,DECLINE,Investigating,Fraud Ops - A,19
ALT00001169,TXN000015664,CUST000596,2026-06-08 17:09:35,54.0,Medium,MULE_TRANSFER,APPROVE,Open,Fraud Ops - A,89
ALT00001170,TXN000010487,CUST001080,2026-06-08 21:11:43,84.1,High,IMPOSSIBLE_TRAVEL,CHALLENGE,Closed,Fraud Ops - A,220
ALT00001171,TXN000039781,CUST000629,2026-06-08 23:07:23,54.0,Medium,ATM_CASHOUT,APPROVE,Open,Fraud Ops - C,90
ALT00001172,TXN000022337,CUST000144,2026-06-09 00:07:40,73.2,Medium,NONE,CHALLENGE,Open,Fraud Ops - C,101
ALT00001173,TXN000041452,CUST000558,2026-06-09 01:22:00,68.4,Medium,NONE,CHALLENGE,Investigating,Fraud Ops - B,142
ALT00001174,TXN000012020,CUST000999,2026-06-09 02:08:42,94.0,Critical,MERCHANT_COLLUSION,DECLINE,Closed,Fraud Ops - B,203
ALT00001175,TXN000030455,CUST001164,2026-06-09 02:30:34,72.0,Medium,MULE_TRANSFER,CHALLENGE,Open,Fraud Ops - A,201
ALT00001176,TXN000029840,CUST001868,2026-06-09 02:47:56,70.8,Medium,NONE,CHALLENGE,Open,Fraud Ops - B,150
ALT00001177,TXN000023532,CUST001981,2026-06-09 03:04:17,75.3,Medium,NONE,CHALLENGE,Closed,Fraud Ops - C,42
ALT00001178,TXN000032494,CUST001687,2026-06-09 03:59:54,74.7,Medium,NONE,CHALLENGE,Open,Fraud Ops - A,175
ALT00001179,TXN000037519,CUST001807,2026-06-10 00:00:19,66.4,Medium,NONE,CHALLENGE,Open,Fraud Ops - A,22
ALT00001180,TXN000035669,CUST001587,2026-06-10 00:33:59,65.3,Medium,NONE,CHALLENGE,Closed,Fraud Ops - A,71
ALT00001181,TXN000020770,CUST000098,2026-06-10 00:55:39,86.0,High,MULE_TRANSFER,DECLINE,Open,Fraud Ops - B,99
ALT00001182,TXN000040155,CUST000483,2026-06-10 03:13:43,77.6,Medium,NONE,CHALLENGE,Open,Fraud Ops - B,110
ALT00001183,TXN000035164,CUST000011,2026-06-10 03:27:41,71.4,Medium,NONE,CHALLENGE,Investigating,Fraud Ops - A,203
ALT00001184,TXN000047774,CUST001382,2026-06-10 03:32:17,67.5,Medium,NONE,CHALLENGE,Open,Fraud Ops - B,151
ALT00001185,TXN000043901,CUST000286,2026-06-10 07:15:37,70.0,Medium,MULE_TRANSFER,CHALLENGE,Open,Fraud Ops - C,240
ALT00001186,TXN000027372,CUST000745,2026-06-10 12:12:20,97,Critical,ACCOUNT_TAKEOVER,DECLINE,Open,Fraud Ops - A,47
ALT00001187,TXN000048232,CUST000518,2026-06-10 15:35:23,61.6,Medium,IMPOSSIBLE_TRAVEL,APPROVE,Investigating,Fraud Ops - A,45
ALT00001188,TXN000036373,CUST000649,2026-06-10 21:11:05,84.8,High,CARD_NOT_PRESENT,CHALLENGE,Open,Fraud Ops - C,27
ALT00001189,TXN000000560,CUST000245,2026-06-10 21:53:09,52.0,Medium,ATM_CASHOUT,APPROVE,Open,Fraud Ops - A,81
ALT00001190,TXN000027565,CUST001878,2026-06-10 23:19:51,62.0,Medium,VELOCITY_ABUSE,APPROVE,Closed,Fraud Ops - B,134
ALT00001191,TXN000039779,CUST000590,2026-06-11 01:15:25,72.7,Medium,NONE,CHALLENGE,Open,Fraud Ops - B,154
ALT00001192,TXN000004803,CUST001699,2026-06-11 01:34:14,69.4,Medium,NONE,CHALLENGE,Closed,Fraud Ops - B,63
ALT00001193,TXN000029227,CUST001120,2026-06-11 02:03:26,66.2,Medium,NONE,CHALLENGE,Investigating,Fraud Ops - A,26
ALT00001194,TXN000044876,CUST001525,2026-06-11 02:29:11,66.7,Medium,NONE,CHALLENGE,Investigating,Fraud Ops - C,138
ALT00001195,TXN000042683,CUST000011,2026-06-11 02:59:14,76.1,Medium,NONE,CHALLENGE,Investigating,Fraud Ops - C,168
ALT00001196,TXN000022649,CUST000368,2026-06-11 03:14:50,70.2,Medium,NONE,CHALLENGE,Closed,Fraud Ops - B,151
ALT00001197,TXN000001558,CUST001209,2026-06-11 04:35:26,88.4,High,CARD_NOT_PRESENT,DECLINE,Open,Fraud Ops - C,134
ALT00001198,TXN000002425,CUST000432,2026-06-11 18:52:00,72.0,Medium,MULE_TRANSFER,CHALLENGE,Investigating,Fraud Ops - B,237
ALT00001199,TXN000038563,CUST000293,2026-06-11 23:54:39,48.0,Medium,MULE_TRANSFER,APPROVE,Open,Fraud Ops - B,222
ALT00001200,TXN000000126,CUST001578,2026-06-12 01:00:28,70.0,Medium,MULE_TRANSFER,CHALLENGE,Closed,Fraud Ops - C,231
ALT00001201,TXN000038759,CUST000465,2026-06-12 01:13:19,66.5,Medium,NONE,CHALLENGE,Open,Fraud Ops - A,135
ALT00001202,TXN000025342,CUST001511,2026-06-12 01:15:28,65.1,Medium,NONE,CHALLENGE,Open,Fraud Ops - C,219
ALT00001203,TXN000010090,CUST000381,2026-06-12 01:21:32,74.7,Medium,NONE,CHALLENGE,Closed,Fraud Ops - A,227
ALT00001204,TXN000007505,CUST000141,2026-06-12 02:23:48,73.3,Medium,NONE,CHALLENGE,Open,Fraud Ops - A,38
ALT00001205,TXN000043287,CUST000904,2026-06-12 03:09:10,72.5,Medium,NONE,CHALLENGE,Open,Fraud Ops - A,173
ALT00001206,TXN000015070,CUST001159,2026-06-12 03:15:14,66.6,Medium,NONE,CHALLENGE,Open,Fraud Ops - C,15
ALT00001207,TXN000021632,CUST001144,2026-06-12 03:47:53,74.8,Medium,NONE,CHALLENGE,Investigating,Fraud Ops - A,172
ALT00001208,TXN000046813,CUST001307,2026-06-12 04:12:52,71.0,Medium,NONE,CHALLENGE,Open,Fraud Ops - B,89
ALT00001209,TXN000021071,CUST001230,2026-06-12 07:51:58,78.1,Medium,CARD_NOT_PRESENT,CHALLENGE,Open,Fraud Ops - A,205
ALT00001210,TXN000048742,CUST001496,2026-06-12 13:55:38,50.0,Medium,ATM_CASHOUT,APPROVE,Investigating,Fraud Ops - B,181
ALT00001211,TXN000008988,CUST001369,2026-06-13 00:01:04,73.1,Medium,NONE,CHALLENGE,Open,Fraud Ops - A,94
ALT00001212,TXN000021903,CUST000221,2026-06-13 00:19:31,74.3,Medium,NONE,CHALLENGE,Open,Fraud Ops - C,216
ALT00001213,TXN000017391,CUST000019,2026-06-13 00:36:44,67.7,Medium,NONE,CHALLENGE,Open,Fraud Ops - C,54
ALT00001214,TXN000037947,CUST001664,2026-06-13 01:20:51,76.3,Medium,NONE,CHALLENGE,Investigating,Fraud Ops - B,137
ALT00001215,TXN000036433,CUST001098,2026-06-13 03:09:35,70.0,Medium,ATM_CASHOUT,CHALLENGE,Investigating,Fraud Ops - B,83
ALT00001216,TXN000044639,CUST001565,2026-06-13 04:17:44,74.0,Medium,ATM_CASHOUT,CHALLENGE,Open,Fraud Ops - B,185
ALT00001217,TXN000022791,CUST000642,2026-06-13 07:44:14,49.0,Medium,VELOCITY_ABUSE,APPROVE,Closed,Fraud Ops - A,40
ALT00001218,TXN000038192,CUST000824,2026-06-13 08:14:36,52.0,Medium,ATM_CASHOUT,APPROVE,Investigating,Fraud Ops - B,84
ALT00001219,TXN000041729,CUST001184,2026-06-13 15:47:48,83.6,High,IMPOSSIBLE_TRAVEL,CHALLENGE,Open,Fraud Ops - C,148
ALT00001220,TXN000029403,CUST000623,2026-06-13 20:47:13,52.0,Medium,MULE_TRANSFER,APPROVE,Investigating,Fraud Ops - A,199
ALT00001221,TXN000025473,CUST001827,2026-06-13 23:47:32,42.1,Medium,CARD_TESTING,APPROVE,Open,Fraud Ops - C,25
ALT00001222,TXN000018042,CUST000199,2026-06-14 00:59:52,68.0,Medium,MERCHANT_COLLUSION,CHALLENGE,Open,Fraud Ops - B,80
ALT00001223,TXN000031184,CUST000626,2026-06-14 01:54:15,77.0,Medium,NONE,CHALLENGE,Open,Fraud Ops - B,43
ALT00001224,TXN000018490,CUST000238,2026-06-14 02:23:28,68.4,Medium,NONE,CHALLENGE,Closed,Fraud Ops - A,207
ALT00001225,TXN000049192,CUST001901,2026-06-14 02:26:06,65.6,Medium,NONE,CHALLENGE,Closed,Fraud Ops - C,209
ALT00001226,TXN000003271,CUST000240,2026-06-14 02:55:21,71.7,Medium,NONE,CHALLENGE,Investigating,Fraud Ops - B,49
ALT00001227,TXN000003765,CUST000503,2026-06-14 03:41:49,68.1,Medium,NONE,CHALLENGE,Open,Fraud Ops - C,142
ALT00001228,TXN000019428,CUST000144,2026-06-14 04:30:20,66.9,Medium,NONE,CHALLENGE,Open,Fraud Ops - A,49
ALT00001229,TXN000018436,CUST001086,2026-06-14 05:20:55,58.2,Medium,CARD_TESTING,APPROVE,Open,Fraud Ops - C,72
ALT00001230,TXN000037019,CUST000161,2026-06-14 06:23:59,63.3,Medium,IMPOSSIBLE_TRAVEL,APPROVE,Closed,Fraud Ops - C,121
ALT00001231,TXN000000639,CUST000011,2026-06-14 07:11:33,95.5,Critical,IMPOSSIBLE_TRAVEL,DECLINE,Closed,Fraud Ops - B,157
ALT00001232,TXN000018174,CUST001421,2026-06-14 15:15:41,50.0,Medium,MULE_TRANSFER,APPROVE,Investigating,Fraud Ops - A,60
ALT00001233,TXN000029798,CUST000672,2026-06-14 17:03:36,48.3,Medium,CARD_TESTING,APPROVE,Open,Fraud Ops - C,223
ALT00001234,TXN000025280,CUST000093,2026-06-14 22:45:13,68.0,Medium,VELOCITY_ABUSE,CHALLENGE,Closed,Fraud Ops - C,144
ALT00001235,TXN000001263,CUST000299,2026-06-15 00:16:24,69.6,Medium,NONE,CHALLENGE,Investigating,Fraud Ops - A,77
ALT00001236,TXN000025927,CUST000432,2026-06-15 01:41:28,72.7,Medium,NONE,CHALLENGE,Open,Fraud Ops - B,44
ALT00001237,TXN000006434,CUST001562,2026-06-15 03:00:57,70.0,Medium,NONE,CHALLENGE,Investigating,Fraud Ops - B,149
ALT00001238,TXN000028213,CUST001801,2026-06-15 03:34:02,77.6,Medium,NONE,CHALLENGE,Investigating,Fraud Ops - B,159
ALT00001239,TXN000009124,CUST000857,2026-06-15 05:26:55,34.3,Medium,IMPOSSIBLE_TRAVEL,APPROVE,Investigating,Fraud Ops - C,83
ALT00001240,TXN000000730,CUST001818,2026-06-15 10:49:32,73.0,Medium,CARD_NOT_PRESENT,CHALLENGE,Investigating,Fraud Ops - C,58
ALT00001241,TXN000028869,CUST001650,2026-06-15 15:25:26,79.9,Medium,CARD_NOT_PRESENT,CHALLENGE,Open,Fraud Ops - A,175
ALT00001242,TXN000022007,CUST001134,2026-06-15 16:56:55,97.5,Critical,ACCOUNT_TAKEOVER,DECLINE,Investigating,Fraud Ops - A,45
ALT00001243,TXN000049959,CUST000549,2026-06-15 20:15:24,52.0,Medium,MULE_TRANSFER,APPROVE,Open,Fraud Ops - B,159
ALT00001244,TXN000045683,CUST001552,2026-06-15 20:42:38,70.0,Medium,MULE_TRANSFER,CHALLENGE,Closed,Fraud Ops - B,194
ALT00001245,TXN000020748,CUST001666,2026-06-15 21:03:44,60.6,Medium,VELOCITY_ABUSE,APPROVE,Investigating,Fraud Ops - A,149
ALT00001246,TXN000023388,CUST001229,2026-06-16 00:12:33,70.8,Medium,NONE,CHALLENGE,Open,Fraud Ops - B,184
ALT00001247,TXN000031315,CUST001977,2026-06-16 02:08:01,71.7,Medium,NONE,CHALLENGE,Open,Fraud Ops - B,47
ALT00001248,TXN000036017,CUST000850,2026-06-16 02:15:05,67.6,Medium,NONE,CHALLENGE,Investigating,Fraud Ops - C,157
ALT00001249,TXN000015918,CUST000104,2026-06-16 03:00:48,67.4,Medium,NONE,CHALLENGE,Open,Fraud Ops - C,141
ALT00001250,TXN000031518,CUST000721,2026-06-16 04:01:12,74.0,Medium,MULE_TRANSFER,CHALLENGE,Investigating,Fraud Ops - B,218
ALT00001251,TXN000043728,CUST001701,2026-06-16 04:21:24,68.9,Medium,NONE,CHALLENGE,Closed,Fraud Ops - A,117
ALT00001252,TXN000016992,CUST000238,2026-06-16 04:33:44,69.8,Medium,NONE,CHALLENGE,Investigating,Fraud Ops - A,127
ALT00001253,TXN000025660,CUST000741,2026-06-16 13:42:35,68.1,Medium,IMPOSSIBLE_TRAVEL,CHALLENGE,Closed,Fraud Ops - C,23
ALT00001254,TXN000027464,CUST000546,2026-06-16 15:28:36,51.0,Medium,IMPOSSIBLE_TRAVEL,APPROVE,Closed,Fraud Ops - C,119
ALT00001255,TXN000031794,CUST000722,2026-06-16 18:59:43,48.0,Medium,MULE_TRANSFER,APPROVE,Open,Fraud Ops - B,59
ALT00001256,TXN000002399,CUST000741,2026-06-16 23:02:39,85.0,High,ACCOUNT_TAKEOVER,DECLINE,Open,Fraud Ops - A,16
ALT00001257,TXN000031741,CUST001973,2026-06-17 00:02:29,71.7,Medium,NONE,CHALLENGE,Open,Fraud Ops - B,65
ALT00001258,TXN000009080,CUST001169,2026-06-17 01:00:04,99,Critical,ACCOUNT_TAKEOVER,DECLINE,Open,Fraud Ops - B,87
ALT00001259,TXN000024840,CUST001891,2026-06-17 02:10:35,71.9,Medium,NONE,CHALLENGE,Investigating,Fraud Ops - C,65
ALT00001260,TXN000007979,CUST001357,2026-06-17 02:50:01,71.8,Medium,NONE,CHALLENGE,Open,Fraud Ops - A,240
ALT00001261,TXN000021780,CUST000096,2026-06-17 03:00:05,65.0,Medium,NONE,CHALLENGE,Open,Fraud Ops - A,116
ALT00001262,TXN000044284,CUST001353,2026-06-17 04:33:20,76.2,Medium,NONE,CHALLENGE,Closed,Fraud Ops - C,207
ALT00001263,TXN000025690,CUST001789,2026-06-17 07:55:01,81.5,High,VELOCITY_ABUSE,CHALLENGE,Open,Fraud Ops - A,157
ALT00001264,TXN000015029,CUST001730,2026-06-17 16:21:40,62.0,Medium,VELOCITY_ABUSE,APPROVE,Open,Fraud Ops - C,81
ALT00001265,TXN000041451,CUST000727,2026-06-17 19:40:34,91.8,Critical,ACCOUNT_TAKEOVER,DECLINE,Investigating,Fraud Ops - B,173
ALT00001266,TXN000013962,CUST001762,2026-06-17 22:35:17,49.1,Medium,CARD_TESTING,APPROVE,Open,Fraud Ops - C,23
ALT00001267,TXN000011763,CUST001442,2026-06-17 23:06:03,54.0,Medium,ATM_CASHOUT,APPROVE,Investigating,Fraud Ops - A,208
ALT00001268,TXN000022004,CUST000734,2026-06-18 00:24:12,68.4,Medium,NONE,CHALLENGE,Closed,Fraud Ops - B,151
ALT00001269,TXN000000200,CUST000328,2026-06-18 00:42:40,77.2,Medium,NONE,CHALLENGE,Open,Fraud Ops - B,62
ALT00001270,TXN000045761,CUST000074,2026-06-18 01:17:57,74.0,Medium,ATM_CASHOUT,CHALLENGE,Closed,Fraud Ops - A,215
ALT00001271,TXN000029827,CUST000525,2026-06-18 03:37:30,71.6,Medium,NONE,CHALLENGE,Investigating,Fraud Ops - A,78
ALT00001272,TXN000047844,CUST000250,2026-06-18 07:25:11,41.1,Medium,IMPOSSIBLE_TRAVEL,APPROVE,Closed,Fraud Ops - B,46
ALT00001273,TXN000032582,CUST000513,2026-06-18 09:08:21,73.2,Medium,VELOCITY_ABUSE,CHALLENGE,Open,Fraud Ops - C,131
ALT00001274,TXN000038495,CUST000401,2026-06-18 16:40:39,46.1,Medium,VELOCITY_ABUSE,APPROVE,Open,Fraud Ops - A,120
ALT00001275,TXN000015281,CUST000070,2026-06-18 17:20:49,68.0,Medium,MERCHANT_COLLUSION,CHALLENGE,Investigating,Fraud Ops - A,220
ALT00001276,TXN000028315,CUST000918,2026-06-18 23:28:18,96.3,Critical,ACCOUNT_TAKEOVER,DECLINE,Open,Fraud Ops - A,56
ALT00001277,TXN000040728,CUST001746,2026-06-19 00:32:08,68.7,Medium,NONE,CHALLENGE,Closed,Fraud Ops - C,225
ALT00001278,TXN000040024,CUST000375,2026-06-19 01:02:17,70.3,Medium,NONE,CHALLENGE,Investigating,Fraud Ops - C,13
ALT00001279,TXN000042184,CUST001561,2026-06-19 01:57:40,90.0,Critical,ATM_CASHOUT,DECLINE,Closed,Fraud Ops - B,50
ALT00001280,TXN000043111,CUST000610,2026-06-19 02:52:57,68.2,Medium,NONE,CHALLENGE,Open,Fraud Ops - B,173
ALT00001281,TXN000024720,CUST001879,2026-06-19 02:59:55,65.6,Medium,NONE,CHALLENGE,Closed,Fraud Ops - B,191
ALT00001282,TXN000028864,CUST001153,2026-06-19 03:35:46,68.5,Medium,NONE,CHALLENGE,Investigating,Fraud Ops - B,205
ALT00001283,TXN000011745,CUST001206,2026-06-19 09:48:15,48.0,Medium,MERCHANT_COLLUSION,APPROVE,Closed,Fraud Ops - C,222
ALT00001284,TXN000026102,CUST000921,2026-06-20 01:06:09,72.3,Medium,NONE,CHALLENGE,Open,Fraud Ops - A,236
ALT00001285,TXN000025924,CUST000605,2026-06-20 02:01:31,78.3,Medium,NONE,CHALLENGE,Investigating,Fraud Ops - C,214
ALT00001286,TXN000042140,CUST000270,2026-06-20 02:32:35,66.6,Medium,CARD_TESTING,CHALLENGE,Open,Fraud Ops - A,68
ALT00001287,TXN000011064,CUST000912,2026-06-20 03:25:00,67.2,Medium,NONE,CHALLENGE,Closed,Fraud Ops - A,185
ALT00001288,TXN000009400,CUST000511,2026-06-20 04:52:19,74.0,Medium,MERCHANT_COLLUSION,CHALLENGE,Investigating,Fraud Ops - A,135
ALT00001289,TXN000046167,CUST001566,2026-06-20 06:14:01,56.0,Medium,MERCHANT_COLLUSION,APPROVE,Open,Fraud Ops - C,75
ALT00001290,TXN000035915,CUST001870,2026-06-20 11:13:26,92.4,Critical,ACCOUNT_TAKEOVER,DECLINE,Investigating,Fraud Ops - A,153
ALT00001291,TXN000008196,CUST001777,2026-06-20 15:12:57,54.0,Medium,ATM_CASHOUT,APPROVE,Open,Fraud Ops - C,66
ALT00001292,TXN000033673,CUST001562,2026-06-21 00:13:14,75.4,Medium,NONE,CHALLENGE,Investigating,Fraud Ops - C,149
ALT00001293,TXN000003898,CUST001782,2026-06-21 00:15:50,77.4,Medium,NONE,CHALLENGE,Open,Fraud Ops - A,116
ALT00001294,TXN000030250,CUST000945,2026-06-21 00:17:26,74.6,Medium,NONE,CHALLENGE,Investigating,Fraud Ops - A,54
ALT00001295,TXN000000468,CUST000778,2026-06-21 01:33:40,88.0,High,MERCHANT_COLLUSION,DECLINE,Investigating,Fraud Ops - A,30
ALT00001296,TXN000049326,CUST001934,2026-06-21 04:14:52,56.5,Medium,VELOCITY_ABUSE,APPROVE,Open,Fraud Ops - C,111
ALT00001297,TXN000034696,CUST001807,2026-06-21 04:16:28,71.9,Medium,NONE,CHALLENGE,Closed,Fraud Ops - B,194
ALT00001298,TXN000008909,CUST000730,2026-06-21 06:08:57,48.0,Medium,ATM_CASHOUT,APPROVE,Open,Fraud Ops - C,116
ALT00001299,TXN000020335,CUST001114,2026-06-21 13:54:50,48.0,Medium,ATM_CASHOUT,APPROVE,Open,Fraud Ops - A,139
ALT00001300,TXN000034716,CUST000888,2026-06-22 00:36:45,68.4,Medium,NONE,CHALLENGE,Open,Fraud Ops - C,103
ALT00001301,TXN000046392,CUST000244,2026-06-22 00:45:48,75.6,Medium,NONE,CHALLENGE,Open,Fraud Ops - A,215
ALT00001302,TXN000040212,CUST000423,2026-06-22 03:17:04,73.1,Medium,NONE,CHALLENGE,Closed,Fraud Ops - B,62
ALT00001303,TXN000006463,CUST001728,2026-06-22 03:27:18,74.9,Medium,NONE,CHALLENGE,Closed,Fraud Ops - A,48
ALT00001304,TXN000036363,CUST000999,2026-06-22 03:49:41,71.4,Medium,NONE,CHALLENGE,Closed,Fraud Ops - A,74
ALT00001305,TXN000017317,CUST000964,2026-06-22 04:17:04,67.9,Medium,NONE,CHALLENGE,Open,Fraud Ops - C,184
ALT00001306,TXN000037076,CUST000141,2026-06-22 04:31:55,67.0,Medium,NONE,CHALLENGE,Open,Fraud Ops - A,228
ALT00001307,TXN000042619,CUST001460,2026-06-22 06:27:17,48.0,Medium,ATM_CASHOUT,APPROVE,Investigating,Fraud Ops - C,9
ALT00001308,TXN000030282,CUST000520,2026-06-22 11:11:24,70.0,Medium,MULE_TRANSFER,CHALLENGE,Open,Fraud Ops - A,199
ALT00001309,TXN000029465,CUST001599,2026-06-22 11:34:24,50.0,Medium,ATM_CASHOUT,APPROVE,Open,Fraud Ops - A,51
ALT00001310,TXN000040867,CUST001190,2026-06-22 15:10:54,52.1,Medium,IMPOSSIBLE_TRAVEL,APPROVE,Open,Fraud Ops - C,106
ALT00001311,TXN000004411,CUST000378,2026-06-22 20:48:03,76.0,Medium,MERCHANT_COLLUSION,CHALLENGE,Open,Fraud Ops - B,82
ALT00001312,TXN000018356,CUST001994,2026-06-22 22:08:54,50.0,Medium,ATM_CASHOUT,APPROVE,Open,Fraud Ops - B,82
ALT00001313,TXN000011442,CUST001192,2026-06-22 23:51:00,50.0,Medium,ATM_CASHOUT,APPROVE,Investigating,Fraud Ops - C,194
ALT00001314,TXN000049825,CUST001636,2026-06-23 01:13:40,66.4,Medium,NONE,CHALLENGE,Open,Fraud Ops - C,163
ALT00001315,TXN000017431,CUST001258,2026-06-23 01:40:48,99,Critical,ACCOUNT_TAKEOVER,DECLINE,Open,Fraud Ops - B,235
ALT00001316,TXN000028102,CUST000141,2026-06-23 02:26:47,72.6,Medium,NONE,CHALLENGE,Investigating,Fraud Ops - A,46
ALT00001317,TXN000043054,CUST000686,2026-06-23 03:09:10,76.9,Medium,NONE,CHALLENGE,Open,Fraud Ops - C,30
ALT00001318,TXN000044144,CUST000103,2026-06-23 04:30:02,69.6,Medium,NONE,CHALLENGE,Open,Fraud Ops - C,107
ALT00001319,TXN000012097,CUST001709,2026-06-23 04:34:10,73.0,Medium,NONE,CHALLENGE,Closed,Fraud Ops - C,205
ALT00001320,TXN000011978,CUST001238,2026-06-23 09:04:28,52.0,Medium,ATM_CASHOUT,APPROVE,Open,Fraud Ops - A,148
ALT00001321,TXN000020716,CUST001320,2026-06-23 11:08:36,49.1,Medium,IMPOSSIBLE_TRAVEL,APPROVE,Open,Fraud Ops - C,143
ALT00001322,TXN000019510,CUST001748,2026-06-23 12:56:35,48.0,Medium,MULE_TRANSFER,APPROVE,Closed,Fraud Ops - A,74
ALT00001323,TXN000022220,CUST001587,2026-06-23 16:42:56,83.0,High,IMPOSSIBLE_TRAVEL,CHALLENGE,Closed,Fraud Ops - C,93
ALT00001324,TXN000008770,CUST000512,2026-06-23 19:24:38,78.2,Medium,CARD_NOT_PRESENT,CHALLENGE,Open,Fraud Ops - A,41
ALT00001325,TXN000015264,CUST000619,2026-06-23 20:56:28,50.0,Medium,ATM_CASHOUT,APPROVE,Open,Fraud Ops - C,166
ALT00001326,TXN000017816,CUST000673,2026-06-23 21:44:03,49.0,Medium,CARD_TESTING,APPROVE,Open,Fraud Ops - B,137
ALT00001327,TXN000015112,CUST000211,2026-06-23 22:25:35,46.2,Medium,CARD_TESTING,APPROVE,Investigating,Fraud Ops - C,109
ALT00001328,TXN000013415,CUST000754,2026-06-24 00:02:50,65.4,Medium,NONE,CHALLENGE,Open,Fraud Ops - C,95
ALT00001329,TXN000008037,CUST001267,2026-06-24 00:06:05,78.0,Medium,VELOCITY_ABUSE,CHALLENGE,Open,Fraud Ops - C,44
ALT00001330,TXN000032486,CUST000764,2026-06-24 02:36:56,68.2,Medium,NONE,CHALLENGE,Investigating,Fraud Ops - B,104
ALT00001331,TXN000024052,CUST000591,2026-06-24 02:50:14,76.8,Medium,NONE,CHALLENGE,Investigating,Fraud Ops - A,193
ALT00001332,TXN000043523,CUST001525,2026-06-24 03:04:02,96.7,Critical,ACCOUNT_TAKEOVER,DECLINE,Open,Fraud Ops - A,128
ALT00001333,TXN000046996,CUST000352,2026-06-24 06:25:49,45.5,Medium,VELOCITY_ABUSE,APPROVE,Investigating,Fraud Ops - A,136
ALT00001334,TXN000017382,CUST001641,2026-06-24 10:07:34,54.0,Medium,MERCHANT_COLLUSION,APPROVE,Open,Fraud Ops - B,76
ALT00001335,TXN000011620,CUST000288,2026-06-24 13:52:23,50.0,Medium,ATM_CASHOUT,APPROVE,Open,Fraud Ops - C,12
ALT00001336,TXN000023400,CUST001608,2026-06-24 19:11:42,61.3,Medium,VELOCITY_ABUSE,APPROVE,Closed,Fraud Ops - C,211
ALT00001337,TXN000038537,CUST001775,2026-06-24 20:34:30,51.8,Medium,VELOCITY_ABUSE,APPROVE,Open,Fraud Ops - C,12
ALT00001338,TXN000004911,CUST000021,2026-06-24 23:33:10,54.0,Medium,MULE_TRANSFER,APPROVE,Closed,Fraud Ops - C,140
ALT00001339,TXN000021582,CUST001554,2026-06-25 01:44:12,68.5,Medium,NONE,CHALLENGE,Investigating,Fraud Ops - C,128
ALT00001340,TXN000006075,CUST000681,2026-06-25 01:52:33,71.1,Medium,NONE,CHALLENGE,Open,Fraud Ops - C,114
ALT00001341,TXN000004239,CUST000596,2026-06-25 02:07:56,70.8,Medium,VELOCITY_ABUSE,CHALLENGE,Open,Fraud Ops - A,200
ALT00001342,TXN000042164,CUST000990,2026-06-25 02:42:21,70.6,Medium,NONE,CHALLENGE,Investigating,Fraud Ops - A,77
ALT00001343,TXN000041135,CUST000084,2026-06-25 03:23:16,67.3,Medium,NONE,CHALLENGE,Open,Fraud Ops - C,157
ALT00001344,TXN000042954,CUST000312,2026-06-25 03:23:58,68.1,Medium,NONE,CHALLENGE,Open,Fraud Ops - A,153
ALT00001345,TXN000001643,CUST001787,2026-06-25 03:58:27,66.3,Medium,NONE,CHALLENGE,Closed,Fraud Ops - A,47
ALT00001346,TXN000021053,CUST001722,2026-06-25 04:34:51,68.1,Medium,NONE,CHALLENGE,Open,Fraud Ops - B,31
ALT00001347,TXN000032531,CUST001513,2026-06-25 07:21:17,48.0,Medium,ATM_CASHOUT,APPROVE,Open,Fraud Ops - A,152
ALT00001348,TXN000019029,CUST000450,2026-06-25 08:41:07,56.3,Medium,IMPOSSIBLE_TRAVEL,APPROVE,Open,Fraud Ops - C,53
ALT00001349,TXN000025351,CUST001346,2026-06-26 03:22:59,66.9,Medium,NONE,CHALLENGE,Closed,Fraud Ops - C,79
ALT00001350,TXN000004070,CUST001037,2026-06-26 04:55:25,88.0,High,MERCHANT_COLLUSION,DECLINE,Closed,Fraud Ops - A,123
ALT00001351,TXN000034445,CUST001401,2026-06-26 08:33:17,58.5,Medium,IMPOSSIBLE_TRAVEL,APPROVE,Closed,Fraud Ops - C,226
ALT00001352,TXN000038271,CUST000875,2026-06-26 13:43:48,52.6,Medium,IMPOSSIBLE_TRAVEL,APPROVE,Closed,Fraud Ops - B,81
ALT00001353,TXN000018870,CUST000672,2026-06-26 14:50:05,54.0,Medium,MERCHANT_COLLUSION,APPROVE,Investigating,Fraud Ops - C,49
ALT00001354,TXN000041973,CUST001294,2026-06-26 15:29:55,70.0,Medium,MERCHANT_COLLUSION,CHALLENGE,Open,Fraud Ops - C,119
ALT00001355,TXN000009560,CUST001780,2026-06-26 16:25:40,79.5,Medium,CARD_NOT_PRESENT,CHALLENGE,Open,Fraud Ops - B,111
ALT00001356,TXN000025843,CUST001601,2026-06-26 16:45:37,76.2,Medium,CARD_NOT_PRESENT,CHALLENGE,Open,Fraud Ops - C,44
ALT00001357,TXN000039911,CUST000106,2026-06-26 19:58:02,95,Critical,ACCOUNT_TAKEOVER,DECLINE,Investigating,Fraud Ops - C,147
ALT00001358,TXN000001235,CUST000024,2026-06-27 00:42:45,75.7,Medium,NONE,CHALLENGE,Closed,Fraud Ops - C,201
ALT00001359,TXN000012436,CUST001801,2026-06-27 03:37:59,73.9,Medium,NONE,CHALLENGE,Open,Fraud Ops - B,120
ALT00001360,TXN000029158,CUST001622,2026-06-27 16:06:23,80.3,High,ACCOUNT_TAKEOVER,CHALLENGE,Open,Fraud Ops - C,116
ALT00001361,TXN000008834,CUST001007,2026-06-27 19:18:25,48.2,Medium,CARD_TESTING,APPROVE,Open,Fraud Ops - A,226
ALT00001362,TXN000009507,CUST001712,2026-06-27 20:51:26,68.7,Medium,IMPOSSIBLE_TRAVEL,CHALLENGE,Open,Fraud Ops - A,69
ALT00001363,TXN000013541,CUST000398,2026-06-28 00:13:20,66.0,Medium,MERCHANT_COLLUSION,CHALLENGE,Open,Fraud Ops - C,239
ALT00001364,TXN000008431,CUST001698,2026-06-28 00:21:40,72.0,Medium,MERCHANT_COLLUSION,CHALLENGE,Open,Fraud Ops - C,22
ALT00001365,TXN000032743,CUST001413,2026-06-28 03:54:33,70.5,Medium,NONE,CHALLENGE,Open,Fraud Ops - A,128
ALT00001366,TXN000027161,CUST000734,2026-06-28 03:57:47,76.8,Medium,NONE,CHALLENGE,Open,Fraud Ops - A,140
ALT00001367,TXN000033632,CUST000921,2026-06-28 06:20:26,68.0,Medium,CARD_TESTING,CHALLENGE,Investigating,Fraud Ops - A,43
ALT00001368,TXN000041772,CUST001061,2026-06-28 20:24:46,68.3,Medium,CARD_TESTING,CHALLENGE,Closed,Fraud Ops - A,219
ALT00001369,TXN000049540,CUST001418,2026-06-28 20:25:00,75.7,Medium,VELOCITY_ABUSE,CHALLENGE,Open,Fraud Ops - B,8
ALT00001370,TXN000027381,CUST001054,2026-06-29 00:46:38,77.1,Medium,NONE,CHALLENGE,Investigating,Fraud Ops - B,226
ALT00001371,TXN000037547,CUST001683,2026-06-29 00:52:12,66.4,Medium,NONE,CHALLENGE,Closed,Fraud Ops - B,37
ALT00001372,TXN000023253,CUST000999,2026-06-29 03:43:05,66.7,Medium,NONE,CHALLENGE,Closed,Fraud Ops - C,203
ALT00001373,TXN000001131,CUST000444,2026-06-29 15:59:18,85.0,High,ACCOUNT_TAKEOVER,DECLINE,Open,Fraud Ops - B,65
ALT00001374,TXN000017669,CUST001997,2026-06-29 20:56:03,50.0,Medium,MERCHANT_COLLUSION,APPROVE,Open,Fraud Ops - C,112
ALT00001375,TXN000027663,CUST000419,2026-06-29 22:24:10,75.9,Medium,CARD_NOT_PRESENT,CHALLENGE,Open,Fraud Ops - B,48
ALT00001376,TXN000029143,CUST001579,2026-06-30 00:03:17,77.7,Medium,NONE,CHALLENGE,Open,Fraud Ops - C,97
ALT00001377,TXN000009165,CUST001324,2026-06-30 01:05:44,73.4,Medium,NONE,CHALLENGE,Investigating,Fraud Ops - A,203
ALT00001378,TXN000034057,CUST000798,2026-06-30 03:44:28,70.8,Medium,NONE,CHALLENGE,Open,Fraud Ops - B,40
ALT00001379,TXN000023315,CUST000286,2026-06-30 04:05:40,67.3,Medium,NONE,CHALLENGE,Closed,Fraud Ops - C,23
ALT00001380,TXN000030846,CUST000704,2026-06-30 07:10:31,50.0,Medium,ATM_CASHOUT,APPROVE,Closed,Fraud Ops - B,121
ALT00001381,TXN000038766,CUST000573,2026-06-30 07:18:03,52.0,Medium,MERCHANT_COLLUSION,APPROVE,Open,Fraud Ops - C,134
ALT00001382,TXN000022712,CUST000640,2026-06-30 10:33:44,66.5,Medium,CARD_NOT_PRESENT,CHALLENGE,Investigating,Fraud Ops - B,6
ALT00001383,TXN000034663,CUST000433,2026-06-30 20:54:58,85.5,High,CARD_NOT_PRESENT,DECLINE,Open,Fraud Ops - B,236
ALT00001384,TXN000020154,CUST000535,2026-07-01 00:02:44,89.3,High,IMPOSSIBLE_TRAVEL,DECLINE,Investigating,Fraud Ops - B,128
ALT00001385,TXN000023175,CUST001876,2026-07-01 00:50:13,70.4,Medium,NONE,CHALLENGE,Closed,Fraud Ops - A,159
ALT00001386,TXN000049671,CUST000696,2026-07-01 00:50:58,65.3,Medium,NONE,CHALLENGE,Open,Fraud Ops - C,158
ALT00001387,TXN000045998,CUST000978,2026-07-01 00:56:02,70.0,Medium,MULE_TRANSFER,CHALLENGE,Open,Fraud Ops - C,9
ALT00001388,TXN000009819,CUST001709,2026-07-01 01:35:49,65.6,Medium,NONE,CHALLENGE,Investigating,Fraud Ops - A,149
ALT00001389,TXN000003567,CUST000271,2026-07-01 02:56:26,65.2,Medium,NONE,CHALLENGE,Open,Fraud Ops - B,87
ALT00001390,TXN000026158,CUST000103,2026-07-01 04:41:03,65.6,Medium,NONE,CHALLENGE,Open,Fraud Ops - A,66
ALT00001391,TXN000041930,CUST001946,2026-07-01 04:52:56,70.6,Medium,NONE,CHALLENGE,Investigating,Fraud Ops - B,57
ALT00001392,TXN000049990,CUST001036,2026-07-01 04:54:03,68.4,Medium,NONE,CHALLENGE,Open,Fraud Ops - C,178
ALT00001393,TXN000020472,CUST001811,2026-07-01 07:42:24,48.0,Medium,MULE_TRANSFER,APPROVE,Open,Fraud Ops - C,71
ALT00001394,TXN000022275,CUST001407,2026-07-01 10:49:25,49.6,Medium,VELOCITY_ABUSE,APPROVE,Closed,Fraud Ops - A,137
ALT00001395,TXN000011580,CUST001925,2026-07-01 13:49:43,89.3,High,ACCOUNT_TAKEOVER,DECLINE,Open,Fraud Ops - A,152
ALT00001396,TXN000035720,CUST001790,2026-07-01 18:06:55,56.0,Medium,ATM_CASHOUT,APPROVE,Open,Fraud Ops - C,158
ALT00001397,TXN000045775,CUST000072,2026-07-02 00:01:45,67.9,Medium,NONE,CHALLENGE,Closed,Fraud Ops - B,240
ALT00001398,TXN000048659,CUST001809,2026-07-02 00:14:09,74.0,Medium,MULE_TRANSFER,CHALLENGE,Closed,Fraud Ops - C,164
ALT00001399,TXN000040191,CUST000183,2026-07-02 00:29:34,67.2,Medium,NONE,CHALLENGE,Closed,Fraud Ops - C,92
ALT00001400,TXN000037533,CUST000545,2026-07-02 01:30:19,88.9,High,VELOCITY_ABUSE,DECLINE,Investigating,Fraud Ops - C,85
ALT00001401,TXN000006015,CUST001006,2026-07-02 01:51:18,70.2,Medium,NONE,CHALLENGE,Investigating,Fraud Ops - B,207
ALT00001402,TXN000040051,CUST001758,2026-07-02 02:14:05,67.7,Medium,NONE,CHALLENGE,Open,Fraud Ops - C,148
ALT00001403,TXN000041982,CUST000009,2026-07-02 02:24:40,69.1,Medium,NONE,CHALLENGE,Open,Fraud Ops - C,91
ALT00001404,TXN000026108,CUST001381,2026-07-02 03:05:34,68.3,Medium,NONE,CHALLENGE,Open,Fraud Ops - A,43
ALT00001405,TXN000027429,CUST000320,2026-07-02 05:18:35,90.3,Critical,ACCOUNT_TAKEOVER,DECLINE,Investigating,Fraud Ops - C,81
ALT00001406,TXN000019333,CUST000517,2026-07-02 05:34:54,57.3,Medium,IMPOSSIBLE_TRAVEL,APPROVE,Open,Fraud Ops - A,133
ALT00001407,TXN000049575,CUST001200,2026-07-02 08:26:13,63.6,Medium,VELOCITY_ABUSE,APPROVE,Investigating,Fraud Ops - C,209
ALT00001408,TXN000043073,CUST000964,2026-07-02 11:49:41,88.8,High,ACCOUNT_TAKEOVER,DECLINE,Closed,Fraud Ops - A,97
ALT00001409,TXN000020799,CUST000847,2026-07-02 14:31:01,48.0,Medium,ATM_CASHOUT,APPROVE,Investigating,Fraud Ops - A,193
ALT00001410,TXN000009958,CUST000713,2026-07-02 17:16:36,68.1,Medium,CARD_TESTING,CHALLENGE,Closed,Fraud Ops - B,158
ALT00001411,TXN000013978,CUST000400,2026-07-02 19:24:12,73.7,Medium,CARD_NOT_PRESENT,CHALLENGE,Closed,Fraud Ops - A,194
ALT00001412,TXN000034140,CUST001801,2026-07-03 00:54:34,69.1,Medium,NONE,CHALLENGE,Open,Fraud Ops - B,16
ALT00001413,TXN000006746,CUST000544,2026-07-03 01:17:03,67.2,Medium,NONE,CHALLENGE,Open,Fraud Ops - A,38
ALT00001414,TXN000019449,CUST000798,2026-07-03 02:21:29,65.5,Medium,NONE,CHALLENGE,Investigating,Fraud Ops - C,141
ALT00001415,TXN000023545,CUST000287,2026-07-03 02:30:20,70.3,Medium,NONE,CHALLENGE,Open,Fraud Ops - B,177
ALT00001416,TXN000026551,CUST001466,2026-07-03 03:16:28,71.7,Medium,NONE,CHALLENGE,Investigating,Fraud Ops - A,136
ALT00001417,TXN000001154,CUST000446,2026-07-03 03:38:26,65.2,Medium,NONE,CHALLENGE,Investigating,Fraud Ops - A,182
ALT00001418,TXN000021869,CUST001013,2026-07-03 03:57:14,99,Critical,ACCOUNT_TAKEOVER,DECLINE,Closed,Fraud Ops - B,58
ALT00001419,TXN000008818,CUST000381,2026-07-03 04:11:01,67.0,Medium,NONE,CHALLENGE,Investigating,Fraud Ops - C,159
ALT00001420,TXN000038468,CUST001837,2026-07-03 11:26:48,69.1,Medium,CARD_TESTING,CHALLENGE,Open,Fraud Ops - B,89
ALT00001421,TXN000048812,CUST000091,2026-07-03 13:16:38,50.0,Medium,ATM_CASHOUT,APPROVE,Closed,Fraud Ops - B,195
ALT00001422,TXN000039835,CUST000182,2026-07-03 14:56:32,48.0,Medium,CARD_TESTING,APPROVE,Closed,Fraud Ops - C,106
ALT00001423,TXN000038218,CUST000619,2026-07-03 16:45:42,58.7,Medium,CARD_TESTING,APPROVE,Investigating,Fraud Ops - A,96
ALT00001424,TXN000024416,CUST000893,2026-07-03 17:46:21,43.9,Medium,CARD_TESTING,APPROVE,Open,Fraud Ops - A,61
ALT00001425,TXN000045244,CUST000468,2026-07-04 02:19:29,78.0,Medium,NONE,CHALLENGE,Closed,Fraud Ops - A,211
ALT00001426,TXN000013468,CUST001332,2026-07-04 04:23:22,68.0,Medium,NONE,CHALLENGE,Open,Fraud Ops - A,113
ALT00001427,TXN000011314,CUST000407,2026-07-04 04:52:09,70.6,Medium,NONE,CHALLENGE,Investigating,Fraud Ops - A,29
ALT00001428,TXN000025466,CUST000752,2026-07-04 08:35:01,49.5,Medium,VELOCITY_ABUSE,APPROVE,Closed,Fraud Ops - A,19
ALT00001429,TXN000025379,CUST000699,2026-07-04 09:31:44,51.2,Medium,IMPOSSIBLE_TRAVEL,APPROVE,Open,Fraud Ops - B,33
ALT00001430,TXN000012743,CUST001012,2026-07-04 12:17:21,85.0,High,ACCOUNT_TAKEOVER,DECLINE,Open,Fraud Ops - C,160
ALT00001431,TXN000014869,CUST001686,2026-07-04 15:49:22,67.4,Medium,IMPOSSIBLE_TRAVEL,CHALLENGE,Closed,Fraud Ops - A,238
ALT00001432,TXN000037711,CUST000040,2026-07-04 17:37:42,60.3,Medium,IMPOSSIBLE_TRAVEL,APPROVE,Open,Fraud Ops - B,230
ALT00001433,TXN000043758,CUST001179,2026-07-04 21:13:20,54.0,Medium,ATM_CASHOUT,APPROVE,Open,Fraud Ops - C,196
ALT00001434,TXN000005347,CUST001807,2026-07-05 01:03:18,65.7,Medium,NONE,CHALLENGE,Open,Fraud Ops - B,65
ALT00001435,TXN000002533,CUST001957,2026-07-05 01:21:28,70.6,Medium,NONE,CHALLENGE,Investigating,Fraud Ops - B,101
ALT00001436,TXN000027109,CUST001818,2026-07-05 01:54:45,66.4,Medium,CARD_TESTING,CHALLENGE,Open,Fraud Ops - C,68
ALT00001437,TXN000016658,CUST001371,2026-07-05 02:00:01,72.0,Medium,ATM_CASHOUT,CHALLENGE,Closed,Fraud Ops - A,158
ALT00001438,TXN000043869,CUST000925,2026-07-05 03:05:42,68.8,Medium,VELOCITY_ABUSE,CHALLENGE,Open,Fraud Ops - C,79
ALT00001439,TXN000028503,CUST001392,2026-07-05 03:46:31,72.3,Medium,NONE,CHALLENGE,Open,Fraud Ops - C,209
ALT00001440,TXN000007267,CUST001009,2026-07-05 04:02:18,66.4,Medium,NONE,CHALLENGE,Closed,Fraud Ops - B,80
ALT00001441,TXN000011404,CUST001343,2026-07-05 04:43:17,70.8,Medium,NONE,CHALLENGE,Investigating,Fraud Ops - A,197
ALT00001442,TXN000010597,CUST000975,2026-07-05 08:00:12,72.5,Medium,CARD_NOT_PRESENT,CHALLENGE,Open,Fraud Ops - C,132
ALT00001443,TXN000038274,CUST001419,2026-07-05 08:10:41,76.7,Medium,IMPOSSIBLE_TRAVEL,CHALLENGE,Open,Fraud Ops - B,201
ALT00001444,TXN000038298,CUST000150,2026-07-05 12:10:32,48.0,Medium,MERCHANT_COLLUSION,APPROVE,Open,Fraud Ops - C,127
ALT00001445,TXN000041310,CUST000477,2026-07-05 21:25:23,72.0,Medium,MERCHANT_COLLUSION,CHALLENGE,Investigating,Fraud Ops - A,238
ALT00001446,TXN000001806,CUST000438,2026-07-05 23:22:23,70.0,Medium,MULE_TRANSFER,CHALLENGE,Investigating,Fraud Ops - C,86
ALT00001447,TXN000010369,CUST000458,2026-07-06 01:36:48,69.8,Medium,NONE,CHALLENGE,Investigating,Fraud Ops - B,126
ALT00001448,TXN000029045,CUST001709,2026-07-06 03:29:52,72.2,Medium,NONE,CHALLENGE,Closed,Fraud Ops - C,147
ALT00001449,TXN000003127,CUST000273,2026-07-06 04:43:01,67.9,Medium,NONE,CHALLENGE,Investigating,Fraud Ops - A,130
ALT00001450,TXN000036385,CUST000195,2026-07-06 07:17:33,54.0,Medium,MULE_TRANSFER,APPROVE,Closed,Fraud Ops - C,97
ALT00001451,TXN000025642,CUST001872,2026-07-06 11:24:52,64.0,Medium,VELOCITY_ABUSE,APPROVE,Investigating,Fraud Ops - B,77
ALT00001452,TXN000025711,CUST001854,2026-07-06 22:18:03,52.0,Medium,MERCHANT_COLLUSION,APPROVE,Open,Fraud Ops - C,64
ALT00001453,TXN000031999,CUST000933,2026-07-06 23:35:04,88.7,High,ACCOUNT_TAKEOVER,DECLINE,Investigating,Fraud Ops - C,224
ALT00001454,TXN000002039,CUST000328,2026-07-07 01:42:35,72.4,Medium,NONE,CHALLENGE,Closed,Fraud Ops - A,103
ALT00001455,TXN000025993,CUST001262,2026-07-07 04:30:51,74.0,Medium,NONE,CHALLENGE,Investigating,Fraud Ops - A,93
ALT00001456,TXN000000097,CUST000472,2026-07-07 04:33:00,68.9,Medium,NONE,CHALLENGE,Investigating,Fraud Ops - A,98
ALT00001457,TXN000000936,CUST000935,2026-07-07 06:17:45,81.4,High,VELOCITY_ABUSE,CHALLENGE,Open,Fraud Ops - A,163
ALT00001458,TXN000020478,CUST001102,2026-07-08 02:11:34,70.5,Medium,NONE,CHALLENGE,Open,Fraud Ops - B,187
ALT00001459,TXN000020550,CUST000709,2026-07-08 02:49:53,70.2,Medium,NONE,CHALLENGE,Open,Fraud Ops - B,220
ALT00001460,TXN000005358,CUST000034,2026-07-08 03:14:11,66.6,Medium,NONE,CHALLENGE,Closed,Fraud Ops - C,154
ALT00001461,TXN000041522,CUST001837,2026-07-08 03:20:04,75.2,Medium,NONE,CHALLENGE,Open,Fraud Ops - A,72
ALT00001462,TXN000028401,CUST000779,2026-07-08 15:51:41,49.5,Medium,VELOCITY_ABUSE,APPROVE,Open,Fraud Ops - C,21
ALT00001463,TXN000009279,CUST000002,2026-07-08 16:52:59,83.3,High,CARD_NOT_PRESENT,CHALLENGE,Investigating,Fraud Ops - A,104
ALT00001464,TXN000007448,CUST001793,2026-07-08 18:15:00,48.0,Medium,MERCHANT_COLLUSION,APPROVE,Closed,Fraud Ops - B,226
ALT00001465,TXN000000192,CUST000199,2026-07-08 19:39:07,89.9,High,ACCOUNT_TAKEOVER,DECLINE,Investigating,Fraud Ops - B,92
ALT00001466,TXN000021309,CUST001400,2026-07-08 22:38:40,84.0,High,CARD_NOT_PRESENT,CHALLENGE,Open,Fraud Ops - B,180
ALT00001467,TXN000013661,CUST000750,2026-07-09 00:23:45,67.6,Medium,NONE,CHALLENGE,Investigating,Fraud Ops - A,206
ALT00001468,TXN000047912,CUST000554,2026-07-09 00:53:30,67.8,Medium,NONE,CHALLENGE,Open,Fraud Ops - C,216
ALT00001469,TXN000034577,CUST000880,2026-07-09 01:50:48,66.3,Medium,NONE,CHALLENGE,Closed,Fraud Ops - B,239
ALT00001470,TXN000039815,CUST001723,2026-07-09 04:27:36,67.0,Medium,NONE,CHALLENGE,Closed,Fraud Ops - C,64
ALT00001471,TXN000017080,CUST001894,2026-07-09 10:04:55,48.0,Medium,ATM_CASHOUT,APPROVE,Investigating,Fraud Ops - B,217
ALT00001472,TXN000044248,CUST001259,2026-07-09 10:22:51,49.8,Medium,IMPOSSIBLE_TRAVEL,APPROVE,Investigating,Fraud Ops - B,135
ALT00001473,TXN000005495,CUST001662,2026-07-09 11:06:22,68.0,Medium,MERCHANT_COLLUSION,CHALLENGE,Open,Fraud Ops - A,91
ALT00001474,TXN000039735,CUST001291,2026-07-09 14:41:14,99,Critical,CARD_NOT_PRESENT,DECLINE,Open,Fraud Ops - B,28
ALT00001475,TXN000021038,CUST001279,2026-07-09 16:06:19,56.0,Medium,MERCHANT_COLLUSION,APPROVE,Investigating,Fraud Ops - C,207
ALT00001476,TXN000047082,CUST001306,2026-07-10 01:26:32,67.9,Medium,NONE,CHALLENGE,Open,Fraud Ops - C,96
ALT00001477,TXN000012400,CUST001558,2026-07-10 03:22:18,74.9,Medium,NONE,CHALLENGE,Investigating,Fraud Ops - C,194
ALT00001478,TXN000010358,CUST000117,2026-07-10 04:45:22,70.2,Medium,NONE,CHALLENGE,Open,Fraud Ops - A,36
ALT00001479,TXN000015358,CUST001124,2026-07-10 07:18:36,52.0,Medium,MULE_TRANSFER,APPROVE,Open,Fraud Ops - B,80
ALT00001480,TXN000036526,CUST000244,2026-07-11 02:13:30,66.0,Medium,NONE,CHALLENGE,Open,Fraud Ops - A,190
ALT00001481,TXN000002084,CUST001589,2026-07-11 03:20:17,73.7,Medium,NONE,CHALLENGE,Closed,Fraud Ops - B,169
ALT00001482,TXN000018044,CUST000498,2026-07-11 11:01:45,42.7,Medium,CARD_TESTING,APPROVE,Open,Fraud Ops - B,81
ALT00001483,TXN000009712,CUST001239,2026-07-11 12:11:35,48.0,Medium,MERCHANT_COLLUSION,APPROVE,Investigating,Fraud Ops - B,78
ALT00001484,TXN000027704,CUST001019,2026-07-11 15:55:08,64.2,Medium,CARD_TESTING,APPROVE,Investigating,Fraud Ops - B,57
ALT00001485,TXN000011619,CUST001974,2026-07-11 22:18:42,70.5,Medium,IMPOSSIBLE_TRAVEL,CHALLENGE,Open,Fraud Ops - C,155
ALT00001486,TXN000038273,CUST001399,2026-07-12 00:06:17,71.1,Medium,NONE,CHALLENGE,Investigating,Fraud Ops - C,237
ALT00001487,TXN000010130,CUST000889,2026-07-12 00:24:24,72.2,Medium,NONE,CHALLENGE,Closed,Fraud Ops - C,192
ALT00001488,TXN000016932,CUST000949,2026-07-12 00:28:32,71.4,Medium,NONE,CHALLENGE,Closed,Fraud Ops - B,184
ALT00001489,TXN000008158,CUST000089,2026-07-12 00:41:40,88.0,High,CARD_NOT_PRESENT,DECLINE,Investigating,Fraud Ops - A,158
ALT00001490,TXN000000067,CUST000257,2026-07-12 01:17:05,71.8,Medium,NONE,CHALLENGE,Open,Fraud Ops - C,86
ALT00001491,TXN000015579,CUST001324,2026-07-12 02:07:10,66.1,Medium,NONE,CHALLENGE,Open,Fraud Ops - A,21
ALT00001492,TXN000011548,CUST000085,2026-07-12 02:43:27,65.5,Medium,NONE,CHALLENGE,Open,Fraud Ops - B,235
ALT00001493,TXN000024300,CUST000619,2026-07-12 03:27:49,70.0,Medium,NONE,CHALLENGE,Open,Fraud Ops - C,73
ALT00001494,TXN000022189,CUST001229,2026-07-12 03:59:33,71.8,Medium,NONE,CHALLENGE,Investigating,Fraud Ops - C,42
ALT00001495,TXN000030894,CUST001415,2026-07-12 04:49:50,71.5,Medium,NONE,CHALLENGE,Closed,Fraud Ops - B,111
ALT00001496,TXN000021306,CUST000253,2026-07-12 08:02:54,69.4,Medium,CARD_NOT_PRESENT,CHALLENGE,Investigating,Fraud Ops - C,108
ALT00001497,TXN000004691,CUST000328,2026-07-12 18:00:58,68.0,Medium,MULE_TRANSFER,CHALLENGE,Open,Fraud Ops - A,10
ALT00001498,TXN000007932,CUST001039,2026-07-12 20:52:32,55.9,Medium,IMPOSSIBLE_TRAVEL,APPROVE,Investigating,Fraud Ops - A,66
ALT00001499,TXN000023326,CUST001144,2026-07-13 01:07:56,72.2,Medium,NONE,CHALLENGE,Open,Fraud Ops - B,58
ALT00001500,TXN000027420,CUST000271,2026-07-13 01:37:23,75.5,Medium,NONE,CHALLENGE,Investigating,Fraud Ops - C,7
ALT00001501,TXN000010120,CUST000104,2026-07-13 02:52:36,74.7,Medium,NONE,CHALLENGE,Open,Fraud Ops - A,157
ALT00001502,TXN000001665,CUST000806,2026-07-13 03:55:58,69.7,Medium,NONE,CHALLENGE,Closed,Fraud Ops - C,218
ALT00001503,TXN000038808,CUST001801,2026-07-13 03:57:09,74.5,Medium,NONE,CHALLENGE,Open,Fraud Ops - A,107
ALT00001504,TXN000049393,CUST001662,2026-07-13 05:34:07,69.7,Medium,CARD_NOT_PRESENT,CHALLENGE,Investigating,Fraud Ops - B,220
ALT00001505,TXN000014471,CUST001069,2026-07-13 11:24:13,76.7,Medium,IMPOSSIBLE_TRAVEL,CHALLENGE,Open,Fraud Ops - A,238
ALT00001506,TXN000008833,CUST000657,2026-07-13 12:12:16,99,Critical,ACCOUNT_TAKEOVER,DECLINE,Open,Fraud Ops - A,139
ALT00001507,TXN000045589,CUST001949,2026-07-13 20:35:47,36.4,Medium,IMPOSSIBLE_TRAVEL,APPROVE,Open,Fraud Ops - A,226
ALT00001508,TXN000044994,CUST000240,2026-07-14 02:40:43,67.2,Medium,NONE,CHALLENGE,Open,Fraud Ops - A,200
ALT00001509,TXN000033303,CUST000541,2026-07-14 02:56:18,74.5,Medium,NONE,CHALLENGE,Closed,Fraud Ops - C,115
ALT00001510,TXN000046876,CUST001423,2026-07-14 04:08:25,69.0,Medium,NONE,CHALLENGE,Open,Fraud Ops - A,231
ALT00001511,TXN000026204,CUST000184,2026-07-14 04:22:58,68.6,Medium,NONE,CHALLENGE,Investigating,Fraud Ops - B,230
ALT00001512,TXN000038216,CUST001727,2026-07-14 11:44:12,94.4,Critical,ACCOUNT_TAKEOVER,DECLINE,Open,Fraud Ops - C,144
ALT00001513,TXN000001042,CUST001655,2026-07-14 19:50:16,78.5,Medium,CARD_NOT_PRESENT,CHALLENGE,Closed,Fraud Ops - A,108
ALT00001514,TXN000019725,CUST001210,2026-07-14 20:54:04,46.1,Medium,CARD_TESTING,APPROVE,Closed,Fraud Ops - B,204
ALT00001515,TXN000008720,CUST000816,2026-07-14 21:20:34,50.2,Medium,VELOCITY_ABUSE,APPROVE,Closed,Fraud Ops - B,119
ALT00001516,TXN000005620,CUST001395,2026-07-14 21:53:41,77.0,Medium,CARD_NOT_PRESENT,CHALLENGE,Open,Fraud Ops - C,235
ALT00001517,TXN000031512,CUST001419,2026-07-14 23:47:22,73.7,Medium,VELOCITY_ABUSE,CHALLENGE,Closed,Fraud Ops - B,95
ALT00001518,TXN000045929,CUST000184,2026-07-15 00:04:29,71.4,Medium,NONE,CHALLENGE,Open,Fraud Ops - C,130
ALT00001519,TXN000013424,CUST001779,2026-07-15 00:29:53,66.0,Medium,NONE,CHALLENGE,Closed,Fraud Ops - C,206
ALT00001520,TXN000037398,CUST001722,2026-07-15 01:05:31,66.5,Medium,NONE,CHALLENGE,Closed,Fraud Ops - C,96
ALT00001521,TXN000028363,CUST000492,2026-07-15 01:55:27,76.9,Medium,IMPOSSIBLE_TRAVEL,CHALLENGE,Investigating,Fraud Ops - A,163
ALT00001522,TXN000006530,CUST000177,2026-07-15 02:02:46,67.3,Medium,NONE,CHALLENGE,Open,Fraud Ops - A,170
ALT00001523,TXN000039294,CUST001908,2026-07-15 02:14:44,66.1,Medium,NONE,CHALLENGE,Closed,Fraud Ops - C,90
ALT00001524,TXN000029144,CUST001480,2026-07-15 02:16:42,65.0,Medium,NONE,CHALLENGE,Open,Fraud Ops - A,43
ALT00001525,TXN000031571,CUST000169,2026-07-15 04:07:54,69.6,Medium,NONE,CHALLENGE,Investigating,Fraud Ops - C,157
ALT00001526,TXN000023586,CUST001184,2026-07-15 04:21:19,69.0,Medium,NONE,CHALLENGE,Closed,Fraud Ops - C,139
ALT00001527,TXN000010932,CUST001399,2026-07-15 04:49:05,69.9,Medium,NONE,CHALLENGE,Open,Fraud Ops - B,78
ALT00001528,TXN000000698,CUST001204,2026-07-15 06:03:09,48.1,Medium,CARD_TESTING,APPROVE,Closed,Fraud Ops - B,65
ALT00001529,TXN000047123,CUST000763,2026-07-15 06:17:22,48.0,Medium,CARD_TESTING,APPROVE,Open,Fraud Ops - A,74
ALT00001530,TXN000042130,CUST000249,2026-07-15 07:13:11,56.0,Medium,ATM_CASHOUT,APPROVE,Closed,Fraud Ops - A,198
ALT00001531,TXN000017490,CUST001423,2026-07-16 00:22:01,71.5,Medium,NONE,CHALLENGE,Open,Fraud Ops - B,40
ALT00001532,TXN000009377,CUST000918,2026-07-16 01:21:04,99,Critical,CARD_NOT_PRESENT,DECLINE,Closed,Fraud Ops - C,94
ALT00001533,TXN000011930,CUST001874,2026-07-16 04:10:32,77.0,Medium,NONE,CHALLENGE,Open,Fraud Ops - C,97
ALT00001534,TXN000024112,CUST001086,2026-07-16 04:35:12,67.9,Medium,NONE,CHALLENGE,Investigating,Fraud Ops - C,145
ALT00001535,TXN000049939,CUST001401,2026-07-16 12:34:10,94.0,Critical,ACCOUNT_TAKEOVER,DECLINE,Open,Fraud Ops - A,231
ALT00001536,TXN000006268,CUST000934,2026-07-16 13:05:19,69.5,Medium,VELOCITY_ABUSE,CHALLENGE,Open,Fraud Ops - A,166
ALT00001537,TXN000019403,CUST001789,2026-07-17 01:57:39,75.3,Medium,NONE,CHALLENGE,Investigating,Fraud Ops - A,124
ALT00001538,TXN000033121,CUST001493,2026-07-17 07:23:04,66.5,Medium,VELOCITY_ABUSE,CHALLENGE,Closed,Fraud Ops - A,46
ALT00001539,TXN000006424,CUST000448,2026-07-17 10:43:12,74.0,Medium,MERCHANT_COLLUSION,CHALLENGE,Open,Fraud Ops - B,189
ALT00001540,TXN000023688,CUST000261,2026-07-17 12:35:33,84.3,High,CARD_NOT_PRESENT,CHALLENGE,Investigating,Fraud Ops - B,60
ALT00001541,TXN000014950,CUST000983,2026-07-17 14:45:21,48.1,Medium,CARD_TESTING,APPROVE,Open,Fraud Ops - B,6
ALT00001542,TXN000037999,CUST000349,2026-07-17 19:29:55,79.0,Medium,VELOCITY_ABUSE,CHALLENGE,Open,Fraud Ops - A,21
ALT00001543,TXN000013876,CUST001479,2026-07-17 19:46:56,72.0,Medium,ATM_CASHOUT,CHALLENGE,Investigating,Fraud Ops - B,93
ALT00001544,TXN000038887,CUST000118,2026-07-17 21:03:12,84.3,High,ACCOUNT_TAKEOVER,CHALLENGE,Investigating,Fraud Ops - A,6
ALT00001545,TXN000034296,CUST000965,2026-07-18 00:26:00,65.5,Medium,NONE,CHALLENGE,Closed,Fraud Ops - C,92
ALT00001546,TXN000038946,CUST001084,2026-07-18 00:58:56,72.4,Medium,NONE,CHALLENGE,Open,Fraud Ops - B,157
ALT00001547,TXN000022514,CUST001900,2026-07-18 01:35:32,74.1,Medium,NONE,CHALLENGE,Investigating,Fraud Ops - B,63
ALT00001548,TXN000018284,CUST001606,2026-07-18 03:44:52,99,Critical,CARD_NOT_PRESENT,DECLINE,Open,Fraud Ops - B,127
ALT00001549,TXN000046994,CUST001884,2026-07-18 04:08:47,71.3,Medium,NONE,CHALLENGE,Open,Fraud Ops - A,180
ALT00001550,TXN000042250,CUST001636,2026-07-18 04:11:15,70.7,Medium,NONE,CHALLENGE,Open,Fraud Ops - C,157
ALT00001551,TXN000017422,CUST001067,2026-07-18 04:14:48,89.9,High,VELOCITY_ABUSE,DECLINE,Open,Fraud Ops - A,157
ALT00001552,TXN000034674,CUST001072,2026-07-18 05:11:11,50.9,Medium,VELOCITY_ABUSE,APPROVE,Investigating,Fraud Ops - B,30
ALT00001553,TXN000011253,CUST000353,2026-07-18 07:23:34,56.0,Medium,ATM_CASHOUT,APPROVE,Investigating,Fraud Ops - A,63
ALT00001554,TXN000014255,CUST001415,2026-07-18 08:49:01,55.0,Medium,VELOCITY_ABUSE,APPROVE,Closed,Fraud Ops - A,147
ALT00001555,TXN000020611,CUST000317,2026-07-18 11:30:59,48.3,Medium,CARD_TESTING,APPROVE,Investigating,Fraud Ops - B,193
ALT00001556,TXN000008497,CUST001061,2026-07-18 13:16:54,39.8,Medium,VELOCITY_ABUSE,APPROVE,Open,Fraud Ops - B,94
ALT00001557,TXN000049155,CUST001343,2026-07-18 16:34:14,48.1,Medium,CARD_TESTING,APPROVE,Investigating,Fraud Ops - C,11
ALT00001558,TXN000021859,CUST000741,2026-07-18 19:01:14,49.4,Medium,VELOCITY_ABUSE,APPROVE,Investigating,Fraud Ops - B,142
ALT00001559,TXN000020668,CUST001300,2026-07-19 00:25:50,64.4,Medium,CARD_TESTING,APPROVE,Closed,Fraud Ops - C,135
ALT00001560,TXN000025760,CUST000271,2026-07-19 01:08:38,66.7,Medium,NONE,CHALLENGE,Open,Fraud Ops - A,127
ALT00001561,TXN000034399,CUST001089,2026-07-19 01:25:04,99,Critical,ACCOUNT_TAKEOVER,DECLINE,Open,Fraud Ops - A,7
ALT00001562,TXN000025519,CUST000390,2026-07-19 03:08:53,95.6,Critical,CARD_NOT_PRESENT,DECLINE,Investigating,Fraud Ops - B,162
ALT00001563,TXN000012187,CUST000696,2026-07-19 04:03:23,70.6,Medium,NONE,CHALLENGE,Open,Fraud Ops - C,140
ALT00001564,TXN000008337,CUST001687,2026-07-19 06:21:14,56.0,Medium,MULE_TRANSFER,APPROVE,Closed,Fraud Ops - B,228
ALT00001565,TXN000045314,CUST001790,2026-07-19 11:07:42,42.1,Medium,CARD_TESTING,APPROVE,Open,Fraud Ops - C,161
ALT00001566,TXN000037204,CUST001496,2026-07-19 13:20:15,50.0,Medium,MERCHANT_COLLUSION,APPROVE,Open,Fraud Ops - B,137
ALT00001567,TXN000045767,CUST001173,2026-07-19 15:42:41,56.0,Medium,MULE_TRANSFER,APPROVE,Closed,Fraud Ops - B,75
ALT00001568,TXN000018951,CUST001760,2026-07-19 18:20:40,48.0,Medium,CARD_TESTING,APPROVE,Investigating,Fraud Ops - B,54
ALT00001569,TXN000044045,CUST000503,2026-07-20 00:05:47,65.3,Medium,NONE,CHALLENGE,Open,Fraud Ops - B,99
ALT00001570,TXN000013403,CUST001610,2026-07-20 00:44:17,76.4,Medium,NONE,CHALLENGE,Open,Fraud Ops - A,135
ALT00001571,TXN000031922,CUST000588,2026-07-20 03:10:23,67.8,Medium,NONE,CHALLENGE,Open,Fraud Ops - B,35
ALT00001572,TXN000044593,CUST000364,2026-07-20 04:21:43,82.2,High,CARD_NOT_PRESENT,CHALLENGE,Investigating,Fraud Ops - B,9
ALT00001573,TXN000026911,CUST001248,2026-07-20 06:31:27,47.9,Medium,VELOCITY_ABUSE,APPROVE,Open,Fraud Ops - A,120
ALT00001574,TXN000032725,CUST000887,2026-07-20 07:29:41,48.0,Medium,ATM_CASHOUT,APPROVE,Open,Fraud Ops - B,210
ALT00001575,TXN000046030,CUST000706,2026-07-20 15:51:13,48.0,Medium,MERCHANT_COLLUSION,APPROVE,Closed,Fraud Ops - C,100
ALT00001576,TXN000028301,CUST000088,2026-07-20 23:34:33,77.9,Medium,IMPOSSIBLE_TRAVEL,CHALLENGE,Open,Fraud Ops - B,100
ALT00001577,TXN000012628,CUST001395,2026-07-21 01:28:52,73.0,Medium,NONE,CHALLENGE,Open,Fraud Ops - A,88
ALT00001578,TXN000030675,CUST000552,2026-07-21 02:25:42,68.9,Medium,NONE,CHALLENGE,Closed,Fraud Ops - A,87
ALT00001579,TXN000011391,CUST001871,2026-07-21 02:59:25,72.0,Medium,MULE_TRANSFER,CHALLENGE,Investigating,Fraud Ops - B,186
ALT00001580,TXN000032453,CUST000888,2026-07-21 03:59:44,65.6,Medium,NONE,CHALLENGE,Open,Fraud Ops - B,6
ALT00001581,TXN000011534,CUST000781,2026-07-21 04:38:51,70.0,Medium,VELOCITY_ABUSE,CHALLENGE,Open,Fraud Ops - B,127
ALT00001582,TXN000027900,CUST001536,2026-07-21 07:07:35,79.3,Medium,CARD_NOT_PRESENT,CHALLENGE,Open,Fraud Ops - B,207
ALT00001583,TXN000009615,CUST001324,2026-07-21 11:58:14,72.0,Medium,ATM_CASHOUT,CHALLENGE,Open,Fraud Ops - B,65
ALT00001584,TXN000019883,CUST001361,2026-07-21 23:28:04,72.0,Medium,MERCHANT_COLLUSION,CHALLENGE,Closed,Fraud Ops - C,191
ALT00001585,TXN000001704,CUST000834,2026-07-22 01:51:16,75.6,Medium,NONE,CHALLENGE,Investigating,Fraud Ops - B,230
ALT00001586,TXN000036924,CUST001037,2026-07-22 04:09:20,73.3,Medium,NONE,CHALLENGE,Investigating,Fraud Ops - C,199
ALT00001587,TXN000021746,CUST001543,2026-07-22 04:59:18,73.0,Medium,NONE,CHALLENGE,Open,Fraud Ops - C,206
ALT00001588,TXN000034971,CUST001912,2026-07-22 08:15:01,52.0,Medium,MERCHANT_COLLUSION,APPROVE,Closed,Fraud Ops - C,149
ALT00001589,TXN000034793,CUST001691,2026-07-22 09:41:18,52.0,Medium,MERCHANT_COLLUSION,APPROVE,Open,Fraud Ops - B,155
ALT00001590,TXN000007989,CUST001696,2026-07-22 09:58:05,50.0,Medium,MULE_TRANSFER,APPROVE,Closed,Fraud Ops - A,161
ALT00001591,TXN000048292,CUST001048,2026-07-22 10:25:47,76.0,Medium,ATM_CASHOUT,CHALLENGE,Investigating,Fraud Ops - A,73
ALT00001592,TXN000007514,CUST001412,2026-07-22 14:55:32,44.8,Medium,CARD_TESTING,APPROVE,Open,Fraud Ops - B,152
ALT00001593,TXN000004308,CUST001254,2026-07-23 00:23:16,69.6,Medium,NONE,CHALLENGE,Closed,Fraud Ops - A,172
ALT00001594,TXN000044026,CUST000930,2026-07-23 00:28:27,99,Critical,CARD_NOT_PRESENT,DECLINE,Open,Fraud Ops - C,121
ALT00001595,TXN000000810,CUST000321,2026-07-23 01:42:18,71.3,Medium,NONE,CHALLENGE,Open,Fraud Ops - C,45
ALT00001596,TXN000027762,CUST001150,2026-07-23 01:55:15,70.0,Medium,MERCHANT_COLLUSION,CHALLENGE,Closed,Fraud Ops - A,130
ALT00001597,TXN000031817,CUST000279,2026-07-23 02:34:19,71.2,Medium,NONE,CHALLENGE,Investigating,Fraud Ops - B,171
ALT00001598,TXN000015884,CUST001778,2026-07-23 07:01:56,84.6,High,ACCOUNT_TAKEOVER,CHALLENGE,Investigating,Fraud Ops - A,146
ALT00001599,TXN000039692,CUST001227,2026-07-23 09:03:11,90.7,Critical,IMPOSSIBLE_TRAVEL,DECLINE,Investigating,Fraud Ops - C,47
ALT00001600,TXN000010706,CUST001830,2026-07-23 09:33:01,80.8,High,CARD_NOT_PRESENT,CHALLENGE,Open,Fraud Ops - B,189
ALT00001601,TXN000007866,CUST001016,2026-07-23 14:29:06,55.6,Medium,IMPOSSIBLE_TRAVEL,APPROVE,Closed,Fraud Ops - A,138
ALT00001602,TXN000008126,CUST000072,2026-07-23 17:14:55,99,Critical,ACCOUNT_TAKEOVER,DECLINE,Investigating,Fraud Ops - B,219
ALT00001603,TXN000005526,CUST000247,2026-07-23 19:38:35,54.4,Medium,VELOCITY_ABUSE,APPROVE,Open,Fraud Ops - B,150
ALT00001604,TXN000042772,CUST000444,2026-07-23 23:05:22,97,Critical,ACCOUNT_TAKEOVER,DECLINE,Investigating,Fraud Ops - B,141
ALT00001605,TXN000019193,CUST001191,2026-07-24 00:20:11,69.2,Medium,NONE,CHALLENGE,Investigating,Fraud Ops - C,141
ALT00001606,TXN000044138,CUST000069,2026-07-24 00:36:38,66.4,Medium,NONE,CHALLENGE,Closed,Fraud Ops - C,100
ALT00001607,TXN000007095,CUST000934,2026-07-24 00:54:56,66.5,Medium,NONE,CHALLENGE,Investigating,Fraud Ops - A,79
ALT00001608,TXN000020247,CUST001489,2026-07-24 01:14:32,68.4,Medium,NONE,CHALLENGE,Open,Fraud Ops - B,121
ALT00001609,TXN000039566,CUST000144,2026-07-24 04:59:56,74.5,Medium,NONE,CHALLENGE,Open,Fraud Ops - C,5
ALT00001610,TXN000045477,CUST000923,2026-07-24 06:46:29,68.0,Medium,MULE_TRANSFER,CHALLENGE,Investigating,Fraud Ops - A,30
ALT00001611,TXN000013295,CUST001660,2026-07-24 09:52:50,56.0,Medium,MULE_TRANSFER,APPROVE,Closed,Fraud Ops - B,190
ALT00001612,TXN000008154,CUST000620,2026-07-24 11:17:22,76.0,Medium,MULE_TRANSFER,CHALLENGE,Investigating,Fraud Ops - C,196
ALT00001613,TXN000020228,CUST001505,2026-07-24 15:20:45,76.0,Medium,MULE_TRANSFER,CHALLENGE,Open,Fraud Ops - C,124
ALT00001614,TXN000002234,CUST001052,2026-07-24 20:39:58,90.6,Critical,ACCOUNT_TAKEOVER,DECLINE,Open,Fraud Ops - C,186
ALT00001615,TXN000008734,CUST001996,2026-07-25 00:47:25,70.2,Medium,NONE,CHALLENGE,Open,Fraud Ops - A,12
ALT00001616,TXN000024932,CUST000520,2026-07-25 01:35:15,66.8,Medium,NONE,CHALLENGE,Open,Fraud Ops - A,188
ALT00001617,TXN000023310,CUST001341,2026-07-25 11:25:18,69.8,Medium,CARD_NOT_PRESENT,CHALLENGE,Closed,Fraud Ops - A,219
ALT00001618,TXN000009304,CUST000773,2026-07-25 20:16:29,54.0,Medium,MERCHANT_COLLUSION,APPROVE,Closed,Fraud Ops - B,87
ALT00001619,TXN000010757,CUST001631,2026-07-25 22:37:12,64.5,Medium,CARD_TESTING,APPROVE,Open,Fraud Ops - C,129
ALT00001620,TXN000010379,CUST000696,2026-07-26 00:58:10,71.4,Medium,NONE,CHALLENGE,Investigating,Fraud Ops - B,71
ALT00001621,TXN000023962,CUST001399,2026-07-26 02:02:54,66.7,Medium,NONE,CHALLENGE,Open,Fraud Ops - A,32
ALT00001622,TXN000040671,CUST000368,2026-07-26 02:02:55,70.2,Medium,NONE,CHALLENGE,Open,Fraud Ops - B,230
ALT00001623,TXN000011254,CUST001471,2026-07-26 02:20:39,99,Critical,CARD_NOT_PRESENT,DECLINE,Investigating,Fraud Ops - B,28
ALT00001624,TXN000018395,CUST000747,2026-07-26 04:37:56,99,Critical,IMPOSSIBLE_TRAVEL,DECLINE,Open,Fraud Ops - B,175
ALT00001625,TXN000002224,CUST001416,2026-07-26 11:45:37,78.3,Medium,CARD_NOT_PRESENT,CHALLENGE,Closed,Fraud Ops - B,201
ALT00001626,TXN000033418,CUST001047,2026-07-26 12:13:43,82.1,High,ACCOUNT_TAKEOVER,CHALLENGE,Closed,Fraud Ops - B,196
ALT00001627,TXN000049650,CUST001294,2026-07-26 13:22:27,86.8,High,ACCOUNT_TAKEOVER,DECLINE,Closed,Fraud Ops - A,118
ALT00001628,TXN000005185,CUST001818,2026-07-26 13:31:10,54.0,Medium,ATM_CASHOUT,APPROVE,Closed,Fraud Ops - C,221
ALT00001629,TXN000001529,CUST001154,2026-07-26 17:11:56,54.0,Medium,MULE_TRANSFER,APPROVE,Closed,Fraud Ops - C,189
ALT00001630,TXN000042183,CUST001262,2026-07-27 00:00:41,67.0,Medium,NONE,CHALLENGE,Open,Fraud Ops - B,54
ALT00001631,TXN000012102,CUST000484,2026-07-27 00:01:19,65.2,Medium,NONE,CHALLENGE,Closed,Fraud Ops - A,103
ALT00001632,TXN000046621,CUST001381,2026-07-27 00:42:43,68.0,Medium,NONE,CHALLENGE,Open,Fraud Ops - B,69
ALT00001633,TXN000001209,CUST001654,2026-07-27 01:27:15,71.8,Medium,NONE,CHALLENGE,Investigating,Fraud Ops - C,210
ALT00001634,TXN000021721,CUST000653,2026-07-27 03:50:29,73.1,Medium,NONE,CHALLENGE,Investigating,Fraud Ops - B,239
ALT00001635,TXN000018127,CUST001184,2026-07-27 04:39:09,99,Critical,ACCOUNT_TAKEOVER,DECLINE,Closed,Fraud Ops - C,159
ALT00001636,TXN000009991,CUST000168,2026-07-27 05:31:18,46.5,Medium,VELOCITY_ABUSE,APPROVE,Open,Fraud Ops - B,73
ALT00001637,TXN000003059,CUST001497,2026-07-27 13:30:44,68.0,Medium,MULE_TRANSFER,CHALLENGE,Open,Fraud Ops - A,87
ALT00001638,TXN000031594,CUST001083,2026-07-27 16:39:52,48.2,Medium,CARD_TESTING,APPROVE,Investigating,Fraud Ops - B,57
ALT00001639,TXN000046032,CUST001465,2026-07-27 16:40:02,53.4,Medium,IMPOSSIBLE_TRAVEL,APPROVE,Open,Fraud Ops - A,165
ALT00001640,TXN000048947,CUST000732,2026-07-27 17:11:03,67.7,Medium,IMPOSSIBLE_TRAVEL,CHALLENGE,Open,Fraud Ops - A,151
ALT00001641,TXN000046046,CUST001842,2026-07-28 00:55:10,69.1,Medium,NONE,CHALLENGE,Investigating,Fraud Ops - C,52
ALT00001642,TXN000028087,CUST001986,2026-07-28 01:52:41,58.0,Medium,IMPOSSIBLE_TRAVEL,APPROVE,Investigating,Fraud Ops - C,137
ALT00001643,TXN000007200,CUST001348,2026-07-28 02:54:09,66.4,Medium,NONE,CHALLENGE,Open,Fraud Ops - C,233
ALT00001644,TXN000005206,CUST001636,2026-07-28 03:00:59,66.0,Medium,NONE,CHALLENGE,Open,Fraud Ops - A,94
ALT00001645,TXN000002418,CUST000620,2026-07-28 04:26:22,69.9,Medium,NONE,CHALLENGE,Investigating,Fraud Ops - C,135
ALT00001646,TXN000025862,CUST000286,2026-07-28 04:30:49,67.8,Medium,NONE,CHALLENGE,Closed,Fraud Ops - B,51
ALT00001647,TXN000025699,CUST000084,2026-07-28 04:48:57,67.0,Medium,NONE,CHALLENGE,Open,Fraud Ops - A,44
ALT00001648,TXN000036659,CUST000278,2026-07-28 05:36:23,54.0,Medium,MULE_TRANSFER,APPROVE,Open,Fraud Ops - A,66
ALT00001649,TXN000024683,CUST000717,2026-07-28 13:11:20,81.2,High,CARD_NOT_PRESENT,CHALLENGE,Open,Fraud Ops - C,86
ALT00001650,TXN000021440,CUST000732,2026-07-28 19:14:21,68.0,Medium,VELOCITY_ABUSE,CHALLENGE,Open,Fraud Ops - C,193
ALT00001651,TXN000041157,CUST001770,2026-07-28 20:42:08,50.0,Medium,MERCHANT_COLLUSION,APPROVE,Open,Fraud Ops - A,123
ALT00001652,TXN000007901,CUST001254,2026-07-29 00:01:11,67.7,Medium,NONE,CHALLENGE,Open,Fraud Ops - B,222
ALT00001653,TXN000038384,CUST000594,2026-07-29 00:24:42,71.0,Medium,NONE,CHALLENGE,Open,Fraud Ops - B,193
ALT00001654,TXN000048247,CUST001755,2026-07-29 03:36:31,70.0,Medium,MERCHANT_COLLUSION,CHALLENGE,Closed,Fraud Ops - C,77
ALT00001655,TXN000017969,CUST001906,2026-07-29 03:48:39,65.9,Medium,NONE,CHALLENGE,Open,Fraud Ops - C,124
ALT00001656,TXN000026266,CUST001865,2026-07-29 03:49:29,69.1,Medium,NONE,CHALLENGE,Open,Fraud Ops - A,191
ALT00001657,TXN000000953,CUST000163,2026-07-29 04:24:33,68.1,Medium,NONE,CHALLENGE,Investigating,Fraud Ops - A,62
ALT00001658,TXN000000232,CUST000433,2026-07-29 04:34:35,64.1,Medium,CARD_TESTING,APPROVE,Open,Fraud Ops - A,102
ALT00001659,TXN000005805,CUST000758,2026-07-29 04:55:05,68.1,Medium,NONE,CHALLENGE,Open,Fraud Ops - B,205
ALT00001660,TXN000045939,CUST001798,2026-07-29 10:15:36,97.3,Critical,CARD_NOT_PRESENT,DECLINE,Open,Fraud Ops - C,76
ALT00001661,TXN000040969,CUST000129,2026-07-29 16:17:44,48.4,Medium,CARD_TESTING,APPROVE,Investigating,Fraud Ops - B,117
ALT00001662,TXN000017779,CUST001273,2026-07-29 18:27:32,88.2,High,CARD_NOT_PRESENT,DECLINE,Investigating,Fraud Ops - A,155
ALT00001663,TXN000031049,CUST000707,2026-07-29 19:48:40,83.8,High,IMPOSSIBLE_TRAVEL,CHALLENGE,Investigating,Fraud Ops - A,145
ALT00001664,TXN000019964,CUST001538,2026-07-30 01:10:49,67.9,Medium,NONE,CHALLENGE,Open,Fraud Ops - A,50
ALT00001665,TXN000007506,CUST001290,2026-07-30 01:44:42,65.1,Medium,NONE,CHALLENGE,Investigating,Fraud Ops - C,22
ALT00001666,TXN000015039,CUST000290,2026-07-30 02:01:58,68.0,Medium,MERCHANT_COLLUSION,CHALLENGE,Investigating,Fraud Ops - B,96
ALT00001667,TXN000045553,CUST001756,2026-07-30 03:08:56,73.2,Medium,NONE,CHALLENGE,Closed,Fraud Ops - B,65
ALT00001668,TXN000025410,CUST000997,2026-07-30 04:09:40,68.0,Medium,MULE_TRANSFER,CHALLENGE,Open,Fraud Ops - B,211
ALT00001669,TXN000047013,CUST000084,2026-07-30 09:01:19,78.4,Medium,ACCOUNT_TAKEOVER,CHALLENGE,Open,Fraud Ops - B,205
ALT00001670,TXN000026232,CUST000691,2026-07-30 09:23:47,48.0,Medium,CARD_TESTING,APPROVE,Closed,Fraud Ops - B,41
ALT00001671,TXN000009817,CUST000797,2026-07-30 11:19:50,76.0,Medium,MULE_TRANSFER,CHALLENGE,Investigating,Fraud Ops - C,238
ALT00001672,TXN000044471,CUST001659,2026-07-30 12:27:22,76.0,Medium,MULE_TRANSFER,CHALLENGE,Investigating,Fraud Ops - B,167
ALT00001673,TXN000043697,CUST000045,2026-07-30 13:52:01,76.4,Medium,CARD_NOT_PRESENT,CHALLENGE,Closed,Fraud Ops - A,22
ALT00001674,TXN000023969,CUST000084,2026-07-30 15:05:34,52.0,Medium,ATM_CASHOUT,APPROVE,Open,Fraud Ops - C,157
