customer_id,customer_name,age,segment,occupation,home_city,home_state,home_latitude,home_longitude,customer_risk_band,onboarding_date,kyc_status
CUST000001,SYNTHETIC CUSTOMER 000001,33,Mass,Student,Hyderabad,Telangana,17.44175,78.52911,Low,2019-11-22,Y
CUST000002,SYNTHETIC CUSTOMER 000002,35,SME,Student,Bengaluru,Karnataka,13.08133,77.55538,Low,2024-12-19,Y
CUST000003,SYNTHETIC CUSTOMER 000003,72,SME,Salaried,Delhi,Delhi,28.51814,77.15571,Low,2018-11-17,Y
CUST000004,SYNTHETIC CUSTOMER 000004,62,Mass,Homemaker,Ahmedabad,Gujarat,23.06681,72.65368,Low,2025-05-18,Y
CUST000005,SYNTHETIC CUSTOMER 000005,43,Mass,Professional,Kochi,Kerala,10.05056,76.1805,Low,2020-06-21,Y
CUST000006,SYNTHETIC CUSTOMER 000006,66,SME,Professional,Hyderabad,Telangana,17.41883,78.39347,Low,2021-02-17,Y
CUST000007,SYNTHETIC CUSTOMER 000007,38,Senior Citizen,Professional,Jaipur,Rajasthan,26.81925,75.75442,Low,2022-07-23,Y
CUST000008,SYNTHETIC CUSTOMER 000008,34,Senior Citizen,Self-employed,Ahmedabad,Gujarat,23.04808,72.68285,Low,2019-12-17,Y
CUST000009,SYNTHETIC CUSTOMER 000009,32,SME,Salaried,Hyderabad,Telangana,17.27254,78.446,Low,2020-03-29,Y
CUST000010,SYNTHETIC CUSTOMER 000010,47,Mass,Retired,Pune,Maharashtra,18.4134,73.89353,Medium,2018-10-05,Y
CUST000011,SYNTHETIC CUSTOMER 000011,73,Mass,Self-employed,Bengaluru,Karnataka,12.95795,77.68132,Medium,2019-11-01,Y
CUST000012,SYNTHETIC CUSTOMER 000012,42,Senior Citizen,Self-employed,Pune,Maharashtra,18.4941,73.95906,Low,2020-11-26,Y
CUST000013,SYNTHETIC CUSTOMER 000013,76,Affluent,Professional,Mumbai,Maharashtra,18.99378,72.98829,Medium,2025-02-08,Y
CUST000014,SYNTHETIC CUSTOMER 000014,18,Mass,Salaried,Chennai,Tamil Nadu,13.20233,80.38976,Low,2025-03-08,Y
CUST000015,SYNTHETIC CUSTOMER 000015,24,Mass,Homemaker,Jaipur,Rajasthan,26.82463,75.695,Medium,2024-10-21,Y
CUST000016,SYNTHETIC CUSTOMER 000016,58,Mass,Self-employed,Mumbai,Maharashtra,18.99478,72.86374,High,2018-02-03,Y
CUST000017,SYNTHETIC CUSTOMER 000017,61,Student,Self-employed,Mumbai,Maharashtra,18.98067,72.94493,Low,2021-06-13,Y
CUST000018,SYNTHETIC CUSTOMER 000018,24,Mass,Homemaker,Delhi,Delhi,28.50319,77.20197,Low,2023-10-08,Y
CUST000019,SYNTHETIC CUSTOMER 000019,43,Mass,Professional,Chennai,Tamil Nadu,13.16518,80.23018,Low,2025-09-11,Y
CUST000020,SYNTHETIC CUSTOMER 000020,76,Mass,Homemaker,Pune,Maharashtra,18.47574,73.94022,Low,2017-12-07,Y
CUST000021,SYNTHETIC CUSTOMER 000021,45,Mass,Self-employed,Mumbai,Maharashtra,19.1016,72.83504,Medium,2021-01-19,Y
CUST000022,SYNTHETIC CUSTOMER 000022,72,Senior Citizen,Professional,Delhi,Delhi,28.6032,77.30167,Medium,2019-07-21,Y
CUST000023,SYNTHETIC CUSTOMER 000023,33,Mass,Professional,Jaipur,Rajasthan,26.82153,75.6993,Medium,2020-10-17,Y
CUST000024,SYNTHETIC CUSTOMER 000024,67,Student,Student,Delhi,Delhi,28.6102,77.14642,Medium,2021-01-27,Y
CUST000025,SYNTHETIC CUSTOMER 000025,44,SME,Salaried,Bengaluru,Karnataka,12.98183,77.57439,Low,2023-09-08,Y
CUST000026,SYNTHETIC CUSTOMER 000026,49,Student,Self-employed,Jaipur,Rajasthan,26.897,75.67427,Low,2022-03-28,Y
CUST000027,SYNTHETIC CUSTOMER 000027,31,Mass,Student,Mumbai,Maharashtra,19.037,72.96881,Low,2022-11-20,Y
CUST000028,SYNTHETIC CUSTOMER 000028,26,Affluent,Self-employed,Mumbai,Maharashtra,18.98345,72.98516,Low,2020-10-16,Y
CUST000029,SYNTHETIC CUSTOMER 000029,30,Mass,Homemaker,Pune,Maharashtra,18.56615,73.88724,Low,2024-11-11,Y
CUST000030,SYNTHETIC CUSTOMER 000030,45,Student,Salaried,Pune,Maharashtra,18.55294,73.93559,High,2018-01-27,Y
CUST000031,SYNTHETIC CUSTOMER 000031,54,Mass,Retired,Ahmedabad,Gujarat,22.99346,72.45829,Low,2022-05-12,Y
CUST000032,SYNTHETIC CUSTOMER 000032,48,SME,Homemaker,Jaipur,Rajasthan,26.9102,75.8576,Low,2024-12-17,Y
CUST000033,SYNTHETIC CUSTOMER 000033,29,SME,Homemaker,Hyderabad,Telangana,17.44227,78.43306,Low,2019-05-25,Y
CUST000034,SYNTHETIC CUSTOMER 000034,21,Mass,Salaried,Jaipur,Rajasthan,26.95978,75.69761,Low,2020-07-02,Y
CUST000035,SYNTHETIC CUSTOMER 000035,27,Affluent,Salaried,Kochi,Kerala,9.94628,76.22022,Low,2023-03-23,Y
CUST000036,SYNTHETIC CUSTOMER 000036,58,Senior Citizen,Self-employed,Hyderabad,Telangana,17.4235,78.40439,Low,2024-01-22,Y
CUST000037,SYNTHETIC CUSTOMER 000037,77,Mass,Self-employed,Ahmedabad,Gujarat,23.0924,72.59295,Low,2023-10-15,Y
CUST000038,SYNTHETIC CUSTOMER 000038,25,Senior Citizen,Retired,Kochi,Kerala,9.88418,76.2439,Low,2022-12-14,Y
CUST000039,SYNTHETIC CUSTOMER 000039,46,Mass,Homemaker,Bengaluru,Karnataka,12.89516,77.61508,Medium,2018-11-20,Y
CUST000040,SYNTHETIC CUSTOMER 000040,67,Mass,Salaried,Kolkata,West Bengal,22.5761,88.48105,Low,2018-08-19,Y
CUST000041,SYNTHETIC CUSTOMER 000041,25,Student,Retired,Ahmedabad,Gujarat,23.05371,72.64324,Low,2018-01-17,Y
CUST000042,SYNTHETIC CUSTOMER 000042,47,Senior Citizen,Self-employed,Ahmedabad,Gujarat,22.99456,72.67265,Low,2020-04-22,Y
CUST000043,SYNTHETIC CUSTOMER 000043,39,Affluent,Student,Ahmedabad,Gujarat,23.03292,72.56068,Low,2022-05-25,Y
CUST000044,SYNTHETIC CUSTOMER 000044,18,Mass,Retired,Ahmedabad,Gujarat,23.00089,72.60855,Low,2024-04-10,Y
CUST000045,SYNTHETIC CUSTOMER 000045,23,Senior Citizen,Homemaker,Chennai,Tamil Nadu,12.98633,80.3028,Low,2024-11-17,Y
CUST000046,SYNTHETIC CUSTOMER 000046,57,Mass,Salaried,Bengaluru,Karnataka,13.00033,77.5324,Medium,2019-06-20,Y
CUST000047,SYNTHETIC CUSTOMER 000047,72,SME,Retired,Pune,Maharashtra,18.64025,73.9415,Low,2024-10-23,Y
CUST000048,SYNTHETIC CUSTOMER 000048,32,Affluent,Student,Delhi,Delhi,28.64291,77.25166,Low,2017-12-03,Y
CUST000049,SYNTHETIC CUSTOMER 000049,68,Mass,Self-employed,Pune,Maharashtra,18.63356,73.8641,Low,2022-12-13,Y
CUST000050,SYNTHETIC CUSTOMER 000050,61,Student,Homemaker,Delhi,Delhi,28.72604,77.2821,High,2021-11-26,Y
CUST000051,SYNTHETIC CUSTOMER 000051,32,Mass,Professional,Jaipur,Rajasthan,26.9449,75.77872,Low,2018-02-22,Y
CUST000052,SYNTHETIC CUSTOMER 000052,62,Mass,Homemaker,Ahmedabad,Gujarat,23.00309,72.62954,Medium,2024-04-10,Y
CUST000053,SYNTHETIC CUSTOMER 000053,30,Mass,Student,Kolkata,West Bengal,22.68036,88.44171,High,2024-12-23,Y
CUST000054,SYNTHETIC CUSTOMER 000054,70,Mass,Self-employed,Jaipur,Rajasthan,26.87125,75.70271,Medium,2019-04-28,Y
CUST000055,SYNTHETIC CUSTOMER 000055,21,Mass,Student,Kolkata,West Bengal,22.55363,88.27118,Low,2025-04-17,Y
CUST000056,SYNTHETIC CUSTOMER 000056,72,Mass,Retired,Mumbai,Maharashtra,19.12066,72.87536,Low,2021-01-12,Y
CUST000057,SYNTHETIC CUSTOMER 000057,44,Student,Retired,Kolkata,West Bengal,22.52761,88.31891,Low,2023-02-23,Y
CUST000058,SYNTHETIC CUSTOMER 000058,53,Mass,Professional,Jaipur,Rajasthan,26.82174,75.75216,Low,2018-07-18,Y
CUST000059,SYNTHETIC CUSTOMER 000059,54,Mass,Student,Jaipur,Rajasthan,26.89539,75.80193,Low,2019-01-13,Y
CUST000060,SYNTHETIC CUSTOMER 000060,58,Mass,Homemaker,Pune,Maharashtra,18.42242,73.86402,High,2021-10-15,Y
CUST000061,SYNTHETIC CUSTOMER 000061,35,Mass,Salaried,Kochi,Kerala,9.91296,76.293,Low,2021-05-12,Y
CUST000062,SYNTHETIC CUSTOMER 000062,38,SME,Student,Bengaluru,Karnataka,12.97097,77.57796,Low,2024-07-22,Y
CUST000063,SYNTHETIC CUSTOMER 000063,43,Affluent,Professional,Kolkata,West Bengal,22.55285,88.27154,Low,2025-10-09,Y
CUST000064,SYNTHETIC CUSTOMER 000064,65,Mass,Student,Hyderabad,Telangana,17.34494,78.40705,Low,2020-04-13,Y
CUST000065,SYNTHETIC CUSTOMER 000065,22,Affluent,Homemaker,Bengaluru,Karnataka,13.03708,77.59319,Low,2019-09-07,Y
CUST000066,SYNTHETIC CUSTOMER 000066,37,Mass,Salaried,Mumbai,Maharashtra,18.96503,72.8462,Low,2022-10-15,Y
CUST000067,SYNTHETIC CUSTOMER 000067,21,Mass,Self-employed,Kochi,Kerala,10.00583,76.34827,Low,2017-12-30,Y
CUST000068,SYNTHETIC CUSTOMER 000068,53,Mass,Salaried,Kolkata,West Bengal,22.5208,88.4176,Low,2018-08-23,Y
CUST000069,SYNTHETIC CUSTOMER 000069,29,Mass,Student,Kolkata,West Bengal,22.53462,88.42778,High,2023-11-08,Y
CUST000070,SYNTHETIC CUSTOMER 000070,61,Mass,Student,Ahmedabad,Gujarat,23.1352,72.59794,Low,2020-12-21,Y
CUST000071,SYNTHETIC CUSTOMER 000071,53,Affluent,Student,Mumbai,Maharashtra,19.12674,72.88152,Medium,2024-08-10,Y
CUST000072,SYNTHETIC CUSTOMER 000072,41,Mass,Professional,Pune,Maharashtra,18.63909,73.82668,Low,2025-09-09,Y
CUST000073,SYNTHETIC CUSTOMER 000073,46,SME,Retired,Bengaluru,Karnataka,13.06901,77.47916,Low,2023-08-03,Y
CUST000074,SYNTHETIC CUSTOMER 000074,47,Affluent,Professional,Pune,Maharashtra,18.60121,73.85666,Low,2019-12-30,Y
CUST000075,SYNTHETIC CUSTOMER 000075,41,Mass,Retired,Ahmedabad,Gujarat,22.9064,72.64064,Low,2022-02-20,Y
CUST000076,SYNTHETIC CUSTOMER 000076,63,Student,Salaried,Bengaluru,Karnataka,12.96144,77.54503,Medium,2025-07-07,Y
CUST000077,SYNTHETIC CUSTOMER 000077,45,Mass,Student,Kolkata,West Bengal,22.63099,88.45861,Medium,2021-09-02,Y
CUST000078,SYNTHETIC CUSTOMER 000078,24,Affluent,Student,Bengaluru,Karnataka,13.01022,77.54816,Low,2019-04-01,Y
CUST000079,SYNTHETIC CUSTOMER 000079,41,Mass,Homemaker,Bengaluru,Karnataka,13.07947,77.48237,Low,2024-04-14,Y
CUST000080,SYNTHETIC CUSTOMER 000080,63,Mass,Student,Hyderabad,Telangana,17.50413,78.43524,Low,2020-07-01,Y
CUST000081,SYNTHETIC CUSTOMER 000081,32,Student,Professional,Bengaluru,Karnataka,12.89984,77.50793,Low,2020-06-19,Y
CUST000082,SYNTHETIC CUSTOMER 000082,47,Affluent,Retired,Kolkata,West Bengal,22.53528,88.45461,Low,2019-10-28,Y
CUST000083,SYNTHETIC CUSTOMER 000083,32,Mass,Homemaker,Bengaluru,Karnataka,13.07742,77.68938,Low,2025-02-13,Y
CUST000084,SYNTHETIC CUSTOMER 000084,23,Student,Salaried,Mumbai,Maharashtra,19.10995,72.89613,Low,2018-09-14,Y
CUST000085,SYNTHETIC CUSTOMER 000085,48,Mass,Retired,Mumbai,Maharashtra,19.03765,72.79218,Low,2017-12-13,Y
CUST000086,SYNTHETIC CUSTOMER 000086,33,Student,Retired,Pune,Maharashtra,18.61695,73.93193,High,2019-07-12,Y
CUST000087,SYNTHETIC CUSTOMER 000087,36,Mass,Salaried,Kochi,Kerala,10.02296,76.30432,Low,2020-09-23,Y
CUST000088,SYNTHETIC CUSTOMER 000088,43,Mass,Salaried,Kochi,Kerala,10.04803,76.28118,Low,2021-11-27,Y
CUST000089,SYNTHETIC CUSTOMER 000089,26,Mass,Professional,Ahmedabad,Gujarat,23.04964,72.4904,Low,2019-02-03,Y
CUST000090,SYNTHETIC CUSTOMER 000090,73,Student,Homemaker,Chennai,Tamil Nadu,12.9691,80.2646,Low,2018-08-27,Y
CUST000091,SYNTHETIC CUSTOMER 000091,25,Mass,Homemaker,Delhi,Delhi,28.59975,77.18951,Low,2021-05-17,Y
CUST000092,SYNTHETIC CUSTOMER 000092,61,SME,Homemaker,Kolkata,West Bengal,22.619,88.39032,Low,2023-11-07,Y
CUST000093,SYNTHETIC CUSTOMER 000093,70,Mass,Retired,Jaipur,Rajasthan,26.97794,75.70245,Low,2025-07-14,Y
CUST000094,SYNTHETIC CUSTOMER 000094,65,Mass,Professional,Chennai,Tamil Nadu,13.02089,80.31146,Low,2020-01-19,Y
CUST000095,SYNTHETIC CUSTOMER 000095,66,Mass,Self-employed,Ahmedabad,Gujarat,22.97958,72.60642,High,2025-01-01,Y
CUST000096,SYNTHETIC CUSTOMER 000096,74,Senior Citizen,Student,Bengaluru,Karnataka,12.92321,77.61927,Low,2022-04-01,Y
CUST000097,SYNTHETIC CUSTOMER 000097,65,SME,Salaried,Chennai,Tamil Nadu,13.03351,80.31256,Low,2023-11-03,Y
CUST000098,SYNTHETIC CUSTOMER 000098,18,Affluent,Professional,Chennai,Tamil Nadu,13.04899,80.20741,Low,2018-07-08,Y
CUST000099,SYNTHETIC CUSTOMER 000099,53,Mass,Homemaker,Kochi,Kerala,9.99296,76.33978,Medium,2023-07-23,Y
CUST000100,SYNTHETIC CUSTOMER 000100,31,Mass,Homemaker,Jaipur,Rajasthan,26.90972,75.88303,Low,2021-01-04,Y
CUST000101,SYNTHETIC CUSTOMER 000101,52,Mass,Salaried,Pune,Maharashtra,18.6247,73.75326,High,2020-09-17,Y
CUST000102,SYNTHETIC CUSTOMER 000102,51,Senior Citizen,Retired,Bengaluru,Karnataka,13.08649,77.67496,Low,2025-10-01,Y
CUST000103,SYNTHETIC CUSTOMER 000103,66,Mass,Homemaker,Chennai,Tamil Nadu,13.15697,80.25132,Low,2025-10-30,Y
CUST000104,SYNTHETIC CUSTOMER 000104,26,Mass,Salaried,Jaipur,Rajasthan,26.86182,75.86309,Low,2019-07-19,Y
CUST000105,SYNTHETIC CUSTOMER 000105,74,Mass,Professional,Chennai,Tamil Nadu,13.00473,80.3136,Low,2019-10-10,Y
CUST000106,SYNTHETIC CUSTOMER 000106,27,Mass,Homemaker,Delhi,Delhi,28.71344,77.22397,Medium,2021-05-02,Y
CUST000107,SYNTHETIC CUSTOMER 000107,64,Student,Professional,Delhi,Delhi,28.54598,77.13913,Low,2022-04-10,Y
CUST000108,SYNTHETIC CUSTOMER 000108,47,SME,Retired,Kolkata,West Bengal,22.53882,88.30667,Low,2020-04-03,Y
CUST000109,SYNTHETIC CUSTOMER 000109,55,Affluent,Professional,Chennai,Tamil Nadu,13.03355,80.19779,Low,2023-06-05,Y
CUST000110,SYNTHETIC CUSTOMER 000110,51,Senior Citizen,Salaried,Jaipur,Rajasthan,26.99561,75.89415,Low,2018-07-06,Y
CUST000111,SYNTHETIC CUSTOMER 000111,51,Mass,Salaried,Jaipur,Rajasthan,26.92098,75.73611,Low,2020-05-16,Y
CUST000112,SYNTHETIC CUSTOMER 000112,32,Affluent,Homemaker,Ahmedabad,Gujarat,23.10123,72.47075,Low,2018-09-20,Y
CUST000113,SYNTHETIC CUSTOMER 000113,75,Affluent,Salaried,Kolkata,West Bengal,22.46281,88.29464,Low,2018-03-30,Y
CUST000114,SYNTHETIC CUSTOMER 000114,71,Affluent,Professional,Bengaluru,Karnataka,13.01409,77.60433,Medium,2021-09-13,Y
CUST000115,SYNTHETIC CUSTOMER 000115,56,Affluent,Professional,Kolkata,West Bengal,22.63825,88.25101,Low,2022-12-10,Y
CUST000116,SYNTHETIC CUSTOMER 000116,23,Mass,Salaried,Pune,Maharashtra,18.47438,73.82308,Low,2022-12-25,Y
CUST000117,SYNTHETIC CUSTOMER 000117,75,SME,Professional,Hyderabad,Telangana,17.32326,78.49177,High,2018-04-27,Y
CUST000118,SYNTHETIC CUSTOMER 000118,34,Student,Student,Ahmedabad,Gujarat,23.07552,72.57039,Medium,2019-02-03,Y
CUST000119,SYNTHETIC CUSTOMER 000119,48,Senior Citizen,Self-employed,Kochi,Kerala,10.0427,76.37979,Low,2022-09-27,Y
CUST000120,SYNTHETIC CUSTOMER 000120,47,Mass,Homemaker,Jaipur,Rajasthan,26.84272,75.85874,Medium,2018-03-28,Y
CUST000121,SYNTHETIC CUSTOMER 000121,55,Senior Citizen,Retired,Ahmedabad,Gujarat,23.02409,72.67229,Low,2018-04-01,Y
CUST000122,SYNTHETIC CUSTOMER 000122,32,Mass,Student,Hyderabad,Telangana,17.38951,78.50602,Low,2019-07-22,Y
CUST000123,SYNTHETIC CUSTOMER 000123,51,Mass,Self-employed,Chennai,Tamil Nadu,13.07698,80.25586,Low,2018-03-12,Y
CUST000124,SYNTHETIC CUSTOMER 000124,53,Affluent,Student,Bengaluru,Karnataka,12.96249,77.66606,Low,2018-12-11,Y
CUST000125,SYNTHETIC CUSTOMER 000125,47,Mass,Self-employed,Bengaluru,Karnataka,13.01257,77.59208,Low,2018-11-03,Y
CUST000126,SYNTHETIC CUSTOMER 000126,29,Mass,Salaried,Hyderabad,Telangana,17.29893,78.45993,Low,2019-04-27,Y
CUST000127,SYNTHETIC CUSTOMER 000127,70,Affluent,Self-employed,Mumbai,Maharashtra,19.09078,72.91444,Low,2021-06-02,Y
CUST000128,SYNTHETIC CUSTOMER 000128,54,Affluent,Salaried,Ahmedabad,Gujarat,23.08853,72.64899,Low,2021-11-22,Y
CUST000129,SYNTHETIC CUSTOMER 000129,67,Mass,Salaried,Hyderabad,Telangana,17.31537,78.54373,Medium,2018-04-12,Y
CUST000130,SYNTHETIC CUSTOMER 000130,38,Affluent,Self-employed,Chennai,Tamil Nadu,13.03293,80.28816,High,2020-03-27,Y
CUST000131,SYNTHETIC CUSTOMER 000131,38,Mass,Retired,Kolkata,West Bengal,22.66114,88.44722,Low,2024-12-17,Y
CUST000132,SYNTHETIC CUSTOMER 000132,54,Affluent,Self-employed,Kolkata,West Bengal,22.64179,88.4585,Medium,2025-06-18,Y
CUST000133,SYNTHETIC CUSTOMER 000133,62,Affluent,Homemaker,Pune,Maharashtra,18.50342,73.75859,Medium,2024-12-09,Y
CUST000134,SYNTHETIC CUSTOMER 000134,64,Mass,Salaried,Hyderabad,Telangana,17.28977,78.45491,Medium,2022-08-26,Y
CUST000135,SYNTHETIC CUSTOMER 000135,75,Student,Salaried,Ahmedabad,Gujarat,23.08309,72.5929,Low,2021-09-13,Y
CUST000136,SYNTHETIC CUSTOMER 000136,74,Student,Homemaker,Mumbai,Maharashtra,19.08026,72.87999,Low,2021-08-12,Y
CUST000137,SYNTHETIC CUSTOMER 000137,26,Senior Citizen,Student,Mumbai,Maharashtra,19.15735,72.85871,Low,2019-11-18,Y
CUST000138,SYNTHETIC CUSTOMER 000138,50,Senior Citizen,Retired,Mumbai,Maharashtra,19.12703,72.94181,Low,2021-04-04,Y
CUST000139,SYNTHETIC CUSTOMER 000139,64,Mass,Retired,Hyderabad,Telangana,17.32227,78.42538,High,2021-02-18,Y
CUST000140,SYNTHETIC CUSTOMER 000140,34,Affluent,Homemaker,Jaipur,Rajasthan,26.82286,75.85477,Low,2022-12-29,Y
CUST000141,SYNTHETIC CUSTOMER 000141,75,Mass,Salaried,Bengaluru,Karnataka,13.02507,77.52942,Low,2020-04-19,Y
CUST000142,SYNTHETIC CUSTOMER 000142,54,Mass,Salaried,Kolkata,West Bengal,22.57309,88.46037,Low,2023-12-30,Y
CUST000143,SYNTHETIC CUSTOMER 000143,65,Affluent,Student,Chennai,Tamil Nadu,13.07404,80.29271,Low,2020-06-22,Y
CUST000144,SYNTHETIC CUSTOMER 000144,66,Senior Citizen,Salaried,Mumbai,Maharashtra,19.15976,72.93223,Low,2024-11-03,Y
CUST000145,SYNTHETIC CUSTOMER 000145,23,Mass,Homemaker,Kolkata,West Bengal,22.5739,88.39683,Low,2021-08-01,Y
CUST000146,SYNTHETIC CUSTOMER 000146,26,Mass,Self-employed,Delhi,Delhi,28.63423,77.1263,Medium,2024-02-29,Y
CUST000147,SYNTHETIC CUSTOMER 000147,27,Mass,Student,Kochi,Kerala,9.87077,76.23268,Low,2020-03-31,Y
CUST000148,SYNTHETIC CUSTOMER 000148,26,Mass,Self-employed,Mumbai,Maharashtra,19.05214,72.92241,Low,2018-10-11,Y
CUST000149,SYNTHETIC CUSTOMER 000149,21,Mass,Retired,Kolkata,West Bengal,22.59033,88.4411,Low,2021-07-30,Y
CUST000150,SYNTHETIC CUSTOMER 000150,48,Affluent,Professional,Chennai,Tamil Nadu,13.02985,80.18364,Low,2023-10-09,Y
CUST000151,SYNTHETIC CUSTOMER 000151,56,Mass,Student,Chennai,Tamil Nadu,13.17768,80.33755,Low,2025-05-08,Y
CUST000152,SYNTHETIC CUSTOMER 000152,40,Affluent,Retired,Delhi,Delhi,28.73187,77.13069,Medium,2023-05-10,Y
CUST000153,SYNTHETIC CUSTOMER 000153,48,Mass,Professional,Kochi,Kerala,10.0315,76.19565,Low,2024-07-17,Y
CUST000154,SYNTHETIC CUSTOMER 000154,22,Student,Student,Hyderabad,Telangana,17.49106,78.46164,Low,2024-11-15,Y
CUST000155,SYNTHETIC CUSTOMER 000155,37,Student,Retired,Kochi,Kerala,9.88188,76.18995,Low,2025-12-26,Y
CUST000156,SYNTHETIC CUSTOMER 000156,58,Student,Homemaker,Hyderabad,Telangana,17.34558,78.36943,Low,2023-08-28,Y
CUST000157,SYNTHETIC CUSTOMER 000157,68,Mass,Retired,Jaipur,Rajasthan,26.94863,75.83222,Medium,2024-03-07,Y
CUST000158,SYNTHETIC CUSTOMER 000158,78,SME,Professional,Bengaluru,Karnataka,12.87395,77.61717,Medium,2019-02-15,Y
CUST000159,SYNTHETIC CUSTOMER 000159,52,SME,Homemaker,Jaipur,Rajasthan,26.85997,75.72431,Low,2025-06-13,Y
CUST000160,SYNTHETIC CUSTOMER 000160,72,Senior Citizen,Retired,Chennai,Tamil Nadu,13.15107,80.26373,Low,2018-08-05,Y
CUST000161,SYNTHETIC CUSTOMER 000161,54,Mass,Student,Ahmedabad,Gujarat,23.08304,72.61159,Low,2025-01-16,Y
CUST000162,SYNTHETIC CUSTOMER 000162,20,Senior Citizen,Homemaker,Pune,Maharashtra,18.61651,73.92881,Low,2018-05-29,Y
CUST000163,SYNTHETIC CUSTOMER 000163,27,Mass,Homemaker,Pune,Maharashtra,18.46229,73.95529,Medium,2025-04-03,Y
CUST000164,SYNTHETIC CUSTOMER 000164,55,Mass,Professional,Pune,Maharashtra,18.63196,73.76075,Low,2024-10-27,Y
CUST000165,SYNTHETIC CUSTOMER 000165,43,Affluent,Homemaker,Kochi,Kerala,10.0247,76.22686,Low,2023-05-05,Y
CUST000166,SYNTHETIC CUSTOMER 000166,67,Senior Citizen,Retired,Chennai,Tamil Nadu,13.02736,80.25073,Medium,2018-10-07,Y
CUST000167,SYNTHETIC CUSTOMER 000167,29,Student,Salaried,Jaipur,Rajasthan,26.9923,75.86817,Low,2023-03-18,Y
CUST000168,SYNTHETIC CUSTOMER 000168,55,Mass,Retired,Kochi,Kerala,9.89382,76.34834,Low,2023-02-08,Y
CUST000169,SYNTHETIC CUSTOMER 000169,59,Mass,Self-employed,Mumbai,Maharashtra,19.14821,72.8114,Low,2019-03-09,Y
CUST000170,SYNTHETIC CUSTOMER 000170,71,Mass,Homemaker,Hyderabad,Telangana,17.39975,78.50921,Medium,2022-11-02,Y
CUST000171,SYNTHETIC CUSTOMER 000171,26,SME,Homemaker,Pune,Maharashtra,18.5577,73.97609,Low,2023-02-05,Y
CUST000172,SYNTHETIC CUSTOMER 000172,64,Mass,Student,Ahmedabad,Gujarat,23.0856,72.49534,Medium,2018-05-20,Y
CUST000173,SYNTHETIC CUSTOMER 000173,22,Affluent,Professional,Kochi,Kerala,9.85789,76.17606,Low,2018-05-16,Y
CUST000174,SYNTHETIC CUSTOMER 000174,29,Affluent,Homemaker,Hyderabad,Telangana,17.27892,78.47519,Low,2023-08-29,Y
CUST000175,SYNTHETIC CUSTOMER 000175,66,Senior Citizen,Student,Kolkata,West Bengal,22.49834,88.40632,Medium,2018-12-24,Y
CUST000176,SYNTHETIC CUSTOMER 000176,56,Mass,Professional,Chennai,Tamil Nadu,13.06678,80.31553,Low,2024-07-03,Y
CUST000177,SYNTHETIC CUSTOMER 000177,25,Affluent,Self-employed,Mumbai,Maharashtra,19.11213,72.76667,Low,2018-10-29,Y
CUST000178,SYNTHETIC CUSTOMER 000178,62,Affluent,Retired,Hyderabad,Telangana,17.43185,78.51797,Low,2022-08-18,Y
CUST000179,SYNTHETIC CUSTOMER 000179,36,Mass,Retired,Delhi,Delhi,28.62545,77.30749,Low,2018-04-16,Y
CUST000180,SYNTHETIC CUSTOMER 000180,34,Mass,Student,Delhi,Delhi,28.51785,77.13093,Low,2025-07-25,Y
CUST000181,SYNTHETIC CUSTOMER 000181,57,Mass,Retired,Bengaluru,Karnataka,13.02754,77.56403,Low,2022-03-01,Y
CUST000182,SYNTHETIC CUSTOMER 000182,69,Senior Citizen,Retired,Pune,Maharashtra,18.50556,73.88342,Low,2021-12-26,Y
CUST000183,SYNTHETIC CUSTOMER 000183,63,Affluent,Salaried,Chennai,Tamil Nadu,13.08866,80.32917,Medium,2017-11-21,Y
CUST000184,SYNTHETIC CUSTOMER 000184,72,Affluent,Retired,Bengaluru,Karnataka,12.8913,77.65494,Low,2022-05-30,Y
CUST000185,SYNTHETIC CUSTOMER 000185,24,SME,Salaried,Ahmedabad,Gujarat,22.9111,72.58318,Low,2024-12-26,Y
CUST000186,SYNTHETIC CUSTOMER 000186,48,SME,Professional,Jaipur,Rajasthan,26.87959,75.77591,Low,2024-11-29,Y
CUST000187,SYNTHETIC CUSTOMER 000187,25,Affluent,Self-employed,Chennai,Tamil Nadu,13.057,80.26039,Medium,2023-11-14,Y
CUST000188,SYNTHETIC CUSTOMER 000188,64,SME,Self-employed,Bengaluru,Karnataka,12.87645,77.63241,Medium,2019-03-18,Y
CUST000189,SYNTHETIC CUSTOMER 000189,65,Student,Homemaker,Jaipur,Rajasthan,26.94422,75.71551,Medium,2019-01-03,Y
CUST000190,SYNTHETIC CUSTOMER 000190,69,Mass,Retired,Jaipur,Rajasthan,26.81795,75.75871,Low,2025-05-30,Y
CUST000191,SYNTHETIC CUSTOMER 000191,24,Mass,Retired,Jaipur,Rajasthan,26.95453,75.80215,Low,2023-06-29,Y
CUST000192,SYNTHETIC CUSTOMER 000192,71,Student,Retired,Kochi,Kerala,9.96331,76.31759,Low,2021-11-18,Y
CUST000193,SYNTHETIC CUSTOMER 000193,45,Mass,Salaried,Jaipur,Rajasthan,26.85582,75.70592,Low,2023-02-23,Y
CUST000194,SYNTHETIC CUSTOMER 000194,40,Affluent,Salaried,Jaipur,Rajasthan,26.8436,75.74695,Low,2021-12-17,Y
CUST000195,SYNTHETIC CUSTOMER 000195,19,Affluent,Student,Chennai,Tamil Nadu,13.16001,80.24069,Medium,2020-04-20,Y
CUST000196,SYNTHETIC CUSTOMER 000196,67,Mass,Homemaker,Hyderabad,Telangana,17.4295,78.56726,Low,2023-09-13,Y
CUST000197,SYNTHETIC CUSTOMER 000197,68,Mass,Self-employed,Hyderabad,Telangana,17.28191,78.56389,Low,2023-02-08,Y
CUST000198,SYNTHETIC CUSTOMER 000198,40,Mass,Salaried,Kochi,Kerala,9.83667,76.33615,Medium,2022-08-17,Y
CUST000199,SYNTHETIC CUSTOMER 000199,59,Mass,Homemaker,Bengaluru,Karnataka,13.07947,77.60745,Low,2019-10-13,Y
CUST000200,SYNTHETIC CUSTOMER 000200,72,Mass,Professional,Hyderabad,Telangana,17.44525,78.60432,Low,2019-11-07,Y
CUST000201,SYNTHETIC CUSTOMER 000201,24,SME,Self-employed,Bengaluru,Karnataka,12.86835,77.52104,Low,2020-07-22,Y
CUST000202,SYNTHETIC CUSTOMER 000202,26,Mass,Student,Pune,Maharashtra,18.47998,73.85189,Low,2021-01-04,Y
CUST000203,SYNTHETIC CUSTOMER 000203,72,SME,Salaried,Hyderabad,Telangana,17.27249,78.50635,Low,2021-06-18,Y
CUST000204,SYNTHETIC CUSTOMER 000204,43,Affluent,Salaried,Ahmedabad,Gujarat,22.90504,72.50873,Low,2019-02-13,Y
CUST000205,SYNTHETIC CUSTOMER 000205,76,SME,Professional,Mumbai,Maharashtra,19.04914,72.978,Medium,2025-06-26,Y
CUST000206,SYNTHETIC CUSTOMER 000206,49,Mass,Student,Pune,Maharashtra,18.61332,73.73828,Medium,2024-06-12,Y
CUST000207,SYNTHETIC CUSTOMER 000207,64,Mass,Student,Delhi,Delhi,28.65596,77.20397,Low,2019-05-20,Y
CUST000208,SYNTHETIC CUSTOMER 000208,58,Affluent,Professional,Pune,Maharashtra,18.57309,73.89552,Low,2022-10-29,Y
CUST000209,SYNTHETIC CUSTOMER 000209,34,Affluent,Professional,Bengaluru,Karnataka,13.01614,77.69596,Low,2019-04-26,Y
CUST000210,SYNTHETIC CUSTOMER 000210,48,SME,Salaried,Jaipur,Rajasthan,27.00888,75.79673,Low,2025-12-29,Y
CUST000211,SYNTHETIC CUSTOMER 000211,54,Student,Homemaker,Kochi,Kerala,9.84333,76.26181,Low,2023-05-26,Y
CUST000212,SYNTHETIC CUSTOMER 000212,45,Mass,Professional,Kochi,Kerala,9.95805,76.38533,Low,2021-07-20,Y
CUST000213,SYNTHETIC CUSTOMER 000213,78,Mass,Homemaker,Delhi,Delhi,28.54537,77.18513,Low,2022-03-18,Y
CUST000214,SYNTHETIC CUSTOMER 000214,34,Mass,Salaried,Kochi,Kerala,9.83041,76.15636,Low,2021-09-11,Y
CUST000215,SYNTHETIC CUSTOMER 000215,68,Mass,Salaried,Jaipur,Rajasthan,26.9162,75.7229,Low,2024-02-08,Y
CUST000216,SYNTHETIC CUSTOMER 000216,36,Senior Citizen,Professional,Hyderabad,Telangana,17.39919,78.5066,Low,2022-02-09,Y
CUST000217,SYNTHETIC CUSTOMER 000217,34,Student,Professional,Chennai,Tamil Nadu,13.19455,80.28586,Low,2023-04-12,Y
CUST000218,SYNTHETIC CUSTOMER 000218,62,Affluent,Salaried,Kolkata,West Bengal,22.51218,88.26622,Medium,2018-06-14,Y
CUST000219,SYNTHETIC CUSTOMER 000219,32,Student,Self-employed,Delhi,Delhi,28.55383,77.23746,Low,2024-04-04,Y
CUST000220,SYNTHETIC CUSTOMER 000220,29,Student,Retired,Kochi,Kerala,10.03104,76.21456,High,2023-07-08,Y
CUST000221,SYNTHETIC CUSTOMER 000221,62,Mass,Salaried,Bengaluru,Karnataka,12.92736,77.47662,Low,2018-06-12,Y
CUST000222,SYNTHETIC CUSTOMER 000222,66,Mass,Homemaker,Pune,Maharashtra,18.60544,73.80381,Low,2023-12-28,Y
CUST000223,SYNTHETIC CUSTOMER 000223,51,Senior Citizen,Homemaker,Bengaluru,Karnataka,12.92737,77.59139,Low,2023-03-12,Y
CUST000224,SYNTHETIC CUSTOMER 000224,40,Affluent,Student,Jaipur,Rajasthan,26.8215,75.87547,Low,2019-03-20,Y
CUST000225,SYNTHETIC CUSTOMER 000225,69,Student,Homemaker,Bengaluru,Karnataka,12.95284,77.62155,Medium,2021-06-20,Y
CUST000226,SYNTHETIC CUSTOMER 000226,26,Mass,Salaried,Bengaluru,Karnataka,13.01049,77.7003,Low,2018-02-23,Y
CUST000227,SYNTHETIC CUSTOMER 000227,46,Mass,Student,Delhi,Delhi,28.52541,77.29024,Low,2025-09-07,Y
CUST000228,SYNTHETIC CUSTOMER 000228,58,Mass,Homemaker,Kochi,Kerala,10.02934,76.2629,Low,2023-06-17,Y
CUST000229,SYNTHETIC CUSTOMER 000229,62,Mass,Salaried,Chennai,Tamil Nadu,13.18997,80.2652,Medium,2025-11-26,Y
CUST000230,SYNTHETIC CUSTOMER 000230,59,Mass,Homemaker,Delhi,Delhi,28.58471,77.15212,Low,2021-04-09,Y
CUST000231,SYNTHETIC CUSTOMER 000231,62,Affluent,Student,Ahmedabad,Gujarat,22.94757,72.45605,Low,2025-06-13,Y
CUST000232,SYNTHETIC CUSTOMER 000232,41,Mass,Retired,Kolkata,West Bengal,22.64254,88.32316,Low,2024-05-14,Y
CUST000233,SYNTHETIC CUSTOMER 000233,67,Mass,Homemaker,Mumbai,Maharashtra,19.11584,72.80773,Low,2021-08-23,Y
CUST000234,SYNTHETIC CUSTOMER 000234,31,Student,Homemaker,Kolkata,West Bengal,22.50923,88.3481,High,2025-11-02,Y
CUST000235,SYNTHETIC CUSTOMER 000235,27,Mass,Homemaker,Mumbai,Maharashtra,19.14595,72.7879,Low,2023-05-25,Y
CUST000236,SYNTHETIC CUSTOMER 000236,53,Affluent,Retired,Mumbai,Maharashtra,19.12329,72.80325,Low,2023-11-30,Y
CUST000237,SYNTHETIC CUSTOMER 000237,50,Mass,Homemaker,Kolkata,West Bengal,22.49713,88.24839,Low,2021-12-03,Y
CUST000238,SYNTHETIC CUSTOMER 000238,20,Affluent,Salaried,Hyderabad,Telangana,17.29615,78.57634,Medium,2023-09-28,Y
CUST000239,SYNTHETIC CUSTOMER 000239,41,Student,Salaried,Ahmedabad,Gujarat,23.12768,72.55123,Low,2021-11-13,Y
CUST000240,SYNTHETIC CUSTOMER 000240,67,Mass,Salaried,Jaipur,Rajasthan,26.87831,75.77739,Low,2018-07-19,Y
CUST000241,SYNTHETIC CUSTOMER 000241,72,Affluent,Student,Kolkata,West Bengal,22.636,88.34724,Low,2022-05-19,Y
CUST000242,SYNTHETIC CUSTOMER 000242,31,Mass,Self-employed,Mumbai,Maharashtra,18.96121,72.95497,Medium,2018-04-09,Y
CUST000243,SYNTHETIC CUSTOMER 000243,54,Mass,Retired,Chennai,Tamil Nadu,13.13892,80.32436,Medium,2020-08-05,Y
CUST000244,SYNTHETIC CUSTOMER 000244,65,Student,Self-employed,Hyderabad,Telangana,17.40955,78.36944,Low,2018-12-01,Y
CUST000245,SYNTHETIC CUSTOMER 000245,32,Affluent,Salaried,Kochi,Kerala,9.99993,76.18282,Low,2022-03-28,Y
CUST000246,SYNTHETIC CUSTOMER 000246,53,Affluent,Self-employed,Pune,Maharashtra,18.57696,73.7958,Low,2025-03-15,Y
CUST000247,SYNTHETIC CUSTOMER 000247,57,Mass,Student,Chennai,Tamil Nadu,13.15537,80.30026,Medium,2021-01-24,Y
CUST000248,SYNTHETIC CUSTOMER 000248,37,Mass,Salaried,Mumbai,Maharashtra,18.96146,72.80786,Low,2019-12-22,Y
CUST000249,SYNTHETIC CUSTOMER 000249,59,Mass,Retired,Kochi,Kerala,9.82718,76.30579,Medium,2018-07-28,Y
CUST000250,SYNTHETIC CUSTOMER 000250,23,Student,Professional,Ahmedabad,Gujarat,23.02266,72.56132,Low,2018-01-06,Y
CUST000251,SYNTHETIC CUSTOMER 000251,78,Student,Salaried,Chennai,Tamil Nadu,13.02995,80.18711,Low,2021-08-07,Y
CUST000252,SYNTHETIC CUSTOMER 000252,76,SME,Professional,Chennai,Tamil Nadu,13.20166,80.38489,Low,2024-05-18,Y
CUST000253,SYNTHETIC CUSTOMER 000253,44,SME,Retired,Mumbai,Maharashtra,19.13495,72.95491,Low,2018-11-12,Y
CUST000254,SYNTHETIC CUSTOMER 000254,32,Affluent,Professional,Kochi,Kerala,9.81746,76.16637,Low,2020-08-29,Y
CUST000255,SYNTHETIC CUSTOMER 000255,77,SME,Salaried,Pune,Maharashtra,18.49953,73.91487,Low,2023-09-25,Y
CUST000256,SYNTHETIC CUSTOMER 000256,54,Mass,Homemaker,Kolkata,West Bengal,22.57866,88.45409,Low,2025-07-29,Y
CUST000257,SYNTHETIC CUSTOMER 000257,36,Mass,Retired,Chennai,Tamil Nadu,12.97579,80.27477,Low,2024-05-30,Y
CUST000258,SYNTHETIC CUSTOMER 000258,59,Mass,Homemaker,Hyderabad,Telangana,17.45616,78.53911,Medium,2024-08-14,Y
CUST000259,SYNTHETIC CUSTOMER 000259,21,Mass,Homemaker,Bengaluru,Karnataka,12.92588,77.65907,Low,2021-01-01,Y
CUST000260,SYNTHETIC CUSTOMER 000260,60,Mass,Professional,Ahmedabad,Gujarat,23.00094,72.47046,Low,2019-04-11,Y
CUST000261,SYNTHETIC CUSTOMER 000261,54,Student,Homemaker,Bengaluru,Karnataka,12.92323,77.69549,Medium,2025-06-16,Y
CUST000262,SYNTHETIC CUSTOMER 000262,36,Student,Salaried,Pune,Maharashtra,18.42969,73.94296,Low,2022-04-25,Y
CUST000263,SYNTHETIC CUSTOMER 000263,64,Affluent,Professional,Kochi,Kerala,9.9294,76.19048,Low,2019-03-04,Y
CUST000264,SYNTHETIC CUSTOMER 000264,69,Mass,Professional,Mumbai,Maharashtra,18.95871,72.80598,Low,2022-11-06,Y
CUST000265,SYNTHETIC CUSTOMER 000265,59,Senior Citizen,Salaried,Ahmedabad,Gujarat,22.93979,72.56195,Low,2019-12-26,Y
CUST000266,SYNTHETIC CUSTOMER 000266,58,Mass,Retired,Mumbai,Maharashtra,18.99583,72.90307,Low,2023-11-27,Y
CUST000267,SYNTHETIC CUSTOMER 000267,41,Mass,Salaried,Jaipur,Rajasthan,26.97907,75.8865,Medium,2021-01-11,Y
CUST000268,SYNTHETIC CUSTOMER 000268,73,Mass,Homemaker,Mumbai,Maharashtra,18.95699,72.98146,Low,2018-04-20,Y
CUST000269,SYNTHETIC CUSTOMER 000269,27,SME,Student,Ahmedabad,Gujarat,22.92997,72.68139,Low,2019-09-24,Y
CUST000270,SYNTHETIC CUSTOMER 000270,48,Mass,Salaried,Ahmedabad,Gujarat,22.91461,72.54346,Medium,2025-01-15,Y
CUST000271,SYNTHETIC CUSTOMER 000271,61,Mass,Student,Ahmedabad,Gujarat,23.08646,72.56433,Low,2023-07-01,Y
CUST000272,SYNTHETIC CUSTOMER 000272,54,SME,Professional,Chennai,Tamil Nadu,12.9874,80.34691,Low,2024-10-21,Y
CUST000273,SYNTHETIC CUSTOMER 000273,55,Mass,Homemaker,Hyderabad,Telangana,17.50025,78.50283,Low,2022-03-03,Y
CUST000274,SYNTHETIC CUSTOMER 000274,29,Mass,Retired,Jaipur,Rajasthan,26.88979,75.81088,Low,2018-04-27,Y
CUST000275,SYNTHETIC CUSTOMER 000275,52,SME,Retired,Bengaluru,Karnataka,12.99934,77.58192,Low,2023-09-13,Y
CUST000276,SYNTHETIC CUSTOMER 000276,21,Mass,Professional,Chennai,Tamil Nadu,13.09711,80.38559,Low,2024-10-10,Y
CUST000277,SYNTHETIC CUSTOMER 000277,71,Mass,Student,Jaipur,Rajasthan,26.86163,75.87676,Low,2024-08-06,Y
CUST000278,SYNTHETIC CUSTOMER 000278,29,Mass,Self-employed,Ahmedabad,Gujarat,22.90428,72.57096,Low,2023-05-09,Y
CUST000279,SYNTHETIC CUSTOMER 000279,23,Mass,Professional,Jaipur,Rajasthan,26.94376,75.8266,Low,2018-07-04,Y
CUST000280,SYNTHETIC CUSTOMER 000280,65,Mass,Professional,Bengaluru,Karnataka,13.04001,77.53711,Low,2018-12-13,Y
CUST000281,SYNTHETIC CUSTOMER 000281,56,Mass,Salaried,Chennai,Tamil Nadu,13.10472,80.18697,Low,2020-12-30,Y
CUST000282,SYNTHETIC CUSTOMER 000282,31,SME,Self-employed,Ahmedabad,Gujarat,23.10454,72.46444,Low,2023-01-16,Y
CUST000283,SYNTHETIC CUSTOMER 000283,36,Student,Salaried,Jaipur,Rajasthan,26.90012,75.83014,Medium,2020-01-23,Y
CUST000284,SYNTHETIC CUSTOMER 000284,67,SME,Professional,Delhi,Delhi,28.57488,77.25467,Low,2023-12-28,Y
CUST000285,SYNTHETIC CUSTOMER 000285,23,SME,Salaried,Hyderabad,Telangana,17.29618,78.52423,Medium,2018-09-28,Y
CUST000286,SYNTHETIC CUSTOMER 000286,67,Student,Student,Bengaluru,Karnataka,12.94486,77.71363,Low,2023-02-10,Y
CUST000287,SYNTHETIC CUSTOMER 000287,63,Affluent,Retired,Kochi,Kerala,9.81957,76.1642,Low,2023-03-13,Y
CUST000288,SYNTHETIC CUSTOMER 000288,48,Affluent,Retired,Mumbai,Maharashtra,19.15857,72.94512,Low,2025-03-21,Y
CUST000289,SYNTHETIC CUSTOMER 000289,59,SME,Student,Ahmedabad,Gujarat,23.03557,72.6836,Low,2018-08-06,Y
CUST000290,SYNTHETIC CUSTOMER 000290,59,Mass,Professional,Pune,Maharashtra,18.52855,73.93692,Low,2020-12-19,Y
CUST000291,SYNTHETIC CUSTOMER 000291,59,Mass,Homemaker,Kochi,Kerala,9.85254,76.15929,Low,2022-07-24,Y
CUST000292,SYNTHETIC CUSTOMER 000292,54,Mass,Homemaker,Pune,Maharashtra,18.47758,73.96823,Low,2023-08-13,Y
CUST000293,SYNTHETIC CUSTOMER 000293,57,Mass,Homemaker,Mumbai,Maharashtra,18.99386,72.96881,Low,2025-02-06,Y
CUST000294,SYNTHETIC CUSTOMER 000294,57,Mass,Self-employed,Ahmedabad,Gujarat,23.04561,72.62353,Low,2019-02-22,Y
CUST000295,SYNTHETIC CUSTOMER 000295,72,Student,Homemaker,Hyderabad,Telangana,17.37886,78.40902,High,2018-06-29,Y
CUST000296,SYNTHETIC CUSTOMER 000296,75,Affluent,Salaried,Ahmedabad,Gujarat,23.00926,72.59054,Low,2021-04-22,Y
CUST000297,SYNTHETIC CUSTOMER 000297,48,Student,Salaried,Pune,Maharashtra,18.41344,73.84131,Low,2023-08-01,Y
CUST000298,SYNTHETIC CUSTOMER 000298,47,Mass,Retired,Bengaluru,Karnataka,13.03408,77.52736,Low,2022-09-12,Y
CUST000299,SYNTHETIC CUSTOMER 000299,35,Mass,Retired,Kochi,Kerala,9.91395,76.35672,Low,2023-03-24,Y
CUST000300,SYNTHETIC CUSTOMER 000300,70,Mass,Homemaker,Pune,Maharashtra,18.51927,73.75664,Low,2025-11-13,Y
CUST000301,SYNTHETIC CUSTOMER 000301,55,Student,Homemaker,Ahmedabad,Gujarat,23.01166,72.63664,Low,2018-02-13,Y
CUST000302,SYNTHETIC CUSTOMER 000302,68,Affluent,Self-employed,Kochi,Kerala,9.96011,76.22787,Low,2025-05-23,Y
CUST000303,SYNTHETIC CUSTOMER 000303,33,Mass,Student,Delhi,Delhi,28.64967,77.26597,Low,2019-07-02,Y
CUST000304,SYNTHETIC CUSTOMER 000304,71,Affluent,Professional,Ahmedabad,Gujarat,23.07286,72.61419,Low,2020-01-12,Y
CUST000305,SYNTHETIC CUSTOMER 000305,25,Mass,Student,Hyderabad,Telangana,17.38412,78.5767,Low,2020-03-02,Y
CUST000306,SYNTHETIC CUSTOMER 000306,59,Mass,Student,Kolkata,West Bengal,22.53091,88.38631,Low,2018-03-11,Y
CUST000307,SYNTHETIC CUSTOMER 000307,77,Senior Citizen,Professional,Ahmedabad,Gujarat,23.03098,72.49515,Low,2024-01-15,Y
CUST000308,SYNTHETIC CUSTOMER 000308,53,Mass,Self-employed,Chennai,Tamil Nadu,13.12243,80.38543,Low,2024-05-07,Y
CUST000309,SYNTHETIC CUSTOMER 000309,59,Senior Citizen,Student,Jaipur,Rajasthan,26.90614,75.73686,Low,2019-07-29,Y
CUST000310,SYNTHETIC CUSTOMER 000310,56,Mass,Salaried,Kolkata,West Bengal,22.59262,88.29721,Low,2022-11-21,Y
CUST000311,SYNTHETIC CUSTOMER 000311,72,Mass,Homemaker,Kolkata,West Bengal,22.54527,88.24683,Low,2022-02-20,Y
CUST000312,SYNTHETIC CUSTOMER 000312,66,Mass,Professional,Kolkata,West Bengal,22.45419,88.39721,Low,2022-12-10,Y
CUST000313,SYNTHETIC CUSTOMER 000313,19,SME,Self-employed,Jaipur,Rajasthan,26.82937,75.73934,Medium,2018-10-28,Y
CUST000314,SYNTHETIC CUSTOMER 000314,45,Affluent,Professional,Kolkata,West Bengal,22.60332,88.35815,Medium,2018-03-22,Y
CUST000315,SYNTHETIC CUSTOMER 000315,51,Mass,Student,Kolkata,West Bengal,22.47104,88.29042,Low,2018-12-18,Y
CUST000316,SYNTHETIC CUSTOMER 000316,24,Mass,Self-employed,Ahmedabad,Gujarat,23.02331,72.65098,Low,2019-09-28,Y
CUST000317,SYNTHETIC CUSTOMER 000317,41,Mass,Homemaker,Ahmedabad,Gujarat,23.00857,72.68842,Low,2020-02-21,Y
CUST000318,SYNTHETIC CUSTOMER 000318,45,Mass,Salaried,Bengaluru,Karnataka,13.03977,77.49326,Low,2020-07-29,Y
CUST000319,SYNTHETIC CUSTOMER 000319,72,Mass,Self-employed,Kolkata,West Bengal,22.51917,88.38304,Low,2022-01-21,Y
CUST000320,SYNTHETIC CUSTOMER 000320,28,SME,Student,Delhi,Delhi,28.62281,77.32266,Medium,2024-11-24,Y
CUST000321,SYNTHETIC CUSTOMER 000321,25,Affluent,Retired,Delhi,Delhi,28.56933,77.20082,Medium,2020-03-06,Y
CUST000322,SYNTHETIC CUSTOMER 000322,75,Mass,Salaried,Pune,Maharashtra,18.51456,73.89969,Medium,2023-12-30,Y
CUST000323,SYNTHETIC CUSTOMER 000323,25,Mass,Retired,Kolkata,West Bengal,22.55453,88.36369,Low,2018-01-02,Y
CUST000324,SYNTHETIC CUSTOMER 000324,19,Affluent,Self-employed,Delhi,Delhi,28.50658,77.10537,Low,2018-05-27,Y
CUST000325,SYNTHETIC CUSTOMER 000325,52,Student,Professional,Kolkata,West Bengal,22.63595,88.48167,Low,2024-09-02,Y
CUST000326,SYNTHETIC CUSTOMER 000326,37,Affluent,Self-employed,Bengaluru,Karnataka,12.96859,77.50085,Low,2018-06-09,Y
CUST000327,SYNTHETIC CUSTOMER 000327,57,Affluent,Retired,Ahmedabad,Gujarat,23.08645,72.51967,Low,2025-04-26,Y
CUST000328,SYNTHETIC CUSTOMER 000328,33,Mass,Self-employed,Kolkata,West Bengal,22.5275,88.26429,Low,2018-04-16,Y
CUST000329,SYNTHETIC CUSTOMER 000329,19,Senior Citizen,Student,Jaipur,Rajasthan,26.93352,75.90388,Low,2021-10-08,Y
CUST000330,SYNTHETIC CUSTOMER 000330,71,Affluent,Salaried,Delhi,Delhi,28.54528,77.15264,Medium,2022-09-03,Y
CUST000331,SYNTHETIC CUSTOMER 000331,45,Affluent,Student,Chennai,Tamil Nadu,13.0379,80.25014,Low,2023-03-10,Y
CUST000332,SYNTHETIC CUSTOMER 000332,52,Mass,Homemaker,Ahmedabad,Gujarat,23.10717,72.66904,Medium,2019-08-29,Y
CUST000333,SYNTHETIC CUSTOMER 000333,58,Student,Salaried,Kolkata,West Bengal,22.55159,88.44159,Low,2018-10-05,Y
CUST000334,SYNTHETIC CUSTOMER 000334,45,Affluent,Retired,Ahmedabad,Gujarat,22.91138,72.48965,Low,2024-06-23,Y
CUST000335,SYNTHETIC CUSTOMER 000335,60,Student,Homemaker,Pune,Maharashtra,18.49565,73.93825,Medium,2024-06-06,Y
CUST000336,SYNTHETIC CUSTOMER 000336,27,Senior Citizen,Self-employed,Delhi,Delhi,28.54529,77.15489,Low,2021-06-05,Y
CUST000337,SYNTHETIC CUSTOMER 000337,60,Mass,Homemaker,Kochi,Kerala,9.82432,76.36749,Medium,2018-06-23,Y
CUST000338,SYNTHETIC CUSTOMER 000338,37,Mass,Self-employed,Chennai,Tamil Nadu,13.17636,80.37051,Low,2018-12-04,Y
CUST000339,SYNTHETIC CUSTOMER 000339,44,Affluent,Student,Chennai,Tamil Nadu,13.15792,80.32777,Low,2020-12-03,Y
CUST000340,SYNTHETIC CUSTOMER 000340,33,Mass,Self-employed,Kochi,Kerala,10.04392,76.34665,Low,2024-07-19,Y
CUST000341,SYNTHETIC CUSTOMER 000341,29,Mass,Student,Delhi,Delhi,28.58446,77.28932,Low,2019-08-11,Y
CUST000342,SYNTHETIC CUSTOMER 000342,28,Mass,Student,Chennai,Tamil Nadu,12.99086,80.32316,Medium,2021-02-15,Y
CUST000343,SYNTHETIC CUSTOMER 000343,68,Mass,Retired,Delhi,Delhi,28.56355,77.15183,Low,2019-01-29,Y
CUST000344,SYNTHETIC CUSTOMER 000344,56,SME,Homemaker,Pune,Maharashtra,18.42327,73.7508,Low,2022-04-10,Y
CUST000345,SYNTHETIC CUSTOMER 000345,26,Senior Citizen,Retired,Ahmedabad,Gujarat,23.07296,72.5553,Low,2023-02-01,Y
CUST000346,SYNTHETIC CUSTOMER 000346,58,Affluent,Homemaker,Bengaluru,Karnataka,12.86437,77.51027,Medium,2023-06-06,Y
CUST000347,SYNTHETIC CUSTOMER 000347,25,Student,Self-employed,Hyderabad,Telangana,17.3139,78.43489,Low,2024-02-13,Y
CUST000348,SYNTHETIC CUSTOMER 000348,25,SME,Homemaker,Chennai,Tamil Nadu,13.10438,80.37899,Low,2022-05-18,Y
CUST000349,SYNTHETIC CUSTOMER 000349,65,Mass,Salaried,Chennai,Tamil Nadu,13.19116,80.24223,Low,2021-07-14,Y
CUST000350,SYNTHETIC CUSTOMER 000350,69,Mass,Retired,Bengaluru,Karnataka,13.04512,77.54902,Low,2018-04-29,Y
CUST000351,SYNTHETIC CUSTOMER 000351,29,Student,Professional,Pune,Maharashtra,18.50264,73.74641,Low,2022-03-05,Y
CUST000352,SYNTHETIC CUSTOMER 000352,45,Student,Professional,Chennai,Tamil Nadu,12.97415,80.16907,Low,2025-07-02,Y
CUST000353,SYNTHETIC CUSTOMER 000353,71,Mass,Self-employed,Ahmedabad,Gujarat,22.92249,72.66182,Low,2022-09-01,Y
CUST000354,SYNTHETIC CUSTOMER 000354,24,Mass,Homemaker,Kochi,Kerala,9.8155,76.24208,Low,2025-11-09,Y
CUST000355,SYNTHETIC CUSTOMER 000355,48,Student,Self-employed,Delhi,Delhi,28.64984,77.19359,Low,2018-12-26,Y
CUST000356,SYNTHETIC CUSTOMER 000356,33,Student,Professional,Mumbai,Maharashtra,19.09266,72.95782,Low,2025-06-08,Y
CUST000357,SYNTHETIC CUSTOMER 000357,54,Affluent,Retired,Mumbai,Maharashtra,18.97124,72.97199,Low,2021-04-30,Y
CUST000358,SYNTHETIC CUSTOMER 000358,60,Senior Citizen,Homemaker,Kolkata,West Bengal,22.66456,88.41742,Low,2021-08-18,Y
CUST000359,SYNTHETIC CUSTOMER 000359,68,Affluent,Salaried,Bengaluru,Karnataka,13.0901,77.54748,Low,2023-08-29,Y
CUST000360,SYNTHETIC CUSTOMER 000360,49,Mass,Self-employed,Delhi,Delhi,28.57558,77.17426,Low,2025-06-25,Y
CUST000361,SYNTHETIC CUSTOMER 000361,58,Affluent,Self-employed,Mumbai,Maharashtra,19.00529,72.84449,Low,2022-09-24,Y
CUST000362,SYNTHETIC CUSTOMER 000362,28,Mass,Professional,Ahmedabad,Gujarat,22.99188,72.63256,Low,2021-12-17,Y
CUST000363,SYNTHETIC CUSTOMER 000363,63,Mass,Salaried,Ahmedabad,Gujarat,23.12897,72.47175,Medium,2022-06-23,Y
CUST000364,SYNTHETIC CUSTOMER 000364,76,Senior Citizen,Professional,Chennai,Tamil Nadu,13.05965,80.30523,Low,2019-11-26,Y
CUST000365,SYNTHETIC CUSTOMER 000365,51,Affluent,Student,Hyderabad,Telangana,17.41756,78.37232,Low,2019-12-14,Y
CUST000366,SYNTHETIC CUSTOMER 000366,46,SME,Salaried,Mumbai,Maharashtra,19.13285,72.86646,Low,2023-05-11,Y
CUST000367,SYNTHETIC CUSTOMER 000367,70,Affluent,Self-employed,Kolkata,West Bengal,22.56163,88.27907,Medium,2021-03-26,Y
CUST000368,SYNTHETIC CUSTOMER 000368,63,Affluent,Retired,Bengaluru,Karnataka,13.08393,77.59776,Low,2020-01-27,Y
CUST000369,SYNTHETIC CUSTOMER 000369,20,Mass,Student,Hyderabad,Telangana,17.29326,78.43988,Low,2021-10-22,Y
CUST000370,SYNTHETIC CUSTOMER 000370,18,Student,Retired,Bengaluru,Karnataka,12.93528,77.6835,Low,2021-04-28,Y
CUST000371,SYNTHETIC CUSTOMER 000371,42,SME,Retired,Kochi,Kerala,9.9061,76.27714,Low,2018-06-27,Y
CUST000372,SYNTHETIC CUSTOMER 000372,71,Student,Self-employed,Chennai,Tamil Nadu,13.17574,80.25732,Low,2020-01-09,Y
CUST000373,SYNTHETIC CUSTOMER 000373,52,Mass,Salaried,Chennai,Tamil Nadu,12.99727,80.21203,Low,2024-12-31,Y
CUST000374,SYNTHETIC CUSTOMER 000374,21,Senior Citizen,Salaried,Pune,Maharashtra,18.58091,73.87735,Low,2020-06-23,Y
CUST000375,SYNTHETIC CUSTOMER 000375,61,Affluent,Professional,Chennai,Tamil Nadu,13.14581,80.30707,Low,2024-08-06,Y
CUST000376,SYNTHETIC CUSTOMER 000376,18,Affluent,Self-employed,Chennai,Tamil Nadu,13.18393,80.21629,Low,2023-03-12,Y
CUST000377,SYNTHETIC CUSTOMER 000377,31,Senior Citizen,Retired,Jaipur,Rajasthan,27.02218,75.74369,Low,2018-05-11,Y
CUST000378,SYNTHETIC CUSTOMER 000378,53,SME,Retired,Mumbai,Maharashtra,19.12479,72.94069,Medium,2019-12-21,Y
CUST000379,SYNTHETIC CUSTOMER 000379,65,Mass,Self-employed,Delhi,Delhi,28.56137,77.31014,Low,2021-12-29,Y
CUST000380,SYNTHETIC CUSTOMER 000380,28,Affluent,Retired,Chennai,Tamil Nadu,13.12106,80.28647,Low,2018-05-09,Y
CUST000381,SYNTHETIC CUSTOMER 000381,21,Affluent,Homemaker,Pune,Maharashtra,18.47792,73.93934,Medium,2021-06-11,Y
CUST000382,SYNTHETIC CUSTOMER 000382,30,Mass,Retired,Ahmedabad,Gujarat,23.11372,72.64524,Low,2023-06-23,Y
CUST000383,SYNTHETIC CUSTOMER 000383,24,Student,Self-employed,Kolkata,West Bengal,22.68271,88.4437,Low,2022-04-07,Y
CUST000384,SYNTHETIC CUSTOMER 000384,22,Affluent,Retired,Chennai,Tamil Nadu,12.97609,80.16323,Low,2021-09-23,Y
CUST000385,SYNTHETIC CUSTOMER 000385,56,Mass,Salaried,Delhi,Delhi,28.63619,77.29079,Low,2019-07-31,Y
CUST000386,SYNTHETIC CUSTOMER 000386,50,Mass,Retired,Bengaluru,Karnataka,13.03265,77.54929,High,2019-12-09,Y
CUST000387,SYNTHETIC CUSTOMER 000387,72,Affluent,Professional,Delhi,Delhi,28.57642,77.32336,Low,2018-10-28,Y
CUST000388,SYNTHETIC CUSTOMER 000388,32,Senior Citizen,Homemaker,Delhi,Delhi,28.60587,77.14015,Low,2020-08-12,Y
CUST000389,SYNTHETIC CUSTOMER 000389,30,Mass,Retired,Hyderabad,Telangana,17.48405,78.45308,Low,2025-09-03,Y
CUST000390,SYNTHETIC CUSTOMER 000390,37,Mass,Self-employed,Hyderabad,Telangana,17.35371,78.45606,Low,2024-02-01,Y
CUST000391,SYNTHETIC CUSTOMER 000391,33,Student,Student,Chennai,Tamil Nadu,13.15365,80.36018,Low,2020-04-22,Y
CUST000392,SYNTHETIC CUSTOMER 000392,63,Affluent,Retired,Kolkata,West Bengal,22.5663,88.38338,High,2018-11-07,Y
CUST000393,SYNTHETIC CUSTOMER 000393,34,Affluent,Student,Pune,Maharashtra,18.43264,73.75687,Low,2021-01-08,Y
CUST000394,SYNTHETIC CUSTOMER 000394,59,Mass,Student,Bengaluru,Karnataka,13.06795,77.54528,Low,2020-05-18,Y
CUST000395,SYNTHETIC CUSTOMER 000395,37,SME,Student,Delhi,Delhi,28.67834,77.29191,Low,2023-11-14,Y
CUST000396,SYNTHETIC CUSTOMER 000396,55,Mass,Professional,Delhi,Delhi,28.67573,77.2624,Medium,2020-10-31,Y
CUST000397,SYNTHETIC CUSTOMER 000397,71,Affluent,Homemaker,Mumbai,Maharashtra,19.01012,72.85987,Low,2021-06-25,Y
CUST000398,SYNTHETIC CUSTOMER 000398,73,Senior Citizen,Professional,Kochi,Kerala,9.90272,76.37499,Low,2025-04-17,Y
CUST000399,SYNTHETIC CUSTOMER 000399,30,Affluent,Self-employed,Kochi,Kerala,10.04232,76.21542,Low,2023-05-24,Y
CUST000400,SYNTHETIC CUSTOMER 000400,52,Senior Citizen,Self-employed,Bengaluru,Karnataka,13.02995,77.56796,Low,2023-09-10,Y
CUST000401,SYNTHETIC CUSTOMER 000401,39,Student,Professional,Kochi,Kerala,10.02222,76.25775,Medium,2019-07-19,Y
CUST000402,SYNTHETIC CUSTOMER 000402,29,Mass,Homemaker,Pune,Maharashtra,18.42333,73.90437,Low,2025-07-08,Y
CUST000403,SYNTHETIC CUSTOMER 000403,50,Mass,Self-employed,Ahmedabad,Gujarat,22.90891,72.60473,Low,2018-06-06,Y
CUST000404,SYNTHETIC CUSTOMER 000404,23,Affluent,Salaried,Ahmedabad,Gujarat,22.96065,72.6794,Low,2024-06-07,Y
CUST000405,SYNTHETIC CUSTOMER 000405,29,Mass,Student,Chennai,Tamil Nadu,12.97097,80.31271,Low,2023-08-01,Y
CUST000406,SYNTHETIC CUSTOMER 000406,23,Senior Citizen,Self-employed,Kolkata,West Bengal,22.45931,88.24739,Low,2023-11-07,Y
CUST000407,SYNTHETIC CUSTOMER 000407,57,Affluent,Self-employed,Kolkata,West Bengal,22.58261,88.46924,Low,2024-08-26,Y
CUST000408,SYNTHETIC CUSTOMER 000408,59,Affluent,Student,Hyderabad,Telangana,17.27555,78.57921,Low,2021-05-25,Y
CUST000409,SYNTHETIC CUSTOMER 000409,42,Senior Citizen,Homemaker,Kolkata,West Bengal,22.68597,88.41039,Low,2022-04-13,Y
CUST000410,SYNTHETIC CUSTOMER 000410,50,Affluent,Self-employed,Jaipur,Rajasthan,27.02961,75.72313,Low,2019-02-04,Y
CUST000411,SYNTHETIC CUSTOMER 000411,31,Mass,Retired,Chennai,Tamil Nadu,13.01984,80.32477,Low,2021-01-11,Y
CUST000412,SYNTHETIC CUSTOMER 000412,64,Student,Homemaker,Delhi,Delhi,28.70335,77.21415,Low,2023-12-13,Y
CUST000413,SYNTHETIC CUSTOMER 000413,33,Affluent,Self-employed,Kochi,Kerala,9.9135,76.2594,Low,2024-03-01,Y
CUST000414,SYNTHETIC CUSTOMER 000414,45,Affluent,Homemaker,Pune,Maharashtra,18.5971,73.92715,Medium,2025-10-13,Y
CUST000415,SYNTHETIC CUSTOMER 000415,36,Mass,Retired,Pune,Maharashtra,18.54585,73.75397,Low,2024-06-22,Y
CUST000416,SYNTHETIC CUSTOMER 000416,76,Mass,Salaried,Kochi,Kerala,10.03491,76.18627,Low,2021-02-10,Y
CUST000417,SYNTHETIC CUSTOMER 000417,78,Mass,Retired,Bengaluru,Karnataka,12.91263,77.61912,Low,2018-07-29,Y
CUST000418,SYNTHETIC CUSTOMER 000418,73,SME,Homemaker,Chennai,Tamil Nadu,13.11538,80.33711,Low,2022-02-22,Y
CUST000419,SYNTHETIC CUSTOMER 000419,36,Affluent,Homemaker,Pune,Maharashtra,18.44135,73.82662,Low,2018-02-10,Y
CUST000420,SYNTHETIC CUSTOMER 000420,34,Student,Self-employed,Bengaluru,Karnataka,13.06079,77.58038,High,2019-01-02,Y
CUST000421,SYNTHETIC CUSTOMER 000421,66,Mass,Student,Hyderabad,Telangana,17.42468,78.55611,High,2025-07-15,Y
CUST000422,SYNTHETIC CUSTOMER 000422,40,Mass,Salaried,Pune,Maharashtra,18.5939,73.73744,Medium,2018-03-05,Y
CUST000423,SYNTHETIC CUSTOMER 000423,73,Mass,Student,Kolkata,West Bengal,22.64641,88.32203,Low,2021-01-09,Y
CUST000424,SYNTHETIC CUSTOMER 000424,50,Student,Homemaker,Kochi,Kerala,9.9307,76.1682,Low,2018-06-17,Y
CUST000425,SYNTHETIC CUSTOMER 000425,28,Senior Citizen,Salaried,Pune,Maharashtra,18.47876,73.82874,Medium,2022-11-11,Y
CUST000426,SYNTHETIC CUSTOMER 000426,65,Mass,Homemaker,Kolkata,West Bengal,22.5442,88.398,Low,2019-09-15,Y
CUST000427,SYNTHETIC CUSTOMER 000427,78,Senior Citizen,Homemaker,Kochi,Kerala,9.89946,76.3521,Low,2021-09-28,Y
CUST000428,SYNTHETIC CUSTOMER 000428,38,Mass,Retired,Pune,Maharashtra,18.62669,73.93763,Low,2020-05-26,Y
CUST000429,SYNTHETIC CUSTOMER 000429,21,SME,Retired,Chennai,Tamil Nadu,13.04265,80.34939,High,2023-08-24,Y
CUST000430,SYNTHETIC CUSTOMER 000430,43,Senior Citizen,Retired,Ahmedabad,Gujarat,23.07692,72.51917,Low,2023-10-26,Y
CUST000431,SYNTHETIC CUSTOMER 000431,30,Mass,Homemaker,Bengaluru,Karnataka,12.85379,77.64883,Low,2019-07-21,Y
CUST000432,SYNTHETIC CUSTOMER 000432,64,Senior Citizen,Homemaker,Pune,Maharashtra,18.40856,73.79451,Low,2020-07-11,Y
CUST000433,SYNTHETIC CUSTOMER 000433,76,Affluent,Homemaker,Hyderabad,Telangana,17.27053,78.50422,Low,2019-08-02,Y
CUST000434,SYNTHETIC CUSTOMER 000434,68,Mass,Professional,Mumbai,Maharashtra,19.07326,72.88224,Medium,2019-06-13,Y
CUST000435,SYNTHETIC CUSTOMER 000435,23,Mass,Salaried,Jaipur,Rajasthan,26.91388,75.75455,High,2019-11-26,Y
CUST000436,SYNTHETIC CUSTOMER 000436,31,Affluent,Professional,Kolkata,West Bengal,22.61163,88.25464,Low,2025-08-05,Y
CUST000437,SYNTHETIC CUSTOMER 000437,34,Mass,Professional,Kochi,Kerala,9.96714,76.1865,Low,2020-11-21,Y
CUST000438,SYNTHETIC CUSTOMER 000438,70,Affluent,Homemaker,Kolkata,West Bengal,22.49197,88.44108,Low,2022-06-17,Y
CUST000439,SYNTHETIC CUSTOMER 000439,76,Affluent,Student,Kolkata,West Bengal,22.51818,88.45243,Low,2023-06-23,Y
CUST000440,SYNTHETIC CUSTOMER 000440,62,Mass,Student,Ahmedabad,Gujarat,22.97018,72.51645,Low,2024-11-23,Y
CUST000441,SYNTHETIC CUSTOMER 000441,65,Mass,Professional,Bengaluru,Karnataka,13.07203,77.62801,Low,2021-11-08,Y
CUST000442,SYNTHETIC CUSTOMER 000442,67,Senior Citizen,Retired,Hyderabad,Telangana,17.28663,78.38577,Low,2023-04-25,Y
CUST000443,SYNTHETIC CUSTOMER 000443,52,SME,Homemaker,Mumbai,Maharashtra,19.01461,72.93506,Low,2020-01-31,Y
CUST000444,SYNTHETIC CUSTOMER 000444,49,Senior Citizen,Retired,Kolkata,West Bengal,22.54219,88.27108,Low,2018-05-23,Y
CUST000445,SYNTHETIC CUSTOMER 000445,77,Student,Salaried,Jaipur,Rajasthan,26.94066,75.78448,Low,2022-01-06,Y
CUST000446,SYNTHETIC CUSTOMER 000446,51,Affluent,Salaried,Pune,Maharashtra,18.43729,73.76642,Low,2020-07-16,Y
CUST000447,SYNTHETIC CUSTOMER 000447,20,Mass,Student,Delhi,Delhi,28.59495,77.16849,Low,2025-08-26,Y
CUST000448,SYNTHETIC CUSTOMER 000448,26,Senior Citizen,Salaried,Hyderabad,Telangana,17.385,78.55087,Low,2023-05-10,Y
CUST000449,SYNTHETIC CUSTOMER 000449,62,SME,Student,Chennai,Tamil Nadu,13.15965,80.19832,Low,2018-01-31,Y
CUST000450,SYNTHETIC CUSTOMER 000450,77,Mass,Self-employed,Mumbai,Maharashtra,18.96024,72.80561,Low,2025-06-08,Y
CUST000451,SYNTHETIC CUSTOMER 000451,63,Mass,Student,Kolkata,West Bengal,22.52936,88.25531,Low,2025-07-19,Y
CUST000452,SYNTHETIC CUSTOMER 000452,39,SME,Self-employed,Jaipur,Rajasthan,26.98681,75.8456,Low,2019-05-27,Y
CUST000453,SYNTHETIC CUSTOMER 000453,70,Senior Citizen,Homemaker,Kochi,Kerala,9.98032,76.36942,Low,2025-03-02,Y
CUST000454,SYNTHETIC CUSTOMER 000454,46,Senior Citizen,Student,Jaipur,Rajasthan,26.82058,75.77197,Low,2020-08-04,Y
CUST000455,SYNTHETIC CUSTOMER 000455,73,Affluent,Professional,Pune,Maharashtra,18.4184,73.84176,Low,2020-04-17,Y
CUST000456,SYNTHETIC CUSTOMER 000456,47,Student,Professional,Mumbai,Maharashtra,19.12894,72.81982,Low,2023-07-15,Y
CUST000457,SYNTHETIC CUSTOMER 000457,59,Mass,Salaried,Bengaluru,Karnataka,13.08909,77.52499,High,2024-09-14,Y
CUST000458,SYNTHETIC CUSTOMER 000458,24,Affluent,Professional,Jaipur,Rajasthan,26.95755,75.89426,Low,2023-02-13,Y
CUST000459,SYNTHETIC CUSTOMER 000459,49,Senior Citizen,Salaried,Bengaluru,Karnataka,12.89601,77.68156,Low,2023-11-21,Y
CUST000460,SYNTHETIC CUSTOMER 000460,22,Mass,Self-employed,Kochi,Kerala,9.92041,76.30213,Low,2021-06-29,Y
CUST000461,SYNTHETIC CUSTOMER 000461,56,Mass,Homemaker,Hyderabad,Telangana,17.49693,78.59653,Low,2024-10-24,Y
CUST000462,SYNTHETIC CUSTOMER 000462,35,Mass,Homemaker,Delhi,Delhi,28.52344,77.28698,Low,2024-11-07,Y
CUST000463,SYNTHETIC CUSTOMER 000463,32,Mass,Student,Bengaluru,Karnataka,13.01586,77.63942,Medium,2017-12-27,Y
CUST000464,SYNTHETIC CUSTOMER 000464,51,Mass,Retired,Kochi,Kerala,9.85473,76.24936,Low,2018-07-10,Y
CUST000465,SYNTHETIC CUSTOMER 000465,68,Mass,Homemaker,Bengaluru,Karnataka,12.96642,77.49076,Medium,2019-07-12,Y
CUST000466,SYNTHETIC CUSTOMER 000466,76,Mass,Homemaker,Kolkata,West Bengal,22.55308,88.3632,Low,2020-01-08,Y
CUST000467,SYNTHETIC CUSTOMER 000467,76,Mass,Self-employed,Jaipur,Rajasthan,27.01113,75.75391,Low,2024-06-11,Y
CUST000468,SYNTHETIC CUSTOMER 000468,62,Mass,Salaried,Bengaluru,Karnataka,12.9408,77.64294,High,2018-07-29,Y
CUST000469,SYNTHETIC CUSTOMER 000469,65,Mass,Self-employed,Bengaluru,Karnataka,13.0793,77.58744,Low,2017-11-26,Y
CUST000470,SYNTHETIC CUSTOMER 000470,61,Mass,Retired,Bengaluru,Karnataka,12.96063,77.64534,Medium,2023-02-11,Y
CUST000471,SYNTHETIC CUSTOMER 000471,32,Mass,Salaried,Delhi,Delhi,28.6913,77.32324,Low,2019-03-22,Y
CUST000472,SYNTHETIC CUSTOMER 000472,28,Mass,Student,Kolkata,West Bengal,22.46828,88.38721,Low,2022-07-16,Y
CUST000473,SYNTHETIC CUSTOMER 000473,30,Senior Citizen,Professional,Chennai,Tamil Nadu,13.05645,80.2361,Low,2024-07-21,Y
CUST000474,SYNTHETIC CUSTOMER 000474,36,Student,Salaried,Kochi,Kerala,9.97497,76.1662,Low,2018-12-27,Y
CUST000475,SYNTHETIC CUSTOMER 000475,54,Mass,Self-employed,Kochi,Kerala,9.93061,76.34043,Low,2024-05-28,Y
CUST000476,SYNTHETIC CUSTOMER 000476,67,Mass,Homemaker,Hyderabad,Telangana,17.50167,78.60154,Low,2021-01-18,Y
CUST000477,SYNTHETIC CUSTOMER 000477,46,SME,Professional,Hyderabad,Telangana,17.47513,78.53051,Low,2019-01-17,Y
CUST000478,SYNTHETIC CUSTOMER 000478,59,Mass,Retired,Hyderabad,Telangana,17.46139,78.39289,Low,2023-12-26,Y
CUST000479,SYNTHETIC CUSTOMER 000479,58,Senior Citizen,Self-employed,Bengaluru,Karnataka,12.98797,77.71167,Low,2021-09-28,Y
CUST000480,SYNTHETIC CUSTOMER 000480,46,Mass,Homemaker,Pune,Maharashtra,18.52635,73.89741,Medium,2023-02-05,Y
CUST000481,SYNTHETIC CUSTOMER 000481,53,Mass,Salaried,Kochi,Kerala,9.95451,76.16597,Medium,2018-07-08,Y
CUST000482,SYNTHETIC CUSTOMER 000482,55,Affluent,Homemaker,Bengaluru,Karnataka,12.90407,77.70957,Low,2021-04-17,Y
CUST000483,SYNTHETIC CUSTOMER 000483,50,Mass,Student,Kolkata,West Bengal,22.48254,88.36369,Medium,2020-11-22,Y
CUST000484,SYNTHETIC CUSTOMER 000484,52,Affluent,Self-employed,Bengaluru,Karnataka,12.92001,77.63291,Low,2018-05-18,Y
CUST000485,SYNTHETIC CUSTOMER 000485,77,SME,Professional,Ahmedabad,Gujarat,23.05455,72.57221,Low,2025-08-22,Y
CUST000486,SYNTHETIC CUSTOMER 000486,44,Senior Citizen,Retired,Kolkata,West Bengal,22.60737,88.43221,Medium,2021-07-26,Y
CUST000487,SYNTHETIC CUSTOMER 000487,70,Student,Professional,Bengaluru,Karnataka,12.92779,77.5155,Low,2019-08-04,Y
CUST000488,SYNTHETIC CUSTOMER 000488,63,Mass,Salaried,Bengaluru,Karnataka,12.97262,77.62615,Medium,2021-08-11,Y
CUST000489,SYNTHETIC CUSTOMER 000489,63,Mass,Professional,Kochi,Kerala,10.04458,76.28453,Low,2025-09-21,Y
CUST000490,SYNTHETIC CUSTOMER 000490,21,SME,Homemaker,Pune,Maharashtra,18.62479,73.88729,Low,2018-11-06,Y
CUST000491,SYNTHETIC CUSTOMER 000491,22,Affluent,Homemaker,Hyderabad,Telangana,17.36578,78.58023,Low,2018-11-25,Y
CUST000492,SYNTHETIC CUSTOMER 000492,19,Affluent,Professional,Delhi,Delhi,28.67653,77.14091,Low,2021-11-30,Y
CUST000493,SYNTHETIC CUSTOMER 000493,77,Mass,Retired,Ahmedabad,Gujarat,22.94401,72.61629,Low,2017-12-17,Y
CUST000494,SYNTHETIC CUSTOMER 000494,45,Mass,Retired,Kochi,Kerala,9.8959,76.36279,Low,2025-04-14,Y
CUST000495,SYNTHETIC CUSTOMER 000495,33,Student,Student,Pune,Maharashtra,18.55807,73.82597,Low,2022-06-25,Y
CUST000496,SYNTHETIC CUSTOMER 000496,78,Mass,Professional,Jaipur,Rajasthan,26.99878,75.68526,Medium,2018-10-04,Y
CUST000497,SYNTHETIC CUSTOMER 000497,28,Mass,Retired,Pune,Maharashtra,18.54228,73.79344,Low,2025-10-07,Y
CUST000498,SYNTHETIC CUSTOMER 000498,71,Mass,Salaried,Mumbai,Maharashtra,19.12958,72.82362,Medium,2022-02-16,Y
CUST000499,SYNTHETIC CUSTOMER 000499,24,Student,Self-employed,Mumbai,Maharashtra,19.16273,72.93152,High,2023-06-20,Y
CUST000500,SYNTHETIC CUSTOMER 000500,34,Senior Citizen,Salaried,Mumbai,Maharashtra,19.10306,72.9527,Low,2022-12-24,Y
CUST000501,SYNTHETIC CUSTOMER 000501,32,SME,Retired,Kolkata,West Bengal,22.63649,88.41463,Low,2022-01-18,Y
CUST000502,SYNTHETIC CUSTOMER 000502,70,Mass,Self-employed,Ahmedabad,Gujarat,23.02913,72.65743,Low,2022-07-05,Y
CUST000503,SYNTHETIC CUSTOMER 000503,61,Mass,Self-employed,Hyderabad,Telangana,17.47376,78.52231,Low,2024-05-09,Y
CUST000504,SYNTHETIC CUSTOMER 000504,50,Mass,Retired,Pune,Maharashtra,18.4805,73.84262,Low,2021-11-10,Y
CUST000505,SYNTHETIC CUSTOMER 000505,24,Affluent,Retired,Kochi,Kerala,9.96632,76.37745,Low,2023-07-18,Y
CUST000506,SYNTHETIC CUSTOMER 000506,63,Mass,Student,Delhi,Delhi,28.67003,77.11162,Low,2020-05-12,Y
CUST000507,SYNTHETIC CUSTOMER 000507,48,Senior Citizen,Homemaker,Bengaluru,Karnataka,12.8566,77.70845,Low,2025-02-21,Y
CUST000508,SYNTHETIC CUSTOMER 000508,54,Mass,Salaried,Hyderabad,Telangana,17.33476,78.42149,Low,2020-05-13,Y
CUST000509,SYNTHETIC CUSTOMER 000509,63,Student,Student,Mumbai,Maharashtra,19.08028,72.91704,Low,2019-04-29,Y
CUST000510,SYNTHETIC CUSTOMER 000510,45,Affluent,Homemaker,Delhi,Delhi,28.67255,77.13552,Low,2021-10-08,Y
CUST000511,SYNTHETIC CUSTOMER 000511,62,Mass,Professional,Delhi,Delhi,28.64087,77.19303,Low,2020-11-26,Y
CUST000512,SYNTHETIC CUSTOMER 000512,28,Affluent,Homemaker,Chennai,Tamil Nadu,13.03188,80.34265,Low,2025-10-31,Y
CUST000513,SYNTHETIC CUSTOMER 000513,60,Student,Professional,Kolkata,West Bengal,22.58718,88.47278,High,2018-01-03,Y
CUST000514,SYNTHETIC CUSTOMER 000514,54,Affluent,Self-employed,Chennai,Tamil Nadu,13.17292,80.34375,Low,2024-06-11,Y
CUST000515,SYNTHETIC CUSTOMER 000515,24,Mass,Retired,Bengaluru,Karnataka,12.95766,77.54978,Low,2018-04-28,Y
CUST000516,SYNTHETIC CUSTOMER 000516,68,Affluent,Student,Bengaluru,Karnataka,12.97453,77.50515,Low,2019-11-30,Y
CUST000517,SYNTHETIC CUSTOMER 000517,54,Mass,Student,Kochi,Kerala,9.89071,76.16191,Low,2019-06-14,Y
CUST000518,SYNTHETIC CUSTOMER 000518,27,Mass,Salaried,Delhi,Delhi,28.52295,77.11225,Low,2023-09-19,Y
CUST000519,SYNTHETIC CUSTOMER 000519,25,Student,Professional,Ahmedabad,Gujarat,23.05519,72.49575,Low,2018-08-20,Y
CUST000520,SYNTHETIC CUSTOMER 000520,47,SME,Salaried,Pune,Maharashtra,18.50236,73.74341,Low,2020-11-17,Y
CUST000521,SYNTHETIC CUSTOMER 000521,31,Student,Professional,Jaipur,Rajasthan,26.96189,75.76105,Low,2025-04-20,Y
CUST000522,SYNTHETIC CUSTOMER 000522,67,Affluent,Professional,Bengaluru,Karnataka,12.91381,77.64206,Low,2019-05-28,Y
CUST000523,SYNTHETIC CUSTOMER 000523,48,Affluent,Homemaker,Hyderabad,Telangana,17.32057,78.55192,Low,2023-05-09,Y
CUST000524,SYNTHETIC CUSTOMER 000524,42,Mass,Retired,Kolkata,West Bengal,22.60557,88.37745,Low,2023-10-24,Y
CUST000525,SYNTHETIC CUSTOMER 000525,29,Student,Student,Jaipur,Rajasthan,27.02226,75.84209,Low,2020-01-31,Y
CUST000526,SYNTHETIC CUSTOMER 000526,37,Mass,Professional,Kochi,Kerala,9.93089,76.15965,Low,2019-12-11,Y
CUST000527,SYNTHETIC CUSTOMER 000527,77,Affluent,Professional,Jaipur,Rajasthan,26.86734,75.81577,Low,2019-11-19,Y
CUST000528,SYNTHETIC CUSTOMER 000528,76,Senior Citizen,Homemaker,Kolkata,West Bengal,22.50915,88.2614,Medium,2019-09-07,Y
CUST000529,SYNTHETIC CUSTOMER 000529,48,Affluent,Retired,Delhi,Delhi,28.69786,77.32215,Low,2025-10-07,Y
CUST000530,SYNTHETIC CUSTOMER 000530,75,Mass,Salaried,Bengaluru,Karnataka,13.06845,77.55903,Low,2022-02-27,Y
CUST000531,SYNTHETIC CUSTOMER 000531,56,Mass,Student,Chennai,Tamil Nadu,13.02132,80.22088,Low,2019-03-18,Y
CUST000532,SYNTHETIC CUSTOMER 000532,67,SME,Student,Ahmedabad,Gujarat,23.11105,72.51001,Low,2023-01-03,Y
CUST000533,SYNTHETIC CUSTOMER 000533,64,Mass,Student,Jaipur,Rajasthan,26.82647,75.902,Medium,2018-03-05,Y
CUST000534,SYNTHETIC CUSTOMER 000534,42,Affluent,Retired,Pune,Maharashtra,18.45427,73.82774,Low,2018-08-09,Y
CUST000535,SYNTHETIC CUSTOMER 000535,42,Student,Professional,Mumbai,Maharashtra,19.17979,72.82668,High,2020-01-04,Y
CUST000536,SYNTHETIC CUSTOMER 000536,43,Mass,Professional,Jaipur,Rajasthan,26.85822,75.7318,Low,2023-03-13,Y
CUST000537,SYNTHETIC CUSTOMER 000537,48,Mass,Student,Ahmedabad,Gujarat,23.03609,72.54947,Low,2019-07-05,Y
CUST000538,SYNTHETIC CUSTOMER 000538,29,Mass,Homemaker,Ahmedabad,Gujarat,23.05081,72.4633,Low,2024-09-21,Y
CUST000539,SYNTHETIC CUSTOMER 000539,61,Senior Citizen,Salaried,Chennai,Tamil Nadu,13.16656,80.28041,Medium,2025-07-03,Y
CUST000540,SYNTHETIC CUSTOMER 000540,44,Student,Homemaker,Kolkata,West Bengal,22.55495,88.31184,Low,2025-09-23,Y
CUST000541,SYNTHETIC CUSTOMER 000541,69,Mass,Self-employed,Mumbai,Maharashtra,19.12778,72.93579,Low,2019-06-27,Y
CUST000542,SYNTHETIC CUSTOMER 000542,69,Student,Professional,Hyderabad,Telangana,17.37836,78.49257,Low,2021-01-22,Y
CUST000543,SYNTHETIC CUSTOMER 000543,53,Mass,Student,Pune,Maharashtra,18.61991,73.8935,Low,2019-03-22,Y
CUST000544,SYNTHETIC CUSTOMER 000544,44,Mass,Retired,Kolkata,West Bengal,22.48822,88.36251,Low,2023-10-14,Y
CUST000545,SYNTHETIC CUSTOMER 000545,53,Mass,Homemaker,Kolkata,West Bengal,22.52301,88.32473,Low,2022-03-26,Y
CUST000546,SYNTHETIC CUSTOMER 000546,67,SME,Homemaker,Bengaluru,Karnataka,13.04843,77.59685,Low,2024-04-19,Y
CUST000547,SYNTHETIC CUSTOMER 000547,75,Mass,Professional,Kolkata,West Bengal,22.57457,88.46663,Low,2022-10-22,Y
CUST000548,SYNTHETIC CUSTOMER 000548,32,Mass,Retired,Chennai,Tamil Nadu,13.03193,80.37095,Medium,2019-03-18,Y
CUST000549,SYNTHETIC CUSTOMER 000549,41,Student,Salaried,Ahmedabad,Gujarat,23.12853,72.58848,Low,2021-01-06,Y
CUST000550,SYNTHETIC CUSTOMER 000550,64,SME,Self-employed,Hyderabad,Telangana,17.30261,78.44718,Low,2020-12-02,Y
CUST000551,SYNTHETIC CUSTOMER 000551,18,Senior Citizen,Homemaker,Mumbai,Maharashtra,19.09672,72.96701,Low,2023-07-16,Y
CUST000552,SYNTHETIC CUSTOMER 000552,49,Mass,Salaried,Delhi,Delhi,28.54395,77.13175,Low,2021-04-26,Y
CUST000553,SYNTHETIC CUSTOMER 000553,25,Mass,Self-employed,Ahmedabad,Gujarat,23.11774,72.63474,High,2021-04-20,Y
CUST000554,SYNTHETIC CUSTOMER 000554,19,Mass,Self-employed,Kochi,Kerala,9.933,76.36085,Low,2021-06-02,Y
CUST000555,SYNTHETIC CUSTOMER 000555,74,Mass,Professional,Ahmedabad,Gujarat,22.95199,72.60147,Low,2019-02-16,Y
CUST000556,SYNTHETIC CUSTOMER 000556,71,Mass,Self-employed,Jaipur,Rajasthan,26.99873,75.72234,Low,2024-03-12,Y
CUST000557,SYNTHETIC CUSTOMER 000557,19,Mass,Student,Mumbai,Maharashtra,19.14138,72.81705,Low,2022-12-14,Y
CUST000558,SYNTHETIC CUSTOMER 000558,56,SME,Professional,Mumbai,Maharashtra,18.97893,72.89887,Medium,2021-08-14,Y
CUST000559,SYNTHETIC CUSTOMER 000559,54,Mass,Homemaker,Hyderabad,Telangana,17.3349,78.38903,Low,2021-06-13,Y
CUST000560,SYNTHETIC CUSTOMER 000560,43,Affluent,Salaried,Delhi,Delhi,28.6012,77.20343,Medium,2024-10-13,Y
CUST000561,SYNTHETIC CUSTOMER 000561,57,Mass,Retired,Delhi,Delhi,28.61952,77.29052,Medium,2023-05-26,Y
CUST000562,SYNTHETIC CUSTOMER 000562,49,Student,Professional,Jaipur,Rajasthan,26.94888,75.74454,Low,2018-01-21,Y
CUST000563,SYNTHETIC CUSTOMER 000563,30,SME,Self-employed,Jaipur,Rajasthan,27.02566,75.67667,Low,2021-04-01,Y
CUST000564,SYNTHETIC CUSTOMER 000564,54,Affluent,Student,Kolkata,West Bengal,22.48656,88.36948,Low,2023-09-18,Y
CUST000565,SYNTHETIC CUSTOMER 000565,48,Mass,Self-employed,Kolkata,West Bengal,22.68707,88.31874,Low,2023-11-26,Y
CUST000566,SYNTHETIC CUSTOMER 000566,36,Senior Citizen,Student,Mumbai,Maharashtra,19.16434,72.89797,Medium,2022-07-30,Y
CUST000567,SYNTHETIC CUSTOMER 000567,26,Mass,Salaried,Bengaluru,Karnataka,12.99256,77.65845,Medium,2022-04-21,Y
CUST000568,SYNTHETIC CUSTOMER 000568,48,Mass,Self-employed,Kochi,Kerala,9.8888,76.36233,Medium,2025-06-03,Y
CUST000569,SYNTHETIC CUSTOMER 000569,71,Affluent,Professional,Kolkata,West Bengal,22.49247,88.396,Low,2022-11-22,Y
CUST000570,SYNTHETIC CUSTOMER 000570,42,Affluent,Self-employed,Kochi,Kerala,10.03517,76.38621,Low,2023-10-23,Y
CUST000571,SYNTHETIC CUSTOMER 000571,63,Mass,Homemaker,Ahmedabad,Gujarat,23.05256,72.68447,Low,2025-08-31,Y
CUST000572,SYNTHETIC CUSTOMER 000572,23,Student,Self-employed,Bengaluru,Karnataka,13.05459,77.48805,Low,2018-11-09,Y
CUST000573,SYNTHETIC CUSTOMER 000573,64,Senior Citizen,Professional,Bengaluru,Karnataka,12.97552,77.70033,Medium,2021-06-26,Y
CUST000574,SYNTHETIC CUSTOMER 000574,65,Mass,Homemaker,Jaipur,Rajasthan,27.01826,75.74198,Medium,2019-09-20,Y
CUST000575,SYNTHETIC CUSTOMER 000575,58,Mass,Professional,Hyderabad,Telangana,17.44901,78.556,High,2023-07-27,Y
CUST000576,SYNTHETIC CUSTOMER 000576,54,Mass,Self-employed,Chennai,Tamil Nadu,13.01693,80.19588,Low,2023-10-09,Y
CUST000577,SYNTHETIC CUSTOMER 000577,54,Mass,Professional,Kochi,Kerala,9.97972,76.23056,Low,2018-05-11,Y
CUST000578,SYNTHETIC CUSTOMER 000578,60,Senior Citizen,Professional,Mumbai,Maharashtra,19.07005,72.86984,Low,2022-05-21,Y
CUST000579,SYNTHETIC CUSTOMER 000579,52,Mass,Retired,Kolkata,West Bengal,22.45782,88.43811,Low,2020-11-20,Y
CUST000580,SYNTHETIC CUSTOMER 000580,67,Mass,Retired,Jaipur,Rajasthan,26.931,75.80964,Low,2024-03-02,Y
CUST000581,SYNTHETIC CUSTOMER 000581,69,Student,Self-employed,Chennai,Tamil Nadu,13.05774,80.26124,Low,2018-08-15,Y
CUST000582,SYNTHETIC CUSTOMER 000582,48,Mass,Salaried,Ahmedabad,Gujarat,22.99707,72.5024,Low,2020-09-16,Y
CUST000583,SYNTHETIC CUSTOMER 000583,65,Mass,Homemaker,Hyderabad,Telangana,17.27146,78.57924,High,2024-01-04,Y
CUST000584,SYNTHETIC CUSTOMER 000584,23,Mass,Retired,Mumbai,Maharashtra,19.11297,72.85987,Low,2022-10-23,Y
CUST000585,SYNTHETIC CUSTOMER 000585,24,Mass,Homemaker,Hyderabad,Telangana,17.36207,78.56036,Low,2024-03-15,Y
CUST000586,SYNTHETIC CUSTOMER 000586,63,Affluent,Retired,Ahmedabad,Gujarat,23.03091,72.53897,Low,2024-01-01,Y
CUST000587,SYNTHETIC CUSTOMER 000587,25,Mass,Salaried,Mumbai,Maharashtra,19.06646,72.76972,Medium,2019-04-15,Y
CUST000588,SYNTHETIC CUSTOMER 000588,64,Affluent,Student,Mumbai,Maharashtra,19.13328,72.81737,Low,2025-01-23,Y
CUST000589,SYNTHETIC CUSTOMER 000589,27,Mass,Salaried,Hyderabad,Telangana,17.43871,78.56169,Low,2024-11-14,Y
CUST000590,SYNTHETIC CUSTOMER 000590,62,Affluent,Self-employed,Kochi,Kerala,9.90102,76.2608,Medium,2021-02-08,Y
CUST000591,SYNTHETIC CUSTOMER 000591,56,Mass,Retired,Bengaluru,Karnataka,13.00397,77.49792,Medium,2023-06-27,Y
CUST000592,SYNTHETIC CUSTOMER 000592,27,Mass,Retired,Kolkata,West Bengal,22.63082,88.29445,Low,2018-03-08,Y
CUST000593,SYNTHETIC CUSTOMER 000593,55,Mass,Professional,Ahmedabad,Gujarat,22.98689,72.55497,Low,2025-09-29,Y
CUST000594,SYNTHETIC CUSTOMER 000594,54,Mass,Salaried,Pune,Maharashtra,18.60797,73.92075,Low,2021-07-05,Y
CUST000595,SYNTHETIC CUSTOMER 000595,36,Affluent,Retired,Pune,Maharashtra,18.50827,73.95844,Medium,2024-01-06,Y
CUST000596,SYNTHETIC CUSTOMER 000596,56,Affluent,Salaried,Kochi,Kerala,9.90931,76.15278,Low,2019-03-03,Y
CUST000597,SYNTHETIC CUSTOMER 000597,31,Mass,Salaried,Bengaluru,Karnataka,12.96181,77.63868,Low,2021-01-11,Y
CUST000598,SYNTHETIC CUSTOMER 000598,74,Student,Student,Hyderabad,Telangana,17.29404,78.55308,Low,2018-10-01,Y
CUST000599,SYNTHETIC CUSTOMER 000599,64,SME,Salaried,Kochi,Kerala,9.91029,76.22886,Low,2023-04-13,Y
CUST000600,SYNTHETIC CUSTOMER 000600,62,Mass,Retired,Ahmedabad,Gujarat,22.96857,72.45998,Low,2024-06-08,Y
CUST000601,SYNTHETIC CUSTOMER 000601,26,Mass,Homemaker,Chennai,Tamil Nadu,13.03286,80.24291,Low,2018-11-12,Y
CUST000602,SYNTHETIC CUSTOMER 000602,59,Mass,Retired,Kolkata,West Bengal,22.57866,88.28599,Low,2021-09-30,Y
CUST000603,SYNTHETIC CUSTOMER 000603,43,Mass,Salaried,Delhi,Delhi,28.72239,77.21078,Low,2022-12-18,Y
CUST000604,SYNTHETIC CUSTOMER 000604,65,Affluent,Salaried,Chennai,Tamil Nadu,13.16207,80.16598,Low,2024-07-09,Y
CUST000605,SYNTHETIC CUSTOMER 000605,37,Mass,Retired,Kochi,Kerala,9.95081,76.35397,Low,2024-10-03,Y
CUST000606,SYNTHETIC CUSTOMER 000606,34,Senior Citizen,Student,Chennai,Tamil Nadu,13.02247,80.21677,Medium,2019-09-18,Y
CUST000607,SYNTHETIC CUSTOMER 000607,39,Mass,Retired,Chennai,Tamil Nadu,13.09196,80.19454,Low,2024-10-14,Y
CUST000608,SYNTHETIC CUSTOMER 000608,67,Mass,Self-employed,Bengaluru,Karnataka,12.89283,77.51251,Low,2018-07-30,Y
CUST000609,SYNTHETIC CUSTOMER 000609,66,Mass,Retired,Chennai,Tamil Nadu,13.14563,80.24768,Low,2021-06-03,Y
CUST000610,SYNTHETIC CUSTOMER 000610,38,Mass,Retired,Kolkata,West Bengal,22.62996,88.43529,Low,2019-01-30,Y
CUST000611,SYNTHETIC CUSTOMER 000611,42,Senior Citizen,Professional,Chennai,Tamil Nadu,12.97617,80.23295,Low,2019-12-22,Y
CUST000612,SYNTHETIC CUSTOMER 000612,54,Mass,Student,Hyderabad,Telangana,17.42357,78.5003,Low,2022-09-27,Y
CUST000613,SYNTHETIC CUSTOMER 000613,61,Mass,Self-employed,Ahmedabad,Gujarat,22.96467,72.59627,High,2025-09-30,Y
CUST000614,SYNTHETIC CUSTOMER 000614,73,Senior Citizen,Professional,Pune,Maharashtra,18.59003,73.85478,Medium,2019-07-24,Y
CUST000615,SYNTHETIC CUSTOMER 000615,27,Mass,Homemaker,Ahmedabad,Gujarat,22.92003,72.60688,Low,2022-03-13,Y
CUST000616,SYNTHETIC CUSTOMER 000616,60,Affluent,Homemaker,Kolkata,West Bengal,22.64977,88.46599,Low,2017-12-27,Y
CUST000617,SYNTHETIC CUSTOMER 000617,38,Affluent,Salaried,Bengaluru,Karnataka,13.07443,77.63256,Medium,2023-09-29,Y
CUST000618,SYNTHETIC CUSTOMER 000618,31,Student,Homemaker,Ahmedabad,Gujarat,23.00973,72.5472,Low,2023-09-13,Y
CUST000619,SYNTHETIC CUSTOMER 000619,48,Student,Student,Hyderabad,Telangana,17.29188,78.47637,Low,2025-12-04,Y
CUST000620,SYNTHETIC CUSTOMER 000620,64,Senior Citizen,Student,Mumbai,Maharashtra,19.03359,72.79148,Low,2023-03-20,Y
CUST000621,SYNTHETIC CUSTOMER 000621,27,Mass,Professional,Pune,Maharashtra,18.59488,73.78029,Low,2024-10-11,Y
CUST000622,SYNTHETIC CUSTOMER 000622,52,Senior Citizen,Salaried,Bengaluru,Karnataka,12.99524,77.60065,Low,2024-03-26,Y
CUST000623,SYNTHETIC CUSTOMER 000623,26,Mass,Student,Ahmedabad,Gujarat,23.0321,72.68106,Low,2018-07-06,Y
CUST000624,SYNTHETIC CUSTOMER 000624,60,Mass,Homemaker,Delhi,Delhi,28.66441,77.19992,Low,2019-05-20,Y
CUST000625,SYNTHETIC CUSTOMER 000625,20,Mass,Homemaker,Bengaluru,Karnataka,12.90868,77.56982,Medium,2025-11-16,Y
CUST000626,SYNTHETIC CUSTOMER 000626,67,Mass,Retired,Bengaluru,Karnataka,13.01078,77.63492,Low,2022-03-02,Y
CUST000627,SYNTHETIC CUSTOMER 000627,26,Affluent,Student,Hyderabad,Telangana,17.33869,78.47138,Medium,2025-01-28,Y
CUST000628,SYNTHETIC CUSTOMER 000628,78,Affluent,Homemaker,Kolkata,West Bengal,22.49262,88.282,High,2018-05-18,Y
CUST000629,SYNTHETIC CUSTOMER 000629,78,Mass,Homemaker,Ahmedabad,Gujarat,22.92047,72.6214,Low,2018-07-07,Y
CUST000630,SYNTHETIC CUSTOMER 000630,26,Mass,Student,Kolkata,West Bengal,22.48223,88.42142,Medium,2018-06-20,Y
CUST000631,SYNTHETIC CUSTOMER 000631,74,Mass,Salaried,Kochi,Kerala,10.02972,76.22923,High,2022-12-15,Y
CUST000632,SYNTHETIC CUSTOMER 000632,44,Student,Retired,Ahmedabad,Gujarat,22.92775,72.63619,Low,2017-11-20,Y
CUST000633,SYNTHETIC CUSTOMER 000633,45,Affluent,Professional,Kochi,Kerala,9.83615,76.33472,Low,2018-01-22,Y
CUST000634,SYNTHETIC CUSTOMER 000634,41,Mass,Self-employed,Hyderabad,Telangana,17.43523,78.51161,Low,2021-08-04,Y
CUST000635,SYNTHETIC CUSTOMER 000635,69,Mass,Retired,Kolkata,West Bengal,22.56219,88.45773,Low,2021-12-26,Y
CUST000636,SYNTHETIC CUSTOMER 000636,59,Mass,Professional,Bengaluru,Karnataka,12.94792,77.55825,Low,2024-01-29,Y
CUST000637,SYNTHETIC CUSTOMER 000637,66,Affluent,Self-employed,Kochi,Kerala,9.87472,76.31708,Low,2022-01-27,Y
CUST000638,SYNTHETIC CUSTOMER 000638,52,Mass,Professional,Jaipur,Rajasthan,26.94083,75.68552,Low,2024-12-16,Y
CUST000639,SYNTHETIC CUSTOMER 000639,32,Senior Citizen,Student,Kochi,Kerala,9.82099,76.27882,Low,2018-07-09,Y
CUST000640,SYNTHETIC CUSTOMER 000640,44,Affluent,Retired,Kochi,Kerala,10.05081,76.19344,Low,2023-12-02,Y
CUST000641,SYNTHETIC CUSTOMER 000641,33,Mass,Homemaker,Bengaluru,Karnataka,12.99055,77.49779,Medium,2020-04-25,Y
CUST000642,SYNTHETIC CUSTOMER 000642,45,Mass,Professional,Kochi,Kerala,10.05019,76.15261,Low,2020-12-23,Y
CUST000643,SYNTHETIC CUSTOMER 000643,45,SME,Retired,Mumbai,Maharashtra,19.18226,72.99439,Low,2023-08-05,Y
CUST000644,SYNTHETIC CUSTOMER 000644,57,SME,Salaried,Hyderabad,Telangana,17.36429,78.40539,Low,2023-10-28,Y
CUST000645,SYNTHETIC CUSTOMER 000645,72,SME,Self-employed,Pune,Maharashtra,18.42341,73.82194,Low,2018-01-28,Y
CUST000646,SYNTHETIC CUSTOMER 000646,34,SME,Professional,Ahmedabad,Gujarat,23.04798,72.68708,Low,2025-05-05,Y
CUST000647,SYNTHETIC CUSTOMER 000647,24,Mass,Student,Jaipur,Rajasthan,27.01143,75.81123,Medium,2019-07-27,Y
CUST000648,SYNTHETIC CUSTOMER 000648,55,Mass,Self-employed,Hyderabad,Telangana,17.48106,78.48614,Low,2019-03-29,Y
CUST000649,SYNTHETIC CUSTOMER 000649,20,Mass,Retired,Ahmedabad,Gujarat,23.12249,72.67247,Low,2018-08-11,Y
CUST000650,SYNTHETIC CUSTOMER 000650,45,Mass,Homemaker,Delhi,Delhi,28.5844,77.20671,Low,2020-06-30,Y
CUST000651,SYNTHETIC CUSTOMER 000651,65,Mass,Professional,Hyderabad,Telangana,17.39527,78.52052,Medium,2025-06-20,Y
CUST000652,SYNTHETIC CUSTOMER 000652,76,SME,Salaried,Kolkata,West Bengal,22.56234,88.28847,Low,2023-07-10,Y
CUST000653,SYNTHETIC CUSTOMER 000653,75,Senior Citizen,Salaried,Hyderabad,Telangana,17.46027,78.56621,Low,2024-01-08,Y
CUST000654,SYNTHETIC CUSTOMER 000654,70,Mass,Self-employed,Pune,Maharashtra,18.46122,73.7392,Medium,2018-03-29,Y
CUST000655,SYNTHETIC CUSTOMER 000655,78,Affluent,Self-employed,Bengaluru,Karnataka,13.08088,77.64621,Low,2018-03-19,Y
CUST000656,SYNTHETIC CUSTOMER 000656,25,Mass,Salaried,Mumbai,Maharashtra,19.15594,72.80197,Low,2018-03-24,Y
CUST000657,SYNTHETIC CUSTOMER 000657,47,Senior Citizen,Student,Chennai,Tamil Nadu,13.11729,80.24461,Low,2024-04-15,Y
CUST000658,SYNTHETIC CUSTOMER 000658,27,Mass,Self-employed,Jaipur,Rajasthan,26.86861,75.69403,Low,2025-04-11,Y
CUST000659,SYNTHETIC CUSTOMER 000659,54,Mass,Salaried,Delhi,Delhi,28.58691,77.22507,Low,2023-06-28,Y
CUST000660,SYNTHETIC CUSTOMER 000660,47,Mass,Homemaker,Chennai,Tamil Nadu,13.17836,80.25971,Low,2021-12-19,Y
CUST000661,SYNTHETIC CUSTOMER 000661,26,Student,Retired,Jaipur,Rajasthan,26.87711,75.89335,Medium,2021-04-14,Y
CUST000662,SYNTHETIC CUSTOMER 000662,60,Affluent,Homemaker,Delhi,Delhi,28.58112,77.20021,Medium,2021-06-05,Y
CUST000663,SYNTHETIC CUSTOMER 000663,45,Affluent,Professional,Bengaluru,Karnataka,12.95792,77.64115,Low,2021-09-05,Y
CUST000664,SYNTHETIC CUSTOMER 000664,66,Student,Self-employed,Delhi,Delhi,28.56979,77.31292,Medium,2019-02-20,Y
CUST000665,SYNTHETIC CUSTOMER 000665,30,Mass,Student,Hyderabad,Telangana,17.49491,78.44051,Low,2025-04-07,Y
CUST000666,SYNTHETIC CUSTOMER 000666,28,Senior Citizen,Self-employed,Bengaluru,Karnataka,12.97935,77.62299,Low,2024-03-25,Y
CUST000667,SYNTHETIC CUSTOMER 000667,28,Mass,Retired,Pune,Maharashtra,18.54108,73.97377,Medium,2021-12-10,Y
CUST000668,SYNTHETIC CUSTOMER 000668,25,SME,Self-employed,Chennai,Tamil Nadu,13.15253,80.31124,High,2018-11-23,Y
CUST000669,SYNTHETIC CUSTOMER 000669,75,Mass,Professional,Jaipur,Rajasthan,26.90991,75.8847,Medium,2025-06-03,Y
CUST000670,SYNTHETIC CUSTOMER 000670,37,SME,Salaried,Mumbai,Maharashtra,19.17309,72.8489,Low,2025-08-08,Y
CUST000671,SYNTHETIC CUSTOMER 000671,76,Mass,Retired,Chennai,Tamil Nadu,13.15601,80.3699,Low,2020-04-19,Y
CUST000672,SYNTHETIC CUSTOMER 000672,73,Mass,Homemaker,Hyderabad,Telangana,17.41644,78.44612,High,2018-07-20,Y
CUST000673,SYNTHETIC CUSTOMER 000673,38,SME,Retired,Mumbai,Maharashtra,19.00223,72.95391,Low,2018-01-24,Y
CUST000674,SYNTHETIC CUSTOMER 000674,28,Student,Self-employed,Bengaluru,Karnataka,13.05225,77.54581,Low,2021-05-20,Y
CUST000675,SYNTHETIC CUSTOMER 000675,75,Mass,Student,Mumbai,Maharashtra,19.10476,72.95395,Low,2025-02-09,Y
CUST000676,SYNTHETIC CUSTOMER 000676,41,SME,Retired,Kolkata,West Bengal,22.63582,88.31913,Low,2023-11-15,Y
CUST000677,SYNTHETIC CUSTOMER 000677,42,Student,Student,Mumbai,Maharashtra,19.10773,72.85356,High,2025-11-06,Y
CUST000678,SYNTHETIC CUSTOMER 000678,19,Mass,Self-employed,Bengaluru,Karnataka,12.8896,77.67375,Low,2019-11-05,Y
CUST000679,SYNTHETIC CUSTOMER 000679,63,Mass,Student,Hyderabad,Telangana,17.33444,78.42314,Low,2020-06-18,Y
CUST000680,SYNTHETIC CUSTOMER 000680,41,Student,Self-employed,Kolkata,West Bengal,22.56625,88.24815,Low,2021-11-09,Y
CUST000681,SYNTHETIC CUSTOMER 000681,63,Senior Citizen,Self-employed,Kochi,Kerala,9.86808,76.34402,Low,2020-07-11,Y
CUST000682,SYNTHETIC CUSTOMER 000682,72,SME,Student,Chennai,Tamil Nadu,13.0764,80.2043,Medium,2025-12-21,Y
CUST000683,SYNTHETIC CUSTOMER 000683,51,SME,Self-employed,Mumbai,Maharashtra,19.02379,72.94747,Medium,2021-04-06,Y
CUST000684,SYNTHETIC CUSTOMER 000684,46,Mass,Self-employed,Kolkata,West Bengal,22.58586,88.38642,Low,2022-06-26,Y
CUST000685,SYNTHETIC CUSTOMER 000685,45,Affluent,Homemaker,Pune,Maharashtra,18.49533,73.81509,Low,2025-08-14,Y
CUST000686,SYNTHETIC CUSTOMER 000686,78,Mass,Self-employed,Bengaluru,Karnataka,12.87365,77.56108,Low,2022-01-01,Y
CUST000687,SYNTHETIC CUSTOMER 000687,70,Affluent,Salaried,Bengaluru,Karnataka,12.88977,77.65766,Low,2023-01-30,Y
CUST000688,SYNTHETIC CUSTOMER 000688,43,SME,Homemaker,Pune,Maharashtra,18.58413,73.85483,Low,2018-07-01,Y
CUST000689,SYNTHETIC CUSTOMER 000689,74,SME,Professional,Kolkata,West Bengal,22.66826,88.2833,Low,2023-08-15,Y
CUST000690,SYNTHETIC CUSTOMER 000690,43,Mass,Student,Delhi,Delhi,28.56239,77.09592,Low,2019-03-29,Y
CUST000691,SYNTHETIC CUSTOMER 000691,41,Student,Student,Delhi,Delhi,28.64938,77.14415,Low,2023-03-06,Y
CUST000692,SYNTHETIC CUSTOMER 000692,74,Mass,Salaried,Delhi,Delhi,28.50139,77.10101,Low,2025-11-18,Y
CUST000693,SYNTHETIC CUSTOMER 000693,75,Mass,Salaried,Mumbai,Maharashtra,18.99004,72.86736,Low,2023-09-17,Y
CUST000694,SYNTHETIC CUSTOMER 000694,35,SME,Student,Kochi,Kerala,9.94638,76.16249,Low,2018-04-01,Y
CUST000695,SYNTHETIC CUSTOMER 000695,63,Senior Citizen,Student,Hyderabad,Telangana,17.38,78.55917,Low,2025-09-25,Y
CUST000696,SYNTHETIC CUSTOMER 000696,75,Mass,Homemaker,Jaipur,Rajasthan,26.92465,75.70227,Low,2018-11-02,Y
CUST000697,SYNTHETIC CUSTOMER 000697,74,Mass,Student,Pune,Maharashtra,18.62233,73.89161,Low,2020-12-13,Y
CUST000698,SYNTHETIC CUSTOMER 000698,77,Affluent,Student,Hyderabad,Telangana,17.49115,78.54423,Low,2018-05-03,Y
CUST000699,SYNTHETIC CUSTOMER 000699,69,Student,Professional,Mumbai,Maharashtra,18.99065,72.77503,Low,2022-07-27,Y
CUST000700,SYNTHETIC CUSTOMER 000700,22,Student,Homemaker,Bengaluru,Karnataka,12.96022,77.50315,Low,2021-12-30,Y
CUST000701,SYNTHETIC CUSTOMER 000701,66,Student,Retired,Ahmedabad,Gujarat,22.92602,72.61666,Low,2019-01-19,Y
CUST000702,SYNTHETIC CUSTOMER 000702,38,Senior Citizen,Salaried,Kochi,Kerala,9.99772,76.35241,Low,2023-07-30,Y
CUST000703,SYNTHETIC CUSTOMER 000703,59,Mass,Professional,Kochi,Kerala,9.87197,76.17554,Low,2020-03-18,Y
CUST000704,SYNTHETIC CUSTOMER 000704,75,SME,Homemaker,Pune,Maharashtra,18.49081,73.80925,Low,2023-07-02,Y
CUST000705,SYNTHETIC CUSTOMER 000705,49,Affluent,Retired,Kochi,Kerala,9.97894,76.15223,Low,2020-02-12,Y
CUST000706,SYNTHETIC CUSTOMER 000706,76,Mass,Professional,Kolkata,West Bengal,22.67529,88.27691,Low,2025-09-26,Y
CUST000707,SYNTHETIC CUSTOMER 000707,62,Mass,Homemaker,Bengaluru,Karnataka,12.94085,77.59705,Low,2025-11-14,Y
CUST000708,SYNTHETIC CUSTOMER 000708,42,Mass,Self-employed,Ahmedabad,Gujarat,23.05299,72.65749,Low,2025-03-18,Y
CUST000709,SYNTHETIC CUSTOMER 000709,78,Student,Student,Pune,Maharashtra,18.46339,73.75102,Low,2021-03-01,Y
CUST000710,SYNTHETIC CUSTOMER 000710,36,Mass,Professional,Bengaluru,Karnataka,12.86961,77.61856,Low,2021-04-29,Y
CUST000711,SYNTHETIC CUSTOMER 000711,66,Affluent,Retired,Ahmedabad,Gujarat,23.06773,72.61826,Medium,2018-05-10,Y
CUST000712,SYNTHETIC CUSTOMER 000712,77,Affluent,Student,Kochi,Kerala,10.02893,76.28314,Medium,2022-02-05,Y
CUST000713,SYNTHETIC CUSTOMER 000713,69,Affluent,Self-employed,Jaipur,Rajasthan,26.91723,75.69543,Low,2017-11-25,Y
CUST000714,SYNTHETIC CUSTOMER 000714,22,Mass,Professional,Kolkata,West Bengal,22.68456,88.43905,Low,2021-08-06,Y
CUST000715,SYNTHETIC CUSTOMER 000715,66,Mass,Student,Bengaluru,Karnataka,12.86468,77.67792,Medium,2022-11-23,Y
CUST000716,SYNTHETIC CUSTOMER 000716,35,Senior Citizen,Homemaker,Kolkata,West Bengal,22.51036,88.29681,Low,2019-03-28,Y
CUST000717,SYNTHETIC CUSTOMER 000717,32,Mass,Retired,Hyderabad,Telangana,17.41131,78.58075,Low,2023-07-15,Y
CUST000718,SYNTHETIC CUSTOMER 000718,74,Mass,Homemaker,Ahmedabad,Gujarat,23.05011,72.54264,Low,2019-12-08,Y
CUST000719,SYNTHETIC CUSTOMER 000719,61,Affluent,Homemaker,Hyderabad,Telangana,17.45414,78.41641,Low,2022-06-25,Y
CUST000720,SYNTHETIC CUSTOMER 000720,19,Mass,Retired,Kochi,Kerala,9.985,76.36551,Low,2025-01-01,Y
CUST000721,SYNTHETIC CUSTOMER 000721,23,Mass,Self-employed,Pune,Maharashtra,18.4385,73.88441,Low,2019-10-22,Y
CUST000722,SYNTHETIC CUSTOMER 000722,57,Mass,Salaried,Hyderabad,Telangana,17.42211,78.55492,Low,2024-01-13,Y
CUST000723,SYNTHETIC CUSTOMER 000723,52,Mass,Self-employed,Hyderabad,Telangana,17.37601,78.54931,Low,2017-11-23,Y
CUST000724,SYNTHETIC CUSTOMER 000724,27,Mass,Retired,Bengaluru,Karnataka,12.90966,77.62075,Medium,2021-11-20,Y
CUST000725,SYNTHETIC CUSTOMER 000725,47,Mass,Student,Pune,Maharashtra,18.51799,73.91772,Low,2019-11-01,Y
CUST000726,SYNTHETIC CUSTOMER 000726,41,Mass,Professional,Mumbai,Maharashtra,18.98373,72.9747,Medium,2021-09-18,Y
CUST000727,SYNTHETIC CUSTOMER 000727,34,Senior Citizen,Retired,Mumbai,Maharashtra,19.06792,72.86935,Low,2023-09-17,Y
CUST000728,SYNTHETIC CUSTOMER 000728,77,Affluent,Salaried,Jaipur,Rajasthan,26.99572,75.68356,High,2022-04-16,Y
CUST000729,SYNTHETIC CUSTOMER 000729,25,Student,Professional,Mumbai,Maharashtra,19.13804,72.86172,Medium,2020-03-29,Y
CUST000730,SYNTHETIC CUSTOMER 000730,37,Mass,Salaried,Pune,Maharashtra,18.43231,73.83711,Low,2023-11-01,Y
CUST000731,SYNTHETIC CUSTOMER 000731,47,Student,Self-employed,Ahmedabad,Gujarat,22.94224,72.61283,Medium,2024-09-22,Y
CUST000732,SYNTHETIC CUSTOMER 000732,45,Mass,Salaried,Delhi,Delhi,28.57266,77.21112,Low,2020-05-30,Y
CUST000733,SYNTHETIC CUSTOMER 000733,37,Mass,Student,Pune,Maharashtra,18.43939,73.85218,Low,2018-07-28,Y
CUST000734,SYNTHETIC CUSTOMER 000734,49,Mass,Self-employed,Kolkata,West Bengal,22.57065,88.47389,Medium,2019-05-29,Y
CUST000735,SYNTHETIC CUSTOMER 000735,18,Mass,Homemaker,Hyderabad,Telangana,17.36785,78.58188,Low,2018-03-09,Y
CUST000736,SYNTHETIC CUSTOMER 000736,23,Mass,Professional,Hyderabad,Telangana,17.41245,78.56384,High,2023-11-07,Y
CUST000737,SYNTHETIC CUSTOMER 000737,43,SME,Salaried,Delhi,Delhi,28.6535,77.25578,Medium,2020-12-06,Y
CUST000738,SYNTHETIC CUSTOMER 000738,27,Mass,Salaried,Hyderabad,Telangana,17.37274,78.40254,Low,2025-03-08,Y
CUST000739,SYNTHETIC CUSTOMER 000739,30,Mass,Retired,Mumbai,Maharashtra,18.96774,72.95957,Low,2023-03-07,Y
CUST000740,SYNTHETIC CUSTOMER 000740,73,Senior Citizen,Professional,Kolkata,West Bengal,22.45439,88.43187,Low,2023-03-13,Y
CUST000741,SYNTHETIC CUSTOMER 000741,20,SME,Retired,Delhi,Delhi,28.64547,77.25973,Medium,2019-02-10,Y
CUST000742,SYNTHETIC CUSTOMER 000742,19,Mass,Student,Ahmedabad,Gujarat,23.05299,72.64144,Low,2020-09-07,Y
CUST000743,SYNTHETIC CUSTOMER 000743,75,Student,Homemaker,Mumbai,Maharashtra,19.05076,72.75873,Low,2023-06-09,Y
CUST000744,SYNTHETIC CUSTOMER 000744,53,Student,Retired,Hyderabad,Telangana,17.30754,78.52416,Low,2025-11-05,Y
CUST000745,SYNTHETIC CUSTOMER 000745,31,Mass,Retired,Chennai,Tamil Nadu,13.04944,80.33432,Low,2022-10-08,Y
CUST000746,SYNTHETIC CUSTOMER 000746,66,Senior Citizen,Salaried,Chennai,Tamil Nadu,12.99185,80.33454,Low,2020-01-05,Y
CUST000747,SYNTHETIC CUSTOMER 000747,19,Senior Citizen,Homemaker,Jaipur,Rajasthan,26.94128,75.89996,Medium,2025-01-14,Y
CUST000748,SYNTHETIC CUSTOMER 000748,67,Mass,Professional,Pune,Maharashtra,18.45137,73.78233,Medium,2018-11-09,Y
CUST000749,SYNTHETIC CUSTOMER 000749,60,Affluent,Salaried,Mumbai,Maharashtra,19.11169,72.85743,Medium,2025-12-03,Y
CUST000750,SYNTHETIC CUSTOMER 000750,21,Mass,Salaried,Pune,Maharashtra,18.55996,73.97632,Medium,2018-03-15,Y
CUST000751,SYNTHETIC CUSTOMER 000751,56,Student,Professional,Hyderabad,Telangana,17.28903,78.39391,Low,2023-01-16,Y
CUST000752,SYNTHETIC CUSTOMER 000752,69,SME,Salaried,Jaipur,Rajasthan,27.01685,75.87617,Low,2019-11-19,Y
CUST000753,SYNTHETIC CUSTOMER 000753,20,Mass,Retired,Kochi,Kerala,9.89787,76.27737,Low,2023-01-16,Y
CUST000754,SYNTHETIC CUSTOMER 000754,18,Mass,Retired,Jaipur,Rajasthan,27.00242,75.80571,Low,2023-11-26,Y
CUST000755,SYNTHETIC CUSTOMER 000755,63,Affluent,Salaried,Delhi,Delhi,28.6495,77.20844,Low,2024-09-20,Y
CUST000756,SYNTHETIC CUSTOMER 000756,35,Mass,Self-employed,Pune,Maharashtra,18.5383,73.89314,High,2017-12-18,Y
CUST000757,SYNTHETIC CUSTOMER 000757,72,Mass,Homemaker,Pune,Maharashtra,18.45866,73.85404,Medium,2022-12-08,Y
CUST000758,SYNTHETIC CUSTOMER 000758,67,Mass,Retired,Chennai,Tamil Nadu,13.15127,80.2778,Low,2019-06-06,Y
CUST000759,SYNTHETIC CUSTOMER 000759,32,Affluent,Retired,Delhi,Delhi,28.62632,77.24305,High,2024-05-20,Y
CUST000760,SYNTHETIC CUSTOMER 000760,66,Mass,Self-employed,Chennai,Tamil Nadu,13.18623,80.3561,High,2019-07-26,Y
CUST000761,SYNTHETIC CUSTOMER 000761,29,Mass,Self-employed,Kolkata,West Bengal,22.52612,88.4273,Low,2023-03-11,Y
CUST000762,SYNTHETIC CUSTOMER 000762,39,SME,Professional,Ahmedabad,Gujarat,23.0059,72.58638,Low,2018-04-09,Y
CUST000763,SYNTHETIC CUSTOMER 000763,20,Mass,Salaried,Delhi,Delhi,28.71427,77.18719,Low,2022-11-11,Y
CUST000764,SYNTHETIC CUSTOMER 000764,64,Affluent,Homemaker,Bengaluru,Karnataka,13.05369,77.6707,Low,2023-07-31,Y
CUST000765,SYNTHETIC CUSTOMER 000765,30,Mass,Student,Kochi,Kerala,9.84887,76.32429,Low,2023-12-30,Y
CUST000766,SYNTHETIC CUSTOMER 000766,71,Mass,Student,Delhi,Delhi,28.53084,77.10418,Low,2024-03-22,Y
CUST000767,SYNTHETIC CUSTOMER 000767,62,Mass,Self-employed,Pune,Maharashtra,18.46427,73.86156,Medium,2019-10-13,Y
CUST000768,SYNTHETIC CUSTOMER 000768,42,Mass,Student,Mumbai,Maharashtra,19.06757,72.77955,Medium,2019-06-27,Y
CUST000769,SYNTHETIC CUSTOMER 000769,33,Affluent,Salaried,Kochi,Kerala,9.83126,76.27332,Low,2024-12-15,Y
CUST000770,SYNTHETIC CUSTOMER 000770,58,Mass,Homemaker,Ahmedabad,Gujarat,23.07956,72.52864,Low,2024-02-28,Y
CUST000771,SYNTHETIC CUSTOMER 000771,46,Affluent,Salaried,Delhi,Delhi,28.62327,77.17817,Medium,2018-12-07,Y
CUST000772,SYNTHETIC CUSTOMER 000772,52,Mass,Salaried,Chennai,Tamil Nadu,13.10678,80.28903,Medium,2020-08-29,Y
CUST000773,SYNTHETIC CUSTOMER 000773,34,Mass,Homemaker,Kochi,Kerala,9.90189,76.3001,Medium,2025-01-04,Y
CUST000774,SYNTHETIC CUSTOMER 000774,41,Mass,Student,Jaipur,Rajasthan,26.88029,75.86448,Low,2019-07-16,Y
CUST000775,SYNTHETIC CUSTOMER 000775,67,Student,Salaried,Kolkata,West Bengal,22.6053,88.46916,Low,2020-02-10,Y
CUST000776,SYNTHETIC CUSTOMER 000776,29,Senior Citizen,Homemaker,Chennai,Tamil Nadu,13.07637,80.36201,Low,2023-03-20,Y
CUST000777,SYNTHETIC CUSTOMER 000777,64,Affluent,Student,Pune,Maharashtra,18.53754,73.89738,Low,2022-07-23,Y
CUST000778,SYNTHETIC CUSTOMER 000778,66,Senior Citizen,Student,Kolkata,West Bengal,22.66223,88.28868,Low,2023-06-09,Y
CUST000779,SYNTHETIC CUSTOMER 000779,50,Student,Student,Pune,Maharashtra,18.59593,73.85795,Low,2025-10-02,Y
CUST000780,SYNTHETIC CUSTOMER 000780,58,Mass,Homemaker,Kolkata,West Bengal,22.65731,88.30122,Low,2023-08-01,Y
CUST000781,SYNTHETIC CUSTOMER 000781,56,Mass,Homemaker,Hyderabad,Telangana,17.37695,78.57756,Low,2024-08-14,Y
CUST000782,SYNTHETIC CUSTOMER 000782,64,Student,Salaried,Mumbai,Maharashtra,18.97613,72.93771,Low,2020-05-05,Y
CUST000783,SYNTHETIC CUSTOMER 000783,25,Mass,Retired,Kochi,Kerala,10.01222,76.27303,Low,2025-11-10,Y
CUST000784,SYNTHETIC CUSTOMER 000784,22,Mass,Professional,Mumbai,Maharashtra,19.165,72.91113,Medium,2019-07-23,Y
CUST000785,SYNTHETIC CUSTOMER 000785,56,Senior Citizen,Professional,Bengaluru,Karnataka,12.86924,77.58291,Low,2022-04-01,Y
CUST000786,SYNTHETIC CUSTOMER 000786,20,Senior Citizen,Homemaker,Pune,Maharashtra,18.42344,73.91582,Low,2021-03-22,Y
CUST000787,SYNTHETIC CUSTOMER 000787,67,Mass,Self-employed,Delhi,Delhi,28.7093,77.17439,Low,2021-03-09,Y
CUST000788,SYNTHETIC CUSTOMER 000788,37,Student,Student,Ahmedabad,Gujarat,23.10958,72.67045,Low,2020-01-29,Y
CUST000789,SYNTHETIC CUSTOMER 000789,63,Affluent,Salaried,Chennai,Tamil Nadu,13.20075,80.2906,High,2024-02-24,Y
CUST000790,SYNTHETIC CUSTOMER 000790,78,Affluent,Homemaker,Kolkata,West Bengal,22.48786,88.37958,Low,2022-09-15,Y
CUST000791,SYNTHETIC CUSTOMER 000791,43,SME,Retired,Bengaluru,Karnataka,13.08215,77.48775,Low,2019-01-11,Y
CUST000792,SYNTHETIC CUSTOMER 000792,60,Mass,Homemaker,Kochi,Kerala,9.89803,76.20585,Low,2020-03-04,Y
CUST000793,SYNTHETIC CUSTOMER 000793,43,Affluent,Self-employed,Mumbai,Maharashtra,19.04209,72.92007,Low,2021-02-19,Y
CUST000794,SYNTHETIC CUSTOMER 000794,74,SME,Homemaker,Hyderabad,Telangana,17.31067,78.49354,Low,2019-08-07,Y
CUST000795,SYNTHETIC CUSTOMER 000795,72,Mass,Homemaker,Delhi,Delhi,28.63799,77.30676,Low,2021-08-22,Y
CUST000796,SYNTHETIC CUSTOMER 000796,56,Mass,Homemaker,Chennai,Tamil Nadu,13.13976,80.16374,Low,2021-06-07,Y
CUST000797,SYNTHETIC CUSTOMER 000797,28,Affluent,Retired,Ahmedabad,Gujarat,23.1288,72.6639,Low,2021-06-26,Y
CUST000798,SYNTHETIC CUSTOMER 000798,61,Mass,Professional,Chennai,Tamil Nadu,12.97882,80.19756,Low,2023-09-25,Y
CUST000799,SYNTHETIC CUSTOMER 000799,47,Affluent,Salaried,Ahmedabad,Gujarat,23.10639,72.66719,Low,2024-03-01,Y
CUST000800,SYNTHETIC CUSTOMER 000800,22,Mass,Retired,Hyderabad,Telangana,17.39585,78.4404,Medium,2019-05-12,Y
CUST000801,SYNTHETIC CUSTOMER 000801,61,Mass,Self-employed,Mumbai,Maharashtra,18.98039,72.8706,Low,2024-10-16,Y
CUST000802,SYNTHETIC CUSTOMER 000802,58,Student,Salaried,Jaipur,Rajasthan,26.91706,75.90098,Low,2024-01-31,Y
CUST000803,SYNTHETIC CUSTOMER 000803,44,Affluent,Student,Bengaluru,Karnataka,12.90654,77.65467,Low,2025-10-01,Y
CUST000804,SYNTHETIC CUSTOMER 000804,41,Student,Salaried,Bengaluru,Karnataka,12.94187,77.50907,Medium,2018-08-14,Y
CUST000805,SYNTHETIC CUSTOMER 000805,64,Mass,Self-employed,Chennai,Tamil Nadu,13.11901,80.3756,Low,2025-03-11,Y
CUST000806,SYNTHETIC CUSTOMER 000806,56,Mass,Homemaker,Jaipur,Rajasthan,26.85259,75.89988,Low,2018-09-26,Y
CUST000807,SYNTHETIC CUSTOMER 000807,75,Senior Citizen,Self-employed,Kolkata,West Bengal,22.56002,88.35852,Low,2019-12-17,Y
CUST000808,SYNTHETIC CUSTOMER 000808,52,Affluent,Retired,Kochi,Kerala,9.96087,76.36698,Low,2020-05-02,Y
CUST000809,SYNTHETIC CUSTOMER 000809,60,SME,Salaried,Mumbai,Maharashtra,19.04249,72.99637,Medium,2021-09-25,Y
CUST000810,SYNTHETIC CUSTOMER 000810,34,Student,Student,Kolkata,West Bengal,22.57826,88.35446,Low,2021-08-02,Y
CUST000811,SYNTHETIC CUSTOMER 000811,52,Student,Self-employed,Delhi,Delhi,28.71561,77.31329,High,2022-03-11,Y
CUST000812,SYNTHETIC CUSTOMER 000812,32,Mass,Homemaker,Kochi,Kerala,9.95711,76.31204,Low,2024-11-10,Y
CUST000813,SYNTHETIC CUSTOMER 000813,58,Mass,Student,Delhi,Delhi,28.70456,77.30353,Low,2019-07-15,Y
CUST000814,SYNTHETIC CUSTOMER 000814,30,Mass,Student,Hyderabad,Telangana,17.43994,78.45457,Low,2023-08-08,Y
CUST000815,SYNTHETIC CUSTOMER 000815,20,Mass,Salaried,Hyderabad,Telangana,17.30756,78.4586,Medium,2020-01-27,Y
CUST000816,SYNTHETIC CUSTOMER 000816,53,Student,Student,Bengaluru,Karnataka,13.04585,77.57736,Medium,2025-05-08,Y
CUST000817,SYNTHETIC CUSTOMER 000817,35,Senior Citizen,Homemaker,Kolkata,West Bengal,22.53409,88.3851,Low,2021-12-05,Y
CUST000818,SYNTHETIC CUSTOMER 000818,26,Senior Citizen,Salaried,Pune,Maharashtra,18.4019,73.74616,Medium,2024-04-04,Y
CUST000819,SYNTHETIC CUSTOMER 000819,39,Mass,Student,Hyderabad,Telangana,17.39023,78.51872,Low,2021-03-26,Y
CUST000820,SYNTHETIC CUSTOMER 000820,64,Student,Retired,Ahmedabad,Gujarat,23.05685,72.48733,Medium,2025-12-07,Y
CUST000821,SYNTHETIC CUSTOMER 000821,26,Mass,Salaried,Bengaluru,Karnataka,12.88597,77.67648,Low,2025-12-04,Y
CUST000822,SYNTHETIC CUSTOMER 000822,40,SME,Retired,Delhi,Delhi,28.53351,77.2022,Low,2020-03-10,Y
CUST000823,SYNTHETIC CUSTOMER 000823,38,Student,Salaried,Bengaluru,Karnataka,12.87326,77.6706,Low,2018-06-30,Y
CUST000824,SYNTHETIC CUSTOMER 000824,48,Senior Citizen,Homemaker,Ahmedabad,Gujarat,23.01222,72.50302,Low,2021-01-14,Y
CUST000825,SYNTHETIC CUSTOMER 000825,64,Student,Salaried,Pune,Maharashtra,18.47887,73.94163,Low,2025-02-28,Y
CUST000826,SYNTHETIC CUSTOMER 000826,59,Mass,Homemaker,Pune,Maharashtra,18.57888,73.85504,Low,2024-03-12,Y
CUST000827,SYNTHETIC CUSTOMER 000827,33,Mass,Student,Hyderabad,Telangana,17.40801,78.54904,Low,2020-06-04,Y
CUST000828,SYNTHETIC CUSTOMER 000828,34,Mass,Salaried,Delhi,Delhi,28.61125,77.2836,Medium,2018-04-25,Y
CUST000829,SYNTHETIC CUSTOMER 000829,37,Mass,Student,Mumbai,Maharashtra,19.04908,72.77738,Low,2019-08-02,Y
CUST000830,SYNTHETIC CUSTOMER 000830,67,Affluent,Self-employed,Bengaluru,Karnataka,13.07764,77.65443,Medium,2018-07-24,Y
CUST000831,SYNTHETIC CUSTOMER 000831,49,Mass,Professional,Hyderabad,Telangana,17.49718,78.40154,Low,2025-06-18,Y
CUST000832,SYNTHETIC CUSTOMER 000832,26,Mass,Salaried,Hyderabad,Telangana,17.27504,78.5149,Medium,2025-08-25,Y
CUST000833,SYNTHETIC CUSTOMER 000833,69,Mass,Homemaker,Bengaluru,Karnataka,12.97664,77.51051,Low,2022-11-04,Y
CUST000834,SYNTHETIC CUSTOMER 000834,30,Mass,Professional,Bengaluru,Karnataka,12.93961,77.70684,Low,2017-11-30,Y
CUST000835,SYNTHETIC CUSTOMER 000835,41,Affluent,Professional,Kolkata,West Bengal,22.63562,88.27518,Low,2025-09-14,Y
CUST000836,SYNTHETIC CUSTOMER 000836,28,Affluent,Salaried,Jaipur,Rajasthan,26.80716,75.83982,Low,2025-01-18,Y
CUST000837,SYNTHETIC CUSTOMER 000837,73,Mass,Homemaker,Mumbai,Maharashtra,19.01593,72.78763,Low,2019-02-05,Y
CUST000838,SYNTHETIC CUSTOMER 000838,78,Mass,Self-employed,Chennai,Tamil Nadu,13.0778,80.17624,Low,2023-03-11,Y
CUST000839,SYNTHETIC CUSTOMER 000839,46,Affluent,Salaried,Pune,Maharashtra,18.58363,73.7583,Low,2024-03-10,Y
CUST000840,SYNTHETIC CUSTOMER 000840,21,Senior Citizen,Homemaker,Hyderabad,Telangana,17.31192,78.37689,Low,2020-12-04,Y
CUST000841,SYNTHETIC CUSTOMER 000841,40,Affluent,Self-employed,Mumbai,Maharashtra,19.08275,72.84298,Low,2021-03-25,Y
CUST000842,SYNTHETIC CUSTOMER 000842,77,Mass,Retired,Pune,Maharashtra,18.50539,73.83117,Low,2024-05-03,Y
CUST000843,SYNTHETIC CUSTOMER 000843,39,Mass,Student,Pune,Maharashtra,18.40638,73.75297,Low,2024-09-12,Y
CUST000844,SYNTHETIC CUSTOMER 000844,54,Mass,Homemaker,Jaipur,Rajasthan,26.9983,75.81876,Medium,2022-12-25,Y
CUST000845,SYNTHETIC CUSTOMER 000845,70,Affluent,Professional,Chennai,Tamil Nadu,13.18172,80.3387,Low,2020-01-27,Y
CUST000846,SYNTHETIC CUSTOMER 000846,35,Affluent,Professional,Mumbai,Maharashtra,19.15542,72.94063,Low,2021-02-08,Y
CUST000847,SYNTHETIC CUSTOMER 000847,72,Mass,Retired,Chennai,Tamil Nadu,13.12118,80.15701,High,2020-10-07,Y
CUST000848,SYNTHETIC CUSTOMER 000848,33,Senior Citizen,Salaried,Jaipur,Rajasthan,26.96084,75.81495,Low,2020-04-02,Y
CUST000849,SYNTHETIC CUSTOMER 000849,36,Affluent,Professional,Jaipur,Rajasthan,26.91437,75.86298,Medium,2025-03-19,Y
CUST000850,SYNTHETIC CUSTOMER 000850,44,Mass,Salaried,Mumbai,Maharashtra,19.06959,72.78019,Low,2023-12-28,Y
CUST000851,SYNTHETIC CUSTOMER 000851,56,Mass,Self-employed,Kochi,Kerala,9.94553,76.26842,Low,2020-10-23,Y
CUST000852,SYNTHETIC CUSTOMER 000852,68,Mass,Salaried,Hyderabad,Telangana,17.292,78.46922,Low,2020-06-18,Y
CUST000853,SYNTHETIC CUSTOMER 000853,55,SME,Retired,Hyderabad,Telangana,17.45815,78.52751,Medium,2021-07-17,Y
CUST000854,SYNTHETIC CUSTOMER 000854,27,Mass,Student,Chennai,Tamil Nadu,12.96549,80.2853,Low,2024-11-10,Y
CUST000855,SYNTHETIC CUSTOMER 000855,34,Student,Self-employed,Mumbai,Maharashtra,18.99232,72.99471,Low,2020-02-04,Y
CUST000856,SYNTHETIC CUSTOMER 000856,58,Mass,Professional,Delhi,Delhi,28.73356,77.29855,Medium,2017-12-28,Y
CUST000857,SYNTHETIC CUSTOMER 000857,39,Affluent,Retired,Jaipur,Rajasthan,26.96048,75.8857,Medium,2021-12-19,Y
CUST000858,SYNTHETIC CUSTOMER 000858,48,Mass,Salaried,Pune,Maharashtra,18.51662,73.95547,Medium,2025-04-10,Y
CUST000859,SYNTHETIC CUSTOMER 000859,44,Mass,Student,Chennai,Tamil Nadu,13.20157,80.33965,Low,2022-05-06,Y
CUST000860,SYNTHETIC CUSTOMER 000860,34,Mass,Professional,Hyderabad,Telangana,17.45786,78.37853,High,2024-08-12,Y
CUST000861,SYNTHETIC CUSTOMER 000861,45,Mass,Salaried,Hyderabad,Telangana,17.27985,78.56651,Low,2019-12-23,Y
CUST000862,SYNTHETIC CUSTOMER 000862,56,Mass,Salaried,Ahmedabad,Gujarat,23.03988,72.64508,Low,2022-08-28,Y
CUST000863,SYNTHETIC CUSTOMER 000863,70,Mass,Salaried,Pune,Maharashtra,18.47498,73.83836,Medium,2021-12-03,Y
CUST000864,SYNTHETIC CUSTOMER 000864,34,Mass,Student,Bengaluru,Karnataka,13.06181,77.66259,Medium,2018-11-26,Y
CUST000865,SYNTHETIC CUSTOMER 000865,36,Mass,Self-employed,Bengaluru,Karnataka,13.03449,77.58306,Low,2020-08-22,Y
CUST000866,SYNTHETIC CUSTOMER 000866,70,Mass,Professional,Hyderabad,Telangana,17.39302,78.4908,High,2021-08-26,Y
CUST000867,SYNTHETIC CUSTOMER 000867,68,Senior Citizen,Retired,Bengaluru,Karnataka,12.89099,77.66948,Low,2025-02-25,Y
CUST000868,SYNTHETIC CUSTOMER 000868,42,SME,Homemaker,Kolkata,West Bengal,22.58035,88.35459,Medium,2022-01-28,Y
CUST000869,SYNTHETIC CUSTOMER 000869,59,Affluent,Student,Chennai,Tamil Nadu,13.14024,80.35947,Low,2025-02-22,Y
CUST000870,SYNTHETIC CUSTOMER 000870,52,Mass,Professional,Bengaluru,Karnataka,12.89233,77.49207,Low,2020-09-06,Y
CUST000871,SYNTHETIC CUSTOMER 000871,35,Affluent,Self-employed,Jaipur,Rajasthan,26.84746,75.87076,Low,2022-07-31,Y
CUST000872,SYNTHETIC CUSTOMER 000872,31,Mass,Professional,Chennai,Tamil Nadu,13.17366,80.31592,Medium,2020-09-04,Y
CUST000873,SYNTHETIC CUSTOMER 000873,60,Senior Citizen,Professional,Ahmedabad,Gujarat,23.03183,72.54404,Low,2019-01-11,Y
CUST000874,SYNTHETIC CUSTOMER 000874,20,Mass,Self-employed,Bengaluru,Karnataka,13.05844,77.71136,Medium,2019-12-12,Y
CUST000875,SYNTHETIC CUSTOMER 000875,76,Affluent,Retired,Jaipur,Rajasthan,27.01889,75.80328,Medium,2024-01-27,Y
CUST000876,SYNTHETIC CUSTOMER 000876,19,Mass,Salaried,Bengaluru,Karnataka,12.97689,77.58531,Low,2021-10-01,Y
CUST000877,SYNTHETIC CUSTOMER 000877,36,Mass,Salaried,Kolkata,West Bengal,22.62648,88.45936,Low,2022-10-05,Y
CUST000878,SYNTHETIC CUSTOMER 000878,20,Student,Salaried,Kolkata,West Bengal,22.6286,88.4826,Low,2020-11-17,Y
CUST000879,SYNTHETIC CUSTOMER 000879,75,Mass,Salaried,Chennai,Tamil Nadu,13.18257,80.22248,Low,2025-01-13,Y
CUST000880,SYNTHETIC CUSTOMER 000880,57,Mass,Professional,Kochi,Kerala,9.99672,76.32975,Low,2021-03-09,Y
CUST000881,SYNTHETIC CUSTOMER 000881,54,Affluent,Homemaker,Jaipur,Rajasthan,26.91939,75.83101,Low,2018-10-27,Y
CUST000882,SYNTHETIC CUSTOMER 000882,62,Student,Salaried,Ahmedabad,Gujarat,22.93286,72.67778,Low,2024-07-08,Y
CUST000883,SYNTHETIC CUSTOMER 000883,38,Mass,Professional,Ahmedabad,Gujarat,22.93077,72.5682,High,2022-09-29,Y
CUST000884,SYNTHETIC CUSTOMER 000884,43,Affluent,Professional,Hyderabad,Telangana,17.36958,78.40919,Medium,2024-06-04,Y
CUST000885,SYNTHETIC CUSTOMER 000885,38,Student,Salaried,Ahmedabad,Gujarat,23.02389,72.45209,Low,2019-07-11,Y
CUST000886,SYNTHETIC CUSTOMER 000886,35,Mass,Self-employed,Bengaluru,Karnataka,12.9644,77.51723,Medium,2024-03-06,Y
CUST000887,SYNTHETIC CUSTOMER 000887,23,SME,Self-employed,Chennai,Tamil Nadu,13.06342,80.24418,Low,2019-12-04,Y
CUST000888,SYNTHETIC CUSTOMER 000888,74,Mass,Retired,Kochi,Kerala,10.04665,76.30496,Medium,2022-06-22,Y
CUST000889,SYNTHETIC CUSTOMER 000889,18,Affluent,Homemaker,Pune,Maharashtra,18.51653,73.95415,Low,2018-09-04,Y
CUST000890,SYNTHETIC CUSTOMER 000890,73,Affluent,Self-employed,Kochi,Kerala,9.89391,76.29014,Medium,2022-11-17,Y
CUST000891,SYNTHETIC CUSTOMER 000891,60,Mass,Professional,Mumbai,Maharashtra,19.00923,72.80166,Low,2020-10-02,Y
CUST000892,SYNTHETIC CUSTOMER 000892,53,Mass,Professional,Pune,Maharashtra,18.57266,73.79703,Low,2022-08-24,Y
CUST000893,SYNTHETIC CUSTOMER 000893,63,Student,Student,Ahmedabad,Gujarat,22.98893,72.60017,Low,2022-01-20,Y
CUST000894,SYNTHETIC CUSTOMER 000894,47,Senior Citizen,Salaried,Hyderabad,Telangana,17.49094,78.38944,Medium,2018-04-22,Y
CUST000895,SYNTHETIC CUSTOMER 000895,38,Mass,Self-employed,Kochi,Kerala,10.03492,76.31497,Medium,2025-01-27,Y
CUST000896,SYNTHETIC CUSTOMER 000896,39,Mass,Salaried,Mumbai,Maharashtra,19.12867,72.80164,Low,2022-02-11,Y
CUST000897,SYNTHETIC CUSTOMER 000897,77,Affluent,Salaried,Ahmedabad,Gujarat,23.08086,72.61318,Low,2018-10-14,Y
CUST000898,SYNTHETIC CUSTOMER 000898,40,Mass,Student,Kochi,Kerala,9.81874,76.19878,Low,2025-06-30,Y
CUST000899,SYNTHETIC CUSTOMER 000899,76,Mass,Self-employed,Kolkata,West Bengal,22.5887,88.27906,Low,2021-12-14,Y
CUST000900,SYNTHETIC CUSTOMER 000900,63,Mass,Retired,Mumbai,Maharashtra,19.01906,72.94449,Low,2023-04-19,Y
CUST000901,SYNTHETIC CUSTOMER 000901,39,Mass,Self-employed,Ahmedabad,Gujarat,22.95481,72.60329,Low,2025-11-18,Y
CUST000902,SYNTHETIC CUSTOMER 000902,58,Mass,Salaried,Chennai,Tamil Nadu,13.18999,80.31929,Low,2024-04-30,Y
CUST000903,SYNTHETIC CUSTOMER 000903,58,Mass,Salaried,Mumbai,Maharashtra,19.08584,72.97695,Medium,2020-04-13,Y
CUST000904,SYNTHETIC CUSTOMER 000904,67,Affluent,Professional,Bengaluru,Karnataka,12.8918,77.48574,Low,2023-04-24,Y
CUST000905,SYNTHETIC CUSTOMER 000905,25,Mass,Retired,Kochi,Kerala,9.89382,76.1862,Low,2018-01-01,Y
CUST000906,SYNTHETIC CUSTOMER 000906,52,Affluent,Self-employed,Hyderabad,Telangana,17.39706,78.38627,Low,2019-05-29,Y
CUST000907,SYNTHETIC CUSTOMER 000907,56,Affluent,Homemaker,Ahmedabad,Gujarat,22.91862,72.68638,Medium,2019-03-07,Y
CUST000908,SYNTHETIC CUSTOMER 000908,29,Mass,Salaried,Ahmedabad,Gujarat,23.05011,72.5802,Low,2018-12-29,Y
CUST000909,SYNTHETIC CUSTOMER 000909,31,Mass,Homemaker,Mumbai,Maharashtra,19.02248,72.92915,High,2024-05-01,Y
CUST000910,SYNTHETIC CUSTOMER 000910,39,Affluent,Retired,Bengaluru,Karnataka,12.94932,77.56961,Medium,2025-12-22,Y
CUST000911,SYNTHETIC CUSTOMER 000911,28,SME,Homemaker,Hyderabad,Telangana,17.28652,78.53053,High,2018-04-26,Y
CUST000912,SYNTHETIC CUSTOMER 000912,52,Student,Homemaker,Delhi,Delhi,28.50995,77.1819,Medium,2024-03-09,Y
CUST000913,SYNTHETIC CUSTOMER 000913,41,Affluent,Retired,Hyderabad,Telangana,17.33777,78.43557,Low,2023-02-24,Y
CUST000914,SYNTHETIC CUSTOMER 000914,42,Mass,Self-employed,Delhi,Delhi,28.7056,77.11719,Low,2022-09-10,Y
CUST000915,SYNTHETIC CUSTOMER 000915,78,Senior Citizen,Professional,Ahmedabad,Gujarat,22.92604,72.60087,Low,2021-06-08,Y
CUST000916,SYNTHETIC CUSTOMER 000916,74,Senior Citizen,Self-employed,Chennai,Tamil Nadu,12.97652,80.27829,Low,2023-06-26,Y
CUST000917,SYNTHETIC CUSTOMER 000917,39,SME,Retired,Kochi,Kerala,9.90753,76.31821,Medium,2017-12-04,Y
CUST000918,SYNTHETIC CUSTOMER 000918,56,Mass,Homemaker,Pune,Maharashtra,18.49215,73.93035,Medium,2021-03-05,Y
CUST000919,SYNTHETIC CUSTOMER 000919,76,Senior Citizen,Professional,Kolkata,West Bengal,22.57453,88.43944,Medium,2023-12-05,Y
CUST000920,SYNTHETIC CUSTOMER 000920,26,Student,Student,Ahmedabad,Gujarat,23.08896,72.59264,Low,2024-09-03,Y
CUST000921,SYNTHETIC CUSTOMER 000921,32,Mass,Retired,Mumbai,Maharashtra,19.0659,72.78272,Low,2018-05-16,Y
CUST000922,SYNTHETIC CUSTOMER 000922,31,Mass,Self-employed,Jaipur,Rajasthan,27.02507,75.73435,Low,2024-01-12,Y
CUST000923,SYNTHETIC CUSTOMER 000923,19,Student,Homemaker,Bengaluru,Karnataka,12.95022,77.55654,Low,2024-05-08,Y
CUST000924,SYNTHETIC CUSTOMER 000924,62,Senior Citizen,Homemaker,Mumbai,Maharashtra,18.9926,72.86314,Low,2019-12-26,Y
CUST000925,SYNTHETIC CUSTOMER 000925,38,Mass,Self-employed,Bengaluru,Karnataka,13.0548,77.52137,Low,2021-03-27,Y
CUST000926,SYNTHETIC CUSTOMER 000926,29,Affluent,Retired,Bengaluru,Karnataka,12.85803,77.62937,Medium,2019-07-21,Y
CUST000927,SYNTHETIC CUSTOMER 000927,36,Affluent,Salaried,Kochi,Kerala,9.92488,76.31374,Low,2023-07-08,Y
CUST000928,SYNTHETIC CUSTOMER 000928,49,Mass,Professional,Jaipur,Rajasthan,26.82139,75.78866,Medium,2024-03-25,Y
CUST000929,SYNTHETIC CUSTOMER 000929,61,Mass,Professional,Jaipur,Rajasthan,27.02326,75.83676,Low,2020-06-23,Y
CUST000930,SYNTHETIC CUSTOMER 000930,27,Senior Citizen,Self-employed,Delhi,Delhi,28.71461,77.21101,High,2018-11-21,Y
CUST000931,SYNTHETIC CUSTOMER 000931,33,Affluent,Retired,Kolkata,West Bengal,22.6051,88.41719,Medium,2023-04-06,Y
CUST000932,SYNTHETIC CUSTOMER 000932,59,Senior Citizen,Salaried,Jaipur,Rajasthan,26.82804,75.88053,Low,2025-03-15,Y
CUST000933,SYNTHETIC CUSTOMER 000933,41,Student,Salaried,Chennai,Tamil Nadu,13.09918,80.34253,Low,2018-12-26,Y
CUST000934,SYNTHETIC CUSTOMER 000934,40,Mass,Retired,Kolkata,West Bengal,22.46705,88.43672,Medium,2024-06-20,Y
CUST000935,SYNTHETIC CUSTOMER 000935,59,Mass,Professional,Pune,Maharashtra,18.40912,73.96587,Low,2020-09-07,Y
CUST000936,SYNTHETIC CUSTOMER 000936,71,Mass,Self-employed,Jaipur,Rajasthan,26.84232,75.81873,Low,2019-08-06,Y
CUST000937,SYNTHETIC CUSTOMER 000937,28,Mass,Salaried,Delhi,Delhi,28.51052,77.29112,Low,2022-02-03,Y
CUST000938,SYNTHETIC CUSTOMER 000938,37,Mass,Student,Jaipur,Rajasthan,26.9754,75.78644,Low,2022-09-01,Y
CUST000939,SYNTHETIC CUSTOMER 000939,32,Mass,Homemaker,Delhi,Delhi,28.50293,77.26639,Low,2022-12-14,Y
CUST000940,SYNTHETIC CUSTOMER 000940,25,Mass,Student,Mumbai,Maharashtra,18.99466,72.85695,Low,2023-09-10,Y
CUST000941,SYNTHETIC CUSTOMER 000941,65,Student,Student,Chennai,Tamil Nadu,13.13287,80.33924,Low,2022-08-01,Y
CUST000942,SYNTHETIC CUSTOMER 000942,71,Mass,Homemaker,Chennai,Tamil Nadu,13.09743,80.18576,Low,2025-06-21,Y
CUST000943,SYNTHETIC CUSTOMER 000943,66,Mass,Retired,Bengaluru,Karnataka,12.93004,77.69042,Low,2020-03-10,Y
CUST000944,SYNTHETIC CUSTOMER 000944,42,Affluent,Student,Chennai,Tamil Nadu,12.99831,80.29733,Medium,2019-08-27,Y
CUST000945,SYNTHETIC CUSTOMER 000945,37,SME,Professional,Chennai,Tamil Nadu,13.12968,80.24587,Low,2023-07-11,Y
CUST000946,SYNTHETIC CUSTOMER 000946,34,Mass,Self-employed,Chennai,Tamil Nadu,13.12015,80.15519,Low,2023-05-28,Y
CUST000947,SYNTHETIC CUSTOMER 000947,42,Affluent,Student,Bengaluru,Karnataka,13.08182,77.51132,Medium,2018-09-03,Y
CUST000948,SYNTHETIC CUSTOMER 000948,57,Mass,Professional,Bengaluru,Karnataka,12.95291,77.5558,Medium,2020-12-23,Y
CUST000949,SYNTHETIC CUSTOMER 000949,43,Mass,Student,Bengaluru,Karnataka,12.87747,77.52366,Low,2025-11-23,Y
CUST000950,SYNTHETIC CUSTOMER 000950,27,Mass,Retired,Mumbai,Maharashtra,19.10232,72.84107,Medium,2022-06-21,Y
CUST000951,SYNTHETIC CUSTOMER 000951,70,Affluent,Student,Kochi,Kerala,9.8676,76.19933,Low,2017-12-20,Y
CUST000952,SYNTHETIC CUSTOMER 000952,46,Student,Salaried,Mumbai,Maharashtra,19.12933,72.97761,Medium,2023-02-07,Y
CUST000953,SYNTHETIC CUSTOMER 000953,52,Mass,Homemaker,Mumbai,Maharashtra,19.16538,72.86347,Low,2018-05-29,Y
CUST000954,SYNTHETIC CUSTOMER 000954,65,Senior Citizen,Homemaker,Chennai,Tamil Nadu,13.02208,80.21048,Low,2023-11-26,Y
CUST000955,SYNTHETIC CUSTOMER 000955,20,Mass,Professional,Jaipur,Rajasthan,26.8756,75.83251,Low,2021-05-05,Y
CUST000956,SYNTHETIC CUSTOMER 000956,57,Affluent,Professional,Hyderabad,Telangana,17.35019,78.51026,Low,2024-10-11,Y
CUST000957,SYNTHETIC CUSTOMER 000957,27,Mass,Student,Bengaluru,Karnataka,12.94176,77.56505,Low,2022-05-31,Y
CUST000958,SYNTHETIC CUSTOMER 000958,74,Mass,Retired,Chennai,Tamil Nadu,12.96715,80.27123,Medium,2020-03-10,Y
CUST000959,SYNTHETIC CUSTOMER 000959,40,SME,Homemaker,Pune,Maharashtra,18.58426,73.81187,Low,2018-05-12,Y
CUST000960,SYNTHETIC CUSTOMER 000960,76,Mass,Retired,Delhi,Delhi,28.57044,77.12992,Low,2021-12-25,Y
CUST000961,SYNTHETIC CUSTOMER 000961,27,Affluent,Self-employed,Kolkata,West Bengal,22.48069,88.32132,Low,2021-05-27,Y
CUST000962,SYNTHETIC CUSTOMER 000962,64,Mass,Professional,Pune,Maharashtra,18.58375,73.77987,Low,2021-03-02,Y
CUST000963,SYNTHETIC CUSTOMER 000963,20,SME,Salaried,Jaipur,Rajasthan,26.92066,75.87154,Low,2018-02-08,Y
CUST000964,SYNTHETIC CUSTOMER 000964,43,Mass,Retired,Jaipur,Rajasthan,26.79442,75.85056,Low,2024-10-10,Y
CUST000965,SYNTHETIC CUSTOMER 000965,46,Senior Citizen,Retired,Kochi,Kerala,9.92651,76.34696,Low,2020-03-01,Y
CUST000966,SYNTHETIC CUSTOMER 000966,63,Mass,Self-employed,Bengaluru,Karnataka,13.04568,77.51757,Medium,2023-11-03,Y
CUST000967,SYNTHETIC CUSTOMER 000967,27,Student,Retired,Ahmedabad,Gujarat,23.0,72.59766,Medium,2019-02-18,Y
CUST000968,SYNTHETIC CUSTOMER 000968,65,Mass,Salaried,Pune,Maharashtra,18.44074,73.73721,Low,2025-12-11,Y
CUST000969,SYNTHETIC CUSTOMER 000969,75,Mass,Professional,Bengaluru,Karnataka,13.02195,77.69908,Low,2019-10-21,Y
CUST000970,SYNTHETIC CUSTOMER 000970,74,Mass,Professional,Delhi,Delhi,28.7032,77.23526,Low,2021-09-07,Y
CUST000971,SYNTHETIC CUSTOMER 000971,18,Affluent,Salaried,Pune,Maharashtra,18.44597,73.89602,High,2024-03-31,Y
CUST000972,SYNTHETIC CUSTOMER 000972,51,SME,Salaried,Kochi,Kerala,9.98118,76.33072,Low,2018-02-25,Y
CUST000973,SYNTHETIC CUSTOMER 000973,57,Mass,Salaried,Chennai,Tamil Nadu,13.10831,80.38027,Low,2024-09-11,Y
CUST000974,SYNTHETIC CUSTOMER 000974,19,Mass,Homemaker,Ahmedabad,Gujarat,23.09976,72.48756,High,2021-08-16,Y
CUST000975,SYNTHETIC CUSTOMER 000975,75,Affluent,Professional,Kochi,Kerala,9.89362,76.20094,High,2022-12-12,Y
CUST000976,SYNTHETIC CUSTOMER 000976,49,Affluent,Retired,Ahmedabad,Gujarat,22.90342,72.63904,Low,2020-11-16,Y
CUST000977,SYNTHETIC CUSTOMER 000977,71,Mass,Student,Pune,Maharashtra,18.62689,73.81911,Low,2021-07-15,Y
CUST000978,SYNTHETIC CUSTOMER 000978,71,Senior Citizen,Salaried,Kolkata,West Bengal,22.46014,88.33953,Medium,2020-11-11,Y
CUST000979,SYNTHETIC CUSTOMER 000979,18,Mass,Self-employed,Jaipur,Rajasthan,26.92191,75.80063,Low,2018-07-17,Y
CUST000980,SYNTHETIC CUSTOMER 000980,18,Senior Citizen,Salaried,Kolkata,West Bengal,22.61572,88.41675,Low,2018-05-24,Y
CUST000981,SYNTHETIC CUSTOMER 000981,45,SME,Student,Jaipur,Rajasthan,26.80483,75.84998,Low,2017-12-02,Y
CUST000982,SYNTHETIC CUSTOMER 000982,21,Student,Salaried,Kolkata,West Bengal,22.67314,88.31662,Low,2023-03-07,Y
CUST000983,SYNTHETIC CUSTOMER 000983,25,Student,Self-employed,Bengaluru,Karnataka,12.93421,77.61797,Low,2020-08-25,Y
CUST000984,SYNTHETIC CUSTOMER 000984,48,Mass,Student,Mumbai,Maharashtra,19.02886,72.82696,Medium,2022-05-10,Y
CUST000985,SYNTHETIC CUSTOMER 000985,21,Mass,Professional,Hyderabad,Telangana,17.32479,78.39735,Low,2023-12-07,Y
CUST000986,SYNTHETIC CUSTOMER 000986,29,Affluent,Self-employed,Kolkata,West Bengal,22.52587,88.4074,Low,2022-02-14,Y
CUST000987,SYNTHETIC CUSTOMER 000987,48,Mass,Student,Ahmedabad,Gujarat,22.99037,72.50296,Low,2024-06-03,Y
CUST000988,SYNTHETIC CUSTOMER 000988,36,Mass,Student,Kochi,Kerala,9.95593,76.1561,Medium,2023-05-31,Y
CUST000989,SYNTHETIC CUSTOMER 000989,52,Affluent,Professional,Mumbai,Maharashtra,19.1509,72.89134,Medium,2022-01-19,Y
CUST000990,SYNTHETIC CUSTOMER 000990,31,Mass,Homemaker,Chennai,Tamil Nadu,13.13765,80.26653,Medium,2020-04-07,Y
CUST000991,SYNTHETIC CUSTOMER 000991,65,SME,Retired,Hyderabad,Telangana,17.30402,78.56088,Low,2019-05-28,Y
CUST000992,SYNTHETIC CUSTOMER 000992,32,Affluent,Retired,Kochi,Kerala,9.93871,76.20345,Low,2018-05-04,Y
CUST000993,SYNTHETIC CUSTOMER 000993,41,SME,Professional,Kochi,Kerala,9.94585,76.35774,Low,2020-07-04,Y
CUST000994,SYNTHETIC CUSTOMER 000994,58,Affluent,Self-employed,Chennai,Tamil Nadu,13.16907,80.36639,Low,2020-10-28,Y
CUST000995,SYNTHETIC CUSTOMER 000995,51,SME,Self-employed,Ahmedabad,Gujarat,23.13819,72.47655,High,2023-12-18,Y
CUST000996,SYNTHETIC CUSTOMER 000996,35,Student,Salaried,Ahmedabad,Gujarat,22.98327,72.45413,Medium,2025-10-02,Y
CUST000997,SYNTHETIC CUSTOMER 000997,23,Mass,Student,Kochi,Kerala,9.96888,76.32598,Low,2019-12-20,Y
CUST000998,SYNTHETIC CUSTOMER 000998,23,Mass,Professional,Kochi,Kerala,10.04125,76.27513,Low,2019-07-29,Y
CUST000999,SYNTHETIC CUSTOMER 000999,69,Mass,Professional,Jaipur,Rajasthan,26.91295,75.69682,Low,2022-10-30,Y
CUST001000,SYNTHETIC CUSTOMER 001000,76,SME,Self-employed,Pune,Maharashtra,18.45249,73.82038,Low,2017-12-04,Y
CUST001001,SYNTHETIC CUSTOMER 001001,73,Mass,Student,Delhi,Delhi,28.58404,77.22935,Low,2019-08-21,Y
CUST001002,SYNTHETIC CUSTOMER 001002,48,Student,Self-employed,Bengaluru,Karnataka,12.96126,77.67986,Low,2019-11-24,Y
CUST001003,SYNTHETIC CUSTOMER 001003,58,Senior Citizen,Student,Ahmedabad,Gujarat,22.98284,72.66073,Medium,2018-11-20,Y
CUST001004,SYNTHETIC CUSTOMER 001004,34,Senior Citizen,Salaried,Ahmedabad,Gujarat,23.00323,72.55273,Low,2020-04-18,Y
CUST001005,SYNTHETIC CUSTOMER 001005,73,SME,Homemaker,Chennai,Tamil Nadu,13.19435,80.37147,Low,2019-08-14,Y
CUST001006,SYNTHETIC CUSTOMER 001006,25,Mass,Retired,Ahmedabad,Gujarat,23.11568,72.45651,Low,2021-03-29,Y
CUST001007,SYNTHETIC CUSTOMER 001007,64,Senior Citizen,Self-employed,Kolkata,West Bengal,22.54973,88.42654,Low,2020-12-18,Y
CUST001008,SYNTHETIC CUSTOMER 001008,59,Affluent,Homemaker,Hyderabad,Telangana,17.37584,78.36846,Low,2022-11-15,Y
CUST001009,SYNTHETIC CUSTOMER 001009,22,Student,Homemaker,Delhi,Delhi,28.60975,77.23687,Low,2024-11-24,Y
CUST001010,SYNTHETIC CUSTOMER 001010,71,Mass,Retired,Bengaluru,Karnataka,12.8862,77.54411,Low,2023-01-13,Y
CUST001011,SYNTHETIC CUSTOMER 001011,45,Mass,Professional,Delhi,Delhi,28.58546,77.10106,Low,2025-11-14,Y
CUST001012,SYNTHETIC CUSTOMER 001012,64,Mass,Retired,Delhi,Delhi,28.631,77.13618,Low,2019-11-28,Y
CUST001013,SYNTHETIC CUSTOMER 001013,69,Senior Citizen,Salaried,Kochi,Kerala,9.95888,76.16877,Low,2025-08-14,Y
CUST001014,SYNTHETIC CUSTOMER 001014,49,SME,Salaried,Chennai,Tamil Nadu,13.00282,80.34456,Low,2025-03-28,Y
CUST001015,SYNTHETIC CUSTOMER 001015,23,Mass,Self-employed,Bengaluru,Karnataka,12.8553,77.55676,Low,2023-08-07,Y
CUST001016,SYNTHETIC CUSTOMER 001016,40,Mass,Homemaker,Bengaluru,Karnataka,12.90552,77.50593,Low,2021-06-02,Y
CUST001017,SYNTHETIC CUSTOMER 001017,38,Affluent,Salaried,Hyderabad,Telangana,17.39389,78.58802,High,2024-12-26,Y
CUST001018,SYNTHETIC CUSTOMER 001018,50,Senior Citizen,Salaried,Pune,Maharashtra,18.47527,73.79882,Low,2020-04-10,Y
CUST001019,SYNTHETIC CUSTOMER 001019,77,SME,Professional,Kochi,Kerala,10.0257,76.38118,Medium,2021-08-07,Y
CUST001020,SYNTHETIC CUSTOMER 001020,51,Mass,Professional,Bengaluru,Karnataka,12.91744,77.5196,Low,2017-12-29,Y
CUST001021,SYNTHETIC CUSTOMER 001021,21,SME,Salaried,Delhi,Delhi,28.62555,77.17946,Low,2022-09-26,Y
CUST001022,SYNTHETIC CUSTOMER 001022,27,SME,Homemaker,Kochi,Kerala,9.84453,76.26597,Medium,2020-11-19,Y
CUST001023,SYNTHETIC CUSTOMER 001023,78,Senior Citizen,Salaried,Jaipur,Rajasthan,27.01074,75.76936,Medium,2023-02-11,Y
CUST001024,SYNTHETIC CUSTOMER 001024,38,Affluent,Salaried,Hyderabad,Telangana,17.40999,78.52168,Low,2018-03-22,Y
CUST001025,SYNTHETIC CUSTOMER 001025,35,Mass,Self-employed,Kolkata,West Bengal,22.45979,88.3211,Low,2019-07-24,Y
CUST001026,SYNTHETIC CUSTOMER 001026,67,Student,Homemaker,Mumbai,Maharashtra,18.97798,72.87938,Low,2024-06-17,Y
CUST001027,SYNTHETIC CUSTOMER 001027,32,Senior Citizen,Retired,Kolkata,West Bengal,22.53864,88.47693,Medium,2021-05-23,Y
CUST001028,SYNTHETIC CUSTOMER 001028,73,Mass,Homemaker,Kochi,Kerala,9.83866,76.15491,Medium,2020-10-17,Y
CUST001029,SYNTHETIC CUSTOMER 001029,23,Mass,Salaried,Bengaluru,Karnataka,13.03055,77.51679,Low,2024-07-31,Y
CUST001030,SYNTHETIC CUSTOMER 001030,59,SME,Student,Pune,Maharashtra,18.43504,73.84225,Low,2023-07-21,Y
CUST001031,SYNTHETIC CUSTOMER 001031,31,SME,Homemaker,Ahmedabad,Gujarat,22.97669,72.65428,High,2023-02-05,Y
CUST001032,SYNTHETIC CUSTOMER 001032,70,SME,Self-employed,Hyderabad,Telangana,17.49365,78.46132,Low,2025-12-18,Y
CUST001033,SYNTHETIC CUSTOMER 001033,72,Student,Retired,Ahmedabad,Gujarat,23.02505,72.65403,Low,2019-01-05,Y
CUST001034,SYNTHETIC CUSTOMER 001034,50,Student,Student,Hyderabad,Telangana,17.50342,78.60035,Low,2024-08-06,Y
CUST001035,SYNTHETIC CUSTOMER 001035,65,Student,Professional,Pune,Maharashtra,18.43967,73.79833,Medium,2024-01-29,Y
CUST001036,SYNTHETIC CUSTOMER 001036,47,Mass,Self-employed,Jaipur,Rajasthan,26.99812,75.77027,Low,2022-07-26,Y
CUST001037,SYNTHETIC CUSTOMER 001037,70,Mass,Self-employed,Mumbai,Maharashtra,19.03064,72.91526,Medium,2022-11-17,Y
CUST001038,SYNTHETIC CUSTOMER 001038,53,Mass,Retired,Delhi,Delhi,28.6434,77.30798,Medium,2025-06-14,Y
CUST001039,SYNTHETIC CUSTOMER 001039,66,SME,Professional,Kolkata,West Bengal,22.62582,88.30591,High,2019-06-25,Y
CUST001040,SYNTHETIC CUSTOMER 001040,63,Mass,Self-employed,Delhi,Delhi,28.60731,77.12895,Low,2020-01-30,Y
CUST001041,SYNTHETIC CUSTOMER 001041,62,Mass,Professional,Hyderabad,Telangana,17.45201,78.4795,Low,2024-04-09,Y
CUST001042,SYNTHETIC CUSTOMER 001042,73,Student,Professional,Ahmedabad,Gujarat,23.11921,72.49509,Low,2022-10-16,Y
CUST001043,SYNTHETIC CUSTOMER 001043,43,Senior Citizen,Salaried,Bengaluru,Karnataka,13.04104,77.56687,Low,2018-07-04,Y
CUST001044,SYNTHETIC CUSTOMER 001044,62,Mass,Professional,Kolkata,West Bengal,22.59134,88.47971,Low,2021-12-01,Y
CUST001045,SYNTHETIC CUSTOMER 001045,36,SME,Self-employed,Jaipur,Rajasthan,26.96108,75.83406,Medium,2019-01-20,Y
CUST001046,SYNTHETIC CUSTOMER 001046,70,Affluent,Salaried,Pune,Maharashtra,18.60636,73.74794,Low,2024-11-15,Y
CUST001047,SYNTHETIC CUSTOMER 001047,18,Affluent,Salaried,Chennai,Tamil Nadu,13.15954,80.36201,Low,2022-11-28,Y
CUST001048,SYNTHETIC CUSTOMER 001048,26,Mass,Salaried,Ahmedabad,Gujarat,22.99181,72.58647,Low,2020-04-28,Y
CUST001049,SYNTHETIC CUSTOMER 001049,45,Mass,Student,Bengaluru,Karnataka,13.05382,77.56335,Medium,2022-11-12,Y
CUST001050,SYNTHETIC CUSTOMER 001050,42,Mass,Student,Jaipur,Rajasthan,26.97353,75.78266,Medium,2018-10-25,Y
CUST001051,SYNTHETIC CUSTOMER 001051,50,Student,Student,Chennai,Tamil Nadu,13.13206,80.31191,Medium,2021-09-15,Y
CUST001052,SYNTHETIC CUSTOMER 001052,26,Mass,Student,Ahmedabad,Gujarat,23.05915,72.54194,Low,2023-09-08,Y
CUST001053,SYNTHETIC CUSTOMER 001053,56,SME,Retired,Pune,Maharashtra,18.61542,73.90328,Low,2023-01-20,Y
CUST001054,SYNTHETIC CUSTOMER 001054,67,Senior Citizen,Professional,Jaipur,Rajasthan,26.8404,75.76765,Low,2025-01-24,Y
CUST001055,SYNTHETIC CUSTOMER 001055,63,Student,Retired,Kochi,Kerala,9.87233,76.25202,Low,2025-02-21,Y
CUST001056,SYNTHETIC CUSTOMER 001056,78,SME,Self-employed,Mumbai,Maharashtra,19.07171,72.78324,Low,2025-03-01,Y
CUST001057,SYNTHETIC CUSTOMER 001057,25,Student,Student,Kochi,Kerala,10.01212,76.2443,Low,2019-10-20,Y
CUST001058,SYNTHETIC CUSTOMER 001058,44,Student,Homemaker,Mumbai,Maharashtra,19.19215,72.94843,High,2025-11-07,Y
CUST001059,SYNTHETIC CUSTOMER 001059,18,Student,Homemaker,Mumbai,Maharashtra,19.02589,72.80529,Medium,2023-12-08,Y
CUST001060,SYNTHETIC CUSTOMER 001060,45,Mass,Retired,Kochi,Kerala,10.03101,76.14858,High,2023-07-07,Y
CUST001061,SYNTHETIC CUSTOMER 001061,28,Mass,Salaried,Ahmedabad,Gujarat,22.93079,72.54443,Medium,2022-02-07,Y
CUST001062,SYNTHETIC CUSTOMER 001062,40,Affluent,Student,Bengaluru,Karnataka,12.99275,77.53815,High,2018-12-24,Y
CUST001063,SYNTHETIC CUSTOMER 001063,56,Affluent,Self-employed,Hyderabad,Telangana,17.30968,78.38536,Low,2021-11-03,Y
CUST001064,SYNTHETIC CUSTOMER 001064,31,Senior Citizen,Self-employed,Kolkata,West Bengal,22.68238,88.30262,Low,2025-04-02,Y
CUST001065,SYNTHETIC CUSTOMER 001065,55,Mass,Self-employed,Delhi,Delhi,28.49564,77.21798,Low,2022-02-12,Y
CUST001066,SYNTHETIC CUSTOMER 001066,56,Mass,Professional,Kochi,Kerala,10.03953,76.1756,Low,2023-04-14,Y
CUST001067,SYNTHETIC CUSTOMER 001067,39,Affluent,Retired,Hyderabad,Telangana,17.45624,78.50733,Low,2023-12-24,Y
CUST001068,SYNTHETIC CUSTOMER 001068,34,Affluent,Retired,Jaipur,Rajasthan,27.00775,75.70135,Low,2025-09-20,Y
CUST001069,SYNTHETIC CUSTOMER 001069,40,SME,Student,Kolkata,West Bengal,22.47518,88.29427,Low,2024-06-10,Y
CUST001070,SYNTHETIC CUSTOMER 001070,23,Student,Self-employed,Chennai,Tamil Nadu,13.0194,80.34717,Low,2018-12-17,Y
CUST001071,SYNTHETIC CUSTOMER 001071,42,Mass,Homemaker,Mumbai,Maharashtra,19.00359,72.80785,Medium,2023-05-18,Y
CUST001072,SYNTHETIC CUSTOMER 001072,39,Mass,Professional,Chennai,Tamil Nadu,13.15125,80.23693,Low,2020-02-04,Y
CUST001073,SYNTHETIC CUSTOMER 001073,26,Mass,Retired,Jaipur,Rajasthan,26.97934,75.75428,Low,2023-07-30,Y
CUST001074,SYNTHETIC CUSTOMER 001074,64,Affluent,Student,Hyderabad,Telangana,17.48912,78.46408,Medium,2022-08-23,Y
CUST001075,SYNTHETIC CUSTOMER 001075,54,Mass,Professional,Chennai,Tamil Nadu,12.96545,80.15393,Low,2018-02-17,Y
CUST001076,SYNTHETIC CUSTOMER 001076,71,Mass,Retired,Delhi,Delhi,28.50334,77.26112,Low,2019-02-11,Y
CUST001077,SYNTHETIC CUSTOMER 001077,32,Mass,Professional,Hyderabad,Telangana,17.26639,78.37793,Low,2025-10-07,Y
CUST001078,SYNTHETIC CUSTOMER 001078,51,Mass,Homemaker,Pune,Maharashtra,18.48536,73.74023,Low,2022-05-10,Y
CUST001079,SYNTHETIC CUSTOMER 001079,18,Student,Salaried,Delhi,Delhi,28.68412,77.15115,Low,2018-01-06,Y
CUST001080,SYNTHETIC CUSTOMER 001080,51,Affluent,Retired,Ahmedabad,Gujarat,23.13075,72.66603,Low,2025-08-26,Y
CUST001081,SYNTHETIC CUSTOMER 001081,24,Mass,Student,Ahmedabad,Gujarat,23.00843,72.69092,Low,2020-06-17,Y
CUST001082,SYNTHETIC CUSTOMER 001082,40,Mass,Student,Ahmedabad,Gujarat,22.98296,72.49853,Low,2021-08-24,Y
CUST001083,SYNTHETIC CUSTOMER 001083,45,Mass,Professional,Ahmedabad,Gujarat,22.96639,72.60808,Low,2025-12-20,Y
CUST001084,SYNTHETIC CUSTOMER 001084,19,Student,Professional,Kolkata,West Bengal,22.4604,88.43134,Medium,2020-08-28,Y
CUST001085,SYNTHETIC CUSTOMER 001085,47,Mass,Self-employed,Jaipur,Rajasthan,26.96706,75.68707,Low,2020-12-11,Y
CUST001086,SYNTHETIC CUSTOMER 001086,51,Student,Salaried,Chennai,Tamil Nadu,13.08691,80.29684,Low,2025-08-18,Y
CUST001087,SYNTHETIC CUSTOMER 001087,20,Mass,Retired,Delhi,Delhi,28.50266,77.25841,Low,2021-01-09,Y
CUST001088,SYNTHETIC CUSTOMER 001088,44,Mass,Self-employed,Bengaluru,Karnataka,13.05743,77.69329,Low,2018-10-20,Y
CUST001089,SYNTHETIC CUSTOMER 001089,44,SME,Professional,Ahmedabad,Gujarat,23.06564,72.492,Low,2020-03-25,Y
CUST001090,SYNTHETIC CUSTOMER 001090,34,SME,Salaried,Hyderabad,Telangana,17.39965,78.5503,Low,2025-02-18,Y
CUST001091,SYNTHETIC CUSTOMER 001091,54,Mass,Self-employed,Hyderabad,Telangana,17.42728,78.57782,Medium,2020-09-07,Y
CUST001092,SYNTHETIC CUSTOMER 001092,67,Senior Citizen,Self-employed,Kolkata,West Bengal,22.56388,88.35371,Medium,2025-12-09,Y
CUST001093,SYNTHETIC CUSTOMER 001093,36,SME,Salaried,Kochi,Kerala,9.94694,76.38211,Low,2020-12-18,Y
CUST001094,SYNTHETIC CUSTOMER 001094,32,Mass,Student,Jaipur,Rajasthan,26.91543,75.85349,Low,2018-08-15,Y
CUST001095,SYNTHETIC CUSTOMER 001095,60,Senior Citizen,Student,Pune,Maharashtra,18.42774,73.94863,Low,2020-02-02,Y
CUST001096,SYNTHETIC CUSTOMER 001096,25,Senior Citizen,Salaried,Delhi,Delhi,28.71876,77.32356,Low,2021-05-20,Y
CUST001097,SYNTHETIC CUSTOMER 001097,71,Affluent,Student,Bengaluru,Karnataka,12.97798,77.65514,Low,2025-09-01,Y
CUST001098,SYNTHETIC CUSTOMER 001098,72,SME,Retired,Hyderabad,Telangana,17.45695,78.46417,Low,2024-07-09,Y
CUST001099,SYNTHETIC CUSTOMER 001099,61,Mass,Professional,Chennai,Tamil Nadu,13.07899,80.15211,Medium,2024-01-02,Y
CUST001100,SYNTHETIC CUSTOMER 001100,29,Mass,Salaried,Ahmedabad,Gujarat,22.9664,72.55972,Low,2018-02-09,Y
CUST001101,SYNTHETIC CUSTOMER 001101,62,Mass,Salaried,Pune,Maharashtra,18.50591,73.82483,Low,2022-11-19,Y
CUST001102,SYNTHETIC CUSTOMER 001102,51,Affluent,Professional,Ahmedabad,Gujarat,23.04297,72.48244,Low,2019-06-27,Y
CUST001103,SYNTHETIC CUSTOMER 001103,44,Mass,Retired,Kochi,Kerala,10.04316,76.37497,Low,2019-08-16,Y
CUST001104,SYNTHETIC CUSTOMER 001104,48,SME,Homemaker,Kolkata,West Bengal,22.54856,88.36744,Medium,2018-01-16,Y
CUST001105,SYNTHETIC CUSTOMER 001105,75,Senior Citizen,Student,Jaipur,Rajasthan,26.85168,75.74587,Low,2019-03-30,Y
CUST001106,SYNTHETIC CUSTOMER 001106,71,Senior Citizen,Self-employed,Ahmedabad,Gujarat,23.08178,72.46756,Low,2022-08-02,Y
CUST001107,SYNTHETIC CUSTOMER 001107,38,Student,Retired,Jaipur,Rajasthan,26.94494,75.79776,Low,2024-07-09,Y
CUST001108,SYNTHETIC CUSTOMER 001108,45,Mass,Retired,Delhi,Delhi,28.72008,77.11355,Low,2023-01-29,Y
CUST001109,SYNTHETIC CUSTOMER 001109,54,Senior Citizen,Retired,Hyderabad,Telangana,17.38027,78.54855,Low,2018-09-12,Y
CUST001110,SYNTHETIC CUSTOMER 001110,38,Affluent,Professional,Delhi,Delhi,28.51716,77.10144,Medium,2020-07-05,Y
CUST001111,SYNTHETIC CUSTOMER 001111,55,Affluent,Salaried,Kochi,Kerala,9.92743,76.19769,Low,2025-07-21,Y
CUST001112,SYNTHETIC CUSTOMER 001112,44,SME,Professional,Ahmedabad,Gujarat,23.08837,72.52705,Medium,2025-04-08,Y
CUST001113,SYNTHETIC CUSTOMER 001113,20,Mass,Student,Kolkata,West Bengal,22.47021,88.43465,Low,2020-04-19,Y
CUST001114,SYNTHETIC CUSTOMER 001114,18,Affluent,Retired,Mumbai,Maharashtra,18.95871,72.8167,Low,2025-11-12,Y
CUST001115,SYNTHETIC CUSTOMER 001115,76,Mass,Student,Mumbai,Maharashtra,19.08912,72.92198,Medium,2022-11-18,Y
CUST001116,SYNTHETIC CUSTOMER 001116,75,SME,Salaried,Kochi,Kerala,9.97729,76.31753,Low,2023-09-09,Y
CUST001117,SYNTHETIC CUSTOMER 001117,56,Affluent,Salaried,Kochi,Kerala,10.04617,76.31905,Low,2019-04-14,Y
CUST001118,SYNTHETIC CUSTOMER 001118,52,Mass,Student,Pune,Maharashtra,18.48164,73.74799,Low,2024-03-06,Y
CUST001119,SYNTHETIC CUSTOMER 001119,75,Mass,Professional,Mumbai,Maharashtra,18.95768,72.87228,Low,2022-12-13,Y
CUST001120,SYNTHETIC CUSTOMER 001120,54,SME,Professional,Pune,Maharashtra,18.45893,73.80205,Low,2020-07-22,Y
CUST001121,SYNTHETIC CUSTOMER 001121,41,Mass,Self-employed,Jaipur,Rajasthan,26.92573,75.77492,Low,2023-08-01,Y
CUST001122,SYNTHETIC CUSTOMER 001122,64,Mass,Self-employed,Mumbai,Maharashtra,19.10986,72.91298,Low,2021-03-13,Y
CUST001123,SYNTHETIC CUSTOMER 001123,19,Mass,Self-employed,Mumbai,Maharashtra,19.03735,72.92295,Low,2020-11-05,Y
CUST001124,SYNTHETIC CUSTOMER 001124,38,Senior Citizen,Homemaker,Ahmedabad,Gujarat,22.96811,72.60264,Low,2024-06-20,Y
CUST001125,SYNTHETIC CUSTOMER 001125,63,Affluent,Salaried,Mumbai,Maharashtra,19.04943,72.90872,Low,2020-01-26,Y
CUST001126,SYNTHETIC CUSTOMER 001126,71,Mass,Retired,Pune,Maharashtra,18.53042,73.74402,Low,2025-11-21,Y
CUST001127,SYNTHETIC CUSTOMER 001127,41,Mass,Salaried,Jaipur,Rajasthan,26.95581,75.68358,High,2023-06-04,Y
CUST001128,SYNTHETIC CUSTOMER 001128,33,Mass,Self-employed,Chennai,Tamil Nadu,13.03652,80.28682,Low,2025-05-16,Y
CUST001129,SYNTHETIC CUSTOMER 001129,66,Senior Citizen,Salaried,Kochi,Kerala,9.93713,76.28544,Low,2021-07-18,Y
CUST001130,SYNTHETIC CUSTOMER 001130,60,Affluent,Homemaker,Kochi,Kerala,9.90624,76.37646,Low,2021-10-23,Y
CUST001131,SYNTHETIC CUSTOMER 001131,19,Affluent,Self-employed,Hyderabad,Telangana,17.3688,78.42475,Low,2023-11-18,Y
CUST001132,SYNTHETIC CUSTOMER 001132,76,Mass,Professional,Chennai,Tamil Nadu,13.02032,80.19003,Low,2021-07-30,Y
CUST001133,SYNTHETIC CUSTOMER 001133,61,Mass,Self-employed,Bengaluru,Karnataka,12.98966,77.53493,Low,2026-01-02,Y
CUST001134,SYNTHETIC CUSTOMER 001134,39,Student,Retired,Mumbai,Maharashtra,19.16288,72.83648,Medium,2022-12-29,Y
CUST001135,SYNTHETIC CUSTOMER 001135,29,Mass,Self-employed,Delhi,Delhi,28.5977,77.2391,Medium,2024-04-26,Y
CUST001136,SYNTHETIC CUSTOMER 001136,18,Mass,Retired,Ahmedabad,Gujarat,22.98926,72.50853,Low,2025-08-14,Y
CUST001137,SYNTHETIC CUSTOMER 001137,75,SME,Self-employed,Chennai,Tamil Nadu,12.96714,80.30622,Low,2021-02-18,Y
CUST001138,SYNTHETIC CUSTOMER 001138,33,Mass,Salaried,Bengaluru,Karnataka,12.89742,77.59661,Low,2022-01-02,Y
CUST001139,SYNTHETIC CUSTOMER 001139,62,Senior Citizen,Professional,Jaipur,Rajasthan,26.95545,75.84695,Medium,2019-12-07,Y
CUST001140,SYNTHETIC CUSTOMER 001140,26,Mass,Self-employed,Pune,Maharashtra,18.63449,73.79844,Low,2021-09-25,Y
CUST001141,SYNTHETIC CUSTOMER 001141,70,Mass,Self-employed,Bengaluru,Karnataka,12.97905,77.6943,Low,2020-06-04,Y
CUST001142,SYNTHETIC CUSTOMER 001142,52,Mass,Homemaker,Delhi,Delhi,28.50777,77.24674,Low,2022-10-02,Y
CUST001143,SYNTHETIC CUSTOMER 001143,35,SME,Professional,Pune,Maharashtra,18.59163,73.78297,Low,2018-05-26,Y
CUST001144,SYNTHETIC CUSTOMER 001144,44,Mass,Salaried,Pune,Maharashtra,18.61661,73.91249,Low,2018-05-01,Y
CUST001145,SYNTHETIC CUSTOMER 001145,51,Mass,Retired,Mumbai,Maharashtra,19.08104,72.95193,Low,2020-01-20,Y
CUST001146,SYNTHETIC CUSTOMER 001146,55,Mass,Professional,Chennai,Tamil Nadu,13.18661,80.15189,Low,2023-09-29,Y
CUST001147,SYNTHETIC CUSTOMER 001147,44,Mass,Self-employed,Hyderabad,Telangana,17.47666,78.43829,Low,2023-01-02,Y
CUST001148,SYNTHETIC CUSTOMER 001148,55,Mass,Homemaker,Hyderabad,Telangana,17.44984,78.51981,Low,2019-03-13,Y
CUST001149,SYNTHETIC CUSTOMER 001149,38,Affluent,Student,Chennai,Tamil Nadu,13.07407,80.23564,Medium,2021-10-09,Y
CUST001150,SYNTHETIC CUSTOMER 001150,45,Mass,Homemaker,Jaipur,Rajasthan,26.96453,75.72753,Low,2024-05-10,Y
CUST001151,SYNTHETIC CUSTOMER 001151,65,Mass,Professional,Mumbai,Maharashtra,19.06636,72.82627,Low,2021-02-08,Y
CUST001152,SYNTHETIC CUSTOMER 001152,73,Student,Professional,Kolkata,West Bengal,22.57603,88.46891,Low,2024-10-25,Y
CUST001153,SYNTHETIC CUSTOMER 001153,47,SME,Self-employed,Kochi,Kerala,9.92654,76.37004,Low,2023-08-27,Y
CUST001154,SYNTHETIC CUSTOMER 001154,77,Affluent,Salaried,Kochi,Kerala,9.84786,76.17934,Low,2017-11-16,Y
CUST001155,SYNTHETIC CUSTOMER 001155,73,Mass,Student,Pune,Maharashtra,18.53052,73.88976,Medium,2025-05-20,Y
CUST001156,SYNTHETIC CUSTOMER 001156,52,Affluent,Professional,Kochi,Kerala,9.82075,76.25588,Low,2023-08-26,Y
CUST001157,SYNTHETIC CUSTOMER 001157,58,Senior Citizen,Homemaker,Jaipur,Rajasthan,26.8896,75.79928,Low,2020-05-03,Y
CUST001158,SYNTHETIC CUSTOMER 001158,56,Senior Citizen,Homemaker,Hyderabad,Telangana,17.46893,78.54387,Low,2019-11-14,Y
CUST001159,SYNTHETIC CUSTOMER 001159,20,Mass,Professional,Pune,Maharashtra,18.4117,73.87737,Medium,2023-07-19,Y
CUST001160,SYNTHETIC CUSTOMER 001160,76,Affluent,Retired,Chennai,Tamil Nadu,13.13402,80.16132,Low,2020-07-02,Y
CUST001161,SYNTHETIC CUSTOMER 001161,75,Student,Homemaker,Bengaluru,Karnataka,12.87564,77.55362,Medium,2018-12-01,Y
CUST001162,SYNTHETIC CUSTOMER 001162,52,Mass,Professional,Mumbai,Maharashtra,19.18925,72.83243,Low,2022-07-19,Y
CUST001163,SYNTHETIC CUSTOMER 001163,70,Affluent,Retired,Kolkata,West Bengal,22.58072,88.26182,Medium,2025-08-02,Y
CUST001164,SYNTHETIC CUSTOMER 001164,36,Mass,Professional,Chennai,Tamil Nadu,13.19702,80.28858,Low,2022-09-19,Y
CUST001165,SYNTHETIC CUSTOMER 001165,50,Mass,Retired,Kolkata,West Bengal,22.66106,88.32912,Low,2020-06-02,Y
CUST001166,SYNTHETIC CUSTOMER 001166,39,Mass,Salaried,Mumbai,Maharashtra,19.17722,72.91655,Low,2018-10-20,Y
CUST001167,SYNTHETIC CUSTOMER 001167,36,Senior Citizen,Student,Ahmedabad,Gujarat,23.10567,72.62156,Medium,2021-08-24,Y
CUST001168,SYNTHETIC CUSTOMER 001168,18,Mass,Student,Hyderabad,Telangana,17.48041,78.38516,Medium,2018-07-22,Y
CUST001169,SYNTHETIC CUSTOMER 001169,36,SME,Retired,Delhi,Delhi,28.73299,77.23096,Low,2017-12-11,Y
CUST001170,SYNTHETIC CUSTOMER 001170,55,Affluent,Homemaker,Mumbai,Maharashtra,19.1526,72.78568,Low,2023-11-22,Y
CUST001171,SYNTHETIC CUSTOMER 001171,26,Student,Salaried,Bengaluru,Karnataka,13.05279,77.50667,Medium,2018-03-03,Y
CUST001172,SYNTHETIC CUSTOMER 001172,37,Mass,Homemaker,Hyderabad,Telangana,17.36187,78.43254,Low,2025-09-14,Y
CUST001173,SYNTHETIC CUSTOMER 001173,49,Affluent,Self-employed,Hyderabad,Telangana,17.35611,78.38266,Medium,2019-06-14,Y
CUST001174,SYNTHETIC CUSTOMER 001174,38,Senior Citizen,Professional,Delhi,Delhi,28.53684,77.28138,Low,2022-02-26,Y
CUST001175,SYNTHETIC CUSTOMER 001175,23,SME,Homemaker,Pune,Maharashtra,18.51613,73.87596,Low,2023-10-15,Y
CUST001176,SYNTHETIC CUSTOMER 001176,33,Affluent,Student,Mumbai,Maharashtra,19.11215,72.85968,Low,2020-03-30,Y
CUST001177,SYNTHETIC CUSTOMER 001177,44,Mass,Professional,Delhi,Delhi,28.51883,77.28105,Low,2020-07-22,Y
CUST001178,SYNTHETIC CUSTOMER 001178,27,Affluent,Salaried,Jaipur,Rajasthan,26.98967,75.82487,Medium,2023-04-07,Y
CUST001179,SYNTHETIC CUSTOMER 001179,73,Senior Citizen,Retired,Bengaluru,Karnataka,13.00689,77.70077,Low,2018-03-17,Y
CUST001180,SYNTHETIC CUSTOMER 001180,24,Mass,Salaried,Pune,Maharashtra,18.46186,73.91395,Low,2019-08-28,Y
CUST001181,SYNTHETIC CUSTOMER 001181,26,Student,Professional,Delhi,Delhi,28.53616,77.17839,Low,2024-06-09,Y
CUST001182,SYNTHETIC CUSTOMER 001182,32,Affluent,Self-employed,Delhi,Delhi,28.58117,77.21309,Low,2024-09-11,Y
CUST001183,SYNTHETIC CUSTOMER 001183,68,Affluent,Retired,Chennai,Tamil Nadu,13.02599,80.27358,Low,2021-03-11,Y
CUST001184,SYNTHETIC CUSTOMER 001184,40,Mass,Self-employed,Kochi,Kerala,9.99706,76.22761,Low,2024-01-06,Y
CUST001185,SYNTHETIC CUSTOMER 001185,68,Mass,Retired,Chennai,Tamil Nadu,13.0153,80.24774,High,2019-06-26,Y
CUST001186,SYNTHETIC CUSTOMER 001186,65,Affluent,Student,Kochi,Kerala,9.88071,76.35788,Low,2018-01-28,Y
CUST001187,SYNTHETIC CUSTOMER 001187,35,Senior Citizen,Student,Jaipur,Rajasthan,26.95064,75.7659,Low,2022-04-28,Y
CUST001188,SYNTHETIC CUSTOMER 001188,68,SME,Professional,Kochi,Kerala,9.91087,76.23238,Low,2023-06-28,Y
CUST001189,SYNTHETIC CUSTOMER 001189,48,Mass,Salaried,Ahmedabad,Gujarat,23.0885,72.63698,Low,2024-12-08,Y
CUST001190,SYNTHETIC CUSTOMER 001190,67,Student,Professional,Pune,Maharashtra,18.58598,73.83195,Low,2022-05-19,Y
CUST001191,SYNTHETIC CUSTOMER 001191,58,Student,Professional,Kochi,Kerala,9.81392,76.2422,Medium,2019-08-02,Y
CUST001192,SYNTHETIC CUSTOMER 001192,32,Mass,Professional,Mumbai,Maharashtra,19.00896,72.78433,Low,2024-10-30,Y
CUST001193,SYNTHETIC CUSTOMER 001193,71,Senior Citizen,Retired,Ahmedabad,Gujarat,23.09453,72.68108,Low,2022-12-09,Y
CUST001194,SYNTHETIC CUSTOMER 001194,23,Senior Citizen,Professional,Hyderabad,Telangana,17.2675,78.4346,Low,2018-09-01,Y
CUST001195,SYNTHETIC CUSTOMER 001195,20,Mass,Professional,Hyderabad,Telangana,17.28236,78.5157,Low,2025-07-24,Y
CUST001196,SYNTHETIC CUSTOMER 001196,48,Mass,Homemaker,Hyderabad,Telangana,17.42611,78.48326,Low,2019-05-16,Y
CUST001197,SYNTHETIC CUSTOMER 001197,77,Affluent,Student,Hyderabad,Telangana,17.26889,78.39919,Medium,2020-10-20,Y
CUST001198,SYNTHETIC CUSTOMER 001198,77,Mass,Retired,Chennai,Tamil Nadu,13.14813,80.29652,Low,2021-02-11,Y
CUST001199,SYNTHETIC CUSTOMER 001199,40,Affluent,Salaried,Delhi,Delhi,28.50539,77.2594,Low,2025-01-30,Y
CUST001200,SYNTHETIC CUSTOMER 001200,29,Mass,Student,Kolkata,West Bengal,22.57184,88.31875,Medium,2025-03-01,Y
CUST001201,SYNTHETIC CUSTOMER 001201,58,Mass,Professional,Mumbai,Maharashtra,19.03778,72.86604,Low,2018-07-26,Y
CUST001202,SYNTHETIC CUSTOMER 001202,73,Mass,Retired,Kolkata,West Bengal,22.45801,88.25418,Low,2022-09-16,Y
CUST001203,SYNTHETIC CUSTOMER 001203,21,Mass,Professional,Pune,Maharashtra,18.63759,73.92971,Low,2024-11-18,Y
CUST001204,SYNTHETIC CUSTOMER 001204,52,Mass,Salaried,Jaipur,Rajasthan,26.87082,75.70463,Low,2023-11-06,Y
CUST001205,SYNTHETIC CUSTOMER 001205,41,Student,Self-employed,Kochi,Kerala,9.83563,76.17501,Medium,2023-03-31,Y
CUST001206,SYNTHETIC CUSTOMER 001206,20,Senior Citizen,Professional,Kolkata,West Bengal,22.56405,88.30156,Low,2024-07-29,Y
CUST001207,SYNTHETIC CUSTOMER 001207,77,SME,Salaried,Jaipur,Rajasthan,26.8615,75.80066,Low,2020-11-29,Y
CUST001208,SYNTHETIC CUSTOMER 001208,67,Mass,Professional,Delhi,Delhi,28.52892,77.14226,Low,2018-08-06,Y
CUST001209,SYNTHETIC CUSTOMER 001209,29,Affluent,Student,Mumbai,Maharashtra,19.13278,72.95789,Low,2019-04-01,Y
CUST001210,SYNTHETIC CUSTOMER 001210,66,Mass,Retired,Ahmedabad,Gujarat,23.00907,72.46178,Low,2021-07-13,Y
CUST001211,SYNTHETIC CUSTOMER 001211,50,Mass,Salaried,Kolkata,West Bengal,22.56754,88.33953,Low,2019-02-14,Y
CUST001212,SYNTHETIC CUSTOMER 001212,31,Senior Citizen,Self-employed,Bengaluru,Karnataka,12.85274,77.48226,Low,2025-02-09,Y
CUST001213,SYNTHETIC CUSTOMER 001213,29,Senior Citizen,Retired,Kochi,Kerala,9.94634,76.23822,Medium,2024-03-09,Y
CUST001214,SYNTHETIC CUSTOMER 001214,19,Mass,Student,Pune,Maharashtra,18.43396,73.84112,Medium,2023-12-12,Y
CUST001215,SYNTHETIC CUSTOMER 001215,75,Mass,Self-employed,Pune,Maharashtra,18.56468,73.87838,Low,2021-06-14,Y
CUST001216,SYNTHETIC CUSTOMER 001216,28,Student,Professional,Hyderabad,Telangana,17.3375,78.55396,Low,2021-12-27,Y
CUST001217,SYNTHETIC CUSTOMER 001217,63,Affluent,Self-employed,Mumbai,Maharashtra,19.03798,72.78157,Low,2024-05-14,Y
CUST001218,SYNTHETIC CUSTOMER 001218,23,Mass,Self-employed,Delhi,Delhi,28.65011,77.20149,High,2020-01-05,Y
CUST001219,SYNTHETIC CUSTOMER 001219,76,SME,Salaried,Kochi,Kerala,9.91953,76.26705,Low,2021-04-15,Y
CUST001220,SYNTHETIC CUSTOMER 001220,38,Student,Homemaker,Hyderabad,Telangana,17.27819,78.52562,Low,2017-12-01,Y
CUST001221,SYNTHETIC CUSTOMER 001221,52,SME,Salaried,Delhi,Delhi,28.53117,77.29756,Low,2021-10-05,Y
CUST001222,SYNTHETIC CUSTOMER 001222,33,Mass,Homemaker,Mumbai,Maharashtra,19.0368,72.9757,Low,2019-08-14,Y
CUST001223,SYNTHETIC CUSTOMER 001223,57,Student,Retired,Jaipur,Rajasthan,27.02542,75.84849,Low,2020-01-02,Y
CUST001224,SYNTHETIC CUSTOMER 001224,73,SME,Homemaker,Hyderabad,Telangana,17.35808,78.45144,Low,2018-02-25,Y
CUST001225,SYNTHETIC CUSTOMER 001225,49,Mass,Self-employed,Kolkata,West Bengal,22.5403,88.33804,High,2021-09-05,Y
CUST001226,SYNTHETIC CUSTOMER 001226,55,Mass,Retired,Bengaluru,Karnataka,12.9878,77.55308,Low,2020-01-08,Y
CUST001227,SYNTHETIC CUSTOMER 001227,34,Affluent,Self-employed,Ahmedabad,Gujarat,22.96713,72.48464,Low,2024-07-15,Y
CUST001228,SYNTHETIC CUSTOMER 001228,77,Senior Citizen,Homemaker,Jaipur,Rajasthan,26.95275,75.83507,Medium,2022-10-15,Y
CUST001229,SYNTHETIC CUSTOMER 001229,71,Mass,Homemaker,Chennai,Tamil Nadu,13.19911,80.18526,Medium,2023-04-13,Y
CUST001230,SYNTHETIC CUSTOMER 001230,32,Mass,Homemaker,Pune,Maharashtra,18.60409,73.92482,Low,2020-03-04,Y
CUST001231,SYNTHETIC CUSTOMER 001231,31,Student,Professional,Pune,Maharashtra,18.58106,73.83819,Low,2020-12-11,Y
CUST001232,SYNTHETIC CUSTOMER 001232,75,Affluent,Student,Chennai,Tamil Nadu,13.18254,80.18264,Low,2019-09-13,Y
CUST001233,SYNTHETIC CUSTOMER 001233,40,Mass,Retired,Chennai,Tamil Nadu,13.09004,80.31652,Medium,2018-01-23,Y
CUST001234,SYNTHETIC CUSTOMER 001234,42,Mass,Retired,Delhi,Delhi,28.57548,77.2539,Medium,2022-04-21,Y
CUST001235,SYNTHETIC CUSTOMER 001235,42,Affluent,Student,Pune,Maharashtra,18.4268,73.93849,Low,2020-12-13,Y
CUST001236,SYNTHETIC CUSTOMER 001236,41,Mass,Salaried,Hyderabad,Telangana,17.35842,78.60213,Low,2020-03-15,Y
CUST001237,SYNTHETIC CUSTOMER 001237,34,Mass,Self-employed,Jaipur,Rajasthan,26.92179,75.80843,Low,2021-04-10,Y
CUST001238,SYNTHETIC CUSTOMER 001238,27,Mass,Homemaker,Bengaluru,Karnataka,13.0689,77.6427,Low,2022-04-01,Y
CUST001239,SYNTHETIC CUSTOMER 001239,45,Mass,Retired,Bengaluru,Karnataka,13.04627,77.52787,Low,2022-06-15,Y
CUST001240,SYNTHETIC CUSTOMER 001240,69,Senior Citizen,Salaried,Hyderabad,Telangana,17.46136,78.59263,Low,2025-12-02,Y
CUST001241,SYNTHETIC CUSTOMER 001241,59,SME,Retired,Bengaluru,Karnataka,12.94518,77.47486,Low,2019-04-01,Y
CUST001242,SYNTHETIC CUSTOMER 001242,48,Mass,Homemaker,Mumbai,Maharashtra,19.12202,72.86499,Medium,2020-09-27,Y
CUST001243,SYNTHETIC CUSTOMER 001243,64,Mass,Professional,Chennai,Tamil Nadu,13.08846,80.20699,Low,2022-10-13,Y
CUST001244,SYNTHETIC CUSTOMER 001244,33,Affluent,Student,Hyderabad,Telangana,17.43382,78.47678,High,2021-12-12,Y
CUST001245,SYNTHETIC CUSTOMER 001245,44,Mass,Self-employed,Hyderabad,Telangana,17.38594,78.39899,Low,2022-02-04,Y
CUST001246,SYNTHETIC CUSTOMER 001246,29,Student,Professional,Ahmedabad,Gujarat,23.03941,72.56468,Low,2024-12-25,Y
CUST001247,SYNTHETIC CUSTOMER 001247,44,SME,Homemaker,Ahmedabad,Gujarat,22.9376,72.57583,Low,2022-07-11,Y
CUST001248,SYNTHETIC CUSTOMER 001248,65,Mass,Homemaker,Mumbai,Maharashtra,18.96019,72.77834,Low,2025-09-26,Y
CUST001249,SYNTHETIC CUSTOMER 001249,42,Student,Self-employed,Pune,Maharashtra,18.58343,73.95192,Low,2025-11-11,Y
CUST001250,SYNTHETIC CUSTOMER 001250,39,Affluent,Self-employed,Jaipur,Rajasthan,26.85928,75.74772,Low,2019-04-11,Y
CUST001251,SYNTHETIC CUSTOMER 001251,28,SME,Retired,Delhi,Delhi,28.64815,77.21184,Low,2025-01-30,Y
CUST001252,SYNTHETIC CUSTOMER 001252,20,Mass,Salaried,Delhi,Delhi,28.65731,77.31625,High,2018-06-11,Y
CUST001253,SYNTHETIC CUSTOMER 001253,64,Mass,Retired,Delhi,Delhi,28.64933,77.27079,Medium,2024-11-03,Y
CUST001254,SYNTHETIC CUSTOMER 001254,75,Mass,Professional,Delhi,Delhi,28.57971,77.11007,Low,2018-08-31,Y
CUST001255,SYNTHETIC CUSTOMER 001255,28,Senior Citizen,Student,Pune,Maharashtra,18.62043,73.88123,Low,2017-12-30,Y
CUST001256,SYNTHETIC CUSTOMER 001256,53,Mass,Salaried,Ahmedabad,Gujarat,23.12141,72.54005,Medium,2020-01-15,Y
CUST001257,SYNTHETIC CUSTOMER 001257,25,Mass,Homemaker,Jaipur,Rajasthan,26.86641,75.77015,Medium,2025-05-18,Y
CUST001258,SYNTHETIC CUSTOMER 001258,25,Affluent,Salaried,Bengaluru,Karnataka,13.06213,77.55617,Low,2025-11-09,Y
CUST001259,SYNTHETIC CUSTOMER 001259,28,Mass,Self-employed,Kochi,Kerala,9.85657,76.29243,Low,2024-09-02,Y
CUST001260,SYNTHETIC CUSTOMER 001260,63,Senior Citizen,Homemaker,Bengaluru,Karnataka,12.91389,77.66778,Low,2020-12-11,Y
CUST001261,SYNTHETIC CUSTOMER 001261,42,Mass,Homemaker,Ahmedabad,Gujarat,23.02081,72.50139,Low,2018-10-06,Y
CUST001262,SYNTHETIC CUSTOMER 001262,58,Affluent,Retired,Kolkata,West Bengal,22.55256,88.36259,Low,2021-02-19,Y
CUST001263,SYNTHETIC CUSTOMER 001263,45,Mass,Homemaker,Chennai,Tamil Nadu,13.12842,80.35866,High,2025-08-26,Y
CUST001264,SYNTHETIC CUSTOMER 001264,21,Mass,Salaried,Ahmedabad,Gujarat,22.96979,72.67166,Low,2019-03-29,Y
CUST001265,SYNTHETIC CUSTOMER 001265,18,SME,Homemaker,Kolkata,West Bengal,22.67469,88.25912,Low,2024-06-17,Y
CUST001266,SYNTHETIC CUSTOMER 001266,57,Student,Retired,Delhi,Delhi,28.67592,77.13414,Medium,2017-11-30,Y
CUST001267,SYNTHETIC CUSTOMER 001267,42,Mass,Homemaker,Jaipur,Rajasthan,26.98587,75.74985,Medium,2018-03-31,Y
CUST001268,SYNTHETIC CUSTOMER 001268,24,Affluent,Student,Hyderabad,Telangana,17.42473,78.58826,Low,2022-02-23,Y
CUST001269,SYNTHETIC CUSTOMER 001269,34,Mass,Retired,Ahmedabad,Gujarat,23.14194,72.4851,Low,2025-01-12,Y
CUST001270,SYNTHETIC CUSTOMER 001270,55,Mass,Salaried,Ahmedabad,Gujarat,22.91671,72.58844,Low,2025-01-24,Y
CUST001271,SYNTHETIC CUSTOMER 001271,39,Mass,Homemaker,Chennai,Tamil Nadu,13.15986,80.28026,Low,2024-08-08,Y
CUST001272,SYNTHETIC CUSTOMER 001272,60,Mass,Salaried,Jaipur,Rajasthan,26.82894,75.70216,Low,2019-03-11,Y
CUST001273,SYNTHETIC CUSTOMER 001273,46,Mass,Student,Ahmedabad,Gujarat,22.94685,72.59771,Low,2024-10-08,Y
CUST001274,SYNTHETIC CUSTOMER 001274,41,Mass,Professional,Chennai,Tamil Nadu,13.15363,80.36348,Low,2018-04-26,Y
CUST001275,SYNTHETIC CUSTOMER 001275,77,Mass,Homemaker,Kochi,Kerala,9.84156,76.36408,Low,2022-03-13,Y
CUST001276,SYNTHETIC CUSTOMER 001276,55,Mass,Salaried,Kochi,Kerala,9.9065,76.36327,Low,2022-05-24,Y
CUST001277,SYNTHETIC CUSTOMER 001277,23,SME,Homemaker,Kochi,Kerala,9.85836,76.20833,Low,2022-06-11,Y
CUST001278,SYNTHETIC CUSTOMER 001278,21,Mass,Retired,Pune,Maharashtra,18.58739,73.80203,Low,2019-03-24,Y
CUST001279,SYNTHETIC CUSTOMER 001279,20,Affluent,Salaried,Pune,Maharashtra,18.45886,73.86857,Low,2024-07-10,Y
CUST001280,SYNTHETIC CUSTOMER 001280,18,Mass,Self-employed,Jaipur,Rajasthan,26.9209,75.79856,Low,2021-12-13,Y
CUST001281,SYNTHETIC CUSTOMER 001281,42,Senior Citizen,Homemaker,Ahmedabad,Gujarat,23.01431,72.57387,Low,2018-01-31,Y
CUST001282,SYNTHETIC CUSTOMER 001282,33,Mass,Retired,Mumbai,Maharashtra,19.04364,72.94833,Low,2018-09-02,Y
CUST001283,SYNTHETIC CUSTOMER 001283,66,Student,Professional,Hyderabad,Telangana,17.32856,78.52092,Low,2021-12-13,Y
CUST001284,SYNTHETIC CUSTOMER 001284,64,Mass,Retired,Hyderabad,Telangana,17.29292,78.54796,Low,2020-05-21,Y
CUST001285,SYNTHETIC CUSTOMER 001285,41,Senior Citizen,Student,Delhi,Delhi,28.604,77.13594,Low,2020-02-14,Y
CUST001286,SYNTHETIC CUSTOMER 001286,64,Affluent,Self-employed,Bengaluru,Karnataka,12.92285,77.63779,Low,2025-03-15,Y
CUST001287,SYNTHETIC CUSTOMER 001287,71,Mass,Salaried,Pune,Maharashtra,18.47557,73.86598,Low,2019-09-01,Y
CUST001288,SYNTHETIC CUSTOMER 001288,66,SME,Salaried,Delhi,Delhi,28.72803,77.26824,Low,2024-05-19,Y
CUST001289,SYNTHETIC CUSTOMER 001289,21,Mass,Student,Hyderabad,Telangana,17.48979,78.40154,Low,2024-12-13,Y
CUST001290,SYNTHETIC CUSTOMER 001290,55,Mass,Homemaker,Jaipur,Rajasthan,27.01944,75.82378,Medium,2020-08-14,Y
CUST001291,SYNTHETIC CUSTOMER 001291,25,Mass,Salaried,Bengaluru,Karnataka,13.05648,77.66433,Low,2021-04-28,Y
CUST001292,SYNTHETIC CUSTOMER 001292,30,Mass,Retired,Delhi,Delhi,28.53426,77.19964,Medium,2021-11-23,Y
CUST001293,SYNTHETIC CUSTOMER 001293,21,Affluent,Professional,Kochi,Kerala,10.04593,76.18731,Low,2025-06-23,Y
CUST001294,SYNTHETIC CUSTOMER 001294,22,Student,Self-employed,Hyderabad,Telangana,17.47164,78.44576,Low,2019-07-09,Y
CUST001295,SYNTHETIC CUSTOMER 001295,66,Senior Citizen,Professional,Kochi,Kerala,9.84796,76.35145,Medium,2023-07-25,Y
CUST001296,SYNTHETIC CUSTOMER 001296,75,Student,Retired,Chennai,Tamil Nadu,13.18711,80.34724,Low,2023-12-18,Y
CUST001297,SYNTHETIC CUSTOMER 001297,33,SME,Professional,Delhi,Delhi,28.67913,77.20187,Low,2021-07-09,Y
CUST001298,SYNTHETIC CUSTOMER 001298,62,Affluent,Self-employed,Kochi,Kerala,9.92723,76.33364,Low,2023-11-24,Y
CUST001299,SYNTHETIC CUSTOMER 001299,76,Senior Citizen,Homemaker,Chennai,Tamil Nadu,12.99452,80.1919,Low,2024-02-03,Y
CUST001300,SYNTHETIC CUSTOMER 001300,24,Mass,Salaried,Kolkata,West Bengal,22.47657,88.43372,Medium,2022-10-02,Y
CUST001301,SYNTHETIC CUSTOMER 001301,40,Mass,Retired,Kochi,Kerala,10.03632,76.17562,Low,2020-03-26,Y
CUST001302,SYNTHETIC CUSTOMER 001302,23,Mass,Student,Bengaluru,Karnataka,13.00126,77.59666,Low,2023-12-31,Y
CUST001303,SYNTHETIC CUSTOMER 001303,63,Mass,Retired,Bengaluru,Karnataka,12.99154,77.69937,Low,2021-04-04,Y
CUST001304,SYNTHETIC CUSTOMER 001304,68,Student,Self-employed,Mumbai,Maharashtra,18.98644,72.91459,Medium,2024-05-03,Y
CUST001305,SYNTHETIC CUSTOMER 001305,78,Affluent,Self-employed,Jaipur,Rajasthan,26.84248,75.75632,Low,2020-02-06,Y
CUST001306,SYNTHETIC CUSTOMER 001306,19,Affluent,Student,Bengaluru,Karnataka,12.90061,77.67169,Low,2025-10-06,Y
CUST001307,SYNTHETIC CUSTOMER 001307,38,Mass,Self-employed,Pune,Maharashtra,18.60188,73.84958,Low,2022-04-29,Y
CUST001308,SYNTHETIC CUSTOMER 001308,42,Affluent,Homemaker,Kochi,Kerala,9.91527,76.25529,Low,2019-12-18,Y
CUST001309,SYNTHETIC CUSTOMER 001309,69,Senior Citizen,Self-employed,Mumbai,Maharashtra,19.14707,72.98596,Low,2020-12-24,Y
CUST001310,SYNTHETIC CUSTOMER 001310,36,Mass,Homemaker,Hyderabad,Telangana,17.47784,78.53064,Low,2023-09-18,Y
CUST001311,SYNTHETIC CUSTOMER 001311,68,Student,Professional,Pune,Maharashtra,18.51667,73.81131,Medium,2024-06-26,Y
CUST001312,SYNTHETIC CUSTOMER 001312,72,Mass,Salaried,Ahmedabad,Gujarat,22.91587,72.65833,Low,2023-04-23,Y
CUST001313,SYNTHETIC CUSTOMER 001313,44,Affluent,Homemaker,Chennai,Tamil Nadu,13.17106,80.31178,Medium,2023-10-23,Y
CUST001314,SYNTHETIC CUSTOMER 001314,59,Mass,Professional,Kolkata,West Bengal,22.63478,88.39815,Low,2020-05-10,Y
CUST001315,SYNTHETIC CUSTOMER 001315,61,Mass,Student,Pune,Maharashtra,18.55133,73.79866,Low,2020-04-20,Y
CUST001316,SYNTHETIC CUSTOMER 001316,71,Mass,Self-employed,Mumbai,Maharashtra,19.06316,72.82489,Low,2021-12-31,Y
CUST001317,SYNTHETIC CUSTOMER 001317,76,Affluent,Professional,Mumbai,Maharashtra,19.07321,72.87672,Medium,2020-06-12,Y
CUST001318,SYNTHETIC CUSTOMER 001318,66,Student,Salaried,Ahmedabad,Gujarat,23.01679,72.56318,Medium,2019-10-03,Y
CUST001319,SYNTHETIC CUSTOMER 001319,67,Mass,Retired,Hyderabad,Telangana,17.45147,78.38095,Low,2019-05-30,Y
CUST001320,SYNTHETIC CUSTOMER 001320,59,Affluent,Student,Delhi,Delhi,28.58161,77.17107,Low,2023-12-26,Y
CUST001321,SYNTHETIC CUSTOMER 001321,41,Senior Citizen,Homemaker,Kochi,Kerala,9.82987,76.2913,Medium,2019-04-21,Y
CUST001322,SYNTHETIC CUSTOMER 001322,77,Mass,Retired,Chennai,Tamil Nadu,13.11698,80.3062,Low,2020-04-10,Y
CUST001323,SYNTHETIC CUSTOMER 001323,35,Affluent,Salaried,Jaipur,Rajasthan,26.96073,75.8333,Low,2025-12-19,Y
CUST001324,SYNTHETIC CUSTOMER 001324,40,Mass,Salaried,Bengaluru,Karnataka,13.06176,77.60226,Low,2021-10-15,Y
CUST001325,SYNTHETIC CUSTOMER 001325,34,Mass,Professional,Mumbai,Maharashtra,18.96,72.97303,Low,2018-06-20,Y
CUST001326,SYNTHETIC CUSTOMER 001326,48,Senior Citizen,Retired,Chennai,Tamil Nadu,13.01161,80.38335,Low,2021-11-23,Y
CUST001327,SYNTHETIC CUSTOMER 001327,74,Affluent,Student,Jaipur,Rajasthan,26.94117,75.86142,Low,2020-02-23,Y
CUST001328,SYNTHETIC CUSTOMER 001328,23,Mass,Professional,Delhi,Delhi,28.66585,77.09885,Low,2025-05-20,Y
CUST001329,SYNTHETIC CUSTOMER 001329,47,Student,Professional,Kochi,Kerala,9.86932,76.33045,Low,2025-06-03,Y
CUST001330,SYNTHETIC CUSTOMER 001330,64,Senior Citizen,Student,Hyderabad,Telangana,17.31219,78.38682,Low,2018-10-25,Y
CUST001331,SYNTHETIC CUSTOMER 001331,23,Mass,Professional,Mumbai,Maharashtra,18.97995,72.76909,Low,2021-06-09,Y
CUST001332,SYNTHETIC CUSTOMER 001332,78,Mass,Retired,Kochi,Kerala,10.02836,76.21136,Low,2024-04-17,Y
CUST001333,SYNTHETIC CUSTOMER 001333,75,Mass,Salaried,Kochi,Kerala,10.01285,76.31586,Medium,2020-02-07,Y
CUST001334,SYNTHETIC CUSTOMER 001334,40,Affluent,Retired,Hyderabad,Telangana,17.36151,78.52279,Medium,2021-09-25,Y
CUST001335,SYNTHETIC CUSTOMER 001335,32,Mass,Professional,Mumbai,Maharashtra,19.14792,72.9097,Low,2018-11-25,Y
CUST001336,SYNTHETIC CUSTOMER 001336,53,Senior Citizen,Student,Ahmedabad,Gujarat,23.0209,72.48232,Low,2023-11-11,Y
CUST001337,SYNTHETIC CUSTOMER 001337,43,Senior Citizen,Professional,Bengaluru,Karnataka,12.94282,77.54373,Low,2025-09-07,Y
CUST001338,SYNTHETIC CUSTOMER 001338,39,Mass,Retired,Mumbai,Maharashtra,19.04106,72.95096,Low,2023-07-14,Y
CUST001339,SYNTHETIC CUSTOMER 001339,71,Student,Self-employed,Bengaluru,Karnataka,13.06393,77.71275,Low,2023-11-02,Y
CUST001340,SYNTHETIC CUSTOMER 001340,54,Affluent,Homemaker,Delhi,Delhi,28.51152,77.25971,Low,2024-08-21,Y
CUST001341,SYNTHETIC CUSTOMER 001341,21,Mass,Homemaker,Pune,Maharashtra,18.47993,73.78976,Medium,2018-08-19,Y
CUST001342,SYNTHETIC CUSTOMER 001342,78,Mass,Homemaker,Bengaluru,Karnataka,13.01085,77.68403,Low,2024-03-23,Y
CUST001343,SYNTHETIC CUSTOMER 001343,50,Mass,Professional,Mumbai,Maharashtra,19.08444,72.82923,Low,2021-04-08,Y
CUST001344,SYNTHETIC CUSTOMER 001344,32,Mass,Salaried,Ahmedabad,Gujarat,22.95066,72.67643,Low,2022-05-23,Y
CUST001345,SYNTHETIC CUSTOMER 001345,66,Mass,Student,Bengaluru,Karnataka,13.03117,77.50288,Low,2019-02-01,Y
CUST001346,SYNTHETIC CUSTOMER 001346,45,Mass,Professional,Pune,Maharashtra,18.57383,73.95594,Low,2025-06-12,Y
CUST001347,SYNTHETIC CUSTOMER 001347,27,Mass,Student,Bengaluru,Karnataka,12.91898,77.60455,Low,2023-08-06,Y
CUST001348,SYNTHETIC CUSTOMER 001348,73,Senior Citizen,Homemaker,Mumbai,Maharashtra,18.96406,72.75965,Low,2023-09-20,Y
CUST001349,SYNTHETIC CUSTOMER 001349,38,Mass,Student,Ahmedabad,Gujarat,23.00254,72.45519,Low,2023-04-05,Y
CUST001350,SYNTHETIC CUSTOMER 001350,24,Affluent,Salaried,Chennai,Tamil Nadu,12.99946,80.27807,Low,2022-02-03,Y
CUST001351,SYNTHETIC CUSTOMER 001351,71,SME,Homemaker,Kolkata,West Bengal,22.5863,88.45051,Low,2018-06-15,Y
CUST001352,SYNTHETIC CUSTOMER 001352,43,Mass,Homemaker,Jaipur,Rajasthan,26.92708,75.85372,Low,2025-10-03,Y
CUST001353,SYNTHETIC CUSTOMER 001353,31,Student,Student,Kochi,Kerala,9.91427,76.21344,Low,2019-12-08,Y
CUST001354,SYNTHETIC CUSTOMER 001354,38,Affluent,Student,Mumbai,Maharashtra,19.10306,72.91337,Low,2018-01-23,Y
CUST001355,SYNTHETIC CUSTOMER 001355,49,Student,Salaried,Kochi,Kerala,10.03907,76.20514,Low,2024-09-28,Y
CUST001356,SYNTHETIC CUSTOMER 001356,67,Mass,Self-employed,Chennai,Tamil Nadu,13.19333,80.20839,Low,2025-03-15,Y
CUST001357,SYNTHETIC CUSTOMER 001357,58,Affluent,Homemaker,Chennai,Tamil Nadu,12.98556,80.27885,Low,2018-09-24,Y
CUST001358,SYNTHETIC CUSTOMER 001358,43,Mass,Retired,Jaipur,Rajasthan,26.98138,75.88569,Low,2023-01-23,Y
CUST001359,SYNTHETIC CUSTOMER 001359,58,Senior Citizen,Retired,Kochi,Kerala,9.87228,76.38228,Low,2018-07-01,Y
CUST001360,SYNTHETIC CUSTOMER 001360,56,Mass,Self-employed,Hyderabad,Telangana,17.28919,78.38538,Medium,2022-02-07,Y
CUST001361,SYNTHETIC CUSTOMER 001361,38,Mass,Professional,Kochi,Kerala,9.83469,76.36423,Low,2024-04-03,Y
CUST001362,SYNTHETIC CUSTOMER 001362,68,Mass,Homemaker,Delhi,Delhi,28.62043,77.1868,Low,2020-07-09,Y
CUST001363,SYNTHETIC CUSTOMER 001363,47,Mass,Professional,Chennai,Tamil Nadu,13.03707,80.2689,Medium,2022-07-14,Y
CUST001364,SYNTHETIC CUSTOMER 001364,64,Senior Citizen,Homemaker,Mumbai,Maharashtra,19.04341,72.90863,Low,2021-11-30,Y
CUST001365,SYNTHETIC CUSTOMER 001365,42,Student,Professional,Jaipur,Rajasthan,26.93239,75.68853,Low,2024-08-03,Y
CUST001366,SYNTHETIC CUSTOMER 001366,66,Student,Retired,Kochi,Kerala,9.91956,76.21069,Medium,2018-12-14,Y
CUST001367,SYNTHETIC CUSTOMER 001367,39,SME,Homemaker,Jaipur,Rajasthan,26.88409,75.77533,Low,2020-04-10,Y
CUST001368,SYNTHETIC CUSTOMER 001368,26,Mass,Homemaker,Hyderabad,Telangana,17.49207,78.42935,Low,2020-02-24,Y
CUST001369,SYNTHETIC CUSTOMER 001369,48,Mass,Professional,Mumbai,Maharashtra,19.05077,72.82756,Medium,2020-08-04,Y
CUST001370,SYNTHETIC CUSTOMER 001370,24,Affluent,Self-employed,Hyderabad,Telangana,17.27503,78.49764,Low,2020-03-20,Y
CUST001371,SYNTHETIC CUSTOMER 001371,34,Affluent,Retired,Chennai,Tamil Nadu,13.07484,80.17691,Low,2019-02-18,Y
CUST001372,SYNTHETIC CUSTOMER 001372,25,Mass,Salaried,Kochi,Kerala,9.98817,76.237,Low,2019-07-28,Y
CUST001373,SYNTHETIC CUSTOMER 001373,78,SME,Student,Pune,Maharashtra,18.59141,73.77044,Low,2024-09-26,Y
CUST001374,SYNTHETIC CUSTOMER 001374,44,Affluent,Salaried,Kochi,Kerala,9.86864,76.34012,Low,2025-01-22,Y
CUST001375,SYNTHETIC CUSTOMER 001375,27,Senior Citizen,Salaried,Mumbai,Maharashtra,19.01469,72.77853,Medium,2022-04-20,Y
CUST001376,SYNTHETIC CUSTOMER 001376,46,Mass,Professional,Mumbai,Maharashtra,19.17038,72.83053,Medium,2024-07-21,Y
CUST001377,SYNTHETIC CUSTOMER 001377,72,Student,Retired,Ahmedabad,Gujarat,22.99557,72.50527,Low,2022-05-14,Y
CUST001378,SYNTHETIC CUSTOMER 001378,65,Affluent,Retired,Chennai,Tamil Nadu,13.13677,80.2307,Medium,2020-05-26,Y
CUST001379,SYNTHETIC CUSTOMER 001379,19,Senior Citizen,Retired,Hyderabad,Telangana,17.46783,78.40563,Medium,2025-06-06,Y
CUST001380,SYNTHETIC CUSTOMER 001380,41,Mass,Retired,Ahmedabad,Gujarat,23.08086,72.5518,Low,2020-10-31,Y
CUST001381,SYNTHETIC CUSTOMER 001381,18,SME,Professional,Mumbai,Maharashtra,19.01788,72.92217,Low,2020-01-30,Y
CUST001382,SYNTHETIC CUSTOMER 001382,74,Mass,Retired,Ahmedabad,Gujarat,23.01199,72.59447,Low,2020-10-02,Y
CUST001383,SYNTHETIC CUSTOMER 001383,26,Senior Citizen,Salaried,Delhi,Delhi,28.59457,77.13398,Low,2025-08-22,Y
CUST001384,SYNTHETIC CUSTOMER 001384,70,Mass,Retired,Chennai,Tamil Nadu,12.96931,80.35426,Low,2021-10-08,Y
CUST001385,SYNTHETIC CUSTOMER 001385,48,Affluent,Self-employed,Bengaluru,Karnataka,12.86325,77.66311,Low,2023-01-13,Y
CUST001386,SYNTHETIC CUSTOMER 001386,75,Mass,Student,Bengaluru,Karnataka,13.04412,77.55236,Low,2021-01-10,Y
CUST001387,SYNTHETIC CUSTOMER 001387,76,Mass,Salaried,Hyderabad,Telangana,17.48147,78.38903,Low,2017-12-18,Y
CUST001388,SYNTHETIC CUSTOMER 001388,76,SME,Self-employed,Jaipur,Rajasthan,26.9117,75.86563,Medium,2018-02-28,Y
CUST001389,SYNTHETIC CUSTOMER 001389,53,SME,Professional,Delhi,Delhi,28.60694,77.09365,Low,2025-02-15,Y
CUST001390,SYNTHETIC CUSTOMER 001390,41,Mass,Retired,Mumbai,Maharashtra,19.18331,72.77374,Low,2022-12-01,Y
CUST001391,SYNTHETIC CUSTOMER 001391,54,Mass,Homemaker,Bengaluru,Karnataka,12.91779,77.67266,Low,2023-06-06,Y
CUST001392,SYNTHETIC CUSTOMER 001392,62,Mass,Self-employed,Ahmedabad,Gujarat,22.998,72.62113,Low,2025-11-21,Y
CUST001393,SYNTHETIC CUSTOMER 001393,52,Mass,Homemaker,Hyderabad,Telangana,17.43389,78.51573,Low,2020-11-04,Y
CUST001394,SYNTHETIC CUSTOMER 001394,53,Student,Self-employed,Hyderabad,Telangana,17.34968,78.42389,Low,2018-02-06,Y
CUST001395,SYNTHETIC CUSTOMER 001395,69,Mass,Self-employed,Hyderabad,Telangana,17.37147,78.43448,Low,2024-02-27,Y
CUST001396,SYNTHETIC CUSTOMER 001396,51,Mass,Salaried,Bengaluru,Karnataka,12.90866,77.49142,Medium,2022-08-21,Y
CUST001397,SYNTHETIC CUSTOMER 001397,73,Mass,Student,Chennai,Tamil Nadu,13.17792,80.27523,Low,2024-02-28,Y
CUST001398,SYNTHETIC CUSTOMER 001398,59,Mass,Professional,Delhi,Delhi,28.56514,77.15932,Low,2019-06-28,Y
CUST001399,SYNTHETIC CUSTOMER 001399,71,Mass,Homemaker,Pune,Maharashtra,18.48823,73.87924,Low,2025-08-20,Y
CUST001400,SYNTHETIC CUSTOMER 001400,66,Senior Citizen,Salaried,Hyderabad,Telangana,17.4617,78.46174,Low,2025-04-08,Y
CUST001401,SYNTHETIC CUSTOMER 001401,52,Mass,Professional,Chennai,Tamil Nadu,13.16288,80.38178,Low,2018-09-30,Y
CUST001402,SYNTHETIC CUSTOMER 001402,43,Mass,Self-employed,Chennai,Tamil Nadu,12.97295,80.19937,Low,2019-03-22,Y
CUST001403,SYNTHETIC CUSTOMER 001403,78,Mass,Homemaker,Kolkata,West Bengal,22.67366,88.28615,Low,2023-03-21,Y
CUST001404,SYNTHETIC CUSTOMER 001404,35,Mass,Salaried,Kochi,Kerala,9.86208,76.33399,Low,2019-05-23,Y
CUST001405,SYNTHETIC CUSTOMER 001405,32,Mass,Retired,Delhi,Delhi,28.55355,77.30456,Low,2018-05-22,Y
CUST001406,SYNTHETIC CUSTOMER 001406,41,Affluent,Professional,Mumbai,Maharashtra,19.15254,72.79545,Low,2023-04-18,Y
CUST001407,SYNTHETIC CUSTOMER 001407,21,Mass,Retired,Kolkata,West Bengal,22.68205,88.30793,Medium,2018-03-05,Y
CUST001408,SYNTHETIC CUSTOMER 001408,22,Senior Citizen,Professional,Mumbai,Maharashtra,19.15868,72.95505,Low,2022-02-18,Y
CUST001409,SYNTHETIC CUSTOMER 001409,50,Student,Self-employed,Pune,Maharashtra,18.43195,73.80334,Low,2023-04-01,Y
CUST001410,SYNTHETIC CUSTOMER 001410,21,Mass,Self-employed,Kolkata,West Bengal,22.58757,88.3364,Low,2021-12-26,Y
CUST001411,SYNTHETIC CUSTOMER 001411,23,Mass,Salaried,Kochi,Kerala,9.99487,76.24752,Medium,2024-12-05,Y
CUST001412,SYNTHETIC CUSTOMER 001412,48,Mass,Professional,Jaipur,Rajasthan,26.96853,75.68856,Low,2018-04-29,Y
CUST001413,SYNTHETIC CUSTOMER 001413,49,Senior Citizen,Homemaker,Ahmedabad,Gujarat,22.90293,72.6046,Low,2019-10-17,Y
CUST001414,SYNTHETIC CUSTOMER 001414,21,Senior Citizen,Self-employed,Mumbai,Maharashtra,19.10088,72.98625,Medium,2020-03-03,Y
CUST001415,SYNTHETIC CUSTOMER 001415,20,Affluent,Professional,Pune,Maharashtra,18.49134,73.86032,Medium,2021-04-27,Y
CUST001416,SYNTHETIC CUSTOMER 001416,77,Senior Citizen,Self-employed,Delhi,Delhi,28.61481,77.30887,Medium,2018-08-26,Y
CUST001417,SYNTHETIC CUSTOMER 001417,62,Mass,Retired,Delhi,Delhi,28.51988,77.27686,Low,2021-05-06,Y
CUST001418,SYNTHETIC CUSTOMER 001418,39,Senior Citizen,Student,Kolkata,West Bengal,22.61056,88.48313,Low,2022-09-09,Y
CUST001419,SYNTHETIC CUSTOMER 001419,33,Mass,Student,Delhi,Delhi,28.67929,77.10327,Low,2025-09-02,Y
CUST001420,SYNTHETIC CUSTOMER 001420,27,Mass,Retired,Chennai,Tamil Nadu,13.08187,80.19742,Low,2024-11-20,Y
CUST001421,SYNTHETIC CUSTOMER 001421,20,Student,Student,Delhi,Delhi,28.67235,77.19739,Low,2024-11-10,Y
CUST001422,SYNTHETIC CUSTOMER 001422,20,Mass,Retired,Hyderabad,Telangana,17.45725,78.57065,Low,2023-07-27,Y
CUST001423,SYNTHETIC CUSTOMER 001423,48,Mass,Self-employed,Pune,Maharashtra,18.47791,73.8691,Low,2022-11-05,Y
CUST001424,SYNTHETIC CUSTOMER 001424,20,Mass,Student,Ahmedabad,Gujarat,22.92018,72.65194,Low,2024-10-09,Y
CUST001425,SYNTHETIC CUSTOMER 001425,71,Student,Salaried,Kochi,Kerala,9.95044,76.3392,Low,2024-08-08,Y
CUST001426,SYNTHETIC CUSTOMER 001426,30,Mass,Salaried,Chennai,Tamil Nadu,13.08646,80.17731,Medium,2019-09-13,Y
CUST001427,SYNTHETIC CUSTOMER 001427,37,SME,Student,Kochi,Kerala,9.93176,76.24668,Low,2019-08-02,Y
CUST001428,SYNTHETIC CUSTOMER 001428,35,SME,Retired,Kolkata,West Bengal,22.48263,88.4274,Low,2020-11-15,Y
CUST001429,SYNTHETIC CUSTOMER 001429,46,Affluent,Professional,Kochi,Kerala,10.03742,76.20656,Low,2024-10-23,Y
CUST001430,SYNTHETIC CUSTOMER 001430,62,Mass,Salaried,Ahmedabad,Gujarat,22.91341,72.56874,Low,2021-07-23,Y
CUST001431,SYNTHETIC CUSTOMER 001431,19,Mass,Student,Mumbai,Maharashtra,19.06179,72.98584,Low,2021-07-09,Y
CUST001432,SYNTHETIC CUSTOMER 001432,49,SME,Retired,Mumbai,Maharashtra,19.13965,72.81096,Medium,2020-08-13,Y
CUST001433,SYNTHETIC CUSTOMER 001433,71,Affluent,Retired,Hyderabad,Telangana,17.27376,78.51456,Low,2024-02-05,Y
CUST001434,SYNTHETIC CUSTOMER 001434,77,SME,Homemaker,Kochi,Kerala,10.03683,76.20221,Low,2024-10-13,Y
CUST001435,SYNTHETIC CUSTOMER 001435,64,Senior Citizen,Self-employed,Pune,Maharashtra,18.4272,73.91423,Low,2020-08-25,Y
CUST001436,SYNTHETIC CUSTOMER 001436,42,Student,Professional,Jaipur,Rajasthan,27.02514,75.72576,Medium,2019-01-13,Y
CUST001437,SYNTHETIC CUSTOMER 001437,46,Senior Citizen,Retired,Ahmedabad,Gujarat,23.0058,72.53907,Medium,2019-09-26,Y
CUST001438,SYNTHETIC CUSTOMER 001438,62,Mass,Retired,Bengaluru,Karnataka,12.98535,77.51971,Medium,2021-11-05,Y
CUST001439,SYNTHETIC CUSTOMER 001439,64,Mass,Salaried,Bengaluru,Karnataka,12.94643,77.7035,Low,2019-06-20,Y
CUST001440,SYNTHETIC CUSTOMER 001440,47,Mass,Professional,Hyderabad,Telangana,17.3269,78.42727,Low,2019-01-06,Y
CUST001441,SYNTHETIC CUSTOMER 001441,22,Mass,Self-employed,Bengaluru,Karnataka,13.01127,77.60161,Low,2020-06-20,Y
CUST001442,SYNTHETIC CUSTOMER 001442,51,Mass,Salaried,Mumbai,Maharashtra,19.05143,72.82668,Low,2020-08-13,Y
CUST001443,SYNTHETIC CUSTOMER 001443,50,Affluent,Retired,Pune,Maharashtra,18.61953,73.88298,Low,2025-04-07,Y
CUST001444,SYNTHETIC CUSTOMER 001444,33,Mass,Professional,Hyderabad,Telangana,17.32741,78.56967,Low,2019-08-22,Y
CUST001445,SYNTHETIC CUSTOMER 001445,52,SME,Homemaker,Pune,Maharashtra,18.42751,73.96998,Low,2024-09-14,Y
CUST001446,SYNTHETIC CUSTOMER 001446,67,SME,Self-employed,Pune,Maharashtra,18.51534,73.88304,Low,2024-01-30,Y
CUST001447,SYNTHETIC CUSTOMER 001447,43,Student,Retired,Bengaluru,Karnataka,12.90353,77.52026,Low,2020-04-20,Y
CUST001448,SYNTHETIC CUSTOMER 001448,22,Mass,Student,Kochi,Kerala,9.96564,76.18235,Low,2017-12-07,Y
CUST001449,SYNTHETIC CUSTOMER 001449,78,Mass,Student,Hyderabad,Telangana,17.44027,78.40519,Low,2023-09-04,Y
CUST001450,SYNTHETIC CUSTOMER 001450,51,SME,Professional,Ahmedabad,Gujarat,22.94372,72.55733,Low,2017-12-22,Y
CUST001451,SYNTHETIC CUSTOMER 001451,53,Mass,Salaried,Kochi,Kerala,9.94194,76.20811,Low,2018-06-15,Y
CUST001452,SYNTHETIC CUSTOMER 001452,19,Mass,Homemaker,Kolkata,West Bengal,22.53982,88.26328,Low,2020-04-01,Y
CUST001453,SYNTHETIC CUSTOMER 001453,20,Mass,Student,Bengaluru,Karnataka,13.00861,77.53002,Low,2018-02-04,Y
CUST001454,SYNTHETIC CUSTOMER 001454,43,Student,Homemaker,Hyderabad,Telangana,17.36629,78.58266,Low,2021-03-23,Y
CUST001455,SYNTHETIC CUSTOMER 001455,42,Mass,Salaried,Chennai,Tamil Nadu,13.05653,80.28997,Low,2025-12-16,Y
CUST001456,SYNTHETIC CUSTOMER 001456,78,Mass,Professional,Pune,Maharashtra,18.56679,73.86047,Low,2019-06-07,Y
CUST001457,SYNTHETIC CUSTOMER 001457,33,Mass,Homemaker,Kolkata,West Bengal,22.48456,88.43426,Low,2019-10-23,Y
CUST001458,SYNTHETIC CUSTOMER 001458,65,Mass,Student,Pune,Maharashtra,18.44803,73.82409,Medium,2024-10-23,Y
CUST001459,SYNTHETIC CUSTOMER 001459,33,Affluent,Salaried,Chennai,Tamil Nadu,13.18073,80.2368,Low,2020-01-09,Y
CUST001460,SYNTHETIC CUSTOMER 001460,60,Senior Citizen,Student,Kolkata,West Bengal,22.5957,88.28735,Low,2022-05-08,Y
CUST001461,SYNTHETIC CUSTOMER 001461,44,SME,Retired,Chennai,Tamil Nadu,13.06882,80.21073,High,2018-05-08,Y
CUST001462,SYNTHETIC CUSTOMER 001462,21,Affluent,Retired,Jaipur,Rajasthan,26.91576,75.73265,Low,2021-02-25,Y
CUST001463,SYNTHETIC CUSTOMER 001463,48,Affluent,Homemaker,Kochi,Kerala,10.01767,76.28995,Low,2020-10-10,Y
CUST001464,SYNTHETIC CUSTOMER 001464,67,Affluent,Student,Hyderabad,Telangana,17.40309,78.46172,Low,2023-04-14,Y
CUST001465,SYNTHETIC CUSTOMER 001465,65,Affluent,Self-employed,Pune,Maharashtra,18.49294,73.92178,Low,2022-02-26,Y
CUST001466,SYNTHETIC CUSTOMER 001466,58,Mass,Homemaker,Jaipur,Rajasthan,26.92865,75.68031,Low,2019-03-18,Y
CUST001467,SYNTHETIC CUSTOMER 001467,51,Mass,Retired,Jaipur,Rajasthan,26.99011,75.90514,Low,2018-05-31,Y
CUST001468,SYNTHETIC CUSTOMER 001468,55,Affluent,Retired,Jaipur,Rajasthan,26.83818,75.83902,Low,2020-05-21,Y
CUST001469,SYNTHETIC CUSTOMER 001469,47,Mass,Self-employed,Pune,Maharashtra,18.56705,73.90732,Low,2024-09-03,Y
CUST001470,SYNTHETIC CUSTOMER 001470,39,Mass,Professional,Hyderabad,Telangana,17.40544,78.53719,Medium,2022-06-27,Y
CUST001471,SYNTHETIC CUSTOMER 001471,34,Mass,Student,Hyderabad,Telangana,17.45531,78.50196,Medium,2020-09-25,Y
CUST001472,SYNTHETIC CUSTOMER 001472,43,Mass,Homemaker,Kolkata,West Bengal,22.48952,88.45253,Low,2019-12-09,Y
CUST001473,SYNTHETIC CUSTOMER 001473,55,Mass,Student,Kolkata,West Bengal,22.48286,88.34179,Low,2018-02-03,Y
CUST001474,SYNTHETIC CUSTOMER 001474,70,Mass,Homemaker,Kochi,Kerala,9.81822,76.19001,Low,2023-04-08,Y
CUST001475,SYNTHETIC CUSTOMER 001475,78,Affluent,Student,Mumbai,Maharashtra,18.96161,72.7827,Low,2019-03-20,Y
CUST001476,SYNTHETIC CUSTOMER 001476,70,SME,Homemaker,Delhi,Delhi,28.67023,77.29424,Low,2025-03-11,Y
CUST001477,SYNTHETIC CUSTOMER 001477,74,Student,Self-employed,Mumbai,Maharashtra,19.01196,72.86889,Low,2022-11-14,Y
CUST001478,SYNTHETIC CUSTOMER 001478,71,SME,Professional,Bengaluru,Karnataka,13.0298,77.705,Low,2024-02-17,Y
CUST001479,SYNTHETIC CUSTOMER 001479,70,Mass,Homemaker,Kochi,Kerala,9.91358,76.34658,Low,2023-01-12,Y
CUST001480,SYNTHETIC CUSTOMER 001480,18,Mass,Retired,Jaipur,Rajasthan,26.96018,75.73272,Medium,2022-06-10,Y
CUST001481,SYNTHETIC CUSTOMER 001481,64,Student,Homemaker,Bengaluru,Karnataka,13.00614,77.56524,Low,2024-08-31,Y
CUST001482,SYNTHETIC CUSTOMER 001482,71,Senior Citizen,Professional,Chennai,Tamil Nadu,12.97808,80.26259,Low,2020-02-18,Y
CUST001483,SYNTHETIC CUSTOMER 001483,57,Affluent,Salaried,Hyderabad,Telangana,17.32781,78.37143,Low,2021-01-26,Y
CUST001484,SYNTHETIC CUSTOMER 001484,32,Mass,Self-employed,Chennai,Tamil Nadu,13.09421,80.24022,Low,2021-01-15,Y
CUST001485,SYNTHETIC CUSTOMER 001485,77,Senior Citizen,Professional,Mumbai,Maharashtra,19.11831,72.76994,Low,2024-10-25,Y
CUST001486,SYNTHETIC CUSTOMER 001486,32,Mass,Homemaker,Ahmedabad,Gujarat,23.05077,72.45927,Low,2025-11-15,Y
CUST001487,SYNTHETIC CUSTOMER 001487,40,Mass,Self-employed,Chennai,Tamil Nadu,13.12185,80.31401,Low,2023-02-11,Y
CUST001488,SYNTHETIC CUSTOMER 001488,67,Senior Citizen,Professional,Ahmedabad,Gujarat,23.00909,72.5531,Low,2021-07-28,Y
CUST001489,SYNTHETIC CUSTOMER 001489,69,Mass,Salaried,Kolkata,West Bengal,22.52488,88.40165,Medium,2021-12-07,Y
CUST001490,SYNTHETIC CUSTOMER 001490,39,Mass,Student,Kolkata,West Bengal,22.60073,88.37778,Low,2023-08-30,Y
CUST001491,SYNTHETIC CUSTOMER 001491,41,Senior Citizen,Professional,Mumbai,Maharashtra,19.16278,72.98862,Medium,2023-03-14,Y
CUST001492,SYNTHETIC CUSTOMER 001492,31,Mass,Homemaker,Pune,Maharashtra,18.55858,73.91027,Low,2023-10-12,Y
CUST001493,SYNTHETIC CUSTOMER 001493,60,Senior Citizen,Retired,Kochi,Kerala,9.81328,76.35167,Medium,2022-09-06,Y
CUST001494,SYNTHETIC CUSTOMER 001494,55,Mass,Self-employed,Pune,Maharashtra,18.50976,73.76159,Low,2017-12-02,Y
CUST001495,SYNTHETIC CUSTOMER 001495,71,Student,Professional,Kolkata,West Bengal,22.55432,88.45133,Medium,2021-03-17,Y
CUST001496,SYNTHETIC CUSTOMER 001496,35,Senior Citizen,Self-employed,Chennai,Tamil Nadu,13.18304,80.37299,Low,2024-06-24,Y
CUST001497,SYNTHETIC CUSTOMER 001497,75,Mass,Retired,Kochi,Kerala,9.95587,76.17391,Low,2022-11-18,Y
CUST001498,SYNTHETIC CUSTOMER 001498,73,SME,Self-employed,Bengaluru,Karnataka,13.08346,77.66933,Medium,2025-09-09,Y
CUST001499,SYNTHETIC CUSTOMER 001499,33,Mass,Student,Bengaluru,Karnataka,12.90276,77.5802,Low,2018-06-08,Y
CUST001500,SYNTHETIC CUSTOMER 001500,52,Affluent,Self-employed,Bengaluru,Karnataka,12.96957,77.67798,Low,2019-10-03,Y
CUST001501,SYNTHETIC CUSTOMER 001501,23,Mass,Student,Pune,Maharashtra,18.40729,73.88753,Low,2019-10-30,Y
CUST001502,SYNTHETIC CUSTOMER 001502,29,Affluent,Student,Kochi,Kerala,10.02493,76.38575,Low,2020-01-13,Y
CUST001503,SYNTHETIC CUSTOMER 001503,23,Affluent,Retired,Jaipur,Rajasthan,26.97351,75.70752,Medium,2024-03-21,Y
CUST001504,SYNTHETIC CUSTOMER 001504,60,Senior Citizen,Homemaker,Pune,Maharashtra,18.44508,73.77127,Medium,2020-10-25,Y
CUST001505,SYNTHETIC CUSTOMER 001505,52,Mass,Homemaker,Mumbai,Maharashtra,19.00925,72.91075,Low,2022-02-11,Y
CUST001506,SYNTHETIC CUSTOMER 001506,31,Mass,Student,Mumbai,Maharashtra,19.04155,72.89786,Low,2023-07-23,Y
CUST001507,SYNTHETIC CUSTOMER 001507,36,Mass,Student,Bengaluru,Karnataka,12.97669,77.64895,Medium,2018-02-25,Y
CUST001508,SYNTHETIC CUSTOMER 001508,50,Mass,Student,Kochi,Kerala,10.02667,76.32637,Low,2021-03-03,Y
CUST001509,SYNTHETIC CUSTOMER 001509,75,Affluent,Retired,Mumbai,Maharashtra,19.11857,72.82052,Low,2022-07-01,Y
CUST001510,SYNTHETIC CUSTOMER 001510,21,Affluent,Self-employed,Jaipur,Rajasthan,27.01897,75.67863,Low,2023-04-05,Y
CUST001511,SYNTHETIC CUSTOMER 001511,38,Affluent,Salaried,Pune,Maharashtra,18.53195,73.97627,Medium,2025-07-30,Y
CUST001512,SYNTHETIC CUSTOMER 001512,22,Affluent,Retired,Bengaluru,Karnataka,13.07384,77.5624,High,2021-03-02,Y
CUST001513,SYNTHETIC CUSTOMER 001513,26,SME,Retired,Delhi,Delhi,28.64547,77.19535,Low,2022-08-21,Y
CUST001514,SYNTHETIC CUSTOMER 001514,75,Mass,Homemaker,Kolkata,West Bengal,22.64676,88.25871,Low,2020-12-03,Y
CUST001515,SYNTHETIC CUSTOMER 001515,49,Student,Student,Chennai,Tamil Nadu,13.0337,80.18645,Low,2023-09-18,Y
CUST001516,SYNTHETIC CUSTOMER 001516,41,Mass,Homemaker,Mumbai,Maharashtra,19.01407,72.93134,Low,2024-12-23,Y
CUST001517,SYNTHETIC CUSTOMER 001517,41,Student,Salaried,Hyderabad,Telangana,17.42341,78.45156,Low,2019-08-06,Y
CUST001518,SYNTHETIC CUSTOMER 001518,23,Affluent,Professional,Hyderabad,Telangana,17.45261,78.41565,High,2022-08-12,Y
CUST001519,SYNTHETIC CUSTOMER 001519,52,Student,Retired,Bengaluru,Karnataka,12.89615,77.53201,Low,2024-07-25,Y
CUST001520,SYNTHETIC CUSTOMER 001520,22,Affluent,Homemaker,Jaipur,Rajasthan,26.95498,75.73978,Low,2021-12-18,Y
CUST001521,SYNTHETIC CUSTOMER 001521,31,SME,Homemaker,Jaipur,Rajasthan,27.02258,75.72334,Low,2021-03-04,Y
CUST001522,SYNTHETIC CUSTOMER 001522,57,Senior Citizen,Salaried,Jaipur,Rajasthan,26.91388,75.85035,Low,2022-09-30,Y
CUST001523,SYNTHETIC CUSTOMER 001523,27,Mass,Homemaker,Ahmedabad,Gujarat,23.10882,72.56162,Low,2023-06-21,Y
CUST001524,SYNTHETIC CUSTOMER 001524,66,Mass,Homemaker,Mumbai,Maharashtra,19.15925,72.76513,Low,2023-11-25,Y
CUST001525,SYNTHETIC CUSTOMER 001525,43,Student,Retired,Kochi,Kerala,9.87014,76.31907,Low,2023-03-24,Y
CUST001526,SYNTHETIC CUSTOMER 001526,44,Affluent,Professional,Chennai,Tamil Nadu,13.00653,80.22228,Low,2025-08-30,Y
CUST001527,SYNTHETIC CUSTOMER 001527,72,Mass,Professional,Ahmedabad,Gujarat,23.1217,72.65263,Medium,2024-06-02,Y
CUST001528,SYNTHETIC CUSTOMER 001528,76,Student,Self-employed,Pune,Maharashtra,18.60726,73.92349,Low,2023-05-15,Y
CUST001529,SYNTHETIC CUSTOMER 001529,44,Affluent,Retired,Kolkata,West Bengal,22.51823,88.34727,Medium,2020-08-17,Y
CUST001530,SYNTHETIC CUSTOMER 001530,54,Mass,Self-employed,Kolkata,West Bengal,22.54851,88.27314,Low,2021-12-27,Y
CUST001531,SYNTHETIC CUSTOMER 001531,44,Student,Salaried,Pune,Maharashtra,18.42878,73.81036,Low,2025-08-28,Y
CUST001532,SYNTHETIC CUSTOMER 001532,77,Mass,Student,Delhi,Delhi,28.68082,77.29195,Medium,2023-05-30,Y
CUST001533,SYNTHETIC CUSTOMER 001533,72,Mass,Salaried,Mumbai,Maharashtra,19.10023,72.85698,Low,2024-06-18,Y
CUST001534,SYNTHETIC CUSTOMER 001534,78,Affluent,Salaried,Kolkata,West Bengal,22.65366,88.39534,Low,2025-10-07,Y
CUST001535,SYNTHETIC CUSTOMER 001535,72,Student,Student,Pune,Maharashtra,18.58607,73.74132,Medium,2022-12-03,Y
CUST001536,SYNTHETIC CUSTOMER 001536,63,Senior Citizen,Student,Ahmedabad,Gujarat,22.98299,72.62176,Low,2022-08-03,Y
CUST001537,SYNTHETIC CUSTOMER 001537,25,Mass,Salaried,Jaipur,Rajasthan,27.01565,75.88066,Low,2017-12-13,Y
CUST001538,SYNTHETIC CUSTOMER 001538,45,Affluent,Self-employed,Delhi,Delhi,28.66965,77.23445,Low,2017-12-13,Y
CUST001539,SYNTHETIC CUSTOMER 001539,23,Mass,Student,Kochi,Kerala,10.01596,76.189,Low,2018-02-03,Y
CUST001540,SYNTHETIC CUSTOMER 001540,49,Student,Homemaker,Kolkata,West Bengal,22.58575,88.40219,Low,2025-06-19,Y
CUST001541,SYNTHETIC CUSTOMER 001541,20,Student,Retired,Hyderabad,Telangana,17.39022,78.50938,Low,2025-03-10,Y
CUST001542,SYNTHETIC CUSTOMER 001542,47,Mass,Professional,Jaipur,Rajasthan,26.86522,75.84285,Low,2022-08-15,Y
CUST001543,SYNTHETIC CUSTOMER 001543,58,Affluent,Salaried,Ahmedabad,Gujarat,22.96064,72.53164,Low,2024-12-10,Y
CUST001544,SYNTHETIC CUSTOMER 001544,41,Mass,Retired,Mumbai,Maharashtra,19.15846,72.88954,Medium,2023-08-06,Y
CUST001545,SYNTHETIC CUSTOMER 001545,55,Mass,Homemaker,Ahmedabad,Gujarat,22.90758,72.46259,Medium,2023-04-01,Y
CUST001546,SYNTHETIC CUSTOMER 001546,33,Affluent,Professional,Mumbai,Maharashtra,19.02112,72.79479,Low,2018-03-18,Y
CUST001547,SYNTHETIC CUSTOMER 001547,61,Mass,Student,Pune,Maharashtra,18.58602,73.85906,Low,2020-05-17,Y
CUST001548,SYNTHETIC CUSTOMER 001548,21,Senior Citizen,Self-employed,Kochi,Kerala,10.01404,76.24065,Low,2023-02-20,Y
CUST001549,SYNTHETIC CUSTOMER 001549,59,Affluent,Self-employed,Pune,Maharashtra,18.512,73.91541,Low,2021-11-17,Y
CUST001550,SYNTHETIC CUSTOMER 001550,56,SME,Retired,Pune,Maharashtra,18.44699,73.85492,Medium,2023-06-03,Y
CUST001551,SYNTHETIC CUSTOMER 001551,63,Mass,Self-employed,Mumbai,Maharashtra,19.14004,72.92545,Low,2025-05-30,Y
CUST001552,SYNTHETIC CUSTOMER 001552,58,SME,Homemaker,Delhi,Delhi,28.68847,77.13953,Low,2022-11-09,Y
CUST001553,SYNTHETIC CUSTOMER 001553,58,Affluent,Homemaker,Pune,Maharashtra,18.48909,73.90614,Low,2022-07-24,Y
CUST001554,SYNTHETIC CUSTOMER 001554,63,Mass,Self-employed,Chennai,Tamil Nadu,13.16044,80.19827,Low,2019-04-02,Y
CUST001555,SYNTHETIC CUSTOMER 001555,19,Mass,Student,Delhi,Delhi,28.5166,77.21135,Low,2019-06-26,Y
CUST001556,SYNTHETIC CUSTOMER 001556,59,Student,Homemaker,Pune,Maharashtra,18.5535,73.92088,Low,2021-06-26,Y
CUST001557,SYNTHETIC CUSTOMER 001557,18,Mass,Homemaker,Kochi,Kerala,9.89159,76.2218,Low,2020-09-27,Y
CUST001558,SYNTHETIC CUSTOMER 001558,18,Senior Citizen,Student,Kolkata,West Bengal,22.58769,88.32079,Low,2022-10-19,Y
CUST001559,SYNTHETIC CUSTOMER 001559,65,Mass,Self-employed,Hyderabad,Telangana,17.37726,78.41567,Medium,2018-06-23,Y
CUST001560,SYNTHETIC CUSTOMER 001560,31,Mass,Professional,Jaipur,Rajasthan,26.80807,75.82751,Low,2025-12-13,Y
CUST001561,SYNTHETIC CUSTOMER 001561,62,Student,Homemaker,Jaipur,Rajasthan,26.90497,75.75308,Low,2021-12-07,Y
CUST001562,SYNTHETIC CUSTOMER 001562,60,Mass,Homemaker,Pune,Maharashtra,18.55364,73.87091,Low,2025-11-04,Y
CUST001563,SYNTHETIC CUSTOMER 001563,19,Mass,Professional,Kolkata,West Bengal,22.54596,88.32664,Low,2025-01-08,Y
CUST001564,SYNTHETIC CUSTOMER 001564,40,Mass,Student,Chennai,Tamil Nadu,13.15936,80.27265,Low,2019-01-24,Y
CUST001565,SYNTHETIC CUSTOMER 001565,25,Affluent,Self-employed,Pune,Maharashtra,18.42491,73.82206,Low,2025-08-24,Y
CUST001566,SYNTHETIC CUSTOMER 001566,34,Mass,Retired,Mumbai,Maharashtra,19.06629,72.93402,Low,2019-06-21,Y
CUST001567,SYNTHETIC CUSTOMER 001567,56,Mass,Professional,Chennai,Tamil Nadu,13.0147,80.18215,Low,2019-11-28,Y
CUST001568,SYNTHETIC CUSTOMER 001568,24,Student,Salaried,Delhi,Delhi,28.70613,77.10546,High,2022-09-15,Y
CUST001569,SYNTHETIC CUSTOMER 001569,69,SME,Homemaker,Hyderabad,Telangana,17.465,78.50503,Low,2020-01-14,Y
CUST001570,SYNTHETIC CUSTOMER 001570,63,Affluent,Self-employed,Bengaluru,Karnataka,13.05214,77.70458,Low,2019-09-29,Y
CUST001571,SYNTHETIC CUSTOMER 001571,20,Mass,Student,Bengaluru,Karnataka,13.07808,77.67304,Low,2020-08-24,Y
CUST001572,SYNTHETIC CUSTOMER 001572,26,Senior Citizen,Homemaker,Bengaluru,Karnataka,13.00752,77.69464,Low,2021-08-26,Y
CUST001573,SYNTHETIC CUSTOMER 001573,22,Mass,Homemaker,Pune,Maharashtra,18.61621,73.89683,Low,2024-07-12,Y
CUST001574,SYNTHETIC CUSTOMER 001574,32,Mass,Self-employed,Bengaluru,Karnataka,12.91988,77.63366,Low,2019-04-12,Y
CUST001575,SYNTHETIC CUSTOMER 001575,22,Mass,Salaried,Mumbai,Maharashtra,18.96775,72.80982,Low,2021-04-09,Y
CUST001576,SYNTHETIC CUSTOMER 001576,71,Student,Professional,Mumbai,Maharashtra,19.05796,72.83586,Low,2022-11-11,Y
CUST001577,SYNTHETIC CUSTOMER 001577,54,Affluent,Student,Kochi,Kerala,9.92811,76.1813,Low,2022-12-06,Y
CUST001578,SYNTHETIC CUSTOMER 001578,66,Mass,Retired,Jaipur,Rajasthan,26.81294,75.81144,Low,2022-02-18,Y
CUST001579,SYNTHETIC CUSTOMER 001579,23,Student,Retired,Kochi,Kerala,9.90486,76.18021,Low,2017-12-10,Y
CUST001580,SYNTHETIC CUSTOMER 001580,44,Senior Citizen,Homemaker,Kochi,Kerala,9.82223,76.2423,Low,2021-10-05,Y
CUST001581,SYNTHETIC CUSTOMER 001581,38,Mass,Self-employed,Delhi,Delhi,28.53693,77.13774,Low,2024-04-22,Y
CUST001582,SYNTHETIC CUSTOMER 001582,39,Senior Citizen,Self-employed,Kolkata,West Bengal,22.47364,88.41646,Low,2020-03-25,Y
CUST001583,SYNTHETIC CUSTOMER 001583,74,Mass,Student,Kochi,Kerala,9.98533,76.33758,Low,2022-11-24,Y
CUST001584,SYNTHETIC CUSTOMER 001584,45,Mass,Salaried,Bengaluru,Karnataka,12.88695,77.49686,Medium,2020-06-27,Y
CUST001585,SYNTHETIC CUSTOMER 001585,40,Mass,Retired,Chennai,Tamil Nadu,13.08734,80.29867,High,2021-02-15,Y
CUST001586,SYNTHETIC CUSTOMER 001586,38,Student,Self-employed,Ahmedabad,Gujarat,23.08198,72.48218,Low,2022-05-25,Y
CUST001587,SYNTHETIC CUSTOMER 001587,28,Mass,Retired,Jaipur,Rajasthan,26.85528,75.76251,Low,2021-02-15,Y
CUST001588,SYNTHETIC CUSTOMER 001588,63,Mass,Self-employed,Delhi,Delhi,28.62721,77.234,Medium,2024-11-08,Y
CUST001589,SYNTHETIC CUSTOMER 001589,23,Mass,Retired,Hyderabad,Telangana,17.33368,78.40086,Low,2019-04-22,Y
CUST001590,SYNTHETIC CUSTOMER 001590,32,SME,Student,Hyderabad,Telangana,17.32333,78.43309,Low,2019-06-30,Y
CUST001591,SYNTHETIC CUSTOMER 001591,63,SME,Professional,Jaipur,Rajasthan,26.80892,75.79466,Low,2020-04-29,Y
CUST001592,SYNTHETIC CUSTOMER 001592,78,Affluent,Salaried,Chennai,Tamil Nadu,13.01415,80.18914,Medium,2023-12-02,Y
CUST001593,SYNTHETIC CUSTOMER 001593,64,Mass,Retired,Ahmedabad,Gujarat,22.9639,72.56157,Medium,2023-07-12,Y
CUST001594,SYNTHETIC CUSTOMER 001594,73,Student,Salaried,Jaipur,Rajasthan,26.98139,75.8221,High,2024-07-31,Y
CUST001595,SYNTHETIC CUSTOMER 001595,54,Affluent,Retired,Kolkata,West Bengal,22.63512,88.45993,Low,2021-07-05,Y
CUST001596,SYNTHETIC CUSTOMER 001596,35,Affluent,Homemaker,Kolkata,West Bengal,22.69252,88.26588,Low,2020-03-01,Y
CUST001597,SYNTHETIC CUSTOMER 001597,66,SME,Retired,Jaipur,Rajasthan,26.86606,75.83778,Low,2023-06-24,Y
CUST001598,SYNTHETIC CUSTOMER 001598,33,Mass,Professional,Chennai,Tamil Nadu,13.14383,80.37184,Low,2023-09-01,Y
CUST001599,SYNTHETIC CUSTOMER 001599,41,Mass,Self-employed,Ahmedabad,Gujarat,23.00453,72.50147,Medium,2022-07-18,Y
CUST001600,SYNTHETIC CUSTOMER 001600,30,Student,Self-employed,Pune,Maharashtra,18.54606,73.8998,Low,2020-07-05,Y
CUST001601,SYNTHETIC CUSTOMER 001601,37,Affluent,Salaried,Chennai,Tamil Nadu,13.14255,80.24975,Low,2023-03-11,Y
CUST001602,SYNTHETIC CUSTOMER 001602,39,Affluent,Salaried,Kochi,Kerala,9.92669,76.27458,High,2025-09-15,Y
CUST001603,SYNTHETIC CUSTOMER 001603,37,Mass,Retired,Delhi,Delhi,28.53553,77.17632,Low,2021-09-01,Y
CUST001604,SYNTHETIC CUSTOMER 001604,25,Mass,Salaried,Ahmedabad,Gujarat,22.97648,72.59986,Low,2020-10-10,Y
CUST001605,SYNTHETIC CUSTOMER 001605,39,Mass,Professional,Hyderabad,Telangana,17.37883,78.59272,Low,2020-05-22,Y
CUST001606,SYNTHETIC CUSTOMER 001606,56,Affluent,Student,Ahmedabad,Gujarat,23.11175,72.51472,Low,2022-04-02,Y
CUST001607,SYNTHETIC CUSTOMER 001607,58,Affluent,Homemaker,Kolkata,West Bengal,22.45824,88.33139,Low,2021-01-15,Y
CUST001608,SYNTHETIC CUSTOMER 001608,35,Mass,Student,Delhi,Delhi,28.71994,77.27448,Low,2020-08-07,Y
CUST001609,SYNTHETIC CUSTOMER 001609,51,Mass,Homemaker,Kochi,Kerala,10.03171,76.34204,Low,2025-09-05,Y
CUST001610,SYNTHETIC CUSTOMER 001610,24,Student,Student,Chennai,Tamil Nadu,13.13984,80.18458,Low,2021-12-16,Y
CUST001611,SYNTHETIC CUSTOMER 001611,75,Mass,Self-employed,Mumbai,Maharashtra,19.15334,72.89459,Low,2020-09-07,Y
CUST001612,SYNTHETIC CUSTOMER 001612,20,Affluent,Retired,Bengaluru,Karnataka,12.9796,77.63829,Low,2019-04-27,Y
CUST001613,SYNTHETIC CUSTOMER 001613,31,Mass,Student,Pune,Maharashtra,18.50772,73.89397,Medium,2022-12-25,Y
CUST001614,SYNTHETIC CUSTOMER 001614,73,Mass,Retired,Ahmedabad,Gujarat,22.98269,72.63289,Low,2025-04-30,Y
CUST001615,SYNTHETIC CUSTOMER 001615,30,Affluent,Self-employed,Delhi,Delhi,28.55475,77.23257,Low,2019-05-30,Y
CUST001616,SYNTHETIC CUSTOMER 001616,58,Mass,Salaried,Kochi,Kerala,9.90827,76.30118,Medium,2024-09-02,Y
CUST001617,SYNTHETIC CUSTOMER 001617,47,Affluent,Student,Chennai,Tamil Nadu,13.18583,80.22956,Low,2022-10-24,Y
CUST001618,SYNTHETIC CUSTOMER 001618,51,Mass,Homemaker,Hyderabad,Telangana,17.4148,78.56557,Low,2023-01-29,Y
CUST001619,SYNTHETIC CUSTOMER 001619,27,Student,Student,Mumbai,Maharashtra,19.106,72.77068,Low,2021-12-13,Y
CUST001620,SYNTHETIC CUSTOMER 001620,40,Student,Retired,Kolkata,West Bengal,22.45337,88.30266,Low,2021-01-26,Y
CUST001621,SYNTHETIC CUSTOMER 001621,18,Affluent,Student,Hyderabad,Telangana,17.29573,78.38551,Low,2020-01-17,Y
CUST001622,SYNTHETIC CUSTOMER 001622,40,Mass,Professional,Ahmedabad,Gujarat,23.10039,72.5954,Low,2023-09-18,Y
CUST001623,SYNTHETIC CUSTOMER 001623,27,Affluent,Retired,Hyderabad,Telangana,17.31007,78.49035,Medium,2024-06-16,Y
CUST001624,SYNTHETIC CUSTOMER 001624,64,Student,Homemaker,Jaipur,Rajasthan,27.00966,75.80932,Low,2023-04-10,Y
CUST001625,SYNTHETIC CUSTOMER 001625,54,SME,Professional,Kolkata,West Bengal,22.51387,88.34163,Low,2022-10-01,Y
CUST001626,SYNTHETIC CUSTOMER 001626,37,Mass,Student,Bengaluru,Karnataka,13.05233,77.62522,Low,2020-06-23,Y
CUST001627,SYNTHETIC CUSTOMER 001627,48,Student,Self-employed,Kochi,Kerala,9.95897,76.15139,Low,2025-04-23,Y
CUST001628,SYNTHETIC CUSTOMER 001628,41,Mass,Student,Ahmedabad,Gujarat,22.98494,72.45857,Low,2024-02-11,Y
CUST001629,SYNTHETIC CUSTOMER 001629,41,SME,Retired,Bengaluru,Karnataka,12.86666,77.54253,Low,2021-11-18,Y
CUST001630,SYNTHETIC CUSTOMER 001630,45,Student,Salaried,Pune,Maharashtra,18.62991,73.89595,High,2023-09-22,Y
CUST001631,SYNTHETIC CUSTOMER 001631,55,Mass,Homemaker,Mumbai,Maharashtra,19.07666,72.93989,Low,2025-06-08,Y
CUST001632,SYNTHETIC CUSTOMER 001632,61,Student,Professional,Pune,Maharashtra,18.60928,73.89708,High,2021-04-17,Y
CUST001633,SYNTHETIC CUSTOMER 001633,71,Mass,Student,Hyderabad,Telangana,17.27549,78.46412,Low,2025-06-18,Y
CUST001634,SYNTHETIC CUSTOMER 001634,37,Affluent,Professional,Jaipur,Rajasthan,27.01779,75.79204,Low,2021-05-20,Y
CUST001635,SYNTHETIC CUSTOMER 001635,34,Mass,Salaried,Pune,Maharashtra,18.53451,73.92066,Low,2024-02-21,Y
CUST001636,SYNTHETIC CUSTOMER 001636,23,Affluent,Homemaker,Pune,Maharashtra,18.62837,73.82887,Low,2019-03-03,Y
CUST001637,SYNTHETIC CUSTOMER 001637,58,Mass,Self-employed,Kochi,Kerala,10.00174,76.32946,Low,2019-10-11,Y
CUST001638,SYNTHETIC CUSTOMER 001638,49,Mass,Professional,Bengaluru,Karnataka,13.0684,77.52897,Low,2023-09-04,Y
CUST001639,SYNTHETIC CUSTOMER 001639,50,Senior Citizen,Retired,Jaipur,Rajasthan,27.01518,75.85623,Low,2022-05-01,Y
CUST001640,SYNTHETIC CUSTOMER 001640,76,Student,Self-employed,Hyderabad,Telangana,17.44467,78.5231,Low,2023-01-29,Y
CUST001641,SYNTHETIC CUSTOMER 001641,47,Mass,Student,Jaipur,Rajasthan,27.00011,75.70025,Low,2023-03-17,Y
CUST001642,SYNTHETIC CUSTOMER 001642,30,Mass,Student,Jaipur,Rajasthan,26.99231,75.8376,Medium,2020-05-23,Y
CUST001643,SYNTHETIC CUSTOMER 001643,27,Mass,Student,Ahmedabad,Gujarat,22.92207,72.51555,Low,2020-11-09,Y
CUST001644,SYNTHETIC CUSTOMER 001644,45,Mass,Professional,Bengaluru,Karnataka,12.87874,77.54418,Low,2022-06-16,Y
CUST001645,SYNTHETIC CUSTOMER 001645,24,Student,Self-employed,Bengaluru,Karnataka,12.99264,77.5436,Low,2023-10-02,Y
CUST001646,SYNTHETIC CUSTOMER 001646,43,Mass,Student,Pune,Maharashtra,18.44253,73.785,Medium,2025-01-13,Y
CUST001647,SYNTHETIC CUSTOMER 001647,65,Mass,Retired,Delhi,Delhi,28.60303,77.16438,Low,2025-12-02,Y
CUST001648,SYNTHETIC CUSTOMER 001648,30,Student,Professional,Ahmedabad,Gujarat,23.13574,72.53899,Medium,2023-11-26,Y
CUST001649,SYNTHETIC CUSTOMER 001649,27,Affluent,Self-employed,Ahmedabad,Gujarat,23.072,72.50593,Medium,2024-05-07,Y
CUST001650,SYNTHETIC CUSTOMER 001650,32,Mass,Professional,Kolkata,West Bengal,22.54652,88.33151,Low,2023-03-24,Y
CUST001651,SYNTHETIC CUSTOMER 001651,32,SME,Student,Pune,Maharashtra,18.50815,73.89025,Low,2024-05-12,Y
CUST001652,SYNTHETIC CUSTOMER 001652,70,Student,Homemaker,Delhi,Delhi,28.60687,77.19678,Low,2019-12-17,Y
CUST001653,SYNTHETIC CUSTOMER 001653,40,Senior Citizen,Homemaker,Hyderabad,Telangana,17.4792,78.50822,Low,2021-10-05,Y
CUST001654,SYNTHETIC CUSTOMER 001654,64,Affluent,Student,Jaipur,Rajasthan,26.88497,75.83631,Low,2018-12-12,Y
CUST001655,SYNTHETIC CUSTOMER 001655,29,Affluent,Retired,Mumbai,Maharashtra,19.06855,72.96908,Medium,2022-05-31,Y
CUST001656,SYNTHETIC CUSTOMER 001656,25,Student,Salaried,Pune,Maharashtra,18.52341,73.94433,Low,2024-09-08,Y
CUST001657,SYNTHETIC CUSTOMER 001657,77,Affluent,Student,Bengaluru,Karnataka,13.012,77.64028,Medium,2020-10-29,Y
CUST001658,SYNTHETIC CUSTOMER 001658,45,Senior Citizen,Student,Kochi,Kerala,9.92901,76.19585,Low,2022-06-10,Y
CUST001659,SYNTHETIC CUSTOMER 001659,71,Mass,Homemaker,Kolkata,West Bengal,22.62985,88.3542,Low,2022-11-03,Y
CUST001660,SYNTHETIC CUSTOMER 001660,25,Mass,Professional,Ahmedabad,Gujarat,23.0779,72.56902,Low,2020-06-08,Y
CUST001661,SYNTHETIC CUSTOMER 001661,33,Mass,Professional,Jaipur,Rajasthan,26.93746,75.80896,Low,2024-08-12,Y
CUST001662,SYNTHETIC CUSTOMER 001662,55,Mass,Retired,Kochi,Kerala,9.8618,76.20465,Low,2025-08-02,Y
CUST001663,SYNTHETIC CUSTOMER 001663,64,Affluent,Homemaker,Bengaluru,Karnataka,12.94134,77.5311,Medium,2022-04-16,Y
CUST001664,SYNTHETIC CUSTOMER 001664,30,Student,Professional,Kochi,Kerala,9.89961,76.25579,Low,2019-08-10,Y
CUST001665,SYNTHETIC CUSTOMER 001665,62,Mass,Retired,Mumbai,Maharashtra,19.12994,72.94513,Low,2019-09-12,Y
CUST001666,SYNTHETIC CUSTOMER 001666,72,Affluent,Salaried,Kolkata,West Bengal,22.66858,88.35416,Low,2025-06-11,Y
CUST001667,SYNTHETIC CUSTOMER 001667,52,Affluent,Retired,Delhi,Delhi,28.69233,77.19955,Low,2025-12-14,Y
CUST001668,SYNTHETIC CUSTOMER 001668,22,Mass,Homemaker,Hyderabad,Telangana,17.30002,78.48353,Low,2019-05-11,Y
CUST001669,SYNTHETIC CUSTOMER 001669,44,Student,Professional,Jaipur,Rajasthan,27.01754,75.82126,Low,2023-08-09,Y
CUST001670,SYNTHETIC CUSTOMER 001670,43,Mass,Student,Delhi,Delhi,28.5161,77.32364,Low,2021-05-21,Y
CUST001671,SYNTHETIC CUSTOMER 001671,27,SME,Self-employed,Kochi,Kerala,9.94791,76.14825,Low,2025-01-26,Y
CUST001672,SYNTHETIC CUSTOMER 001672,60,SME,Homemaker,Ahmedabad,Gujarat,22.91467,72.64134,Low,2019-08-10,Y
CUST001673,SYNTHETIC CUSTOMER 001673,76,SME,Salaried,Hyderabad,Telangana,17.33486,78.39231,Low,2022-03-20,Y
CUST001674,SYNTHETIC CUSTOMER 001674,30,Mass,Homemaker,Hyderabad,Telangana,17.35132,78.55957,Low,2024-06-06,Y
CUST001675,SYNTHETIC CUSTOMER 001675,21,Affluent,Professional,Ahmedabad,Gujarat,22.94514,72.64412,Low,2019-05-12,Y
CUST001676,SYNTHETIC CUSTOMER 001676,30,Senior Citizen,Professional,Pune,Maharashtra,18.46868,73.77712,Low,2022-05-27,Y
CUST001677,SYNTHETIC CUSTOMER 001677,47,SME,Self-employed,Hyderabad,Telangana,17.45683,78.39661,Low,2018-08-01,Y
CUST001678,SYNTHETIC CUSTOMER 001678,30,Student,Salaried,Mumbai,Maharashtra,19.03151,72.79067,Low,2024-11-09,Y
CUST001679,SYNTHETIC CUSTOMER 001679,74,Mass,Homemaker,Bengaluru,Karnataka,12.91203,77.5164,Low,2021-08-07,Y
CUST001680,SYNTHETIC CUSTOMER 001680,42,Student,Retired,Mumbai,Maharashtra,19.14146,72.90628,Low,2023-10-15,Y
CUST001681,SYNTHETIC CUSTOMER 001681,71,Mass,Student,Kolkata,West Bengal,22.45751,88.44371,Low,2018-03-03,Y
CUST001682,SYNTHETIC CUSTOMER 001682,52,SME,Homemaker,Pune,Maharashtra,18.45017,73.77939,Low,2021-02-18,Y
CUST001683,SYNTHETIC CUSTOMER 001683,28,Senior Citizen,Homemaker,Delhi,Delhi,28.60416,77.24522,Medium,2020-03-21,Y
CUST001684,SYNTHETIC CUSTOMER 001684,33,Affluent,Student,Hyderabad,Telangana,17.37722,78.38039,Low,2025-12-05,Y
CUST001685,SYNTHETIC CUSTOMER 001685,69,Mass,Salaried,Hyderabad,Telangana,17.40391,78.38421,Low,2023-02-14,Y
CUST001686,SYNTHETIC CUSTOMER 001686,31,Mass,Retired,Chennai,Tamil Nadu,13.04775,80.37167,Low,2018-02-10,Y
CUST001687,SYNTHETIC CUSTOMER 001687,27,Affluent,Self-employed,Delhi,Delhi,28.52613,77.29688,Low,2020-07-18,Y
CUST001688,SYNTHETIC CUSTOMER 001688,22,Student,Salaried,Kolkata,West Bengal,22.5585,88.32002,Medium,2019-06-27,Y
CUST001689,SYNTHETIC CUSTOMER 001689,21,Mass,Self-employed,Jaipur,Rajasthan,26.96808,75.74754,Medium,2019-06-27,Y
CUST001690,SYNTHETIC CUSTOMER 001690,37,Mass,Self-employed,Bengaluru,Karnataka,12.91228,77.60515,Low,2020-12-26,Y
CUST001691,SYNTHETIC CUSTOMER 001691,35,SME,Salaried,Delhi,Delhi,28.56863,77.20794,Low,2023-08-14,Y
CUST001692,SYNTHETIC CUSTOMER 001692,58,Mass,Salaried,Pune,Maharashtra,18.44823,73.79296,Low,2021-11-24,Y
CUST001693,SYNTHETIC CUSTOMER 001693,47,Mass,Homemaker,Kolkata,West Bengal,22.47302,88.33457,Low,2025-02-22,Y
CUST001694,SYNTHETIC CUSTOMER 001694,56,Mass,Self-employed,Hyderabad,Telangana,17.39293,78.5044,Low,2019-02-11,Y
CUST001695,SYNTHETIC CUSTOMER 001695,65,Mass,Student,Kochi,Kerala,10.03425,76.34134,Low,2025-01-21,Y
CUST001696,SYNTHETIC CUSTOMER 001696,69,Mass,Retired,Hyderabad,Telangana,17.34455,78.41295,Low,2019-08-18,Y
CUST001697,SYNTHETIC CUSTOMER 001697,34,SME,Student,Hyderabad,Telangana,17.36354,78.49067,Low,2021-04-16,Y
CUST001698,SYNTHETIC CUSTOMER 001698,46,Senior Citizen,Salaried,Chennai,Tamil Nadu,13.18311,80.32067,Medium,2018-05-29,Y
CUST001699,SYNTHETIC CUSTOMER 001699,67,Senior Citizen,Salaried,Mumbai,Maharashtra,19.03049,72.94006,Medium,2025-03-30,Y
CUST001700,SYNTHETIC CUSTOMER 001700,34,Mass,Retired,Ahmedabad,Gujarat,22.93824,72.55542,High,2022-09-23,Y
CUST001701,SYNTHETIC CUSTOMER 001701,32,Mass,Salaried,Ahmedabad,Gujarat,22.98081,72.63777,Low,2018-03-27,Y
CUST001702,SYNTHETIC CUSTOMER 001702,57,SME,Professional,Pune,Maharashtra,18.55814,73.79823,Medium,2018-05-22,Y
CUST001703,SYNTHETIC CUSTOMER 001703,36,Student,Self-employed,Pune,Maharashtra,18.4682,73.86328,Low,2024-10-28,Y
CUST001704,SYNTHETIC CUSTOMER 001704,50,Student,Salaried,Pune,Maharashtra,18.44025,73.82483,Medium,2025-02-06,Y
CUST001705,SYNTHETIC CUSTOMER 001705,39,Senior Citizen,Homemaker,Mumbai,Maharashtra,18.98914,72.77964,Low,2018-09-22,Y
CUST001706,SYNTHETIC CUSTOMER 001706,49,Mass,Salaried,Bengaluru,Karnataka,13.02848,77.63051,Low,2023-09-20,Y
CUST001707,SYNTHETIC CUSTOMER 001707,67,SME,Student,Chennai,Tamil Nadu,12.99239,80.24895,Low,2018-04-27,Y
CUST001708,SYNTHETIC CUSTOMER 001708,43,Affluent,Self-employed,Kolkata,West Bengal,22.62536,88.39387,Low,2025-05-02,Y
CUST001709,SYNTHETIC CUSTOMER 001709,50,Affluent,Student,Kolkata,West Bengal,22.5021,88.40462,Low,2018-12-16,Y
CUST001710,SYNTHETIC CUSTOMER 001710,76,Mass,Student,Kolkata,West Bengal,22.496,88.4128,Low,2020-09-12,Y
CUST001711,SYNTHETIC CUSTOMER 001711,52,Mass,Professional,Pune,Maharashtra,18.62214,73.83034,Medium,2019-11-18,Y
CUST001712,SYNTHETIC CUSTOMER 001712,26,Mass,Salaried,Pune,Maharashtra,18.61303,73.7977,Low,2020-10-04,Y
CUST001713,SYNTHETIC CUSTOMER 001713,54,Mass,Retired,Chennai,Tamil Nadu,13.19123,80.23724,Low,2024-11-02,Y
CUST001714,SYNTHETIC CUSTOMER 001714,58,Mass,Homemaker,Kochi,Kerala,10.03546,76.20938,Low,2023-01-03,Y
CUST001715,SYNTHETIC CUSTOMER 001715,77,SME,Student,Pune,Maharashtra,18.54548,73.91633,Medium,2022-01-12,Y
CUST001716,SYNTHETIC CUSTOMER 001716,51,Mass,Salaried,Bengaluru,Karnataka,13.0556,77.69823,Low,2022-11-13,Y
CUST001717,SYNTHETIC CUSTOMER 001717,64,Senior Citizen,Student,Chennai,Tamil Nadu,13.04343,80.23868,Medium,2025-02-06,Y
CUST001718,SYNTHETIC CUSTOMER 001718,67,Mass,Retired,Kochi,Kerala,9.9742,76.22854,Low,2022-01-03,Y
CUST001719,SYNTHETIC CUSTOMER 001719,63,Mass,Self-employed,Ahmedabad,Gujarat,23.13371,72.5973,Low,2019-07-09,Y
CUST001720,SYNTHETIC CUSTOMER 001720,51,Senior Citizen,Homemaker,Chennai,Tamil Nadu,13.17323,80.31066,Low,2021-09-18,Y
CUST001721,SYNTHETIC CUSTOMER 001721,22,Affluent,Self-employed,Jaipur,Rajasthan,26.84568,75.82696,Low,2019-08-20,Y
CUST001722,SYNTHETIC CUSTOMER 001722,56,SME,Student,Ahmedabad,Gujarat,23.11733,72.45783,Low,2024-05-01,Y
CUST001723,SYNTHETIC CUSTOMER 001723,51,Senior Citizen,Salaried,Bengaluru,Karnataka,13.03222,77.54163,Low,2023-12-27,Y
CUST001724,SYNTHETIC CUSTOMER 001724,68,Mass,Retired,Hyderabad,Telangana,17.31245,78.41389,Low,2019-10-30,Y
CUST001725,SYNTHETIC CUSTOMER 001725,52,Mass,Homemaker,Mumbai,Maharashtra,19.11191,72.88146,Low,2020-07-28,Y
CUST001726,SYNTHETIC CUSTOMER 001726,46,SME,Self-employed,Chennai,Tamil Nadu,13.06572,80.23209,Low,2019-12-13,Y
CUST001727,SYNTHETIC CUSTOMER 001727,73,Senior Citizen,Professional,Delhi,Delhi,28.63166,77.15777,Low,2021-03-26,Y
CUST001728,SYNTHETIC CUSTOMER 001728,47,Affluent,Retired,Pune,Maharashtra,18.6352,73.80623,Low,2024-12-23,Y
CUST001729,SYNTHETIC CUSTOMER 001729,45,Mass,Salaried,Kochi,Kerala,9.89673,76.3081,Low,2020-02-27,Y
CUST001730,SYNTHETIC CUSTOMER 001730,22,Mass,Student,Kochi,Kerala,10.01232,76.23688,Medium,2019-07-03,Y
CUST001731,SYNTHETIC CUSTOMER 001731,42,Mass,Student,Ahmedabad,Gujarat,23.14015,72.68876,Medium,2024-04-10,Y
CUST001732,SYNTHETIC CUSTOMER 001732,68,Mass,Professional,Mumbai,Maharashtra,18.9562,72.96706,Low,2020-07-01,Y
CUST001733,SYNTHETIC CUSTOMER 001733,26,Mass,Self-employed,Pune,Maharashtra,18.47796,73.91245,Low,2019-12-30,Y
CUST001734,SYNTHETIC CUSTOMER 001734,71,Senior Citizen,Salaried,Chennai,Tamil Nadu,13.02021,80.35995,Low,2025-08-27,Y
CUST001735,SYNTHETIC CUSTOMER 001735,47,Mass,Homemaker,Pune,Maharashtra,18.6104,73.95427,Low,2020-08-24,Y
CUST001736,SYNTHETIC CUSTOMER 001736,58,Mass,Self-employed,Jaipur,Rajasthan,26.81852,75.84346,Low,2020-05-13,Y
CUST001737,SYNTHETIC CUSTOMER 001737,71,Affluent,Professional,Delhi,Delhi,28.70919,77.28513,Medium,2024-03-21,Y
CUST001738,SYNTHETIC CUSTOMER 001738,44,Senior Citizen,Student,Chennai,Tamil Nadu,13.15352,80.16776,Low,2018-07-12,Y
CUST001739,SYNTHETIC CUSTOMER 001739,43,Mass,Homemaker,Chennai,Tamil Nadu,13.15156,80.31087,Low,2020-12-16,Y
CUST001740,SYNTHETIC CUSTOMER 001740,72,SME,Student,Jaipur,Rajasthan,26.93307,75.7419,Low,2022-05-30,Y
CUST001741,SYNTHETIC CUSTOMER 001741,53,Mass,Homemaker,Pune,Maharashtra,18.41014,73.9504,Low,2024-02-05,Y
CUST001742,SYNTHETIC CUSTOMER 001742,28,Affluent,Self-employed,Delhi,Delhi,28.51495,77.14832,Medium,2023-10-31,Y
CUST001743,SYNTHETIC CUSTOMER 001743,26,Affluent,Student,Jaipur,Rajasthan,26.87771,75.80398,Low,2024-11-01,Y
CUST001744,SYNTHETIC CUSTOMER 001744,60,Mass,Salaried,Jaipur,Rajasthan,26.87618,75.76268,Low,2021-04-01,Y
CUST001745,SYNTHETIC CUSTOMER 001745,25,Senior Citizen,Homemaker,Pune,Maharashtra,18.58039,73.97506,Low,2021-02-27,Y
CUST001746,SYNTHETIC CUSTOMER 001746,30,Senior Citizen,Retired,Ahmedabad,Gujarat,23.038,72.65263,Low,2025-06-17,Y
CUST001747,SYNTHETIC CUSTOMER 001747,67,Senior Citizen,Salaried,Hyderabad,Telangana,17.35268,78.38476,Medium,2025-07-17,Y
CUST001748,SYNTHETIC CUSTOMER 001748,68,Mass,Homemaker,Pune,Maharashtra,18.45131,73.89945,Low,2025-08-06,Y
CUST001749,SYNTHETIC CUSTOMER 001749,38,Mass,Retired,Delhi,Delhi,28.69913,77.27061,Low,2022-10-28,Y
CUST001750,SYNTHETIC CUSTOMER 001750,78,Mass,Self-employed,Kochi,Kerala,9.82419,76.28752,Low,2019-09-02,Y
CUST001751,SYNTHETIC CUSTOMER 001751,29,Mass,Professional,Ahmedabad,Gujarat,22.98135,72.61687,Low,2024-07-22,Y
CUST001752,SYNTHETIC CUSTOMER 001752,39,Mass,Self-employed,Kolkata,West Bengal,22.58638,88.26952,Low,2020-10-03,Y
CUST001753,SYNTHETIC CUSTOMER 001753,71,Mass,Student,Hyderabad,Telangana,17.41778,78.50335,Medium,2021-02-09,Y
CUST001754,SYNTHETIC CUSTOMER 001754,46,Student,Self-employed,Kochi,Kerala,9.97648,76.17361,Medium,2021-01-20,Y
CUST001755,SYNTHETIC CUSTOMER 001755,29,Mass,Homemaker,Hyderabad,Telangana,17.27306,78.58897,High,2021-08-13,Y
CUST001756,SYNTHETIC CUSTOMER 001756,65,Mass,Self-employed,Chennai,Tamil Nadu,13.15671,80.25112,Medium,2024-12-18,Y
CUST001757,SYNTHETIC CUSTOMER 001757,47,Mass,Self-employed,Jaipur,Rajasthan,26.99572,75.78905,Low,2021-01-02,Y
CUST001758,SYNTHETIC CUSTOMER 001758,20,Mass,Professional,Mumbai,Maharashtra,19.11574,72.80851,Medium,2024-06-06,Y
CUST001759,SYNTHETIC CUSTOMER 001759,69,Mass,Student,Mumbai,Maharashtra,19.00798,72.80181,Low,2022-10-15,Y
CUST001760,SYNTHETIC CUSTOMER 001760,38,Mass,Retired,Delhi,Delhi,28.56916,77.32615,Low,2025-03-30,Y
CUST001761,SYNTHETIC CUSTOMER 001761,76,Student,Homemaker,Mumbai,Maharashtra,19.1788,72.92698,Medium,2020-12-26,Y
CUST001762,SYNTHETIC CUSTOMER 001762,40,SME,Student,Hyderabad,Telangana,17.40609,78.45508,Low,2017-12-05,Y
CUST001763,SYNTHETIC CUSTOMER 001763,52,Student,Salaried,Kochi,Kerala,10.00082,76.18456,Low,2019-05-21,Y
CUST001764,SYNTHETIC CUSTOMER 001764,60,SME,Homemaker,Hyderabad,Telangana,17.33835,78.46129,Medium,2024-07-06,Y
CUST001765,SYNTHETIC CUSTOMER 001765,47,SME,Retired,Chennai,Tamil Nadu,12.96847,80.37891,Low,2021-02-02,Y
CUST001766,SYNTHETIC CUSTOMER 001766,74,Mass,Self-employed,Jaipur,Rajasthan,26.87784,75.84221,Low,2020-01-26,Y
CUST001767,SYNTHETIC CUSTOMER 001767,49,SME,Self-employed,Ahmedabad,Gujarat,23.12942,72.62368,Low,2021-05-17,Y
CUST001768,SYNTHETIC CUSTOMER 001768,40,Mass,Salaried,Pune,Maharashtra,18.62994,73.88058,Low,2021-09-03,Y
CUST001769,SYNTHETIC CUSTOMER 001769,61,SME,Homemaker,Delhi,Delhi,28.58035,77.21383,Medium,2021-03-20,Y
CUST001770,SYNTHETIC CUSTOMER 001770,33,Student,Professional,Delhi,Delhi,28.52301,77.22803,Low,2023-11-14,Y
CUST001771,SYNTHETIC CUSTOMER 001771,22,Mass,Salaried,Bengaluru,Karnataka,12.87459,77.65805,Low,2023-12-26,Y
CUST001772,SYNTHETIC CUSTOMER 001772,33,Affluent,Self-employed,Bengaluru,Karnataka,12.99435,77.57695,Low,2023-11-27,Y
CUST001773,SYNTHETIC CUSTOMER 001773,23,Affluent,Homemaker,Kochi,Kerala,9.90149,76.22956,High,2023-08-16,Y
CUST001774,SYNTHETIC CUSTOMER 001774,45,SME,Student,Chennai,Tamil Nadu,12.98996,80.38503,Low,2025-05-08,Y
CUST001775,SYNTHETIC CUSTOMER 001775,77,Mass,Professional,Jaipur,Rajasthan,26.86033,75.83852,Low,2018-10-24,Y
CUST001776,SYNTHETIC CUSTOMER 001776,66,Mass,Homemaker,Delhi,Delhi,28.66464,77.18125,Low,2021-12-16,Y
CUST001777,SYNTHETIC CUSTOMER 001777,43,Mass,Salaried,Mumbai,Maharashtra,18.9826,72.95047,Low,2020-10-02,Y
CUST001778,SYNTHETIC CUSTOMER 001778,66,Mass,Student,Jaipur,Rajasthan,26.89858,75.85443,Low,2024-02-04,Y
CUST001779,SYNTHETIC CUSTOMER 001779,35,Mass,Professional,Delhi,Delhi,28.50846,77.17125,Medium,2020-12-27,Y
CUST001780,SYNTHETIC CUSTOMER 001780,49,Mass,Professional,Chennai,Tamil Nadu,12.96436,80.30791,Low,2023-06-17,Y
CUST001781,SYNTHETIC CUSTOMER 001781,46,Mass,Professional,Bengaluru,Karnataka,13.02562,77.60624,Low,2019-09-03,Y
CUST001782,SYNTHETIC CUSTOMER 001782,19,Student,Professional,Delhi,Delhi,28.64221,77.09849,Low,2025-09-04,Y
CUST001783,SYNTHETIC CUSTOMER 001783,54,Mass,Retired,Jaipur,Rajasthan,26.91485,75.76463,Low,2023-10-26,Y
CUST001784,SYNTHETIC CUSTOMER 001784,70,Senior Citizen,Student,Hyderabad,Telangana,17.43269,78.48666,Medium,2018-03-18,Y
CUST001785,SYNTHETIC CUSTOMER 001785,73,Senior Citizen,Retired,Hyderabad,Telangana,17.44701,78.37633,Medium,2024-04-18,Y
CUST001786,SYNTHETIC CUSTOMER 001786,57,SME,Salaried,Delhi,Delhi,28.64657,77.24364,Medium,2023-12-17,Y
CUST001787,SYNTHETIC CUSTOMER 001787,58,SME,Homemaker,Kolkata,West Bengal,22.62061,88.30508,Low,2019-02-20,Y
CUST001788,SYNTHETIC CUSTOMER 001788,64,Affluent,Student,Kochi,Kerala,10.00226,76.23053,Medium,2018-01-16,Y
CUST001789,SYNTHETIC CUSTOMER 001789,75,Student,Student,Delhi,Delhi,28.5876,77.12693,Low,2024-11-01,Y
CUST001790,SYNTHETIC CUSTOMER 001790,39,Mass,Homemaker,Delhi,Delhi,28.70358,77.13983,Low,2024-02-01,Y
CUST001791,SYNTHETIC CUSTOMER 001791,77,Mass,Student,Chennai,Tamil Nadu,12.9813,80.26283,Low,2023-01-12,Y
CUST001792,SYNTHETIC CUSTOMER 001792,25,Mass,Professional,Chennai,Tamil Nadu,12.9806,80.30047,Medium,2024-08-17,Y
CUST001793,SYNTHETIC CUSTOMER 001793,57,Affluent,Professional,Delhi,Delhi,28.6129,77.27252,Low,2019-08-13,Y
CUST001794,SYNTHETIC CUSTOMER 001794,74,Student,Retired,Delhi,Delhi,28.71408,77.30444,Low,2025-06-17,Y
CUST001795,SYNTHETIC CUSTOMER 001795,75,Mass,Student,Chennai,Tamil Nadu,13.14097,80.27912,High,2018-05-17,Y
CUST001796,SYNTHETIC CUSTOMER 001796,58,Mass,Professional,Mumbai,Maharashtra,19.13599,72.97685,Low,2019-03-14,Y
CUST001797,SYNTHETIC CUSTOMER 001797,75,Mass,Salaried,Kochi,Kerala,9.81173,76.32182,Low,2023-11-12,Y
CUST001798,SYNTHETIC CUSTOMER 001798,53,SME,Professional,Chennai,Tamil Nadu,13.05196,80.35481,Low,2019-01-26,Y
CUST001799,SYNTHETIC CUSTOMER 001799,71,Mass,Student,Hyderabad,Telangana,17.32677,78.37002,Low,2020-09-02,Y
CUST001800,SYNTHETIC CUSTOMER 001800,62,Mass,Retired,Pune,Maharashtra,18.52132,73.87903,Medium,2025-09-07,Y
CUST001801,SYNTHETIC CUSTOMER 001801,61,Affluent,Homemaker,Delhi,Delhi,28.56985,77.27425,Low,2023-06-06,Y
CUST001802,SYNTHETIC CUSTOMER 001802,72,Senior Citizen,Student,Mumbai,Maharashtra,18.99714,72.77137,Low,2020-05-24,Y
CUST001803,SYNTHETIC CUSTOMER 001803,50,Affluent,Salaried,Kolkata,West Bengal,22.64128,88.39587,Low,2022-05-26,Y
CUST001804,SYNTHETIC CUSTOMER 001804,49,Mass,Self-employed,Kolkata,West Bengal,22.51308,88.43888,Medium,2022-01-19,Y
CUST001805,SYNTHETIC CUSTOMER 001805,57,SME,Self-employed,Kochi,Kerala,9.97576,76.3507,Low,2021-03-16,Y
CUST001806,SYNTHETIC CUSTOMER 001806,34,Mass,Professional,Ahmedabad,Gujarat,22.9847,72.62288,Medium,2024-07-24,Y
CUST001807,SYNTHETIC CUSTOMER 001807,26,Mass,Student,Chennai,Tamil Nadu,13.14218,80.15592,Low,2025-05-04,Y
CUST001808,SYNTHETIC CUSTOMER 001808,75,Mass,Retired,Jaipur,Rajasthan,26.93718,75.86659,Low,2018-08-13,Y
CUST001809,SYNTHETIC CUSTOMER 001809,37,Mass,Homemaker,Chennai,Tamil Nadu,13.11935,80.3583,Low,2025-05-25,Y
CUST001810,SYNTHETIC CUSTOMER 001810,49,Mass,Retired,Kochi,Kerala,9.98477,76.24647,Low,2020-11-15,Y
CUST001811,SYNTHETIC CUSTOMER 001811,25,Student,Professional,Chennai,Tamil Nadu,13.15612,80.31769,Low,2023-09-28,Y
CUST001812,SYNTHETIC CUSTOMER 001812,31,Mass,Salaried,Delhi,Delhi,28.67275,77.10576,Low,2018-08-30,Y
CUST001813,SYNTHETIC CUSTOMER 001813,58,SME,Student,Chennai,Tamil Nadu,13.14182,80.22197,High,2020-04-27,Y
CUST001814,SYNTHETIC CUSTOMER 001814,29,Mass,Salaried,Kochi,Kerala,9.82408,76.28333,Low,2020-08-24,Y
CUST001815,SYNTHETIC CUSTOMER 001815,55,Affluent,Salaried,Jaipur,Rajasthan,26.99094,75.80877,Low,2022-08-22,Y
CUST001816,SYNTHETIC CUSTOMER 001816,41,Mass,Salaried,Mumbai,Maharashtra,19.16553,72.99249,Low,2020-02-08,Y
CUST001817,SYNTHETIC CUSTOMER 001817,45,SME,Self-employed,Kochi,Kerala,9.9933,76.37603,Low,2025-07-04,Y
CUST001818,SYNTHETIC CUSTOMER 001818,24,Mass,Self-employed,Pune,Maharashtra,18.45357,73.80824,Low,2020-07-16,Y
CUST001819,SYNTHETIC CUSTOMER 001819,73,SME,Homemaker,Jaipur,Rajasthan,26.82252,75.80207,Low,2021-07-11,Y
CUST001820,SYNTHETIC CUSTOMER 001820,61,Mass,Retired,Kolkata,West Bengal,22.65891,88.3434,Low,2019-06-24,Y
CUST001821,SYNTHETIC CUSTOMER 001821,73,SME,Salaried,Hyderabad,Telangana,17.31758,78.50758,Medium,2021-05-07,Y
CUST001822,SYNTHETIC CUSTOMER 001822,37,Affluent,Professional,Pune,Maharashtra,18.53746,73.93525,Low,2018-12-20,Y
CUST001823,SYNTHETIC CUSTOMER 001823,23,Student,Homemaker,Kolkata,West Bengal,22.48456,88.24494,Low,2024-08-27,Y
CUST001824,SYNTHETIC CUSTOMER 001824,19,Senior Citizen,Homemaker,Ahmedabad,Gujarat,22.98958,72.53442,Medium,2021-08-26,Y
CUST001825,SYNTHETIC CUSTOMER 001825,71,Student,Salaried,Mumbai,Maharashtra,18.96448,72.96293,High,2024-03-21,Y
CUST001826,SYNTHETIC CUSTOMER 001826,50,Mass,Professional,Pune,Maharashtra,18.4367,73.96838,Low,2019-12-13,Y
CUST001827,SYNTHETIC CUSTOMER 001827,59,SME,Salaried,Hyderabad,Telangana,17.3856,78.38556,Medium,2020-07-28,Y
CUST001828,SYNTHETIC CUSTOMER 001828,49,Mass,Homemaker,Delhi,Delhi,28.66601,77.24928,Low,2019-04-07,Y
CUST001829,SYNTHETIC CUSTOMER 001829,44,Senior Citizen,Student,Ahmedabad,Gujarat,22.92605,72.60293,Low,2025-06-22,Y
CUST001830,SYNTHETIC CUSTOMER 001830,28,Mass,Student,Kochi,Kerala,9.95505,76.26858,Medium,2020-04-24,Y
CUST001831,SYNTHETIC CUSTOMER 001831,72,SME,Retired,Pune,Maharashtra,18.49974,73.81983,Low,2020-04-22,Y
CUST001832,SYNTHETIC CUSTOMER 001832,70,Mass,Homemaker,Chennai,Tamil Nadu,13.16871,80.26062,Low,2021-06-01,Y
CUST001833,SYNTHETIC CUSTOMER 001833,30,SME,Professional,Pune,Maharashtra,18.45039,73.90397,Low,2021-12-01,Y
CUST001834,SYNTHETIC CUSTOMER 001834,67,Mass,Professional,Pune,Maharashtra,18.45554,73.74494,Low,2020-01-19,Y
CUST001835,SYNTHETIC CUSTOMER 001835,28,Mass,Salaried,Jaipur,Rajasthan,27.01151,75.81557,Low,2021-07-25,Y
CUST001836,SYNTHETIC CUSTOMER 001836,58,Affluent,Retired,Pune,Maharashtra,18.55134,73.7373,Low,2021-06-16,Y
CUST001837,SYNTHETIC CUSTOMER 001837,34,Mass,Retired,Kochi,Kerala,9.81255,76.37441,Low,2022-03-05,Y
CUST001838,SYNTHETIC CUSTOMER 001838,55,Senior Citizen,Self-employed,Delhi,Delhi,28.59528,77.30073,Medium,2024-07-28,Y
CUST001839,SYNTHETIC CUSTOMER 001839,60,Mass,Professional,Mumbai,Maharashtra,19.16935,72.76608,Low,2023-08-28,Y
CUST001840,SYNTHETIC CUSTOMER 001840,24,Mass,Self-employed,Kochi,Kerala,9.88751,76.28536,Low,2020-06-03,Y
CUST001841,SYNTHETIC CUSTOMER 001841,24,Mass,Salaried,Bengaluru,Karnataka,13.06832,77.63209,Low,2023-10-21,Y
CUST001842,SYNTHETIC CUSTOMER 001842,57,Affluent,Professional,Kolkata,West Bengal,22.59411,88.41879,Low,2023-06-13,Y
CUST001843,SYNTHETIC CUSTOMER 001843,19,Student,Student,Delhi,Delhi,28.6293,77.28535,Low,2020-09-24,Y
CUST001844,SYNTHETIC CUSTOMER 001844,60,SME,Professional,Bengaluru,Karnataka,13.00124,77.63878,Low,2020-12-26,Y
CUST001845,SYNTHETIC CUSTOMER 001845,25,Mass,Student,Jaipur,Rajasthan,26.99038,75.69261,Low,2020-09-26,Y
CUST001846,SYNTHETIC CUSTOMER 001846,76,Student,Salaried,Mumbai,Maharashtra,19.18883,72.99553,Low,2022-06-03,Y
CUST001847,SYNTHETIC CUSTOMER 001847,56,Affluent,Salaried,Ahmedabad,Gujarat,22.94324,72.63371,Medium,2020-09-17,Y
CUST001848,SYNTHETIC CUSTOMER 001848,40,Mass,Retired,Chennai,Tamil Nadu,13.04801,80.3233,Medium,2022-09-03,Y
CUST001849,SYNTHETIC CUSTOMER 001849,68,Mass,Self-employed,Pune,Maharashtra,18.6079,73.7546,Low,2020-11-06,Y
CUST001850,SYNTHETIC CUSTOMER 001850,29,Mass,Salaried,Pune,Maharashtra,18.47721,73.96544,Medium,2025-06-05,Y
CUST001851,SYNTHETIC CUSTOMER 001851,26,Affluent,Student,Chennai,Tamil Nadu,13.03975,80.16356,Low,2025-02-21,Y
CUST001852,SYNTHETIC CUSTOMER 001852,25,Mass,Retired,Bengaluru,Karnataka,13.03099,77.56812,Low,2024-03-15,Y
CUST001853,SYNTHETIC CUSTOMER 001853,48,Mass,Student,Jaipur,Rajasthan,26.89894,75.87616,Low,2023-12-05,Y
CUST001854,SYNTHETIC CUSTOMER 001854,32,Senior Citizen,Homemaker,Bengaluru,Karnataka,13.03248,77.47483,Low,2021-08-12,Y
CUST001855,SYNTHETIC CUSTOMER 001855,23,Student,Self-employed,Jaipur,Rajasthan,26.79326,75.88103,Low,2022-02-11,Y
CUST001856,SYNTHETIC CUSTOMER 001856,78,Affluent,Professional,Ahmedabad,Gujarat,23.00883,72.55379,Low,2020-05-10,Y
CUST001857,SYNTHETIC CUSTOMER 001857,42,Senior Citizen,Student,Pune,Maharashtra,18.55043,73.80823,Low,2021-09-02,Y
CUST001858,SYNTHETIC CUSTOMER 001858,36,Mass,Professional,Delhi,Delhi,28.51865,77.12685,Low,2021-08-02,Y
CUST001859,SYNTHETIC CUSTOMER 001859,58,Mass,Salaried,Ahmedabad,Gujarat,23.09618,72.50889,Low,2018-09-11,Y
CUST001860,SYNTHETIC CUSTOMER 001860,51,Mass,Self-employed,Pune,Maharashtra,18.6013,73.81015,Low,2022-10-02,Y
CUST001861,SYNTHETIC CUSTOMER 001861,60,SME,Homemaker,Pune,Maharashtra,18.44424,73.83017,Medium,2025-12-08,Y
CUST001862,SYNTHETIC CUSTOMER 001862,44,Mass,Salaried,Chennai,Tamil Nadu,13.08069,80.28134,Low,2022-06-04,Y
CUST001863,SYNTHETIC CUSTOMER 001863,47,SME,Salaried,Chennai,Tamil Nadu,12.97894,80.3727,Low,2018-04-20,Y
CUST001864,SYNTHETIC CUSTOMER 001864,52,Mass,Student,Pune,Maharashtra,18.62362,73.89439,Low,2024-08-21,Y
CUST001865,SYNTHETIC CUSTOMER 001865,70,Mass,Salaried,Kochi,Kerala,9.93303,76.30845,Medium,2019-11-07,Y
CUST001866,SYNTHETIC CUSTOMER 001866,66,Senior Citizen,Student,Kolkata,West Bengal,22.6294,88.48074,Low,2024-06-25,Y
CUST001867,SYNTHETIC CUSTOMER 001867,36,Affluent,Professional,Delhi,Delhi,28.67598,77.31259,Low,2018-05-23,Y
CUST001868,SYNTHETIC CUSTOMER 001868,34,Affluent,Homemaker,Mumbai,Maharashtra,19.025,72.85645,Medium,2023-04-02,Y
CUST001869,SYNTHETIC CUSTOMER 001869,71,Mass,Salaried,Hyderabad,Telangana,17.3987,78.58541,Low,2020-10-09,Y
CUST001870,SYNTHETIC CUSTOMER 001870,72,Affluent,Student,Hyderabad,Telangana,17.2721,78.53711,Low,2022-01-03,Y
CUST001871,SYNTHETIC CUSTOMER 001871,46,Mass,Salaried,Pune,Maharashtra,18.4949,73.91181,Low,2022-09-24,Y
CUST001872,SYNTHETIC CUSTOMER 001872,26,Mass,Salaried,Kolkata,West Bengal,22.6384,88.32277,Low,2021-01-22,Y
CUST001873,SYNTHETIC CUSTOMER 001873,38,Affluent,Retired,Ahmedabad,Gujarat,23.10271,72.58423,Low,2023-03-22,Y
CUST001874,SYNTHETIC CUSTOMER 001874,71,Affluent,Professional,Bengaluru,Karnataka,12.90842,77.64376,Low,2025-09-01,Y
CUST001875,SYNTHETIC CUSTOMER 001875,20,SME,Professional,Chennai,Tamil Nadu,13.06278,80.27886,Low,2019-03-30,Y
CUST001876,SYNTHETIC CUSTOMER 001876,31,Mass,Retired,Chennai,Tamil Nadu,13.05905,80.36765,Medium,2019-07-01,Y
CUST001877,SYNTHETIC CUSTOMER 001877,47,SME,Professional,Jaipur,Rajasthan,26.98485,75.82988,Low,2021-03-31,Y
CUST001878,SYNTHETIC CUSTOMER 001878,52,Mass,Student,Hyderabad,Telangana,17.37052,78.50012,Medium,2017-12-31,Y
CUST001879,SYNTHETIC CUSTOMER 001879,59,SME,Professional,Ahmedabad,Gujarat,23.02463,72.67023,Medium,2024-02-28,Y
CUST001880,SYNTHETIC CUSTOMER 001880,41,Mass,Student,Delhi,Delhi,28.72693,77.09423,Low,2024-08-16,Y
CUST001881,SYNTHETIC CUSTOMER 001881,27,Mass,Salaried,Ahmedabad,Gujarat,23.10925,72.48093,Low,2021-04-07,Y
CUST001882,SYNTHETIC CUSTOMER 001882,65,Mass,Self-employed,Chennai,Tamil Nadu,13.20147,80.32138,Low,2019-07-20,Y
CUST001883,SYNTHETIC CUSTOMER 001883,71,Affluent,Retired,Kolkata,West Bengal,22.68741,88.40398,Low,2023-04-12,Y
CUST001884,SYNTHETIC CUSTOMER 001884,62,Mass,Self-employed,Hyderabad,Telangana,17.2797,78.58863,Low,2022-01-29,Y
CUST001885,SYNTHETIC CUSTOMER 001885,74,Mass,Self-employed,Mumbai,Maharashtra,19.19429,72.9341,Low,2020-10-01,Y
CUST001886,SYNTHETIC CUSTOMER 001886,58,Mass,Professional,Chennai,Tamil Nadu,13.18073,80.24843,Low,2021-07-19,Y
CUST001887,SYNTHETIC CUSTOMER 001887,44,Mass,Student,Hyderabad,Telangana,17.3808,78.44721,Low,2025-05-26,Y
CUST001888,SYNTHETIC CUSTOMER 001888,33,Mass,Salaried,Bengaluru,Karnataka,13.01998,77.6836,Low,2020-09-20,Y
CUST001889,SYNTHETIC CUSTOMER 001889,32,Senior Citizen,Student,Pune,Maharashtra,18.56871,73.96351,Low,2020-05-23,Y
CUST001890,SYNTHETIC CUSTOMER 001890,72,Mass,Retired,Hyderabad,Telangana,17.48949,78.52354,Low,2021-09-09,Y
CUST001891,SYNTHETIC CUSTOMER 001891,18,SME,Retired,Kolkata,West Bengal,22.68227,88.39339,Low,2021-10-26,Y
CUST001892,SYNTHETIC CUSTOMER 001892,53,Senior Citizen,Student,Bengaluru,Karnataka,12.88771,77.5704,Low,2022-06-28,Y
CUST001893,SYNTHETIC CUSTOMER 001893,31,Mass,Student,Jaipur,Rajasthan,27.02742,75.77634,Low,2023-10-15,Y
CUST001894,SYNTHETIC CUSTOMER 001894,42,Mass,Homemaker,Hyderabad,Telangana,17.30069,78.53468,Low,2021-03-02,Y
CUST001895,SYNTHETIC CUSTOMER 001895,28,Affluent,Salaried,Chennai,Tamil Nadu,13.06895,80.2984,Low,2020-01-02,Y
CUST001896,SYNTHETIC CUSTOMER 001896,18,Mass,Homemaker,Kochi,Kerala,9.81555,76.2709,Low,2019-05-12,Y
CUST001897,SYNTHETIC CUSTOMER 001897,39,SME,Salaried,Hyderabad,Telangana,17.49273,78.41983,Low,2018-10-24,Y
CUST001898,SYNTHETIC CUSTOMER 001898,19,Affluent,Retired,Pune,Maharashtra,18.63099,73.75472,Medium,2022-09-30,Y
CUST001899,SYNTHETIC CUSTOMER 001899,57,Student,Student,Ahmedabad,Gujarat,23.0369,72.65281,Low,2019-06-13,Y
CUST001900,SYNTHETIC CUSTOMER 001900,40,Mass,Homemaker,Pune,Maharashtra,18.61676,73.7655,Low,2021-04-20,Y
CUST001901,SYNTHETIC CUSTOMER 001901,20,Mass,Student,Hyderabad,Telangana,17.2996,78.54049,Low,2019-09-08,Y
CUST001902,SYNTHETIC CUSTOMER 001902,73,Student,Homemaker,Hyderabad,Telangana,17.46054,78.59048,Low,2021-12-07,Y
CUST001903,SYNTHETIC CUSTOMER 001903,58,Mass,Student,Jaipur,Rajasthan,26.85942,75.70108,Medium,2018-11-03,Y
CUST001904,SYNTHETIC CUSTOMER 001904,41,Affluent,Self-employed,Pune,Maharashtra,18.5439,73.93116,Low,2020-11-12,Y
CUST001905,SYNTHETIC CUSTOMER 001905,67,Student,Homemaker,Ahmedabad,Gujarat,22.94114,72.68226,High,2024-07-02,Y
CUST001906,SYNTHETIC CUSTOMER 001906,36,Mass,Homemaker,Delhi,Delhi,28.64301,77.09636,Low,2023-07-29,Y
CUST001907,SYNTHETIC CUSTOMER 001907,23,SME,Salaried,Mumbai,Maharashtra,18.97076,72.75807,Low,2023-06-04,Y
CUST001908,SYNTHETIC CUSTOMER 001908,59,Student,Student,Ahmedabad,Gujarat,23.11046,72.63067,Low,2022-11-02,Y
CUST001909,SYNTHETIC CUSTOMER 001909,47,SME,Retired,Ahmedabad,Gujarat,23.00952,72.53278,Low,2024-02-27,Y
CUST001910,SYNTHETIC CUSTOMER 001910,49,SME,Professional,Pune,Maharashtra,18.52172,73.80816,Low,2025-10-30,Y
CUST001911,SYNTHETIC CUSTOMER 001911,54,Mass,Retired,Ahmedabad,Gujarat,23.07584,72.51007,Low,2019-05-24,Y
CUST001912,SYNTHETIC CUSTOMER 001912,60,Affluent,Professional,Ahmedabad,Gujarat,23.02726,72.63421,Medium,2020-03-18,Y
CUST001913,SYNTHETIC CUSTOMER 001913,39,Mass,Professional,Hyderabad,Telangana,17.3065,78.59539,Low,2022-04-13,Y
CUST001914,SYNTHETIC CUSTOMER 001914,78,SME,Professional,Chennai,Tamil Nadu,13.08113,80.26224,Low,2025-01-16,Y
CUST001915,SYNTHETIC CUSTOMER 001915,49,Mass,Student,Bengaluru,Karnataka,12.93325,77.53541,Low,2019-06-22,Y
CUST001916,SYNTHETIC CUSTOMER 001916,50,Affluent,Student,Chennai,Tamil Nadu,13.17875,80.2162,Low,2018-08-13,Y
CUST001917,SYNTHETIC CUSTOMER 001917,55,Mass,Salaried,Kolkata,West Bengal,22.63091,88.25925,Low,2018-09-09,Y
CUST001918,SYNTHETIC CUSTOMER 001918,59,Mass,Homemaker,Hyderabad,Telangana,17.40882,78.42832,Low,2020-09-24,Y
CUST001919,SYNTHETIC CUSTOMER 001919,23,Student,Homemaker,Bengaluru,Karnataka,13.03177,77.51547,Low,2023-06-04,Y
CUST001920,SYNTHETIC CUSTOMER 001920,74,Mass,Self-employed,Kochi,Kerala,9.93888,76.32194,Low,2021-09-30,Y
CUST001921,SYNTHETIC CUSTOMER 001921,71,Mass,Retired,Kochi,Kerala,10.03855,76.24695,Low,2018-05-26,Y
CUST001922,SYNTHETIC CUSTOMER 001922,34,Mass,Student,Kolkata,West Bengal,22.6608,88.25308,Low,2022-06-08,Y
CUST001923,SYNTHETIC CUSTOMER 001923,40,Student,Salaried,Hyderabad,Telangana,17.35832,78.38026,Low,2020-04-13,Y
CUST001924,SYNTHETIC CUSTOMER 001924,64,Student,Homemaker,Delhi,Delhi,28.64553,77.25,Low,2023-03-30,Y
CUST001925,SYNTHETIC CUSTOMER 001925,55,Senior Citizen,Homemaker,Hyderabad,Telangana,17.3572,78.55044,Medium,2024-12-05,Y
CUST001926,SYNTHETIC CUSTOMER 001926,43,Mass,Self-employed,Hyderabad,Telangana,17.31181,78.56239,Low,2021-04-15,Y
CUST001927,SYNTHETIC CUSTOMER 001927,59,Mass,Homemaker,Chennai,Tamil Nadu,13.13608,80.23547,Low,2021-05-14,Y
CUST001928,SYNTHETIC CUSTOMER 001928,30,Student,Retired,Mumbai,Maharashtra,19.11606,72.94197,Low,2019-11-15,Y
CUST001929,SYNTHETIC CUSTOMER 001929,64,Affluent,Student,Kochi,Kerala,9.89538,76.36461,Medium,2018-09-24,Y
CUST001930,SYNTHETIC CUSTOMER 001930,77,Mass,Salaried,Delhi,Delhi,28.73359,77.31681,High,2018-05-02,Y
CUST001931,SYNTHETIC CUSTOMER 001931,24,Mass,Salaried,Mumbai,Maharashtra,19.17308,72.89115,Low,2018-05-17,Y
CUST001932,SYNTHETIC CUSTOMER 001932,36,Student,Homemaker,Delhi,Delhi,28.57322,77.31365,Low,2023-05-20,Y
CUST001933,SYNTHETIC CUSTOMER 001933,40,Affluent,Salaried,Hyderabad,Telangana,17.31746,78.43634,Low,2019-11-05,Y
CUST001934,SYNTHETIC CUSTOMER 001934,34,Senior Citizen,Salaried,Kolkata,West Bengal,22.63297,88.25024,Low,2020-08-23,Y
CUST001935,SYNTHETIC CUSTOMER 001935,32,Affluent,Homemaker,Chennai,Tamil Nadu,13.05026,80.29806,Low,2018-10-07,Y
CUST001936,SYNTHETIC CUSTOMER 001936,56,Senior Citizen,Homemaker,Chennai,Tamil Nadu,12.97818,80.25513,Medium,2019-09-04,Y
CUST001937,SYNTHETIC CUSTOMER 001937,50,Mass,Student,Bengaluru,Karnataka,12.94021,77.69119,Low,2025-03-11,Y
CUST001938,SYNTHETIC CUSTOMER 001938,55,Senior Citizen,Student,Mumbai,Maharashtra,19.0248,72.93517,Low,2021-02-03,Y
CUST001939,SYNTHETIC CUSTOMER 001939,73,Mass,Self-employed,Bengaluru,Karnataka,13.06034,77.49936,Low,2024-06-30,Y
CUST001940,SYNTHETIC CUSTOMER 001940,38,Affluent,Retired,Kolkata,West Bengal,22.64968,88.40483,Medium,2025-10-12,Y
CUST001941,SYNTHETIC CUSTOMER 001941,72,Senior Citizen,Retired,Ahmedabad,Gujarat,22.96191,72.59252,Medium,2020-09-30,Y
CUST001942,SYNTHETIC CUSTOMER 001942,61,Student,Salaried,Mumbai,Maharashtra,19.02259,72.84501,Low,2025-06-27,Y
CUST001943,SYNTHETIC CUSTOMER 001943,36,Affluent,Student,Ahmedabad,Gujarat,22.90627,72.60048,Low,2018-06-26,Y
CUST001944,SYNTHETIC CUSTOMER 001944,68,SME,Professional,Hyderabad,Telangana,17.39774,78.52764,Medium,2020-05-01,Y
CUST001945,SYNTHETIC CUSTOMER 001945,45,Affluent,Self-employed,Kochi,Kerala,10.0201,76.37423,Low,2025-08-19,Y
CUST001946,SYNTHETIC CUSTOMER 001946,52,Mass,Self-employed,Bengaluru,Karnataka,12.94475,77.53276,Low,2020-12-17,Y
CUST001947,SYNTHETIC CUSTOMER 001947,41,Affluent,Professional,Delhi,Delhi,28.5019,77.22322,Low,2018-05-05,Y
CUST001948,SYNTHETIC CUSTOMER 001948,77,SME,Salaried,Kolkata,West Bengal,22.56798,88.48286,Low,2022-01-30,Y
CUST001949,SYNTHETIC CUSTOMER 001949,36,Mass,Salaried,Bengaluru,Karnataka,12.93037,77.67262,Low,2020-01-11,Y
CUST001950,SYNTHETIC CUSTOMER 001950,27,Student,Homemaker,Kolkata,West Bengal,22.45771,88.31305,Low,2024-09-22,Y
CUST001951,SYNTHETIC CUSTOMER 001951,70,Mass,Homemaker,Hyderabad,Telangana,17.34739,78.45471,Low,2021-09-19,Y
CUST001952,SYNTHETIC CUSTOMER 001952,58,Affluent,Self-employed,Jaipur,Rajasthan,26.88987,75.88134,Low,2019-01-08,Y
CUST001953,SYNTHETIC CUSTOMER 001953,49,Mass,Student,Jaipur,Rajasthan,26.83194,75.75438,Low,2020-04-15,Y
CUST001954,SYNTHETIC CUSTOMER 001954,40,SME,Student,Mumbai,Maharashtra,19.17372,72.92811,Low,2025-10-20,Y
CUST001955,SYNTHETIC CUSTOMER 001955,50,Mass,Professional,Ahmedabad,Gujarat,22.95308,72.57088,Medium,2025-11-07,Y
CUST001956,SYNTHETIC CUSTOMER 001956,42,Mass,Salaried,Hyderabad,Telangana,17.32767,78.46482,Low,2024-04-14,Y
CUST001957,SYNTHETIC CUSTOMER 001957,67,Mass,Self-employed,Jaipur,Rajasthan,26.98119,75.89388,Medium,2019-06-16,Y
CUST001958,SYNTHETIC CUSTOMER 001958,32,Senior Citizen,Homemaker,Ahmedabad,Gujarat,22.98334,72.57045,Low,2021-04-01,Y
CUST001959,SYNTHETIC CUSTOMER 001959,34,Mass,Retired,Hyderabad,Telangana,17.3478,78.525,Low,2018-11-28,Y
CUST001960,SYNTHETIC CUSTOMER 001960,69,Mass,Self-employed,Bengaluru,Karnataka,12.89776,77.53377,Low,2021-08-10,Y
CUST001961,SYNTHETIC CUSTOMER 001961,36,Mass,Self-employed,Hyderabad,Telangana,17.34977,78.45919,Low,2019-10-05,Y
CUST001962,SYNTHETIC CUSTOMER 001962,39,SME,Retired,Kolkata,West Bengal,22.54907,88.37378,Low,2018-11-05,Y
CUST001963,SYNTHETIC CUSTOMER 001963,49,Affluent,Self-employed,Bengaluru,Karnataka,12.87688,77.66252,Low,2024-04-22,Y
CUST001964,SYNTHETIC CUSTOMER 001964,58,Student,Professional,Jaipur,Rajasthan,26.97536,75.79628,Medium,2020-12-31,Y
CUST001965,SYNTHETIC CUSTOMER 001965,66,Mass,Homemaker,Ahmedabad,Gujarat,23.00063,72.51395,Medium,2019-03-28,Y
CUST001966,SYNTHETIC CUSTOMER 001966,67,Senior Citizen,Homemaker,Hyderabad,Telangana,17.29075,78.47474,Low,2025-11-03,Y
CUST001967,SYNTHETIC CUSTOMER 001967,35,Mass,Retired,Mumbai,Maharashtra,18.95872,72.81759,Low,2024-06-28,Y
CUST001968,SYNTHETIC CUSTOMER 001968,34,Mass,Self-employed,Hyderabad,Telangana,17.47146,78.50585,Medium,2025-01-22,Y
CUST001969,SYNTHETIC CUSTOMER 001969,73,Student,Student,Bengaluru,Karnataka,12.98413,77.61983,High,2024-05-20,Y
CUST001970,SYNTHETIC CUSTOMER 001970,49,Student,Professional,Ahmedabad,Gujarat,22.90674,72.48403,Medium,2019-02-09,Y
CUST001971,SYNTHETIC CUSTOMER 001971,77,SME,Professional,Hyderabad,Telangana,17.48889,78.39399,Medium,2025-07-15,Y
CUST001972,SYNTHETIC CUSTOMER 001972,56,Mass,Salaried,Mumbai,Maharashtra,18.99321,72.97692,Medium,2022-03-07,Y
CUST001973,SYNTHETIC CUSTOMER 001973,75,Affluent,Student,Chennai,Tamil Nadu,13.11239,80.3226,Low,2020-01-25,Y
CUST001974,SYNTHETIC CUSTOMER 001974,34,Senior Citizen,Student,Bengaluru,Karnataka,12.92281,77.63558,Low,2018-06-05,Y
CUST001975,SYNTHETIC CUSTOMER 001975,21,Mass,Professional,Kochi,Kerala,10.00656,76.34678,Low,2019-07-27,Y
CUST001976,SYNTHETIC CUSTOMER 001976,73,Mass,Salaried,Ahmedabad,Gujarat,23.08194,72.68403,Low,2019-02-01,Y
CUST001977,SYNTHETIC CUSTOMER 001977,69,Mass,Salaried,Delhi,Delhi,28.6555,77.22836,Medium,2023-01-15,Y
CUST001978,SYNTHETIC CUSTOMER 001978,21,Student,Retired,Bengaluru,Karnataka,12.9013,77.71213,Low,2022-11-28,Y
CUST001979,SYNTHETIC CUSTOMER 001979,46,Mass,Homemaker,Hyderabad,Telangana,17.45555,78.43752,Low,2020-10-15,Y
CUST001980,SYNTHETIC CUSTOMER 001980,69,Mass,Retired,Kolkata,West Bengal,22.60565,88.28165,Medium,2021-04-30,Y
CUST001981,SYNTHETIC CUSTOMER 001981,21,Mass,Salaried,Pune,Maharashtra,18.47877,73.83832,Low,2024-02-12,Y
CUST001982,SYNTHETIC CUSTOMER 001982,26,Mass,Self-employed,Ahmedabad,Gujarat,23.1098,72.60117,Low,2019-01-28,Y
CUST001983,SYNTHETIC CUSTOMER 001983,56,SME,Professional,Kochi,Kerala,9.83888,76.34306,Medium,2019-10-18,Y
CUST001984,SYNTHETIC CUSTOMER 001984,74,Mass,Student,Jaipur,Rajasthan,26.89235,75.71934,Low,2018-06-18,Y
CUST001985,SYNTHETIC CUSTOMER 001985,75,Mass,Salaried,Mumbai,Maharashtra,19.19131,72.77948,Low,2020-06-23,Y
CUST001986,SYNTHETIC CUSTOMER 001986,60,Affluent,Salaried,Delhi,Delhi,28.64545,77.24499,High,2020-11-26,Y
CUST001987,SYNTHETIC CUSTOMER 001987,67,Mass,Self-employed,Kolkata,West Bengal,22.46634,88.45854,Low,2021-02-05,Y
CUST001988,SYNTHETIC CUSTOMER 001988,60,Mass,Student,Ahmedabad,Gujarat,23.00726,72.51734,Low,2020-01-31,Y
CUST001989,SYNTHETIC CUSTOMER 001989,69,Mass,Professional,Mumbai,Maharashtra,19.1067,72.83881,Low,2024-05-03,Y
CUST001990,SYNTHETIC CUSTOMER 001990,67,Mass,Salaried,Kolkata,West Bengal,22.64977,88.26872,Low,2018-04-04,Y
CUST001991,SYNTHETIC CUSTOMER 001991,58,Student,Salaried,Kochi,Kerala,9.91398,76.34785,Low,2022-05-28,Y
CUST001992,SYNTHETIC CUSTOMER 001992,33,Affluent,Retired,Chennai,Tamil Nadu,13.13121,80.23977,Low,2018-09-01,Y
CUST001993,SYNTHETIC CUSTOMER 001993,76,Mass,Salaried,Delhi,Delhi,28.6183,77.23813,Low,2019-10-05,Y
CUST001994,SYNTHETIC CUSTOMER 001994,27,Mass,Professional,Kochi,Kerala,9.93855,76.25456,Low,2024-04-15,Y
CUST001995,SYNTHETIC CUSTOMER 001995,20,Mass,Student,Kochi,Kerala,9.98425,76.36864,Medium,2018-11-14,Y
CUST001996,SYNTHETIC CUSTOMER 001996,70,Mass,Homemaker,Hyderabad,Telangana,17.48977,78.44644,Low,2024-06-10,Y
CUST001997,SYNTHETIC CUSTOMER 001997,70,Mass,Salaried,Ahmedabad,Gujarat,23.10248,72.57598,Low,2022-02-23,Y
CUST001998,SYNTHETIC CUSTOMER 001998,38,Mass,Self-employed,Ahmedabad,Gujarat,22.95831,72.56902,Low,2023-02-26,Y
CUST001999,SYNTHETIC CUSTOMER 001999,27,SME,Student,Kochi,Kerala,10.04581,76.3063,Low,2019-08-27,Y
CUST002000,SYNTHETIC CUSTOMER 002000,55,Affluent,Retired,Bengaluru,Karnataka,12.88735,77.59954,Low,2018-12-23,Y
