business_date,channel,city,transaction_count,transaction_amount_inr,fraud_count,fraud_amount_inr,fraud_rate_pct,decline_count,challenge_count,avg_risk_score
2026-02-01,ATM,Ahmedabad,2,8732.47,0,0.0,0.0,0,0,29.4
2026-02-01,ATM,Bengaluru,1,3762.48,0,0.0,0.0,0,0,25.4
2026-02-01,ATM,Chennai,1,15317.55,0,0.0,0.0,0,0,31.0
2026-02-01,ATM,Delhi,1,965.42,0,0.0,0.0,0,0,15.7
2026-02-01,ATM,Hyderabad,8,54516.8,0,0.0,0.0,0,0,39.91
2026-02-01,ATM,Jaipur,4,17707.82,0,0.0,0.0,0,0,24.4
2026-02-01,ATM,Kochi,7,53336.84,0,0.0,0.0,0,0,38.23
2026-02-01,ATM,Kolkata,1,2682.13,0,0.0,0.0,0,0,36.3
2026-02-01,ATM,Mumbai,3,8949.67,0,0.0,0.0,0,0,37.87
2026-02-01,ATM,Pune,3,7895.28,0,0.0,0.0,0,0,33.17
2026-02-01,Branch,Ahmedabad,2,914.62,0,0.0,0.0,0,0,21.9
2026-02-01,Branch,Bengaluru,3,6177.32,0,0.0,0.0,0,0,25.0
2026-02-01,Branch,Delhi,2,7528.74,0,0.0,0.0,0,0,29.3
2026-02-01,Branch,Hyderabad,2,2521.92,0,0.0,0.0,0,0,27.0
2026-02-01,Branch,Jaipur,1,725.77,0,0.0,0.0,0,0,17.6
2026-02-01,Branch,Kolkata,1,854.45,0,0.0,0.0,0,0,15.5
2026-02-01,Branch,Pune,2,5285.77,0,0.0,0.0,0,0,49.25
2026-02-01,IMPS,Ahmedabad,3,11056.56,0,0.0,0.0,0,0,34.6
2026-02-01,IMPS,Bengaluru,3,6820.65,0,0.0,0.0,0,0,21.73
2026-02-01,IMPS,Chennai,1,366.7,1,366.7,100.0,0,0,62.8
2026-02-01,IMPS,Delhi,3,6447.07,0,0.0,0.0,0,0,17.73
2026-02-01,IMPS,Hyderabad,3,3083.61,0,0.0,0.0,0,0,13.73
2026-02-01,IMPS,Jaipur,2,355863.16,1,355226.25,50.0,1,0,48.5
2026-02-01,IMPS,Kochi,1,1192.98,0,0.0,0.0,0,0,25.6
2026-02-01,IMPS,Kolkata,1,706.46,0,0.0,0.0,0,0,8.8
2026-02-01,Internet Banking,Ahmedabad,5,5768.49,0,0.0,0.0,0,0,37.68
2026-02-01,Internet Banking,Bengaluru,3,2652.73,0,0.0,0.0,0,0,27.7
2026-02-01,Internet Banking,Chennai,4,4990.52,0,0.0,0.0,0,0,38.6
2026-02-01,Internet Banking,Delhi,5,18635.73,0,0.0,0.0,0,0,26.04
2026-02-01,Internet Banking,Hyderabad,2,5290.04,0,0.0,0.0,0,0,31.8
2026-02-01,Internet Banking,Jaipur,3,2620.21,0,0.0,0.0,0,0,13.63
2026-02-01,Internet Banking,Kochi,4,11555.82,0,0.0,0.0,0,0,32.82
2026-02-01,Internet Banking,Kolkata,4,571081.11,1,565370.52,25.0,0,0,46.27
2026-02-01,Internet Banking,Mumbai,2,3089.9,0,0.0,0.0,0,1,39.75
2026-02-01,Internet Banking,Pune,4,5776.56,0,0.0,0.0,0,0,31.15
2026-02-01,Mobile Banking,Ahmedabad,6,27415.91,0,0.0,0.0,0,0,30.18
2026-02-01,Mobile Banking,Bengaluru,7,9868.52,0,0.0,0.0,0,0,20.29
2026-02-01,Mobile Banking,Chennai,6,535355.16,1,523754.91,16.667,0,2,40.97
2026-02-01,Mobile Banking,Delhi,7,469539.32,1,460262.71,14.286,0,2,41.04
2026-02-01,Mobile Banking,Hyderabad,8,10732.47,0,0.0,0.0,0,0,26.36
2026-02-01,Mobile Banking,Jaipur,3,4547.46,0,0.0,0.0,0,0,35.5
2026-02-01,Mobile Banking,Kochi,3,4793.74,0,0.0,0.0,0,0,11.23
2026-02-01,Mobile Banking,Kolkata,5,16708.05,0,0.0,0.0,0,0,28.24
2026-02-01,Mobile Banking,Mumbai,4,7382.03,0,0.0,0.0,0,0,30.15
2026-02-01,Mobile Banking,Pune,5,12432.14,0,0.0,0.0,0,0,32.14
2026-02-01,NEFT,Ahmedabad,2,6313.04,0,0.0,0.0,0,0,36.5
2026-02-01,NEFT,Bengaluru,2,8312.56,0,0.0,0.0,0,0,29.75
2026-02-01,NEFT,Chennai,3,8176.6,0,0.0,0.0,0,0,26.87
2026-02-01,NEFT,Delhi,4,12105.35,1,216.05,25.0,0,0,42.7
2026-02-01,NEFT,Hyderabad,1,3228.89,0,0.0,0.0,0,0,49.1
2026-02-01,NEFT,Kochi,2,4276.61,0,0.0,0.0,0,0,37.9
2026-02-01,NEFT,Kolkata,1,8449.19,0,0.0,0.0,0,0,24.9
2026-02-01,NEFT,Mumbai,3,23508.12,0,0.0,0.0,0,0,41.4
2026-02-01,POS,Ahmedabad,4,12057.53,1,357.39,25.0,0,1,39.6
2026-02-01,POS,Bengaluru,4,4395.32,0,0.0,0.0,0,0,29.65
2026-02-01,POS,Chennai,3,11113.94,0,0.0,0.0,0,0,27.1
2026-02-01,POS,Delhi,1,18357.81,0,0.0,0.0,0,0,54.1
2026-02-01,POS,Hyderabad,4,6589.55,0,0.0,0.0,0,0,28.97
2026-02-01,POS,Jaipur,5,15819.48,0,0.0,0.0,0,0,24.92
2026-02-01,POS,Kochi,2,7542.9,0,0.0,0.0,0,0,16.05
2026-02-01,POS,Kolkata,4,6310.61,0,0.0,0.0,0,0,17.98
2026-02-01,POS,Mumbai,9,26258.15,0,0.0,0.0,0,0,25.74
2026-02-01,POS,Pune,6,28269.34,0,0.0,0.0,0,1,40.72
2026-02-01,RTGS,Ahmedabad,1,234107.14,0,0.0,0.0,0,0,25.4
2026-02-01,RTGS,Bengaluru,2,2056620.93,0,0.0,0.0,0,0,50.7
2026-02-01,RTGS,Chennai,3,2890201.13,0,0.0,0.0,0,0,37.5
2026-02-01,RTGS,Hyderabad,3,1331234.9,0,0.0,0.0,0,0,44.2
2026-02-01,RTGS,Jaipur,1,416910.93,0,0.0,0.0,0,0,46.8
2026-02-01,RTGS,Kochi,2,1649663.72,0,0.0,0.0,0,0,42.45
2026-02-01,RTGS,Kolkata,2,2772262.53,0,0.0,0.0,0,0,49.6
2026-02-01,RTGS,Mumbai,2,815146.75,0,0.0,0.0,0,0,32.25
2026-02-01,UPI,Ahmedabad,4,4680.69,0,0.0,0.0,0,0,17.75
2026-02-01,UPI,Bengaluru,11,45967.03,0,0.0,0.0,0,0,37.97
2026-02-01,UPI,Chennai,10,27188.82,1,1605.04,10.0,1,0,38.09
2026-02-01,UPI,Delhi,6,25460.22,0,0.0,0.0,0,1,34.93
2026-02-01,UPI,Hyderabad,7,7864.8,0,0.0,0.0,0,0,23.91
2026-02-01,UPI,Jaipur,3,2336.97,0,0.0,0.0,0,0,25.5
2026-02-01,UPI,Kochi,4,4792.42,0,0.0,0.0,0,0,26.95
2026-02-01,UPI,Kolkata,8,21403.12,0,0.0,0.0,0,0,24.9
2026-02-01,UPI,Mumbai,9,11356.19,0,0.0,0.0,0,0,23.12
2026-02-01,UPI,Pune,10,20726.34,0,0.0,0.0,0,0,21.62
2026-02-02,ATM,Bengaluru,2,10223.66,0,0.0,0.0,0,0,23.55
2026-02-02,ATM,Chennai,3,463498.21,1,460212.65,33.333,0,1,45.1
2026-02-02,ATM,Delhi,1,1897.78,0,0.0,0.0,0,0,60.5
2026-02-02,ATM,Hyderabad,8,33759.01,0,0.0,0.0,0,0,36.35
2026-02-02,ATM,Jaipur,3,15809.96,0,0.0,0.0,0,0,27.6
2026-02-02,ATM,Kochi,1,733.19,0,0.0,0.0,0,0,26.8
2026-02-02,ATM,Kolkata,1,5818.82,0,0.0,0.0,0,0,56.5
2026-02-02,ATM,Mumbai,2,2139.31,0,0.0,0.0,0,0,31.65
2026-02-02,ATM,Pune,7,12967.02,0,0.0,0.0,0,0,32.41
2026-02-02,Branch,Bengaluru,4,8002.38,0,0.0,0.0,0,0,26.08
2026-02-02,Branch,Chennai,1,1383.87,0,0.0,0.0,0,0,38.6
2026-02-02,Branch,Hyderabad,1,1194.74,0,0.0,0.0,0,0,36.5
2026-02-02,Branch,Jaipur,2,5522.15,0,0.0,0.0,0,0,32.05
2026-02-02,IMPS,Ahmedabad,3,3348.37,0,0.0,0.0,0,0,21.47
2026-02-02,IMPS,Bengaluru,2,4075.01,0,0.0,0.0,0,0,39.5
2026-02-02,IMPS,Delhi,4,25374.88,1,10976.57,25.0,0,1,45.67
2026-02-02,IMPS,Hyderabad,4,17342.33,0,0.0,0.0,0,0,29.92
2026-02-02,IMPS,Jaipur,2,3272.46,0,0.0,0.0,0,0,30.75
2026-02-02,IMPS,Kochi,3,6583.27,0,0.0,0.0,0,0,29.8
2026-02-02,IMPS,Kolkata,3,6354.42,0,0.0,0.0,0,0,45.4
2026-02-02,IMPS,Mumbai,3,34128.76,0,0.0,0.0,0,1,47.43
2026-02-02,IMPS,Pune,3,7002.07,0,0.0,0.0,0,0,32.0
2026-02-02,Internet Banking,Ahmedabad,6,144763.22,1,132096.88,16.667,0,0,38.57
2026-02-02,Internet Banking,Bengaluru,4,5877.22,0,0.0,0.0,0,0,30.57
2026-02-02,Internet Banking,Chennai,2,1243.21,0,0.0,0.0,0,0,21.4
2026-02-02,Internet Banking,Delhi,5,11583.52,0,0.0,0.0,0,0,34.66
2026-02-02,Internet Banking,Hyderabad,7,17045.65,1,28.61,14.286,0,0,31.44
2026-02-02,Internet Banking,Jaipur,4,6919.88,0,0.0,0.0,0,0,23.68
2026-02-02,Internet Banking,Kochi,3,13452.98,0,0.0,0.0,0,0,30.37
2026-02-02,Internet Banking,Kolkata,4,17295.85,0,0.0,0.0,0,0,30.5
2026-02-02,Internet Banking,Mumbai,3,5910.52,0,0.0,0.0,0,0,25.13
2026-02-02,Internet Banking,Pune,3,4151.37,0,0.0,0.0,0,0,37.63
2026-02-02,Mobile Banking,Ahmedabad,9,25707.77,0,0.0,0.0,0,0,24.86
2026-02-02,Mobile Banking,Bengaluru,3,7213.41,0,0.0,0.0,0,0,35.53
2026-02-02,Mobile Banking,Chennai,7,15276.08,0,0.0,0.0,0,0,23.39
2026-02-02,Mobile Banking,Delhi,1,121.22,0,0.0,0.0,0,0,8.5
2026-02-02,Mobile Banking,Hyderabad,4,9496.76,0,0.0,0.0,0,0,25.5
2026-02-02,Mobile Banking,Jaipur,2,4665.71,0,0.0,0.0,0,0,30.45
2026-02-02,Mobile Banking,Kochi,4,3838.4,0,0.0,0.0,0,0,30.85
2026-02-02,Mobile Banking,Kolkata,3,9008.7,0,0.0,0.0,0,0,30.2
2026-02-02,Mobile Banking,Mumbai,4,13376.61,0,0.0,0.0,0,0,37.52
2026-02-02,Mobile Banking,Pune,6,9898.59,0,0.0,0.0,0,0,19.73
2026-02-02,NEFT,Ahmedabad,2,2869.69,0,0.0,0.0,0,0,36.45
2026-02-02,NEFT,Bengaluru,2,9562.17,0,0.0,0.0,0,0,44.55
2026-02-02,NEFT,Chennai,5,14811.94,0,0.0,0.0,0,0,25.28
2026-02-02,NEFT,Delhi,3,2873.41,0,0.0,0.0,0,0,23.57
2026-02-02,NEFT,Hyderabad,3,20117.42,0,0.0,0.0,0,0,39.3
2026-02-02,NEFT,Jaipur,4,8897.62,0,0.0,0.0,0,0,29.67
2026-02-02,NEFT,Kochi,4,9462.71,0,0.0,0.0,0,0,25.2
2026-02-02,NEFT,Kolkata,3,3031.34,0,0.0,0.0,0,0,28.77
2026-02-02,NEFT,Mumbai,1,773.22,0,0.0,0.0,0,0,18.4
2026-02-02,POS,Ahmedabad,2,2008.25,0,0.0,0.0,0,0,18.45
2026-02-02,POS,Bengaluru,7,5633.3,0,0.0,0.0,0,0,24.97
2026-02-02,POS,Chennai,8,19976.95,0,0.0,0.0,0,1,32.05
2026-02-02,POS,Delhi,2,3217.27,0,0.0,0.0,0,0,39.75
2026-02-02,POS,Hyderabad,9,24978.53,0,0.0,0.0,0,0,24.99
2026-02-02,POS,Jaipur,2,9979.5,0,0.0,0.0,0,0,20.2
2026-02-02,POS,Kochi,4,11771.0,0,0.0,0.0,0,0,17.65
2026-02-02,POS,Kolkata,3,2980.33,0,0.0,0.0,0,0,18.37
2026-02-02,POS,Mumbai,5,8081.12,1,55.22,20.0,0,0,28.7
2026-02-02,POS,Pune,2,7090.68,0,0.0,0.0,0,0,32.25
2026-02-02,RTGS,Ahmedabad,2,1508155.08,0,0.0,0.0,0,0,38.45
2026-02-02,RTGS,Bengaluru,1,533935.49,0,0.0,0.0,0,0,32.2
2026-02-02,RTGS,Chennai,3,2316969.3,0,0.0,0.0,0,1,53.07
2026-02-02,RTGS,Delhi,1,415652.07,0,0.0,0.0,0,0,47.6
2026-02-02,RTGS,Hyderabad,1,776502.2,0,0.0,0.0,0,0,52.8
2026-02-02,RTGS,Jaipur,4,2592444.95,0,0.0,0.0,0,0,38.35
2026-02-02,RTGS,Kochi,3,3765238.25,0,0.0,0.0,0,0,28.5
2026-02-02,RTGS,Kolkata,1,1272711.44,0,0.0,0.0,0,0,39.5
2026-02-02,RTGS,Mumbai,3,2472345.38,0,0.0,0.0,0,0,27.93
2026-02-02,UPI,Ahmedabad,8,20715.73,0,0.0,0.0,0,0,30.5
2026-02-02,UPI,Bengaluru,6,17519.85,0,0.0,0.0,0,0,28.98
2026-02-02,UPI,Chennai,3,9965.92,0,0.0,0.0,0,0,34.77
2026-02-02,UPI,Delhi,7,11316.77,0,0.0,0.0,0,0,37.17
2026-02-02,UPI,Hyderabad,7,16931.09,0,0.0,0.0,0,0,26.79
2026-02-02,UPI,Jaipur,3,3948.26,0,0.0,0.0,0,0,37.37
2026-02-02,UPI,Kochi,8,27061.95,1,8249.67,12.5,0,1,35.86
2026-02-02,UPI,Kolkata,3,32663.09,0,0.0,0.0,0,0,28.3
2026-02-02,UPI,Mumbai,7,17026.09,0,0.0,0.0,0,0,26.51
2026-02-02,UPI,Pune,7,10532.37,0,0.0,0.0,0,0,24.86
2026-02-03,ATM,Ahmedabad,1,861.5,0,0.0,0.0,0,0,20.7
2026-02-03,ATM,Bengaluru,6,5657.05,0,0.0,0.0,0,0,36.73
2026-02-03,ATM,Chennai,2,12018.86,0,0.0,0.0,0,0,32.85
2026-02-03,ATM,Hyderabad,7,6391.6,0,0.0,0.0,0,0,24.0
2026-02-03,ATM,Jaipur,2,11654.47,0,0.0,0.0,0,0,26.3
2026-02-03,ATM,Kochi,3,18162.77,0,0.0,0.0,0,0,30.9
2026-02-03,ATM,Kolkata,3,873.89,0,0.0,0.0,0,0,26.57
2026-02-03,ATM,Mumbai,2,4160.97,0,0.0,0.0,0,0,17.4
2026-02-03,ATM,Pune,5,14886.02,0,0.0,0.0,0,0,28.42
2026-02-03,Branch,Bengaluru,3,8543.66,0,0.0,0.0,0,0,29.83
2026-02-03,Branch,Delhi,1,525.41,0,0.0,0.0,0,0,11.1
2026-02-03,Branch,Hyderabad,1,3280.17,0,0.0,0.0,0,0,23.9
2026-02-03,Branch,Kochi,1,1702.01,0,0.0,0.0,0,0,34.1
2026-02-03,Branch,Pune,5,13616.02,0,0.0,0.0,0,0,35.38
2026-02-03,IMPS,Ahmedabad,1,640.09,0,0.0,0.0,0,0,40.0
2026-02-03,IMPS,Bengaluru,4,3552.98,0,0.0,0.0,0,0,29.65
2026-02-03,IMPS,Chennai,4,6502.72,0,0.0,0.0,0,0,21.2
2026-02-03,IMPS,Delhi,1,802.24,0,0.0,0.0,0,0,18.4
2026-02-03,IMPS,Hyderabad,1,199.75,0,0.0,0.0,0,0,11.5
2026-02-03,IMPS,Jaipur,4,116403.83,1,110367.02,25.0,0,0,30.07
2026-02-03,IMPS,Kochi,4,129096.59,1,126357.22,25.0,0,0,47.62
2026-02-03,IMPS,Kolkata,4,13380.12,0,0.0,0.0,0,0,33.18
2026-02-03,IMPS,Mumbai,1,712.91,0,0.0,0.0,0,0,12.4
2026-02-03,IMPS,Pune,3,28389.94,0,0.0,0.0,0,0,21.5
2026-02-03,Internet Banking,Ahmedabad,1,4979.33,0,0.0,0.0,0,0,25.5
2026-02-03,Internet Banking,Bengaluru,4,6649.22,0,0.0,0.0,0,0,26.9
2026-02-03,Internet Banking,Chennai,3,7074.39,0,0.0,0.0,0,0,20.27
2026-02-03,Internet Banking,Delhi,4,35068.63,0,0.0,0.0,0,0,30.3
2026-02-03,Internet Banking,Hyderabad,4,10930.55,0,0.0,0.0,0,0,27.02
2026-02-03,Internet Banking,Jaipur,4,4948.57,0,0.0,0.0,0,0,29.52
2026-02-03,Internet Banking,Kochi,1,544.27,0,0.0,0.0,0,0,22.9
2026-02-03,Internet Banking,Kolkata,2,2711.62,0,0.0,0.0,0,0,31.8
2026-02-03,Internet Banking,Mumbai,4,6374.29,0,0.0,0.0,0,0,31.42
2026-02-03,Internet Banking,Pune,5,12488.05,0,0.0,0.0,0,0,28.26
2026-02-03,Mobile Banking,Ahmedabad,5,14071.46,0,0.0,0.0,0,0,46.76
2026-02-03,Mobile Banking,Bengaluru,9,21298.33,1,1332.26,11.111,0,1,30.73
2026-02-03,Mobile Banking,Chennai,6,8874.79,1,2933.49,16.667,1,0,32.75
2026-02-03,Mobile Banking,Delhi,2,6732.22,0,0.0,0.0,0,0,34.7
2026-02-03,Mobile Banking,Hyderabad,5,10606.6,0,0.0,0.0,0,0,31.56
2026-02-03,Mobile Banking,Jaipur,2,4602.39,0,0.0,0.0,0,0,10.95
2026-02-03,Mobile Banking,Kochi,8,28303.96,0,0.0,0.0,0,0,30.08
2026-02-03,Mobile Banking,Kolkata,6,8039.24,0,0.0,0.0,0,0,32.73
2026-02-03,Mobile Banking,Mumbai,4,21388.09,0,0.0,0.0,0,0,23.82
2026-02-03,Mobile Banking,Pune,5,15982.01,0,0.0,0.0,0,0,34.74
2026-02-03,NEFT,Ahmedabad,4,4850.24,0,0.0,0.0,0,0,14.7
2026-02-03,NEFT,Bengaluru,5,15524.86,0,0.0,0.0,0,0,15.46
2026-02-03,NEFT,Chennai,2,335.14,0,0.0,0.0,0,0,12.25
2026-02-03,NEFT,Hyderabad,4,7654.22,0,0.0,0.0,0,0,21.65
2026-02-03,NEFT,Jaipur,3,4860.58,0,0.0,0.0,0,0,27.87
2026-02-03,NEFT,Kolkata,2,1709.78,0,0.0,0.0,0,0,15.5
2026-02-03,NEFT,Mumbai,2,10015.83,0,0.0,0.0,0,0,50.1
2026-02-03,NEFT,Pune,3,9519.33,1,4193.45,33.333,0,1,46.97
2026-02-03,POS,Ahmedabad,4,8401.72,0,0.0,0.0,0,0,36.02
2026-02-03,POS,Bengaluru,5,67455.38,1,54897.14,20.0,0,1,48.68
2026-02-03,POS,Chennai,9,10350.38,1,2141.87,11.111,1,0,30.32
2026-02-03,POS,Delhi,4,17575.44,0,0.0,0.0,0,0,27.57
2026-02-03,POS,Hyderabad,5,16252.82,0,0.0,0.0,0,1,34.3
2026-02-03,POS,Jaipur,3,11759.58,0,0.0,0.0,0,0,28.5
2026-02-03,POS,Kochi,4,4871.54,0,0.0,0.0,0,0,38.85
2026-02-03,POS,Kolkata,3,9766.15,0,0.0,0.0,0,0,26.7
2026-02-03,POS,Mumbai,3,7121.69,0,0.0,0.0,0,0,38.23
2026-02-03,POS,Pune,3,3334.86,0,0.0,0.0,0,0,20.53
2026-02-03,RTGS,Ahmedabad,2,2684487.7,0,0.0,0.0,0,0,33.1
2026-02-03,RTGS,Bengaluru,4,3555564.46,0,0.0,0.0,0,0,46.88
2026-02-03,RTGS,Chennai,4,3586507.59,0,0.0,0.0,0,0,43.88
2026-02-03,RTGS,Delhi,3,3172679.26,0,0.0,0.0,0,0,42.47
2026-02-03,RTGS,Hyderabad,2,1385305.0,0,0.0,0.0,0,0,41.15
2026-02-03,RTGS,Jaipur,1,1434833.58,0,0.0,0.0,0,0,59.3
2026-02-03,RTGS,Pune,1,633768.88,0,0.0,0.0,0,0,35.2
2026-02-03,UPI,Ahmedabad,4,89548.13,0,0.0,0.0,0,0,28.2
2026-02-03,UPI,Bengaluru,8,44903.29,0,0.0,0.0,0,0,33.96
2026-02-03,UPI,Chennai,5,17799.81,0,0.0,0.0,0,0,27.2
2026-02-03,UPI,Delhi,8,27421.54,0,0.0,0.0,0,0,30.56
2026-02-03,UPI,Hyderabad,4,17511.14,0,0.0,0.0,0,0,33.35
2026-02-03,UPI,Jaipur,6,27999.46,1,4466.9,16.667,0,0,26.63
2026-02-03,UPI,Kochi,4,18345.79,0,0.0,0.0,0,0,35.65
2026-02-03,UPI,Kolkata,8,19374.36,0,0.0,0.0,0,0,34.2
2026-02-03,UPI,Mumbai,5,6813.74,0,0.0,0.0,0,0,39.42
2026-02-03,UPI,Pune,6,30643.25,0,0.0,0.0,0,0,26.57
2026-02-04,ATM,Ahmedabad,1,4867.18,0,0.0,0.0,0,0,30.7
2026-02-04,ATM,Bengaluru,2,1688.29,0,0.0,0.0,0,0,32.65
2026-02-04,ATM,Chennai,3,2100.94,0,0.0,0.0,0,0,26.6
2026-02-04,ATM,Delhi,1,196.87,0,0.0,0.0,0,0,8.4
2026-02-04,ATM,Hyderabad,1,948.03,0,0.0,0.0,0,0,18.9
2026-02-04,ATM,Jaipur,2,1697.38,0,0.0,0.0,0,0,16.2
2026-02-04,ATM,Kochi,2,6826.51,0,0.0,0.0,0,0,30.35
2026-02-04,ATM,Kolkata,3,3188.75,0,0.0,0.0,0,0,16.7
2026-02-04,ATM,Mumbai,2,4750.69,0,0.0,0.0,0,0,29.6
2026-02-04,Branch,Bengaluru,2,10447.42,0,0.0,0.0,0,0,44.55
2026-02-04,Branch,Chennai,1,2025.49,0,0.0,0.0,0,0,53.8
2026-02-04,Branch,Delhi,2,3115.21,0,0.0,0.0,0,0,26.35
2026-02-04,Branch,Hyderabad,1,5458.1,0,0.0,0.0,0,0,35.6
2026-02-04,Branch,Kochi,1,15482.27,0,0.0,0.0,0,0,32.6
2026-02-04,Branch,Kolkata,1,1722.1,0,0.0,0.0,0,0,45.4
2026-02-04,IMPS,Ahmedabad,4,18100.18,0,0.0,0.0,0,0,39.3
2026-02-04,IMPS,Bengaluru,2,1421.19,0,0.0,0.0,0,0,34.4
2026-02-04,IMPS,Chennai,2,1188.8,0,0.0,0.0,0,0,14.9
2026-02-04,IMPS,Delhi,1,2270.15,0,0.0,0.0,0,0,20.2
2026-02-04,IMPS,Hyderabad,1,18213.32,0,0.0,0.0,0,0,44.2
2026-02-04,IMPS,Kochi,1,1314.06,0,0.0,0.0,0,0,22.4
2026-02-04,IMPS,Mumbai,2,10513.02,0,0.0,0.0,0,0,21.35
2026-02-04,IMPS,Pune,3,4890.58,0,0.0,0.0,0,0,25.73
2026-02-04,Internet Banking,Ahmedabad,3,4074.43,0,0.0,0.0,0,0,28.43
2026-02-04,Internet Banking,Chennai,5,19671.16,0,0.0,0.0,0,0,28.64
2026-02-04,Internet Banking,Delhi,4,3828.27,0,0.0,0.0,0,0,30.67
2026-02-04,Internet Banking,Hyderabad,3,34661.76,0,0.0,0.0,0,0,31.7
2026-02-04,Internet Banking,Jaipur,1,920.13,0,0.0,0.0,0,0,17.0
2026-02-04,Internet Banking,Kochi,2,10441.04,0,0.0,0.0,0,0,34.9
2026-02-04,Internet Banking,Kolkata,4,2393.43,0,0.0,0.0,0,0,27.15
2026-02-04,Internet Banking,Mumbai,5,13060.17,0,0.0,0.0,0,0,30.02
2026-02-04,Internet Banking,Pune,4,27810.92,0,0.0,0.0,0,0,35.2
2026-02-04,Mobile Banking,Ahmedabad,8,27779.79,0,0.0,0.0,0,0,42.01
2026-02-04,Mobile Banking,Bengaluru,7,24019.57,0,0.0,0.0,0,0,29.87
2026-02-04,Mobile Banking,Chennai,5,14080.82,0,0.0,0.0,0,0,25.06
2026-02-04,Mobile Banking,Delhi,5,9961.59,0,0.0,0.0,0,0,26.62
2026-02-04,Mobile Banking,Hyderabad,6,11951.32,0,0.0,0.0,0,0,30.78
2026-02-04,Mobile Banking,Jaipur,6,22375.91,0,0.0,0.0,0,0,33.28
2026-02-04,Mobile Banking,Kochi,3,4670.89,0,0.0,0.0,0,0,18.73
2026-02-04,Mobile Banking,Mumbai,9,19135.53,0,0.0,0.0,0,0,34.83
2026-02-04,Mobile Banking,Pune,5,25124.22,0,0.0,0.0,0,0,24.3
2026-02-04,NEFT,Ahmedabad,3,7192.4,0,0.0,0.0,0,0,37.53
2026-02-04,NEFT,Bengaluru,3,3038.24,0,0.0,0.0,0,1,35.5
2026-02-04,NEFT,Chennai,5,7930.88,0,0.0,0.0,0,0,40.46
2026-02-04,NEFT,Delhi,3,1699.02,0,0.0,0.0,0,0,29.07
2026-02-04,NEFT,Jaipur,1,914.24,0,0.0,0.0,0,0,11.4
2026-02-04,NEFT,Kochi,4,11689.54,0,0.0,0.0,0,0,26.85
2026-02-04,NEFT,Kolkata,3,17316.35,0,0.0,0.0,0,0,30.6
2026-02-04,NEFT,Mumbai,2,2241.2,1,1414.87,50.0,0,0,48.9
2026-02-04,NEFT,Pune,1,739.4,0,0.0,0.0,0,0,18.7
2026-02-04,POS,Ahmedabad,1,625.39,0,0.0,0.0,0,0,21.3
2026-02-04,POS,Bengaluru,2,11685.58,0,0.0,0.0,0,0,22.4
2026-02-04,POS,Chennai,2,7586.84,0,0.0,0.0,0,0,18.2
2026-02-04,POS,Delhi,2,7113.85,0,0.0,0.0,0,0,33.25
2026-02-04,POS,Hyderabad,9,46179.57,0,0.0,0.0,0,0,35.46
2026-02-04,POS,Jaipur,4,9669.03,0,0.0,0.0,0,0,33.27
2026-02-04,POS,Kochi,6,5985.81,1,890.8,16.667,0,0,38.03
2026-02-04,POS,Mumbai,3,2716.91,0,0.0,0.0,0,0,37.23
2026-02-04,POS,Pune,4,5591.34,0,0.0,0.0,0,0,27.97
2026-02-04,RTGS,Ahmedabad,1,795177.96,0,0.0,0.0,0,0,30.7
2026-02-04,RTGS,Bengaluru,2,1420453.37,0,0.0,0.0,0,0,31.05
2026-02-04,RTGS,Chennai,2,1195140.41,0,0.0,0.0,0,0,39.85
2026-02-04,RTGS,Kochi,2,2504963.6,0,0.0,0.0,0,0,41.9
2026-02-04,RTGS,Kolkata,2,2470979.59,0,0.0,0.0,0,0,41.8
2026-02-04,RTGS,Mumbai,1,1451196.76,0,0.0,0.0,0,0,54.3
2026-02-04,RTGS,Pune,1,623246.48,0,0.0,0.0,0,0,49.5
2026-02-04,UPI,Ahmedabad,8,21350.94,1,4379.16,12.5,0,1,42.02
2026-02-04,UPI,Bengaluru,10,24522.64,0,0.0,0.0,0,0,26.49
2026-02-04,UPI,Chennai,6,17585.71,0,0.0,0.0,0,0,27.25
2026-02-04,UPI,Delhi,6,14570.42,0,0.0,0.0,0,0,25.42
2026-02-04,UPI,Hyderabad,9,21834.63,0,0.0,0.0,0,0,28.68
2026-02-04,UPI,Jaipur,8,211973.79,1,188278.75,12.5,0,0,35.58
2026-02-04,UPI,Kochi,6,9929.67,0,0.0,0.0,0,0,31.42
2026-02-04,UPI,Kolkata,7,19474.31,0,0.0,0.0,0,1,34.23
2026-02-04,UPI,Mumbai,6,15873.99,0,0.0,0.0,0,0,31.08
2026-02-04,UPI,Pune,5,12047.41,0,0.0,0.0,0,0,38.04
2026-02-05,ATM,Ahmedabad,3,33040.82,0,0.0,0.0,0,0,36.33
2026-02-05,ATM,Bengaluru,1,1136.47,0,0.0,0.0,0,0,8.3
2026-02-05,ATM,Chennai,3,3557.23,0,0.0,0.0,0,0,21.83
2026-02-05,ATM,Delhi,2,2786.09,0,0.0,0.0,0,0,20.45
2026-02-05,ATM,Hyderabad,2,11595.78,0,0.0,0.0,0,0,22.75
2026-02-05,ATM,Jaipur,3,18115.56,0,0.0,0.0,0,0,33.67
2026-02-05,ATM,Kochi,2,2006.81,0,0.0,0.0,0,1,50.2
2026-02-05,ATM,Kolkata,3,9902.75,0,0.0,0.0,0,0,35.03
2026-02-05,ATM,Mumbai,2,3145.87,0,0.0,0.0,0,0,20.15
2026-02-05,ATM,Pune,3,15045.24,0,0.0,0.0,0,0,32.53
2026-02-05,Branch,Ahmedabad,1,193.53,0,0.0,0.0,0,0,36.6
2026-02-05,Branch,Bengaluru,1,901.84,0,0.0,0.0,0,0,14.9
2026-02-05,Branch,Chennai,1,1602.48,0,0.0,0.0,0,0,17.4
2026-02-05,Branch,Kolkata,1,2468.82,0,0.0,0.0,0,0,49.7
2026-02-05,IMPS,Ahmedabad,2,1760.17,0,0.0,0.0,0,0,35.6
2026-02-05,IMPS,Bengaluru,3,1895.42,0,0.0,0.0,0,0,14.97
2026-02-05,IMPS,Chennai,2,5884.01,0,0.0,0.0,0,0,12.8
2026-02-05,IMPS,Delhi,3,6657.02,0,0.0,0.0,0,0,24.9
2026-02-05,IMPS,Jaipur,2,2021.67,0,0.0,0.0,0,0,27.55
2026-02-05,IMPS,Kochi,3,2710.48,0,0.0,0.0,0,0,25.2
2026-02-05,IMPS,Kolkata,3,4880.62,0,0.0,0.0,0,0,21.23
2026-02-05,IMPS,Pune,1,5896.25,0,0.0,0.0,0,0,27.3
2026-02-05,Internet Banking,Ahmedabad,5,17423.76,1,2980.61,20.0,0,1,39.88
2026-02-05,Internet Banking,Bengaluru,3,8803.28,0,0.0,0.0,0,0,35.47
2026-02-05,Internet Banking,Chennai,1,5509.62,0,0.0,0.0,0,0,37.1
2026-02-05,Internet Banking,Delhi,3,6981.8,0,0.0,0.0,0,1,44.33
2026-02-05,Internet Banking,Hyderabad,5,10115.61,0,0.0,0.0,0,0,27.68
2026-02-05,Internet Banking,Jaipur,2,2341.21,0,0.0,0.0,0,0,18.75
2026-02-05,Internet Banking,Kochi,2,10957.37,0,0.0,0.0,0,0,29.4
2026-02-05,Internet Banking,Kolkata,3,6900.99,0,0.0,0.0,0,0,54.7
2026-02-05,Internet Banking,Mumbai,3,16080.15,0,0.0,0.0,0,0,36.77
2026-02-05,Internet Banking,Pune,4,24007.55,0,0.0,0.0,0,1,52.4
2026-02-05,Mobile Banking,Ahmedabad,1,1395.76,0,0.0,0.0,0,0,40.6
2026-02-05,Mobile Banking,Bengaluru,4,8933.74,0,0.0,0.0,0,0,25.1
2026-02-05,Mobile Banking,Chennai,7,32782.24,0,0.0,0.0,0,0,26.96
2026-02-05,Mobile Banking,Delhi,3,5437.74,0,0.0,0.0,0,0,32.77
2026-02-05,Mobile Banking,Hyderabad,2,4797.98,0,0.0,0.0,0,0,47.1
2026-02-05,Mobile Banking,Jaipur,6,14517.11,0,0.0,0.0,0,0,30.92
2026-02-05,Mobile Banking,Kochi,4,17675.58,0,0.0,0.0,0,0,32.58
2026-02-05,Mobile Banking,Kolkata,3,5805.79,0,0.0,0.0,0,0,25.97
2026-02-05,Mobile Banking,Mumbai,3,10728.76,0,0.0,0.0,0,0,28.27
2026-02-05,Mobile Banking,Pune,2,10577.6,0,0.0,0.0,0,0,43.25
2026-02-05,NEFT,Ahmedabad,3,12170.06,0,0.0,0.0,0,0,21.4
2026-02-05,NEFT,Bengaluru,1,153.12,0,0.0,0.0,0,0,10.8
2026-02-05,NEFT,Chennai,3,5798.18,0,0.0,0.0,0,0,24.4
2026-02-05,NEFT,Hyderabad,2,3752.83,0,0.0,0.0,0,0,23.15
2026-02-05,NEFT,Kochi,1,625.49,0,0.0,0.0,0,0,30.4
2026-02-05,NEFT,Kolkata,1,697.8,0,0.0,0.0,0,0,11.3
2026-02-05,NEFT,Mumbai,1,1761.56,0,0.0,0.0,0,0,24.7
2026-02-05,NEFT,Pune,3,1773.99,0,0.0,0.0,0,0,23.93
2026-02-05,POS,Ahmedabad,3,7768.46,0,0.0,0.0,0,0,33.13
2026-02-05,POS,Bengaluru,8,21704.62,0,0.0,0.0,0,0,27.79
2026-02-05,POS,Chennai,5,7531.18,0,0.0,0.0,0,0,38.86
2026-02-05,POS,Delhi,5,9270.98,0,0.0,0.0,0,0,22.64
2026-02-05,POS,Hyderabad,4,6623.19,0,0.0,0.0,0,0,33.85
2026-02-05,POS,Jaipur,4,8379.98,0,0.0,0.0,0,0,30.27
2026-02-05,POS,Kochi,5,13279.53,0,0.0,0.0,0,1,40.12
2026-02-05,POS,Kolkata,5,26937.6,0,0.0,0.0,0,0,31.14
2026-02-05,POS,Mumbai,7,17701.43,0,0.0,0.0,0,0,23.7
2026-02-05,POS,Pune,4,13843.33,0,0.0,0.0,0,0,47.75
2026-02-05,RTGS,Ahmedabad,2,1582197.9,0,0.0,0.0,0,0,42.45
2026-02-05,RTGS,Bengaluru,1,848715.64,0,0.0,0.0,0,0,49.8
2026-02-05,RTGS,Hyderabad,1,375420.07,0,0.0,0.0,0,0,42.2
2026-02-05,RTGS,Jaipur,2,644320.0,1,52990.95,50.0,0,0,48.8
2026-02-05,RTGS,Kochi,5,2615728.91,1,95.03,20.0,0,1,51.76
2026-02-05,RTGS,Kolkata,1,1114459.34,0,0.0,0.0,0,1,66.6
2026-02-05,RTGS,Mumbai,2,930245.9,0,0.0,0.0,0,0,34.65
2026-02-05,RTGS,Pune,4,3852722.85,0,0.0,0.0,0,0,47.53
2026-02-05,UPI,Ahmedabad,8,32065.43,0,0.0,0.0,0,0,24.86
2026-02-05,UPI,Bengaluru,3,7156.69,0,0.0,0.0,0,0,32.87
2026-02-05,UPI,Chennai,6,10830.73,0,0.0,0.0,0,0,19.57
2026-02-05,UPI,Delhi,6,27360.79,0,0.0,0.0,0,0,28.9
2026-02-05,UPI,Hyderabad,14,45180.66,0,0.0,0.0,0,0,26.44
2026-02-05,UPI,Jaipur,6,18849.26,0,0.0,0.0,0,1,37.55
2026-02-05,UPI,Kochi,9,19154.14,0,0.0,0.0,0,1,30.79
2026-02-05,UPI,Kolkata,1,1145.39,0,0.0,0.0,0,0,48.0
2026-02-05,UPI,Mumbai,7,22715.93,0,0.0,0.0,0,0,22.17
2026-02-05,UPI,Pune,6,312740.6,1,305773.9,16.667,0,1,27.05
2026-02-06,ATM,Ahmedabad,2,3561.78,1,1993.55,50.0,0,1,51.15
2026-02-06,ATM,Chennai,3,3410.34,0,0.0,0.0,0,0,19.33
2026-02-06,ATM,Delhi,4,17822.0,0,0.0,0.0,0,0,25.15
2026-02-06,ATM,Hyderabad,3,5777.06,0,0.0,0.0,0,0,24.17
2026-02-06,ATM,Jaipur,4,4761.96,0,0.0,0.0,0,1,37.33
2026-02-06,ATM,Kochi,4,49189.45,0,0.0,0.0,0,0,32.5
2026-02-06,ATM,Kolkata,1,3406.94,0,0.0,0.0,0,0,53.8
2026-02-06,ATM,Mumbai,5,22986.25,0,0.0,0.0,0,0,30.76
2026-02-06,ATM,Pune,3,7681.46,0,0.0,0.0,0,0,27.6
2026-02-06,Branch,Bengaluru,1,4471.48,0,0.0,0.0,0,0,45.8
2026-02-06,Branch,Delhi,2,3259.41,0,0.0,0.0,0,0,34.4
2026-02-06,Branch,Hyderabad,1,2189.71,0,0.0,0.0,0,0,49.9
2026-02-06,Branch,Jaipur,1,6565.9,0,0.0,0.0,0,0,19.4
2026-02-06,Branch,Kolkata,1,571.14,0,0.0,0.0,0,0,21.4
2026-02-06,IMPS,Ahmedabad,2,3090.27,1,910.16,50.0,0,0,52.15
2026-02-06,IMPS,Bengaluru,3,3969.11,0,0.0,0.0,0,0,33.93
2026-02-06,IMPS,Chennai,2,4207.56,1,51.48,50.0,0,0,41.45
2026-02-06,IMPS,Delhi,2,332740.79,2,332740.79,100.0,1,0,66.9
2026-02-06,IMPS,Hyderabad,1,1951.19,0,0.0,0.0,0,0,39.2
2026-02-06,IMPS,Kolkata,1,10244.59,0,0.0,0.0,0,0,49.9
2026-02-06,IMPS,Pune,2,5485.67,0,0.0,0.0,0,0,41.95
2026-02-06,Internet Banking,Bengaluru,2,1734.73,0,0.0,0.0,0,0,17.15
2026-02-06,Internet Banking,Chennai,3,2638.06,0,0.0,0.0,0,0,21.33
2026-02-06,Internet Banking,Delhi,1,537.51,0,0.0,0.0,0,0,9.9
2026-02-06,Internet Banking,Hyderabad,3,16303.29,0,0.0,0.0,0,0,35.1
2026-02-06,Internet Banking,Jaipur,3,16414.9,0,0.0,0.0,0,0,37.57
2026-02-06,Internet Banking,Kochi,3,5717.05,0,0.0,0.0,0,0,33.27
2026-02-06,Internet Banking,Kolkata,3,21011.01,1,10014.07,33.333,1,0,45.43
2026-02-06,Internet Banking,Mumbai,2,725.37,0,0.0,0.0,0,0,24.05
2026-02-06,Internet Banking,Pune,5,18580.68,0,0.0,0.0,0,0,28.88
2026-02-06,Mobile Banking,Ahmedabad,5,5522.3,0,0.0,0.0,0,0,37.54
2026-02-06,Mobile Banking,Bengaluru,4,7261.28,0,0.0,0.0,0,0,40.58
2026-02-06,Mobile Banking,Chennai,6,9828.64,0,0.0,0.0,0,0,24.08
2026-02-06,Mobile Banking,Delhi,4,6028.18,0,0.0,0.0,0,0,28.23
2026-02-06,Mobile Banking,Hyderabad,5,15067.48,0,0.0,0.0,0,0,38.82
2026-02-06,Mobile Banking,Jaipur,4,3108.54,0,0.0,0.0,0,0,15.65
2026-02-06,Mobile Banking,Kochi,2,1943.2,0,0.0,0.0,0,0,29.4
2026-02-06,Mobile Banking,Kolkata,6,375694.86,1,357964.1,16.667,0,1,34.93
2026-02-06,Mobile Banking,Mumbai,5,9602.56,0,0.0,0.0,0,0,35.28
2026-02-06,Mobile Banking,Pune,6,16006.1,0,0.0,0.0,0,0,26.07
2026-02-06,NEFT,Ahmedabad,2,2320.42,0,0.0,0.0,0,0,14.75
2026-02-06,NEFT,Bengaluru,2,3129.02,0,0.0,0.0,0,0,41.95
2026-02-06,NEFT,Chennai,6,12694.49,0,0.0,0.0,0,0,31.75
2026-02-06,NEFT,Hyderabad,3,9682.92,0,0.0,0.0,0,0,31.6
2026-02-06,NEFT,Kochi,5,33213.16,0,0.0,0.0,0,0,24.56
2026-02-06,NEFT,Kolkata,2,3680.91,0,0.0,0.0,0,0,28.6
2026-02-06,NEFT,Pune,3,22639.35,0,0.0,0.0,0,0,33.7
2026-02-06,POS,Ahmedabad,8,46397.88,0,0.0,0.0,0,1,33.31
2026-02-06,POS,Bengaluru,2,5814.99,0,0.0,0.0,0,0,24.8
2026-02-06,POS,Chennai,6,11307.92,0,0.0,0.0,0,0,40.08
2026-02-06,POS,Delhi,5,8193.57,0,0.0,0.0,0,0,30.96
2026-02-06,POS,Hyderabad,6,23516.56,0,0.0,0.0,0,0,27.17
2026-02-06,POS,Kochi,5,6502.04,0,0.0,0.0,0,0,28.24
2026-02-06,POS,Kolkata,3,2941.85,0,0.0,0.0,0,0,21.07
2026-02-06,POS,Mumbai,1,2171.62,0,0.0,0.0,0,0,12.9
2026-02-06,POS,Pune,5,22141.27,0,0.0,0.0,0,0,24.32
2026-02-06,RTGS,Ahmedabad,1,242958.57,0,0.0,0.0,0,0,28.0
2026-02-06,RTGS,Bengaluru,2,1300499.93,0,0.0,0.0,0,1,59.7
2026-02-06,RTGS,Hyderabad,1,1030437.05,0,0.0,0.0,0,0,32.0
2026-02-06,RTGS,Jaipur,2,1986805.54,0,0.0,0.0,0,1,48.1
2026-02-06,RTGS,Kochi,3,3071417.85,0,0.0,0.0,0,0,43.2
2026-02-06,RTGS,Kolkata,1,584790.94,0,0.0,0.0,0,0,49.6
2026-02-06,RTGS,Pune,1,923386.53,0,0.0,0.0,0,0,33.6
2026-02-06,UPI,Ahmedabad,3,8391.08,0,0.0,0.0,0,0,30.63
2026-02-06,UPI,Bengaluru,7,14306.01,0,0.0,0.0,0,0,37.7
2026-02-06,UPI,Chennai,6,11531.25,0,0.0,0.0,0,0,25.35
2026-02-06,UPI,Delhi,9,33681.11,0,0.0,0.0,0,0,31.9
2026-02-06,UPI,Hyderabad,6,23320.44,0,0.0,0.0,0,0,38.48
2026-02-06,UPI,Jaipur,4,11322.65,0,0.0,0.0,0,0,25.8
2026-02-06,UPI,Kochi,9,28119.62,0,0.0,0.0,0,0,29.13
2026-02-06,UPI,Kolkata,3,4125.14,0,0.0,0.0,0,0,34.67
2026-02-06,UPI,Mumbai,9,10325.24,0,0.0,0.0,0,0,26.56
2026-02-06,UPI,Pune,5,12635.54,0,0.0,0.0,0,1,39.04
2026-02-07,ATM,Ahmedabad,6,39205.1,0,0.0,0.0,0,0,20.98
2026-02-07,ATM,Bengaluru,5,47020.72,0,0.0,0.0,0,0,33.0
2026-02-07,ATM,Chennai,1,958.32,0,0.0,0.0,0,0,19.0
2026-02-07,ATM,Delhi,5,7538.18,0,0.0,0.0,0,0,32.16
2026-02-07,ATM,Hyderabad,3,4142.69,0,0.0,0.0,0,0,36.9
2026-02-07,ATM,Jaipur,1,313.44,0,0.0,0.0,0,0,57.7
2026-02-07,ATM,Kochi,1,1784.5,0,0.0,0.0,0,0,15.0
2026-02-07,ATM,Kolkata,3,20638.65,0,0.0,0.0,0,0,39.2
2026-02-07,ATM,Mumbai,5,20758.35,0,0.0,0.0,0,0,31.0
2026-02-07,ATM,Pune,2,9978.58,0,0.0,0.0,0,0,35.2
2026-02-07,Branch,Kochi,1,4405.01,0,0.0,0.0,0,0,33.5
2026-02-07,Branch,Mumbai,2,55714.53,1,55484.5,50.0,0,0,29.55
2026-02-07,Branch,Pune,1,1072.42,0,0.0,0.0,0,0,28.9
2026-02-07,IMPS,Ahmedabad,2,2269.97,0,0.0,0.0,0,0,34.2
2026-02-07,IMPS,Bengaluru,4,31592.53,0,0.0,0.0,0,0,30.37
2026-02-07,IMPS,Chennai,4,8076.33,0,0.0,0.0,0,0,25.2
2026-02-07,IMPS,Delhi,1,1397.25,0,0.0,0.0,0,0,30.8
2026-02-07,IMPS,Hyderabad,4,7394.31,1,68.41,25.0,0,1,40.67
2026-02-07,IMPS,Jaipur,3,12147.6,0,0.0,0.0,0,0,28.2
2026-02-07,IMPS,Kochi,4,12472.89,0,0.0,0.0,0,0,21.18
2026-02-07,IMPS,Kolkata,4,12841.19,0,0.0,0.0,0,0,24.32
2026-02-07,IMPS,Mumbai,3,2341.16,0,0.0,0.0,0,0,40.2
2026-02-07,IMPS,Pune,4,16155.25,0,0.0,0.0,0,0,28.52
2026-02-07,Internet Banking,Ahmedabad,6,37793.14,0,0.0,0.0,0,0,33.05
2026-02-07,Internet Banking,Bengaluru,3,2411.71,0,0.0,0.0,0,0,30.0
2026-02-07,Internet Banking,Chennai,4,7240.05,0,0.0,0.0,0,0,26.6
2026-02-07,Internet Banking,Delhi,2,11232.59,0,0.0,0.0,0,0,24.2
2026-02-07,Internet Banking,Hyderabad,2,6869.48,0,0.0,0.0,0,0,29.25
2026-02-07,Internet Banking,Jaipur,2,3792.3,0,0.0,0.0,0,0,19.55
2026-02-07,Internet Banking,Kochi,2,5767.98,0,0.0,0.0,0,0,43.9
2026-02-07,Internet Banking,Kolkata,7,31900.2,0,0.0,0.0,0,0,36.11
2026-02-07,Internet Banking,Pune,1,1207.25,0,0.0,0.0,0,0,27.3
2026-02-07,Mobile Banking,Ahmedabad,7,17590.36,0,0.0,0.0,0,0,18.73
2026-02-07,Mobile Banking,Bengaluru,5,9256.28,0,0.0,0.0,0,0,36.4
2026-02-07,Mobile Banking,Chennai,7,20268.58,0,0.0,0.0,0,0,26.74
2026-02-07,Mobile Banking,Delhi,4,8196.07,0,0.0,0.0,0,0,40.25
2026-02-07,Mobile Banking,Hyderabad,2,4583.94,0,0.0,0.0,0,0,17.65
2026-02-07,Mobile Banking,Jaipur,3,2829.14,0,0.0,0.0,0,0,21.2
2026-02-07,Mobile Banking,Kochi,4,4138.45,0,0.0,0.0,0,0,19.37
2026-02-07,Mobile Banking,Kolkata,2,4792.15,0,0.0,0.0,0,0,37.3
2026-02-07,Mobile Banking,Mumbai,5,13960.14,0,0.0,0.0,0,0,22.4
2026-02-07,Mobile Banking,Pune,4,11656.05,0,0.0,0.0,0,0,39.45
2026-02-07,NEFT,Ahmedabad,2,1136.76,0,0.0,0.0,0,0,29.85
2026-02-07,NEFT,Bengaluru,3,3430.75,1,1833.81,33.333,0,0,29.13
2026-02-07,NEFT,Chennai,6,12327.08,0,0.0,0.0,0,0,32.08
2026-02-07,NEFT,Delhi,1,656.66,0,0.0,0.0,0,0,22.1
2026-02-07,NEFT,Hyderabad,5,11838.12,0,0.0,0.0,0,0,32.9
2026-02-07,NEFT,Jaipur,1,4180.42,0,0.0,0.0,0,0,50.2
2026-02-07,NEFT,Kochi,2,14603.67,0,0.0,0.0,0,0,41.25
2026-02-07,NEFT,Kolkata,5,4896.54,0,0.0,0.0,0,0,27.76
2026-02-07,NEFT,Mumbai,4,20252.17,0,0.0,0.0,0,0,33.33
2026-02-07,NEFT,Pune,4,324315.9,1,302437.32,25.0,0,0,48.2
2026-02-07,POS,Ahmedabad,4,546115.86,1,539629.07,25.0,1,0,45.43
2026-02-07,POS,Bengaluru,6,23445.28,0,0.0,0.0,0,0,42.9
2026-02-07,POS,Chennai,1,13271.6,0,0.0,0.0,0,0,25.9
2026-02-07,POS,Delhi,3,2270.1,0,0.0,0.0,0,0,20.87
2026-02-07,POS,Hyderabad,4,5764.17,0,0.0,0.0,0,0,33.1
2026-02-07,POS,Jaipur,8,38365.23,0,0.0,0.0,0,0,25.31
2026-02-07,POS,Kochi,2,4007.8,0,0.0,0.0,0,0,56.3
2026-02-07,POS,Kolkata,5,15485.31,0,0.0,0.0,0,0,34.44
2026-02-07,POS,Mumbai,5,9428.83,0,0.0,0.0,0,0,28.3
2026-02-07,POS,Pune,7,24089.35,0,0.0,0.0,0,0,33.77
2026-02-07,RTGS,Ahmedabad,3,2198930.87,0,0.0,0.0,0,1,45.43
2026-02-07,RTGS,Bengaluru,2,1303529.92,0,0.0,0.0,0,0,44.85
2026-02-07,RTGS,Chennai,1,1232345.4,0,0.0,0.0,0,0,52.7
2026-02-07,RTGS,Delhi,3,1110595.58,0,0.0,0.0,0,0,47.1
2026-02-07,RTGS,Hyderabad,1,1427462.59,0,0.0,0.0,0,0,50.9
2026-02-07,RTGS,Kochi,2,1008896.0,0,0.0,0.0,0,0,27.2
2026-02-07,RTGS,Kolkata,1,1144100.56,0,0.0,0.0,0,0,56.4
2026-02-07,RTGS,Mumbai,2,2296121.35,0,0.0,0.0,0,0,53.45
2026-02-07,RTGS,Pune,2,1013386.05,0,0.0,0.0,0,0,33.1
2026-02-07,UPI,Ahmedabad,9,25714.59,0,0.0,0.0,0,0,38.21
2026-02-07,UPI,Bengaluru,8,21649.38,0,0.0,0.0,0,0,29.89
2026-02-07,UPI,Chennai,6,9875.22,0,0.0,0.0,0,0,23.07
2026-02-07,UPI,Delhi,5,10759.69,0,0.0,0.0,0,0,27.34
2026-02-07,UPI,Hyderabad,7,7543.38,0,0.0,0.0,0,0,32.3
2026-02-07,UPI,Jaipur,8,11672.81,0,0.0,0.0,0,0,31.27
2026-02-07,UPI,Kochi,9,31054.98,0,0.0,0.0,0,0,25.18
2026-02-07,UPI,Kolkata,7,17975.46,0,0.0,0.0,0,0,36.53
2026-02-07,UPI,Mumbai,14,21091.74,1,2147.84,7.143,0,1,32.58
2026-02-07,UPI,Pune,5,3552.23,0,0.0,0.0,0,0,22.86
2026-02-08,ATM,Ahmedabad,3,8281.11,0,0.0,0.0,0,0,41.9
2026-02-08,ATM,Bengaluru,2,4705.94,0,0.0,0.0,0,0,22.1
2026-02-08,ATM,Chennai,2,1391.83,0,0.0,0.0,0,0,19.85
2026-02-08,ATM,Delhi,4,7440.52,0,0.0,0.0,0,0,36.1
2026-02-08,ATM,Hyderabad,6,9969.31,0,0.0,0.0,0,0,23.33
2026-02-08,ATM,Jaipur,1,5416.09,0,0.0,0.0,0,0,51.4
2026-02-08,ATM,Kochi,2,5351.88,0,0.0,0.0,0,0,35.0
2026-02-08,ATM,Kolkata,4,4881.36,0,0.0,0.0,0,0,28.05
2026-02-08,ATM,Mumbai,3,4228.73,0,0.0,0.0,0,0,30.33
2026-02-08,ATM,Pune,2,2776.34,0,0.0,0.0,0,0,29.2
2026-02-08,Branch,Chennai,1,632.37,0,0.0,0.0,0,0,11.5
2026-02-08,Branch,Hyderabad,1,2231.22,0,0.0,0.0,0,0,30.1
2026-02-08,Branch,Pune,1,1649.51,0,0.0,0.0,0,0,21.7
2026-02-08,IMPS,Ahmedabad,2,3286.98,0,0.0,0.0,0,0,50.25
2026-02-08,IMPS,Bengaluru,4,6581.54,0,0.0,0.0,0,0,23.65
2026-02-08,IMPS,Chennai,1,1446.11,0,0.0,0.0,0,0,21.8
2026-02-08,IMPS,Delhi,1,2392.41,0,0.0,0.0,0,0,37.4
2026-02-08,IMPS,Hyderabad,1,23819.77,0,0.0,0.0,0,0,51.6
2026-02-08,IMPS,Jaipur,5,12534.91,0,0.0,0.0,0,0,35.38
2026-02-08,IMPS,Kochi,6,28828.16,0,0.0,0.0,0,0,35.35
2026-02-08,IMPS,Kolkata,4,7582.76,0,0.0,0.0,0,0,22.95
2026-02-08,IMPS,Mumbai,5,179311.95,1,163805.13,20.0,0,0,33.92
2026-02-08,IMPS,Pune,6,10808.73,0,0.0,0.0,0,0,21.52
2026-02-08,Internet Banking,Ahmedabad,2,20055.92,0,0.0,0.0,0,0,35.0
2026-02-08,Internet Banking,Bengaluru,6,18061.99,0,0.0,0.0,0,0,26.28
2026-02-08,Internet Banking,Chennai,1,4655.98,0,0.0,0.0,0,0,26.9
2026-02-08,Internet Banking,Delhi,3,7725.7,0,0.0,0.0,0,0,23.67
2026-02-08,Internet Banking,Hyderabad,6,32185.43,0,0.0,0.0,0,0,23.75
2026-02-08,Internet Banking,Jaipur,1,2472.62,0,0.0,0.0,0,0,52.6
2026-02-08,Internet Banking,Kochi,4,12729.91,0,0.0,0.0,0,0,25.22
2026-02-08,Internet Banking,Kolkata,6,14800.62,0,0.0,0.0,0,0,30.15
2026-02-08,Internet Banking,Mumbai,6,15322.16,0,0.0,0.0,0,1,29.18
2026-02-08,Internet Banking,Pune,4,9221.59,1,7056.87,25.0,0,1,38.15
2026-02-08,Mobile Banking,Ahmedabad,8,96087.25,1,80925.88,12.5,0,1,30.25
2026-02-08,Mobile Banking,Bengaluru,4,9703.2,0,0.0,0.0,0,0,29.7
2026-02-08,Mobile Banking,Chennai,5,5904.35,0,0.0,0.0,0,0,18.28
2026-02-08,Mobile Banking,Delhi,6,10852.79,0,0.0,0.0,0,0,18.87
2026-02-08,Mobile Banking,Hyderabad,7,29879.52,0,0.0,0.0,0,0,37.36
2026-02-08,Mobile Banking,Jaipur,5,10195.34,0,0.0,0.0,0,0,39.7
2026-02-08,Mobile Banking,Kochi,5,21074.83,0,0.0,0.0,0,0,23.16
2026-02-08,Mobile Banking,Kolkata,2,970.92,0,0.0,0.0,0,1,51.95
2026-02-08,Mobile Banking,Mumbai,2,3110.96,0,0.0,0.0,0,0,42.15
2026-02-08,Mobile Banking,Pune,5,21330.42,0,0.0,0.0,0,0,33.14
2026-02-08,NEFT,Bengaluru,4,15409.04,0,0.0,0.0,0,0,35.15
2026-02-08,NEFT,Chennai,3,1293.29,0,0.0,0.0,0,0,25.37
2026-02-08,NEFT,Delhi,2,3942.78,0,0.0,0.0,0,0,28.2
2026-02-08,NEFT,Hyderabad,5,5696.31,0,0.0,0.0,0,0,16.2
2026-02-08,NEFT,Kochi,1,6614.77,0,0.0,0.0,0,0,38.1
2026-02-08,NEFT,Kolkata,4,10573.83,0,0.0,0.0,0,1,29.7
2026-02-08,NEFT,Mumbai,5,202748.21,1,195372.83,20.0,0,0,38.48
2026-02-08,NEFT,Pune,2,7169.37,0,0.0,0.0,0,0,29.65
2026-02-08,POS,Ahmedabad,4,11214.07,0,0.0,0.0,0,0,35.0
2026-02-08,POS,Bengaluru,1,3897.2,0,0.0,0.0,0,0,21.6
2026-02-08,POS,Chennai,6,13478.93,0,0.0,0.0,0,1,32.12
2026-02-08,POS,Delhi,9,16685.45,0,0.0,0.0,0,1,30.11
2026-02-08,POS,Hyderabad,7,14123.21,0,0.0,0.0,0,0,29.29
2026-02-08,POS,Jaipur,4,5708.63,0,0.0,0.0,0,0,31.9
2026-02-08,POS,Kochi,7,81263.03,1,70216.01,14.286,0,1,29.53
2026-02-08,POS,Kolkata,2,2758.45,0,0.0,0.0,0,0,36.8
2026-02-08,POS,Mumbai,6,24941.3,0,0.0,0.0,0,0,31.0
2026-02-08,POS,Pune,3,1972.47,0,0.0,0.0,0,0,29.07
2026-02-08,RTGS,Ahmedabad,2,2318936.04,0,0.0,0.0,0,0,46.6
2026-02-08,RTGS,Bengaluru,1,657346.51,0,0.0,0.0,0,0,33.0
2026-02-08,RTGS,Delhi,2,1103993.71,0,0.0,0.0,0,0,32.05
2026-02-08,RTGS,Hyderabad,1,411931.7,0,0.0,0.0,0,0,26.5
2026-02-08,RTGS,Jaipur,1,479672.54,0,0.0,0.0,0,0,34.0
2026-02-08,RTGS,Kochi,4,3308289.27,0,0.0,0.0,0,0,40.18
2026-02-08,RTGS,Kolkata,1,519555.84,0,0.0,0.0,0,0,34.0
2026-02-08,RTGS,Mumbai,1,639902.08,0,0.0,0.0,0,1,75.0
2026-02-08,RTGS,Pune,2,2220221.06,0,0.0,0.0,0,0,43.6
2026-02-08,UPI,Ahmedabad,9,20003.99,0,0.0,0.0,0,1,30.48
2026-02-08,UPI,Bengaluru,6,111194.56,1,96585.82,16.667,0,1,36.28
2026-02-08,UPI,Chennai,7,15876.81,0,0.0,0.0,0,0,25.06
2026-02-08,UPI,Delhi,4,19214.76,0,0.0,0.0,0,0,22.75
2026-02-08,UPI,Hyderabad,10,45195.66,0,0.0,0.0,0,0,29.55
2026-02-08,UPI,Jaipur,2,3834.4,0,0.0,0.0,0,0,26.75
2026-02-08,UPI,Kochi,4,9875.63,0,0.0,0.0,0,0,25.52
2026-02-08,UPI,Kolkata,4,8279.3,0,0.0,0.0,0,0,42.8
2026-02-08,UPI,Mumbai,4,9773.5,1,3966.36,25.0,1,0,37.5
2026-02-08,UPI,Pune,9,32949.52,0,0.0,0.0,0,0,28.82
2026-02-09,ATM,Ahmedabad,4,11885.49,0,0.0,0.0,0,0,39.95
2026-02-09,ATM,Bengaluru,4,5808.04,0,0.0,0.0,0,0,29.5
2026-02-09,ATM,Chennai,1,1207.32,0,0.0,0.0,0,0,17.2
2026-02-09,ATM,Delhi,3,2451.91,0,0.0,0.0,0,0,22.93
2026-02-09,ATM,Hyderabad,6,28625.8,0,0.0,0.0,0,0,31.83
2026-02-09,ATM,Jaipur,3,13181.2,0,0.0,0.0,0,1,46.3
2026-02-09,ATM,Kochi,1,3858.67,0,0.0,0.0,0,0,20.2
2026-02-09,ATM,Kolkata,2,1737.32,0,0.0,0.0,0,0,19.95
2026-02-09,ATM,Mumbai,1,2225.88,0,0.0,0.0,0,0,33.9
2026-02-09,ATM,Pune,4,7834.99,0,0.0,0.0,0,0,23.6
2026-02-09,Branch,Ahmedabad,1,2153.46,0,0.0,0.0,0,0,45.1
2026-02-09,Branch,Delhi,2,4552.28,0,0.0,0.0,0,0,34.65
2026-02-09,Branch,Hyderabad,1,9408.79,0,0.0,0.0,0,0,51.4
2026-02-09,Branch,Jaipur,2,1409.01,0,0.0,0.0,0,0,11.25
2026-02-09,Branch,Kolkata,1,7383.8,0,0.0,0.0,0,0,33.5
2026-02-09,IMPS,Ahmedabad,2,10440.04,0,0.0,0.0,0,0,38.6
2026-02-09,IMPS,Bengaluru,1,564.3,0,0.0,0.0,0,0,32.9
2026-02-09,IMPS,Chennai,4,8614.44,0,0.0,0.0,0,0,31.03
2026-02-09,IMPS,Delhi,1,4003.25,0,0.0,0.0,0,0,47.0
2026-02-09,IMPS,Hyderabad,2,13099.1,0,0.0,0.0,0,0,42.8
2026-02-09,IMPS,Jaipur,1,489158.8,1,489158.8,100.0,0,0,48.0
2026-02-09,IMPS,Kochi,2,5289.62,0,0.0,0.0,0,0,42.4
2026-02-09,IMPS,Mumbai,4,6440.05,0,0.0,0.0,0,0,21.62
2026-02-09,IMPS,Pune,3,6855.03,0,0.0,0.0,0,0,26.93
2026-02-09,Internet Banking,Ahmedabad,2,3776.6,0,0.0,0.0,0,0,56.15
2026-02-09,Internet Banking,Bengaluru,2,4197.65,0,0.0,0.0,0,0,12.55
2026-02-09,Internet Banking,Chennai,2,3821.55,0,0.0,0.0,0,0,17.8
2026-02-09,Internet Banking,Delhi,2,935.89,0,0.0,0.0,0,0,12.85
2026-02-09,Internet Banking,Hyderabad,4,15539.92,0,0.0,0.0,0,0,41.1
2026-02-09,Internet Banking,Jaipur,2,2428.05,0,0.0,0.0,0,0,22.05
2026-02-09,Internet Banking,Kochi,2,1392.06,0,0.0,0.0,0,0,34.95
2026-02-09,Internet Banking,Kolkata,4,7081.22,0,0.0,0.0,0,1,32.17
2026-02-09,Internet Banking,Mumbai,4,8818.28,0,0.0,0.0,0,0,22.03
2026-02-09,Internet Banking,Pune,2,1423.24,0,0.0,0.0,0,0,25.8
2026-02-09,Mobile Banking,Ahmedabad,8,21234.33,0,0.0,0.0,0,0,31.35
2026-02-09,Mobile Banking,Bengaluru,2,6977.22,0,0.0,0.0,0,0,34.45
2026-02-09,Mobile Banking,Chennai,3,4668.03,0,0.0,0.0,0,0,27.53
2026-02-09,Mobile Banking,Delhi,3,8722.36,0,0.0,0.0,0,0,25.1
2026-02-09,Mobile Banking,Hyderabad,7,18469.89,0,0.0,0.0,0,0,33.07
2026-02-09,Mobile Banking,Jaipur,6,30734.7,0,0.0,0.0,0,0,40.25
2026-02-09,Mobile Banking,Kochi,4,8908.58,0,0.0,0.0,0,0,25.45
2026-02-09,Mobile Banking,Kolkata,2,4236.27,0,0.0,0.0,0,0,43.5
2026-02-09,Mobile Banking,Mumbai,2,9861.69,0,0.0,0.0,0,0,26.1
2026-02-09,Mobile Banking,Pune,11,31477.02,0,0.0,0.0,0,0,25.33
2026-02-09,NEFT,Ahmedabad,1,2596.89,0,0.0,0.0,0,0,31.1
2026-02-09,NEFT,Bengaluru,5,8173.91,0,0.0,0.0,0,0,39.98
2026-02-09,NEFT,Chennai,4,10947.83,0,0.0,0.0,0,0,50.35
2026-02-09,NEFT,Delhi,1,3935.54,0,0.0,0.0,0,0,35.4
2026-02-09,NEFT,Hyderabad,6,9302.34,0,0.0,0.0,0,0,25.85
2026-02-09,NEFT,Kochi,2,15754.85,0,0.0,0.0,0,0,26.8
2026-02-09,NEFT,Kolkata,2,1312.2,0,0.0,0.0,0,0,24.05
2026-02-09,NEFT,Mumbai,2,24866.57,0,0.0,0.0,0,0,46.3
2026-02-09,NEFT,Pune,1,12346.27,0,0.0,0.0,0,0,33.0
2026-02-09,POS,Ahmedabad,4,506038.99,1,501860.37,25.0,0,1,37.2
2026-02-09,POS,Bengaluru,8,31720.88,0,0.0,0.0,0,0,33.83
2026-02-09,POS,Chennai,5,6897.03,0,0.0,0.0,0,0,31.08
2026-02-09,POS,Delhi,5,18689.73,0,0.0,0.0,0,0,25.7
2026-02-09,POS,Hyderabad,2,7712.41,0,0.0,0.0,0,0,19.05
2026-02-09,POS,Jaipur,3,11702.81,0,0.0,0.0,0,0,26.2
2026-02-09,POS,Kochi,4,8397.01,0,0.0,0.0,0,0,41.02
2026-02-09,POS,Kolkata,2,3486.47,0,0.0,0.0,0,0,40.6
2026-02-09,POS,Mumbai,4,10648.04,0,0.0,0.0,0,0,32.12
2026-02-09,POS,Pune,6,14884.16,0,0.0,0.0,0,0,27.32
2026-02-09,RTGS,Ahmedabad,2,1706733.46,0,0.0,0.0,0,0,41.85
2026-02-09,RTGS,Bengaluru,1,1431551.2,0,0.0,0.0,0,0,30.7
2026-02-09,RTGS,Chennai,2,1993406.72,0,0.0,0.0,0,0,46.4
2026-02-09,RTGS,Delhi,2,2231423.0,0,0.0,0.0,0,0,50.75
2026-02-09,RTGS,Hyderabad,3,2750358.67,0,0.0,0.0,0,0,49.47
2026-02-09,RTGS,Kochi,2,1689526.96,0,0.0,0.0,0,0,51.85
2026-02-09,RTGS,Mumbai,4,3502226.37,0,0.0,0.0,0,0,37.8
2026-02-09,RTGS,Pune,1,708624.33,0,0.0,0.0,0,1,69.8
2026-02-09,UPI,Ahmedabad,7,43254.53,1,4641.39,14.286,0,1,31.93
2026-02-09,UPI,Bengaluru,4,6357.44,0,0.0,0.0,0,0,19.38
2026-02-09,UPI,Chennai,5,22886.94,0,0.0,0.0,0,0,26.08
2026-02-09,UPI,Delhi,3,1118.1,0,0.0,0.0,0,0,20.13
2026-02-09,UPI,Hyderabad,11,8572.61,0,0.0,0.0,0,0,26.55
2026-02-09,UPI,Jaipur,2,3399.88,0,0.0,0.0,0,0,31.15
2026-02-09,UPI,Kochi,4,9310.95,0,0.0,0.0,0,0,35.2
2026-02-09,UPI,Kolkata,4,4391.57,0,0.0,0.0,0,0,32.27
2026-02-09,UPI,Mumbai,6,10720.48,0,0.0,0.0,0,0,19.2
2026-02-09,UPI,Pune,6,16893.15,0,0.0,0.0,0,0,40.55
2026-02-10,ATM,Ahmedabad,4,4694.72,0,0.0,0.0,0,0,24.48
2026-02-10,ATM,Bengaluru,2,4411.28,0,0.0,0.0,0,0,16.2
2026-02-10,ATM,Chennai,3,2249.74,1,564.6,33.333,0,0,36.63
2026-02-10,ATM,Delhi,3,13728.42,0,0.0,0.0,0,0,26.77
2026-02-10,ATM,Hyderabad,3,13080.39,0,0.0,0.0,0,0,25.43
2026-02-10,ATM,Jaipur,3,5220.63,0,0.0,0.0,0,0,29.6
2026-02-10,ATM,Kochi,2,14446.88,0,0.0,0.0,0,0,27.2
2026-02-10,ATM,Kolkata,5,22372.55,0,0.0,0.0,0,1,37.98
2026-02-10,ATM,Mumbai,3,7228.58,0,0.0,0.0,0,0,48.57
2026-02-10,ATM,Pune,1,3090.54,0,0.0,0.0,0,0,44.9
2026-02-10,Branch,Ahmedabad,1,1949.18,0,0.0,0.0,0,0,35.7
2026-02-10,Branch,Bengaluru,1,7303.15,0,0.0,0.0,0,0,35.5
2026-02-10,Branch,Chennai,3,4402.11,0,0.0,0.0,0,0,18.37
2026-02-10,Branch,Hyderabad,2,1844.9,0,0.0,0.0,0,0,14.05
2026-02-10,Branch,Kochi,1,3412.69,0,0.0,0.0,0,0,29.3
2026-02-10,Branch,Kolkata,1,4481.34,0,0.0,0.0,0,1,67.1
2026-02-10,Branch,Pune,2,2903.09,0,0.0,0.0,0,0,9.1
2026-02-10,IMPS,Ahmedabad,2,4337.58,0,0.0,0.0,0,0,40.05
2026-02-10,IMPS,Bengaluru,2,8344.35,0,0.0,0.0,0,0,11.45
2026-02-10,IMPS,Chennai,1,1179.83,0,0.0,0.0,0,0,17.8
2026-02-10,IMPS,Delhi,2,1869.79,0,0.0,0.0,0,0,17.5
2026-02-10,IMPS,Hyderabad,3,3226.31,0,0.0,0.0,0,0,34.23
2026-02-10,IMPS,Jaipur,2,2570.27,0,0.0,0.0,0,0,27.6
2026-02-10,IMPS,Kochi,2,3043.52,0,0.0,0.0,0,0,33.45
2026-02-10,IMPS,Mumbai,2,6695.88,0,0.0,0.0,0,0,25.5
2026-02-10,IMPS,Pune,1,3520.16,0,0.0,0.0,0,0,41.8
2026-02-10,Internet Banking,Ahmedabad,4,28848.54,0,0.0,0.0,0,0,20.23
2026-02-10,Internet Banking,Bengaluru,7,22266.47,0,0.0,0.0,0,1,33.96
2026-02-10,Internet Banking,Chennai,3,5673.4,0,0.0,0.0,0,0,30.97
2026-02-10,Internet Banking,Delhi,6,25580.71,0,0.0,0.0,0,0,36.17
2026-02-10,Internet Banking,Hyderabad,5,6209.33,0,0.0,0.0,0,1,34.34
2026-02-10,Internet Banking,Jaipur,2,4898.23,0,0.0,0.0,0,0,43.45
2026-02-10,Internet Banking,Kochi,4,30152.24,0,0.0,0.0,0,0,33.55
2026-02-10,Internet Banking,Kolkata,2,982.7,0,0.0,0.0,0,0,35.5
2026-02-10,Internet Banking,Mumbai,1,942.48,0,0.0,0.0,0,0,17.2
2026-02-10,Internet Banking,Pune,4,5293.04,0,0.0,0.0,0,0,12.65
2026-02-10,Mobile Banking,Ahmedabad,7,13891.7,0,0.0,0.0,0,0,36.5
2026-02-10,Mobile Banking,Bengaluru,3,13073.34,0,0.0,0.0,0,0,34.7
2026-02-10,Mobile Banking,Chennai,2,6252.54,0,0.0,0.0,0,0,24.45
2026-02-10,Mobile Banking,Delhi,3,10425.69,0,0.0,0.0,0,0,45.73
2026-02-10,Mobile Banking,Hyderabad,9,52810.92,1,2278.08,11.111,1,0,29.33
2026-02-10,Mobile Banking,Jaipur,8,20565.54,0,0.0,0.0,0,0,22.4
2026-02-10,Mobile Banking,Kochi,4,12054.94,0,0.0,0.0,0,0,38.98
2026-02-10,Mobile Banking,Kolkata,5,4462.98,0,0.0,0.0,0,0,28.08
2026-02-10,Mobile Banking,Mumbai,4,13415.8,0,0.0,0.0,0,1,44.6
2026-02-10,Mobile Banking,Pune,9,39298.43,0,0.0,0.0,0,0,27.8
2026-02-10,NEFT,Chennai,2,1758.61,0,0.0,0.0,0,0,19.2
2026-02-10,NEFT,Delhi,4,10024.76,0,0.0,0.0,0,0,25.88
2026-02-10,NEFT,Hyderabad,3,9108.72,0,0.0,0.0,0,0,24.8
2026-02-10,NEFT,Jaipur,2,4377.59,0,0.0,0.0,0,0,24.25
2026-02-10,NEFT,Kochi,2,1204.4,0,0.0,0.0,0,0,31.55
2026-02-10,NEFT,Kolkata,3,7130.33,0,0.0,0.0,0,0,25.17
2026-02-10,NEFT,Mumbai,3,21709.75,0,0.0,0.0,0,0,26.87
2026-02-10,NEFT,Pune,2,5701.46,0,0.0,0.0,0,0,43.15
2026-02-10,POS,Ahmedabad,3,7004.69,0,0.0,0.0,0,0,33.43
2026-02-10,POS,Bengaluru,2,2898.92,0,0.0,0.0,0,0,15.9
2026-02-10,POS,Chennai,4,12217.55,0,0.0,0.0,0,1,39.9
2026-02-10,POS,Delhi,5,10618.72,0,0.0,0.0,0,0,34.18
2026-02-10,POS,Hyderabad,6,15335.92,0,0.0,0.0,0,0,26.22
2026-02-10,POS,Jaipur,6,13453.3,0,0.0,0.0,0,0,25.5
2026-02-10,POS,Kochi,3,8220.85,0,0.0,0.0,0,0,37.23
2026-02-10,POS,Kolkata,5,16288.26,0,0.0,0.0,0,0,30.2
2026-02-10,POS,Mumbai,4,37210.08,1,1044.6,25.0,0,1,48.3
2026-02-10,POS,Pune,12,21459.54,0,0.0,0.0,0,0,26.88
2026-02-10,RTGS,Bengaluru,2,974696.99,0,0.0,0.0,0,0,41.95
2026-02-10,RTGS,Chennai,2,1776224.78,0,0.0,0.0,0,0,42.5
2026-02-10,RTGS,Delhi,3,3234083.39,0,0.0,0.0,0,0,33.7
2026-02-10,RTGS,Hyderabad,3,3039852.11,0,0.0,0.0,0,0,36.5
2026-02-10,RTGS,Jaipur,1,1017264.14,0,0.0,0.0,0,0,29.2
2026-02-10,RTGS,Kochi,2,2362654.12,0,0.0,0.0,0,0,42.25
2026-02-10,RTGS,Kolkata,1,1469836.09,0,0.0,0.0,0,0,47.7
2026-02-10,RTGS,Mumbai,4,1880421.24,0,0.0,0.0,0,0,41.77
2026-02-10,RTGS,Pune,1,1201280.71,0,0.0,0.0,0,0,39.7
2026-02-10,UPI,Ahmedabad,8,24639.63,0,0.0,0.0,0,0,29.69
2026-02-10,UPI,Bengaluru,4,17263.07,0,0.0,0.0,0,1,34.65
2026-02-10,UPI,Chennai,7,13349.86,0,0.0,0.0,0,0,22.54
2026-02-10,UPI,Delhi,10,17643.17,0,0.0,0.0,0,1,31.11
2026-02-10,UPI,Hyderabad,7,17550.51,0,0.0,0.0,0,0,28.81
2026-02-10,UPI,Jaipur,6,183031.75,1,166870.45,16.667,0,1,28.82
2026-02-10,UPI,Kochi,4,10216.21,0,0.0,0.0,0,0,26.47
2026-02-10,UPI,Kolkata,9,19569.51,0,0.0,0.0,0,0,26.81
2026-02-10,UPI,Mumbai,8,14922.57,0,0.0,0.0,0,0,25.45
2026-02-10,UPI,Pune,6,6802.2,1,19.08,16.667,0,0,23.2
2026-02-11,ATM,Ahmedabad,3,6371.62,0,0.0,0.0,0,0,23.17
2026-02-11,ATM,Bengaluru,5,275343.0,1,257221.92,20.0,0,1,39.86
2026-02-11,ATM,Chennai,2,10419.72,0,0.0,0.0,0,0,30.85
2026-02-11,ATM,Delhi,2,3736.97,0,0.0,0.0,0,0,37.05
2026-02-11,ATM,Hyderabad,2,11216.97,0,0.0,0.0,0,0,31.65
2026-02-11,ATM,Jaipur,2,5370.79,0,0.0,0.0,0,0,27.95
2026-02-11,ATM,Kochi,2,2622.84,0,0.0,0.0,0,0,22.6
2026-02-11,ATM,Kolkata,1,1376.87,0,0.0,0.0,0,0,34.8
2026-02-11,ATM,Mumbai,1,3983.94,0,0.0,0.0,0,0,52.3
2026-02-11,ATM,Pune,3,7059.71,0,0.0,0.0,0,0,28.6
2026-02-11,Branch,Bengaluru,1,2476.53,0,0.0,0.0,0,0,38.5
2026-02-11,Branch,Jaipur,1,381.29,0,0.0,0.0,0,0,14.3
2026-02-11,Branch,Kochi,1,4383.61,0,0.0,0.0,0,0,41.5
2026-02-11,Branch,Kolkata,2,33292.02,0,0.0,0.0,0,0,30.05
2026-02-11,Branch,Pune,2,16776.38,0,0.0,0.0,0,0,46.8
2026-02-11,IMPS,Ahmedabad,3,2921.14,0,0.0,0.0,0,0,17.2
2026-02-11,IMPS,Bengaluru,1,3386.16,0,0.0,0.0,0,0,52.5
2026-02-11,IMPS,Chennai,1,598.09,0,0.0,0.0,0,0,10.1
2026-02-11,IMPS,Delhi,1,1142.95,0,0.0,0.0,0,0,20.5
2026-02-11,IMPS,Hyderabad,2,8162.15,0,0.0,0.0,0,0,41.65
2026-02-11,IMPS,Jaipur,2,4420.58,0,0.0,0.0,0,0,36.9
2026-02-11,IMPS,Kochi,3,6235.66,0,0.0,0.0,0,0,31.37
2026-02-11,IMPS,Kolkata,1,6656.48,0,0.0,0.0,0,0,29.4
2026-02-11,IMPS,Mumbai,3,4439.85,0,0.0,0.0,0,0,13.3
2026-02-11,IMPS,Pune,2,2221.47,0,0.0,0.0,0,0,24.2
2026-02-11,Internet Banking,Ahmedabad,3,9748.51,0,0.0,0.0,0,0,34.13
2026-02-11,Internet Banking,Bengaluru,2,3760.49,0,0.0,0.0,0,0,43.25
2026-02-11,Internet Banking,Chennai,1,838.41,0,0.0,0.0,0,0,33.9
2026-02-11,Internet Banking,Hyderabad,3,3068.64,0,0.0,0.0,0,0,14.77
2026-02-11,Internet Banking,Jaipur,3,10532.88,0,0.0,0.0,0,0,45.0
2026-02-11,Internet Banking,Kochi,2,3584.55,0,0.0,0.0,0,0,30.8
2026-02-11,Internet Banking,Kolkata,2,4969.4,0,0.0,0.0,0,0,27.15
2026-02-11,Internet Banking,Mumbai,1,3235.88,0,0.0,0.0,0,0,16.5
2026-02-11,Internet Banking,Pune,10,29108.34,0,0.0,0.0,0,0,24.96
2026-02-11,Mobile Banking,Ahmedabad,5,24020.5,0,0.0,0.0,0,0,22.38
2026-02-11,Mobile Banking,Bengaluru,5,8182.77,0,0.0,0.0,0,0,20.84
2026-02-11,Mobile Banking,Chennai,8,15768.27,0,0.0,0.0,0,0,27.55
2026-02-11,Mobile Banking,Delhi,4,3550.05,0,0.0,0.0,0,0,21.9
2026-02-11,Mobile Banking,Hyderabad,2,3567.57,0,0.0,0.0,0,0,16.55
2026-02-11,Mobile Banking,Jaipur,2,9719.64,0,0.0,0.0,0,0,22.8
2026-02-11,Mobile Banking,Kochi,6,6033.38,0,0.0,0.0,0,0,34.67
2026-02-11,Mobile Banking,Kolkata,3,8312.03,0,0.0,0.0,0,1,31.27
2026-02-11,Mobile Banking,Mumbai,2,6198.07,0,0.0,0.0,0,0,28.55
2026-02-11,Mobile Banking,Pune,1,3213.5,0,0.0,0.0,0,0,40.1
2026-02-11,NEFT,Bengaluru,1,306.28,0,0.0,0.0,0,0,19.2
2026-02-11,NEFT,Chennai,4,17745.49,0,0.0,0.0,0,1,42.42
2026-02-11,NEFT,Delhi,5,12580.42,0,0.0,0.0,0,0,19.78
2026-02-11,NEFT,Hyderabad,4,16493.04,0,0.0,0.0,0,0,27.32
2026-02-11,NEFT,Jaipur,1,15121.87,0,0.0,0.0,0,0,24.4
2026-02-11,NEFT,Mumbai,1,605.51,0,0.0,0.0,0,0,57.4
2026-02-11,NEFT,Pune,4,14516.76,0,0.0,0.0,0,0,27.62
2026-02-11,POS,Ahmedabad,9,32540.67,0,0.0,0.0,0,0,33.14
2026-02-11,POS,Bengaluru,6,11306.11,0,0.0,0.0,0,0,26.4
2026-02-11,POS,Chennai,2,3805.25,0,0.0,0.0,0,0,16.75
2026-02-11,POS,Delhi,8,31383.34,0,0.0,0.0,0,0,34.22
2026-02-11,POS,Hyderabad,3,4739.9,0,0.0,0.0,0,0,41.97
2026-02-11,POS,Jaipur,6,8398.31,0,0.0,0.0,0,0,30.82
2026-02-11,POS,Kochi,6,9999.96,0,0.0,0.0,0,0,31.0
2026-02-11,POS,Kolkata,5,4520.95,0,0.0,0.0,0,0,29.62
2026-02-11,POS,Mumbai,2,3122.58,0,0.0,0.0,0,0,26.3
2026-02-11,POS,Pune,3,134691.25,1,129972.35,33.333,0,0,26.13
2026-02-11,RTGS,Ahmedabad,2,2643669.67,0,0.0,0.0,0,0,51.55
2026-02-11,RTGS,Bengaluru,1,1107217.44,0,0.0,0.0,0,0,53.5
2026-02-11,RTGS,Chennai,1,942314.61,0,0.0,0.0,0,0,38.9
2026-02-11,RTGS,Hyderabad,1,1210678.2,1,1210678.2,100.0,1,0,90.2
2026-02-11,RTGS,Jaipur,2,2561150.25,0,0.0,0.0,0,0,49.5
2026-02-11,RTGS,Kolkata,2,1803629.68,0,0.0,0.0,0,0,49.1
2026-02-11,RTGS,Pune,3,3714171.82,0,0.0,0.0,0,0,37.3
2026-02-11,UPI,Ahmedabad,5,5299.52,0,0.0,0.0,0,0,27.9
2026-02-11,UPI,Bengaluru,7,15838.77,0,0.0,0.0,0,0,26.29
2026-02-11,UPI,Chennai,7,24139.18,0,0.0,0.0,0,1,34.97
2026-02-11,UPI,Delhi,4,9243.47,0,0.0,0.0,0,0,20.3
2026-02-11,UPI,Hyderabad,6,18769.47,0,0.0,0.0,0,0,35.88
2026-02-11,UPI,Jaipur,11,39525.29,1,845.65,9.091,0,1,34.68
2026-02-11,UPI,Kochi,5,13719.26,0,0.0,0.0,0,0,24.72
2026-02-11,UPI,Kolkata,4,5967.33,0,0.0,0.0,0,0,37.8
2026-02-11,UPI,Mumbai,5,20713.01,0,0.0,0.0,0,0,25.42
2026-02-11,UPI,Pune,6,13255.33,0,0.0,0.0,0,0,25.12
2026-02-12,ATM,Ahmedabad,2,11764.74,0,0.0,0.0,0,0,29.5
2026-02-12,ATM,Bengaluru,3,13138.15,0,0.0,0.0,0,0,34.5
2026-02-12,ATM,Chennai,4,2997.62,0,0.0,0.0,0,0,24.2
2026-02-12,ATM,Delhi,2,3388.88,0,0.0,0.0,0,0,13.3
2026-02-12,ATM,Hyderabad,7,10234.71,0,0.0,0.0,0,0,23.94
2026-02-12,ATM,Jaipur,4,4429.45,0,0.0,0.0,0,0,20.02
2026-02-12,ATM,Kochi,4,8572.77,0,0.0,0.0,0,0,38.7
2026-02-12,ATM,Kolkata,4,13193.29,0,0.0,0.0,0,0,37.08
2026-02-12,ATM,Mumbai,3,2709.03,0,0.0,0.0,0,0,26.5
2026-02-12,ATM,Pune,6,9368.68,1,1282.74,16.667,0,0,28.65
2026-02-12,Branch,Ahmedabad,1,1684.61,0,0.0,0.0,0,0,36.0
2026-02-12,Branch,Bengaluru,1,2136.09,0,0.0,0.0,0,0,54.3
2026-02-12,Branch,Mumbai,1,904.89,0,0.0,0.0,0,0,32.5
2026-02-12,Branch,Pune,1,1199.1,0,0.0,0.0,0,0,34.0
2026-02-12,IMPS,Ahmedabad,3,4843.21,0,0.0,0.0,0,0,22.67
2026-02-12,IMPS,Bengaluru,4,6427.39,0,0.0,0.0,0,0,29.48
2026-02-12,IMPS,Chennai,3,2451.99,0,0.0,0.0,0,0,33.47
2026-02-12,IMPS,Delhi,3,5461.42,0,0.0,0.0,0,0,25.63
2026-02-12,IMPS,Hyderabad,2,9396.28,0,0.0,0.0,0,0,13.8
2026-02-12,IMPS,Jaipur,2,9154.43,0,0.0,0.0,0,0,25.2
2026-02-12,IMPS,Mumbai,1,627.04,0,0.0,0.0,0,0,17.4
2026-02-12,IMPS,Pune,1,2354.8,0,0.0,0.0,0,0,28.8
2026-02-12,Internet Banking,Ahmedabad,3,6750.93,0,0.0,0.0,0,0,14.53
2026-02-12,Internet Banking,Bengaluru,2,2830.98,0,0.0,0.0,0,0,14.55
2026-02-12,Internet Banking,Chennai,4,7558.84,0,0.0,0.0,0,0,22.4
2026-02-12,Internet Banking,Delhi,1,4005.99,0,0.0,0.0,0,1,68.5
2026-02-12,Internet Banking,Hyderabad,3,2443.13,0,0.0,0.0,0,0,33.13
2026-02-12,Internet Banking,Jaipur,2,5226.11,0,0.0,0.0,0,0,16.15
2026-02-12,Internet Banking,Kochi,4,8883.97,0,0.0,0.0,0,0,29.82
2026-02-12,Internet Banking,Kolkata,4,8915.78,0,0.0,0.0,0,0,32.78
2026-02-12,Internet Banking,Mumbai,5,31763.14,0,0.0,0.0,0,0,24.08
2026-02-12,Internet Banking,Pune,2,2753.88,0,0.0,0.0,0,0,15.65
2026-02-12,Mobile Banking,Ahmedabad,7,16442.78,0,0.0,0.0,0,0,25.41
2026-02-12,Mobile Banking,Bengaluru,7,26781.48,0,0.0,0.0,0,0,28.11
2026-02-12,Mobile Banking,Chennai,5,18267.83,0,0.0,0.0,0,0,26.96
2026-02-12,Mobile Banking,Delhi,4,12056.32,0,0.0,0.0,0,0,23.45
2026-02-12,Mobile Banking,Hyderabad,2,6593.81,0,0.0,0.0,0,0,43.1
2026-02-12,Mobile Banking,Jaipur,2,9592.05,0,0.0,0.0,0,0,37.75
2026-02-12,Mobile Banking,Kochi,4,5217.28,0,0.0,0.0,0,0,23.2
2026-02-12,Mobile Banking,Kolkata,9,23865.99,0,0.0,0.0,0,0,25.04
2026-02-12,Mobile Banking,Mumbai,2,3065.98,0,0.0,0.0,0,0,25.15
2026-02-12,Mobile Banking,Pune,5,13105.96,0,0.0,0.0,0,0,24.86
2026-02-12,NEFT,Ahmedabad,1,4354.09,0,0.0,0.0,0,0,17.3
2026-02-12,NEFT,Bengaluru,4,6634.17,0,0.0,0.0,0,0,22.67
2026-02-12,NEFT,Chennai,3,6001.19,0,0.0,0.0,0,0,40.93
2026-02-12,NEFT,Delhi,1,3464.76,0,0.0,0.0,0,0,19.1
2026-02-12,NEFT,Hyderabad,2,9078.82,0,0.0,0.0,0,0,43.85
2026-02-12,NEFT,Jaipur,1,5958.05,0,0.0,0.0,0,0,64.6
2026-02-12,NEFT,Kochi,3,16585.57,0,0.0,0.0,0,0,42.13
2026-02-12,NEFT,Kolkata,1,1873.89,0,0.0,0.0,0,0,43.1
2026-02-12,NEFT,Mumbai,2,3776.77,0,0.0,0.0,0,0,21.1
2026-02-12,NEFT,Pune,1,2357.22,0,0.0,0.0,0,0,17.8
2026-02-12,POS,Ahmedabad,8,49602.77,0,0.0,0.0,0,1,35.95
2026-02-12,POS,Bengaluru,3,6105.19,0,0.0,0.0,0,0,24.9
2026-02-12,POS,Chennai,7,16389.95,0,0.0,0.0,0,0,30.67
2026-02-12,POS,Delhi,4,5892.12,1,32.91,25.0,0,0,29.25
2026-02-12,POS,Hyderabad,4,6426.61,0,0.0,0.0,0,0,20.62
2026-02-12,POS,Jaipur,1,152.14,0,0.0,0.0,0,0,27.2
2026-02-12,POS,Kochi,6,31852.49,1,3492.01,16.667,1,1,51.15
2026-02-12,POS,Kolkata,4,160341.34,1,154380.01,25.0,0,0,38.68
2026-02-12,POS,Mumbai,6,12059.51,0,0.0,0.0,0,0,31.3
2026-02-12,POS,Pune,5,8739.07,0,0.0,0.0,0,1,31.36
2026-02-12,RTGS,Chennai,2,1514957.96,0,0.0,0.0,0,0,34.55
2026-02-12,RTGS,Delhi,1,721126.5,0,0.0,0.0,0,0,54.6
2026-02-12,RTGS,Hyderabad,2,473959.16,0,0.0,0.0,0,0,44.45
2026-02-12,RTGS,Jaipur,3,3272915.79,0,0.0,0.0,0,0,30.7
2026-02-12,RTGS,Kochi,2,2323159.8,0,0.0,0.0,0,0,46.95
2026-02-12,RTGS,Kolkata,1,1395342.27,0,0.0,0.0,0,0,44.0
2026-02-12,RTGS,Mumbai,1,709003.43,0,0.0,0.0,0,0,29.4
2026-02-12,UPI,Ahmedabad,4,9564.52,0,0.0,0.0,0,0,28.1
2026-02-12,UPI,Bengaluru,7,19238.49,0,0.0,0.0,0,0,35.76
2026-02-12,UPI,Chennai,4,21359.41,0,0.0,0.0,0,0,48.88
2026-02-12,UPI,Delhi,9,12081.45,0,0.0,0.0,0,0,23.83
2026-02-12,UPI,Hyderabad,10,79366.15,0,0.0,0.0,0,0,31.41
2026-02-12,UPI,Jaipur,6,15339.9,0,0.0,0.0,0,0,35.35
2026-02-12,UPI,Kochi,7,10525.6,0,0.0,0.0,0,0,20.4
2026-02-12,UPI,Kolkata,8,12983.72,0,0.0,0.0,0,0,38.1
2026-02-12,UPI,Mumbai,4,6683.9,0,0.0,0.0,0,0,29.6
2026-02-12,UPI,Pune,7,16656.69,0,0.0,0.0,0,0,30.2
2026-02-13,ATM,Ahmedabad,3,6392.54,0,0.0,0.0,0,0,39.6
2026-02-13,ATM,Bengaluru,6,40774.36,0,0.0,0.0,0,0,33.43
2026-02-13,ATM,Chennai,7,11069.7,0,0.0,0.0,0,0,28.73
2026-02-13,ATM,Delhi,3,6809.09,0,0.0,0.0,0,0,33.1
2026-02-13,ATM,Hyderabad,1,1526.11,0,0.0,0.0,0,0,17.4
2026-02-13,ATM,Kochi,5,8501.99,0,0.0,0.0,0,0,31.88
2026-02-13,ATM,Kolkata,1,510.36,0,0.0,0.0,0,0,37.1
2026-02-13,ATM,Mumbai,5,9445.03,0,0.0,0.0,0,0,30.86
2026-02-13,ATM,Pune,4,11682.75,0,0.0,0.0,0,0,29.5
2026-02-13,Branch,Ahmedabad,1,1658.73,0,0.0,0.0,0,0,43.2
2026-02-13,Branch,Bengaluru,1,972.37,0,0.0,0.0,0,0,27.5
2026-02-13,Branch,Delhi,1,272.66,0,0.0,0.0,0,0,36.4
2026-02-13,Branch,Hyderabad,1,1839.89,0,0.0,0.0,0,0,20.5
2026-02-13,Branch,Jaipur,2,6526.92,0,0.0,0.0,0,0,28.0
2026-02-13,Branch,Kolkata,2,2456.52,0,0.0,0.0,0,0,30.8
2026-02-13,Branch,Mumbai,1,702.17,0,0.0,0.0,0,0,25.3
2026-02-13,IMPS,Ahmedabad,1,3079.33,0,0.0,0.0,0,0,7.8
2026-02-13,IMPS,Bengaluru,3,10347.38,0,0.0,0.0,0,0,34.87
2026-02-13,IMPS,Chennai,5,26573.19,0,0.0,0.0,0,0,32.34
2026-02-13,IMPS,Delhi,3,7808.16,0,0.0,0.0,0,0,25.3
2026-02-13,IMPS,Hyderabad,1,460.94,0,0.0,0.0,0,0,21.3
2026-02-13,IMPS,Jaipur,3,6825.72,0,0.0,0.0,0,0,28.7
2026-02-13,IMPS,Kochi,5,8085.0,0,0.0,0.0,0,0,21.78
2026-02-13,IMPS,Kolkata,1,979.43,0,0.0,0.0,0,0,6.1
2026-02-13,IMPS,Mumbai,3,9598.71,0,0.0,0.0,0,0,21.9
2026-02-13,IMPS,Pune,3,4675.64,0,0.0,0.0,0,0,19.7
2026-02-13,Internet Banking,Ahmedabad,4,3740.31,0,0.0,0.0,0,0,25.12
2026-02-13,Internet Banking,Bengaluru,6,9561.61,0,0.0,0.0,0,0,29.18
2026-02-13,Internet Banking,Chennai,1,423.45,0,0.0,0.0,0,0,12.4
2026-02-13,Internet Banking,Delhi,5,95349.74,1,66039.15,20.0,0,1,43.58
2026-02-13,Internet Banking,Hyderabad,2,14450.78,0,0.0,0.0,0,0,42.15
2026-02-13,Internet Banking,Jaipur,2,1160.96,0,0.0,0.0,0,0,24.9
2026-02-13,Internet Banking,Kochi,1,450.22,0,0.0,0.0,0,0,14.3
2026-02-13,Internet Banking,Kolkata,4,3517.37,0,0.0,0.0,0,0,38.02
2026-02-13,Internet Banking,Mumbai,8,9712.45,0,0.0,0.0,0,0,27.23
2026-02-13,Internet Banking,Pune,3,4152.99,0,0.0,0.0,0,0,24.23
2026-02-13,Mobile Banking,Ahmedabad,7,11149.44,0,0.0,0.0,0,0,22.13
2026-02-13,Mobile Banking,Bengaluru,9,18106.02,0,0.0,0.0,0,0,36.26
2026-02-13,Mobile Banking,Chennai,4,203865.96,1,197457.13,25.0,1,0,55.98
2026-02-13,Mobile Banking,Delhi,3,5757.32,0,0.0,0.0,0,0,22.1
2026-02-13,Mobile Banking,Hyderabad,7,18829.48,0,0.0,0.0,0,0,26.06
2026-02-13,Mobile Banking,Jaipur,5,22742.44,0,0.0,0.0,0,0,24.44
2026-02-13,Mobile Banking,Kochi,6,8422.17,0,0.0,0.0,0,0,30.78
2026-02-13,Mobile Banking,Kolkata,3,5718.47,0,0.0,0.0,0,0,23.77
2026-02-13,Mobile Banking,Mumbai,6,25844.86,0,0.0,0.0,0,0,30.95
2026-02-13,Mobile Banking,Pune,7,11352.86,0,0.0,0.0,0,0,20.56
2026-02-13,NEFT,Ahmedabad,1,769.14,0,0.0,0.0,0,0,24.1
2026-02-13,NEFT,Bengaluru,1,5536.98,0,0.0,0.0,0,1,65.1
2026-02-13,NEFT,Chennai,2,3572.84,0,0.0,0.0,0,0,26.0
2026-02-13,NEFT,Delhi,1,5595.21,0,0.0,0.0,0,0,22.7
2026-02-13,NEFT,Hyderabad,3,5372.28,0,0.0,0.0,0,0,37.1
2026-02-13,NEFT,Jaipur,3,9067.58,0,0.0,0.0,0,0,36.03
2026-02-13,NEFT,Kochi,1,3454.24,0,0.0,0.0,0,0,47.6
2026-02-13,NEFT,Kolkata,2,2460.24,0,0.0,0.0,0,0,31.8
2026-02-13,NEFT,Pune,2,12155.72,0,0.0,0.0,0,0,17.4
2026-02-13,POS,Ahmedabad,6,116471.0,1,87281.56,16.667,0,0,33.75
2026-02-13,POS,Bengaluru,2,2714.46,0,0.0,0.0,0,0,18.7
2026-02-13,POS,Chennai,2,5762.77,0,0.0,0.0,0,0,31.9
2026-02-13,POS,Delhi,2,1138.58,0,0.0,0.0,0,0,37.05
2026-02-13,POS,Hyderabad,5,38151.61,0,0.0,0.0,0,0,26.24
2026-02-13,POS,Jaipur,5,5498.16,0,0.0,0.0,0,0,38.18
2026-02-13,POS,Kochi,2,2283.76,0,0.0,0.0,0,0,23.25
2026-02-13,POS,Kolkata,5,12966.99,0,0.0,0.0,0,0,29.66
2026-02-13,POS,Mumbai,5,7648.11,0,0.0,0.0,0,0,23.82
2026-02-13,POS,Pune,5,46793.1,0,0.0,0.0,0,1,40.08
2026-02-13,RTGS,Ahmedabad,1,250663.77,0,0.0,0.0,0,0,40.9
2026-02-13,RTGS,Bengaluru,1,1430774.14,0,0.0,0.0,0,0,51.9
2026-02-13,RTGS,Hyderabad,1,1266637.21,0,0.0,0.0,0,0,52.5
2026-02-13,RTGS,Jaipur,1,1013099.72,0,0.0,0.0,0,0,34.5
2026-02-13,RTGS,Kochi,1,1104235.42,0,0.0,0.0,0,0,52.2
2026-02-13,RTGS,Kolkata,1,1325084.51,0,0.0,0.0,0,0,32.3
2026-02-13,RTGS,Mumbai,1,1218015.65,0,0.0,0.0,0,0,35.2
2026-02-13,RTGS,Pune,2,1775889.49,0,0.0,0.0,0,0,27.65
2026-02-13,UPI,Ahmedabad,11,17017.57,0,0.0,0.0,0,0,23.54
2026-02-13,UPI,Bengaluru,5,6451.65,0,0.0,0.0,0,0,34.46
2026-02-13,UPI,Chennai,4,12461.1,0,0.0,0.0,0,0,16.82
2026-02-13,UPI,Delhi,5,16801.96,0,0.0,0.0,0,0,32.38
2026-02-13,UPI,Hyderabad,11,42323.52,0,0.0,0.0,0,0,30.68
2026-02-13,UPI,Jaipur,9,18701.73,0,0.0,0.0,0,0,27.03
2026-02-13,UPI,Kochi,4,4054.33,0,0.0,0.0,0,0,31.85
2026-02-13,UPI,Kolkata,6,24077.01,0,0.0,0.0,0,0,34.7
2026-02-13,UPI,Mumbai,2,5349.39,0,0.0,0.0,0,0,22.55
2026-02-13,UPI,Pune,8,13035.38,0,0.0,0.0,0,0,35.1
2026-02-14,ATM,Ahmedabad,1,949.13,0,0.0,0.0,0,0,44.8
2026-02-14,ATM,Bengaluru,7,33787.38,0,0.0,0.0,0,0,33.09
2026-02-14,ATM,Chennai,5,7167.47,0,0.0,0.0,0,0,36.4
2026-02-14,ATM,Hyderabad,3,11696.67,0,0.0,0.0,0,0,24.43
2026-02-14,ATM,Jaipur,3,11750.71,0,0.0,0.0,0,0,30.7
2026-02-14,ATM,Kochi,2,1797.98,0,0.0,0.0,0,0,17.55
2026-02-14,ATM,Kolkata,4,5157.64,0,0.0,0.0,0,0,27.82
2026-02-14,ATM,Pune,7,13053.5,0,0.0,0.0,0,0,21.37
2026-02-14,Branch,Ahmedabad,1,1106.17,0,0.0,0.0,0,0,25.5
2026-02-14,Branch,Bengaluru,1,822.59,0,0.0,0.0,0,0,32.8
2026-02-14,Branch,Delhi,1,174.02,0,0.0,0.0,0,0,12.8
2026-02-14,Branch,Hyderabad,1,314.04,0,0.0,0.0,0,0,38.7
2026-02-14,Branch,Jaipur,1,2223.51,0,0.0,0.0,0,0,19.6
2026-02-14,Branch,Kochi,3,5154.67,0,0.0,0.0,0,0,22.8
2026-02-14,Branch,Kolkata,1,1213.89,0,0.0,0.0,0,0,13.2
2026-02-14,Branch,Pune,1,161.87,0,0.0,0.0,0,0,12.6
2026-02-14,IMPS,Ahmedabad,1,364.62,0,0.0,0.0,0,0,9.3
2026-02-14,IMPS,Bengaluru,3,5248.08,0,0.0,0.0,0,0,21.0
2026-02-14,IMPS,Chennai,1,1078.86,0,0.0,0.0,0,0,37.4
2026-02-14,IMPS,Delhi,6,30849.09,0,0.0,0.0,0,1,34.5
2026-02-14,IMPS,Hyderabad,5,3996.46,0,0.0,0.0,0,0,18.76
2026-02-14,IMPS,Jaipur,3,17862.8,0,0.0,0.0,0,0,39.57
2026-02-14,IMPS,Kochi,2,2106.42,0,0.0,0.0,0,0,24.2
2026-02-14,IMPS,Mumbai,4,6156.53,0,0.0,0.0,0,0,24.9
2026-02-14,IMPS,Pune,6,18483.58,2,5763.89,33.333,0,2,39.57
2026-02-14,Internet Banking,Ahmedabad,1,4264.83,1,4264.83,100.0,0,0,48.9
2026-02-14,Internet Banking,Bengaluru,7,13180.54,0,0.0,0.0,0,0,34.69
2026-02-14,Internet Banking,Chennai,4,6347.76,0,0.0,0.0,0,0,28.75
2026-02-14,Internet Banking,Delhi,4,35576.44,0,0.0,0.0,0,0,33.38
2026-02-14,Internet Banking,Hyderabad,5,9157.59,0,0.0,0.0,0,0,31.68
2026-02-14,Internet Banking,Jaipur,2,12000.52,0,0.0,0.0,0,0,28.9
2026-02-14,Internet Banking,Kochi,1,1033.51,0,0.0,0.0,0,0,7.7
2026-02-14,Internet Banking,Kolkata,1,2088.59,0,0.0,0.0,0,0,14.0
2026-02-14,Internet Banking,Mumbai,7,23939.86,0,0.0,0.0,0,0,37.36
2026-02-14,Internet Banking,Pune,3,4024.11,0,0.0,0.0,0,0,29.2
2026-02-14,Mobile Banking,Ahmedabad,6,17826.94,0,0.0,0.0,0,0,32.78
2026-02-14,Mobile Banking,Bengaluru,6,23038.72,0,0.0,0.0,0,0,37.12
2026-02-14,Mobile Banking,Chennai,3,3649.09,0,0.0,0.0,0,0,37.73
2026-02-14,Mobile Banking,Delhi,7,27830.74,0,0.0,0.0,0,0,25.79
2026-02-14,Mobile Banking,Hyderabad,3,6152.49,0,0.0,0.0,0,1,36.33
2026-02-14,Mobile Banking,Jaipur,4,12511.74,0,0.0,0.0,0,0,28.43
2026-02-14,Mobile Banking,Kochi,5,8245.94,0,0.0,0.0,0,0,22.06
2026-02-14,Mobile Banking,Kolkata,1,1195.33,0,0.0,0.0,0,0,22.4
2026-02-14,Mobile Banking,Mumbai,3,16080.1,0,0.0,0.0,0,0,36.73
2026-02-14,Mobile Banking,Pune,4,20173.75,0,0.0,0.0,0,0,42.32
2026-02-14,NEFT,Ahmedabad,4,12608.61,0,0.0,0.0,0,0,41.2
2026-02-14,NEFT,Bengaluru,4,9584.93,0,0.0,0.0,0,0,22.88
2026-02-14,NEFT,Chennai,1,3009.19,0,0.0,0.0,0,0,32.1
2026-02-14,NEFT,Delhi,4,19401.81,0,0.0,0.0,0,0,31.93
2026-02-14,NEFT,Hyderabad,2,2210.61,0,0.0,0.0,0,0,27.95
2026-02-14,NEFT,Jaipur,2,6801.45,0,0.0,0.0,0,0,20.55
2026-02-14,NEFT,Kochi,2,18485.89,0,0.0,0.0,0,0,31.0
2026-02-14,NEFT,Kolkata,1,3117.48,0,0.0,0.0,0,0,16.5
2026-02-14,NEFT,Mumbai,2,4952.55,0,0.0,0.0,0,0,50.55
2026-02-14,NEFT,Pune,4,12240.43,0,0.0,0.0,0,0,24.45
2026-02-14,POS,Ahmedabad,5,10040.2,0,0.0,0.0,0,0,25.4
2026-02-14,POS,Bengaluru,3,5333.81,0,0.0,0.0,0,0,26.27
2026-02-14,POS,Delhi,5,14918.58,0,0.0,0.0,0,0,27.08
2026-02-14,POS,Hyderabad,5,6344.28,0,0.0,0.0,0,0,24.68
2026-02-14,POS,Jaipur,2,21917.1,0,0.0,0.0,0,0,31.95
2026-02-14,POS,Kochi,4,4993.75,0,0.0,0.0,0,0,21.85
2026-02-14,POS,Kolkata,4,6558.93,0,0.0,0.0,0,0,33.65
2026-02-14,POS,Mumbai,8,12809.43,0,0.0,0.0,0,0,28.13
2026-02-14,POS,Pune,4,9152.63,1,879.51,25.0,0,1,36.83
2026-02-14,RTGS,Ahmedabad,3,2398381.65,0,0.0,0.0,0,0,37.67
2026-02-14,RTGS,Bengaluru,1,370558.7,0,0.0,0.0,0,0,52.9
2026-02-14,RTGS,Delhi,2,2251986.26,0,0.0,0.0,0,0,34.35
2026-02-14,RTGS,Hyderabad,2,1809133.1,0,0.0,0.0,0,0,34.05
2026-02-14,RTGS,Kolkata,3,2755633.63,0,0.0,0.0,0,0,39.07
2026-02-14,RTGS,Mumbai,2,1766812.22,0,0.0,0.0,0,0,35.2
2026-02-14,RTGS,Pune,1,521904.51,0,0.0,0.0,0,0,39.7
2026-02-14,UPI,Ahmedabad,8,20080.9,1,2737.99,12.5,0,1,31.76
2026-02-14,UPI,Bengaluru,4,4032.12,0,0.0,0.0,0,0,33.0
2026-02-14,UPI,Chennai,8,223259.93,1,212625.68,12.5,0,1,33.85
2026-02-14,UPI,Delhi,5,3593.98,0,0.0,0.0,0,0,23.62
2026-02-14,UPI,Hyderabad,7,42898.68,0,0.0,0.0,0,0,39.19
2026-02-14,UPI,Jaipur,4,10836.46,0,0.0,0.0,0,0,27.48
2026-02-14,UPI,Kochi,9,54770.22,0,0.0,0.0,0,0,30.29
2026-02-14,UPI,Kolkata,6,12871.05,0,0.0,0.0,0,0,27.93
2026-02-14,UPI,Mumbai,6,22797.05,0,0.0,0.0,0,0,27.98
2026-02-14,UPI,Pune,6,20513.98,0,0.0,0.0,0,0,29.88
2026-02-15,ATM,Ahmedabad,1,994.08,0,0.0,0.0,0,0,34.9
2026-02-15,ATM,Bengaluru,2,5107.78,0,0.0,0.0,0,0,37.45
2026-02-15,ATM,Chennai,6,13295.42,0,0.0,0.0,0,0,30.05
2026-02-15,ATM,Delhi,4,7609.95,0,0.0,0.0,0,0,28.93
2026-02-15,ATM,Jaipur,6,16370.93,0,0.0,0.0,0,0,29.65
2026-02-15,ATM,Kochi,6,7592.72,0,0.0,0.0,0,0,26.35
2026-02-15,ATM,Kolkata,1,1776.05,0,0.0,0.0,0,0,32.6
2026-02-15,ATM,Mumbai,2,10320.27,0,0.0,0.0,0,0,38.5
2026-02-15,ATM,Pune,2,2451.01,0,0.0,0.0,0,0,24.8
2026-02-15,Branch,Ahmedabad,1,3401.75,0,0.0,0.0,0,0,29.4
2026-02-15,Branch,Delhi,2,4968.87,0,0.0,0.0,0,0,36.3
2026-02-15,Branch,Hyderabad,2,7380.27,0,0.0,0.0,0,0,28.95
2026-02-15,Branch,Jaipur,3,4771.61,0,0.0,0.0,0,0,16.63
2026-02-15,Branch,Kolkata,1,4464.58,0,0.0,0.0,0,0,34.9
2026-02-15,Branch,Mumbai,2,1693.52,0,0.0,0.0,0,0,18.15
2026-02-15,IMPS,Ahmedabad,5,14281.21,0,0.0,0.0,0,0,35.18
2026-02-15,IMPS,Bengaluru,4,8733.28,0,0.0,0.0,0,0,26.3
2026-02-15,IMPS,Chennai,4,6237.74,0,0.0,0.0,0,0,18.3
2026-02-15,IMPS,Delhi,3,8042.44,0,0.0,0.0,0,0,28.3
2026-02-15,IMPS,Jaipur,1,1260.62,0,0.0,0.0,0,0,34.9
2026-02-15,IMPS,Kochi,1,3066.15,0,0.0,0.0,0,0,25.9
2026-02-15,IMPS,Kolkata,2,2336.47,0,0.0,0.0,0,0,29.45
2026-02-15,IMPS,Mumbai,2,3992.67,0,0.0,0.0,0,0,34.55
2026-02-15,IMPS,Pune,2,4433.19,0,0.0,0.0,0,0,36.6
2026-02-15,Internet Banking,Ahmedabad,4,5641.91,0,0.0,0.0,0,0,18.4
2026-02-15,Internet Banking,Bengaluru,4,21957.03,0,0.0,0.0,0,0,34.62
2026-02-15,Internet Banking,Chennai,7,18695.07,0,0.0,0.0,0,0,32.0
2026-02-15,Internet Banking,Delhi,5,43827.26,0,0.0,0.0,0,0,31.06
2026-02-15,Internet Banking,Hyderabad,2,3827.04,0,0.0,0.0,0,0,24.35
2026-02-15,Internet Banking,Jaipur,2,3605.08,0,0.0,0.0,0,0,41.05
2026-02-15,Internet Banking,Kochi,5,12484.88,0,0.0,0.0,0,0,26.96
2026-02-15,Internet Banking,Kolkata,2,2673.75,0,0.0,0.0,0,0,28.15
2026-02-15,Internet Banking,Mumbai,4,13456.18,0,0.0,0.0,0,0,35.33
2026-02-15,Internet Banking,Pune,3,10413.33,0,0.0,0.0,0,0,37.37
2026-02-15,Mobile Banking,Ahmedabad,2,758.04,0,0.0,0.0,0,0,13.45
2026-02-15,Mobile Banking,Bengaluru,6,19833.87,0,0.0,0.0,0,0,24.72
2026-02-15,Mobile Banking,Chennai,10,23849.82,0,0.0,0.0,0,1,35.17
2026-02-15,Mobile Banking,Delhi,1,1587.57,0,0.0,0.0,0,0,20.3
2026-02-15,Mobile Banking,Hyderabad,3,6339.53,0,0.0,0.0,0,0,31.23
2026-02-15,Mobile Banking,Jaipur,5,13312.11,0,0.0,0.0,0,0,23.18
2026-02-15,Mobile Banking,Kochi,3,10746.42,0,0.0,0.0,0,0,41.93
2026-02-15,Mobile Banking,Kolkata,5,6629.41,0,0.0,0.0,0,0,34.22
2026-02-15,Mobile Banking,Mumbai,4,7871.37,0,0.0,0.0,0,0,25.4
2026-02-15,Mobile Banking,Pune,3,4240.71,0,0.0,0.0,0,0,36.8
2026-02-15,NEFT,Ahmedabad,1,1067.25,0,0.0,0.0,0,0,33.2
2026-02-15,NEFT,Bengaluru,1,2534.76,0,0.0,0.0,0,0,25.8
2026-02-15,NEFT,Chennai,3,2859.76,0,0.0,0.0,0,0,22.97
2026-02-15,NEFT,Delhi,1,748.69,0,0.0,0.0,0,0,31.1
2026-02-15,NEFT,Hyderabad,2,7154.5,0,0.0,0.0,0,0,36.4
2026-02-15,NEFT,Jaipur,3,43765.67,0,0.0,0.0,0,0,38.0
2026-02-15,NEFT,Kochi,1,72.12,1,72.12,100.0,0,0,48.2
2026-02-15,NEFT,Kolkata,4,12384.09,0,0.0,0.0,0,0,26.87
2026-02-15,NEFT,Mumbai,2,6255.44,0,0.0,0.0,0,0,18.4
2026-02-15,NEFT,Pune,2,30965.22,0,0.0,0.0,0,0,30.35
2026-02-15,POS,Ahmedabad,4,23794.58,0,0.0,0.0,0,0,34.2
2026-02-15,POS,Bengaluru,6,15272.16,0,0.0,0.0,0,0,32.88
2026-02-15,POS,Chennai,8,17940.14,0,0.0,0.0,0,0,29.25
2026-02-15,POS,Delhi,2,4980.89,0,0.0,0.0,0,0,31.6
2026-02-15,POS,Hyderabad,5,11366.67,0,0.0,0.0,0,0,31.02
2026-02-15,POS,Jaipur,3,22513.58,0,0.0,0.0,0,1,47.53
2026-02-15,POS,Kochi,2,2555.57,0,0.0,0.0,0,0,14.8
2026-02-15,POS,Kolkata,1,3513.58,0,0.0,0.0,0,0,35.9
2026-02-15,POS,Mumbai,5,16807.89,0,0.0,0.0,0,0,33.54
2026-02-15,POS,Pune,7,16240.35,0,0.0,0.0,0,0,42.23
2026-02-15,RTGS,Ahmedabad,1,307255.21,1,307255.21,100.0,0,1,68.0
2026-02-15,RTGS,Bengaluru,2,519733.59,0,0.0,0.0,0,0,29.8
2026-02-15,RTGS,Chennai,3,3158154.26,0,0.0,0.0,0,1,54.97
2026-02-15,RTGS,Delhi,2,2553117.7,0,0.0,0.0,0,0,41.35
2026-02-15,RTGS,Jaipur,2,2743654.61,0,0.0,0.0,0,0,41.1
2026-02-15,RTGS,Kochi,1,1370732.61,0,0.0,0.0,0,0,56.2
2026-02-15,RTGS,Kolkata,1,693446.18,0,0.0,0.0,0,0,33.3
2026-02-15,RTGS,Pune,2,742274.5,0,0.0,0.0,0,0,43.65
2026-02-15,UPI,Ahmedabad,4,22857.53,0,0.0,0.0,0,0,26.25
2026-02-15,UPI,Bengaluru,5,6078.12,0,0.0,0.0,0,0,22.86
2026-02-15,UPI,Chennai,5,14785.24,0,0.0,0.0,0,0,23.04
2026-02-15,UPI,Delhi,6,14229.31,0,0.0,0.0,0,0,34.05
2026-02-15,UPI,Hyderabad,10,27140.71,0,0.0,0.0,0,0,28.29
2026-02-15,UPI,Jaipur,8,400214.28,1,373793.35,12.5,1,0,40.79
2026-02-15,UPI,Kochi,9,17977.46,0,0.0,0.0,0,0,27.47
2026-02-15,UPI,Kolkata,6,60075.22,0,0.0,0.0,0,0,31.13
2026-02-15,UPI,Mumbai,7,20498.11,0,0.0,0.0,0,0,31.2
2026-02-15,UPI,Pune,8,15786.16,0,0.0,0.0,0,0,29.81
2026-02-16,ATM,Ahmedabad,3,5016.55,0,0.0,0.0,0,0,27.37
2026-02-16,ATM,Bengaluru,2,4731.18,0,0.0,0.0,0,0,26.25
2026-02-16,ATM,Chennai,3,15874.3,0,0.0,0.0,0,0,35.5
2026-02-16,ATM,Delhi,1,547.51,0,0.0,0.0,0,0,18.0
2026-02-16,ATM,Hyderabad,3,9045.93,0,0.0,0.0,0,0,26.77
2026-02-16,ATM,Jaipur,1,2829.2,0,0.0,0.0,0,0,33.1
2026-02-16,ATM,Kochi,2,9402.41,0,0.0,0.0,0,0,37.6
2026-02-16,ATM,Kolkata,1,15163.8,0,0.0,0.0,0,0,62.4
2026-02-16,ATM,Mumbai,3,3590.91,0,0.0,0.0,0,0,22.17
2026-02-16,ATM,Pune,2,3772.61,0,0.0,0.0,0,0,28.8
2026-02-16,Branch,Bengaluru,1,1982.56,0,0.0,0.0,0,0,27.1
2026-02-16,Branch,Delhi,1,1033.02,0,0.0,0.0,0,0,20.4
2026-02-16,Branch,Kochi,1,751.34,0,0.0,0.0,0,0,15.1
2026-02-16,Branch,Kolkata,1,1683.43,0,0.0,0.0,0,0,29.8
2026-02-16,Branch,Mumbai,3,7594.95,0,0.0,0.0,0,0,37.73
2026-02-16,IMPS,Ahmedabad,4,5372.51,0,0.0,0.0,0,1,33.9
2026-02-16,IMPS,Bengaluru,2,2421.67,0,0.0,0.0,0,0,26.7
2026-02-16,IMPS,Hyderabad,4,12550.16,0,0.0,0.0,0,0,26.0
2026-02-16,IMPS,Jaipur,3,9751.32,0,0.0,0.0,0,0,43.33
2026-02-16,IMPS,Kochi,3,3539.75,0,0.0,0.0,0,0,36.2
2026-02-16,IMPS,Kolkata,3,26817.37,0,0.0,0.0,0,0,44.23
2026-02-16,IMPS,Mumbai,2,1060.07,0,0.0,0.0,0,0,29.1
2026-02-16,IMPS,Pune,1,5138.8,0,0.0,0.0,0,0,16.4
2026-02-16,Internet Banking,Ahmedabad,3,3887.65,0,0.0,0.0,0,0,19.27
2026-02-16,Internet Banking,Bengaluru,5,18695.82,0,0.0,0.0,0,1,34.06
2026-02-16,Internet Banking,Chennai,7,14372.95,0,0.0,0.0,0,0,32.89
2026-02-16,Internet Banking,Delhi,2,4742.36,0,0.0,0.0,0,0,42.2
2026-02-16,Internet Banking,Hyderabad,1,4010.37,0,0.0,0.0,0,0,35.1
2026-02-16,Internet Banking,Jaipur,7,15472.73,1,482.75,14.286,0,0,29.34
2026-02-16,Internet Banking,Kochi,4,7122.22,0,0.0,0.0,0,0,25.45
2026-02-16,Internet Banking,Kolkata,3,7872.01,0,0.0,0.0,0,0,40.17
2026-02-16,Internet Banking,Mumbai,2,6504.3,0,0.0,0.0,0,0,17.7
2026-02-16,Internet Banking,Pune,1,433.35,0,0.0,0.0,0,0,8.6
2026-02-16,Mobile Banking,Ahmedabad,5,7312.65,0,0.0,0.0,0,0,30.38
2026-02-16,Mobile Banking,Bengaluru,2,3156.37,0,0.0,0.0,0,0,16.3
2026-02-16,Mobile Banking,Chennai,8,22435.93,0,0.0,0.0,0,0,30.34
2026-02-16,Mobile Banking,Delhi,7,333100.87,1,315274.8,14.286,1,0,38.44
2026-02-16,Mobile Banking,Hyderabad,7,16289.23,0,0.0,0.0,0,1,35.61
2026-02-16,Mobile Banking,Jaipur,4,8873.92,0,0.0,0.0,0,0,30.37
2026-02-16,Mobile Banking,Kochi,6,40989.87,0,0.0,0.0,0,0,29.4
2026-02-16,Mobile Banking,Kolkata,5,8745.16,0,0.0,0.0,0,0,29.62
2026-02-16,Mobile Banking,Mumbai,4,4767.19,0,0.0,0.0,0,0,22.65
2026-02-16,Mobile Banking,Pune,8,16474.58,0,0.0,0.0,0,0,34.01
2026-02-16,NEFT,Ahmedabad,1,2718.62,0,0.0,0.0,0,0,27.5
2026-02-16,NEFT,Bengaluru,1,509.77,0,0.0,0.0,0,0,24.3
2026-02-16,NEFT,Chennai,1,1212.23,1,1212.23,100.0,0,0,50.0
2026-02-16,NEFT,Delhi,3,16057.95,0,0.0,0.0,0,0,26.67
2026-02-16,NEFT,Hyderabad,4,47007.12,1,41595.69,25.0,0,1,34.8
2026-02-16,NEFT,Jaipur,2,2771.17,0,0.0,0.0,0,0,47.6
2026-02-16,NEFT,Kochi,2,2743.01,0,0.0,0.0,0,0,43.75
2026-02-16,NEFT,Kolkata,2,11297.76,0,0.0,0.0,0,0,35.95
2026-02-16,NEFT,Mumbai,6,21790.13,0,0.0,0.0,0,0,25.87
2026-02-16,NEFT,Pune,3,14806.66,0,0.0,0.0,0,1,40.37
2026-02-16,POS,Ahmedabad,4,6781.53,0,0.0,0.0,0,0,21.85
2026-02-16,POS,Bengaluru,5,34557.43,1,1721.49,20.0,0,2,45.34
2026-02-16,POS,Chennai,6,26995.4,0,0.0,0.0,0,0,29.87
2026-02-16,POS,Delhi,5,3792.91,0,0.0,0.0,0,0,27.3
2026-02-16,POS,Hyderabad,3,10646.01,0,0.0,0.0,0,0,29.73
2026-02-16,POS,Jaipur,3,9973.68,0,0.0,0.0,0,0,26.5
2026-02-16,POS,Kochi,3,10190.33,0,0.0,0.0,0,0,32.37
2026-02-16,POS,Kolkata,8,144801.78,1,132220.6,12.5,0,1,37.07
2026-02-16,POS,Mumbai,3,3819.01,0,0.0,0.0,0,0,19.4
2026-02-16,POS,Pune,4,8725.6,0,0.0,0.0,0,0,22.75
2026-02-16,RTGS,Ahmedabad,1,691680.4,0,0.0,0.0,0,0,26.0
2026-02-16,RTGS,Bengaluru,2,1795090.13,0,0.0,0.0,0,0,43.25
2026-02-16,RTGS,Delhi,3,1932468.94,0,0.0,0.0,0,2,63.2
2026-02-16,RTGS,Hyderabad,3,2802924.98,0,0.0,0.0,0,0,40.43
2026-02-16,RTGS,Kolkata,1,1082055.4,0,0.0,0.0,0,1,74.7
2026-02-16,RTGS,Pune,1,470570.76,0,0.0,0.0,0,0,36.8
2026-02-16,UPI,Ahmedabad,2,2913.79,0,0.0,0.0,0,0,44.7
2026-02-16,UPI,Bengaluru,14,33901.33,0,0.0,0.0,0,0,30.73
2026-02-16,UPI,Chennai,8,25524.48,0,0.0,0.0,0,0,23.74
2026-02-16,UPI,Delhi,10,33508.4,0,0.0,0.0,0,1,32.85
2026-02-16,UPI,Hyderabad,3,4355.91,0,0.0,0.0,0,0,19.47
2026-02-16,UPI,Jaipur,4,6264.46,1,10.66,25.0,0,0,40.45
2026-02-16,UPI,Kochi,2,3959.86,0,0.0,0.0,0,0,25.2
2026-02-16,UPI,Kolkata,6,22693.79,0,0.0,0.0,0,0,28.2
2026-02-16,UPI,Mumbai,11,20839.89,0,0.0,0.0,0,0,29.87
2026-02-16,UPI,Pune,6,15701.77,0,0.0,0.0,0,0,25.2
2026-02-17,ATM,Ahmedabad,3,386197.3,1,373306.92,33.333,0,1,51.93
2026-02-17,ATM,Bengaluru,3,3443.94,0,0.0,0.0,0,0,37.27
2026-02-17,ATM,Chennai,1,1631.85,0,0.0,0.0,0,0,35.6
2026-02-17,ATM,Delhi,4,7204.26,0,0.0,0.0,0,0,29.73
2026-02-17,ATM,Jaipur,2,8739.61,0,0.0,0.0,0,0,20.65
2026-02-17,ATM,Kochi,2,16798.27,0,0.0,0.0,0,1,51.4
2026-02-17,ATM,Kolkata,3,4324.85,0,0.0,0.0,0,0,19.97
2026-02-17,ATM,Pune,3,6321.05,0,0.0,0.0,0,0,18.73
2026-02-17,Branch,Bengaluru,1,5222.95,0,0.0,0.0,0,0,27.5
2026-02-17,Branch,Chennai,2,2956.14,0,0.0,0.0,0,0,43.65
2026-02-17,Branch,Hyderabad,4,4856.35,0,0.0,0.0,0,0,24.25
2026-02-17,Branch,Kochi,1,1390.25,0,0.0,0.0,0,0,40.7
2026-02-17,Branch,Kolkata,1,3141.16,0,0.0,0.0,0,0,45.5
2026-02-17,Branch,Pune,1,514.25,0,0.0,0.0,0,0,13.0
2026-02-17,IMPS,Ahmedabad,2,6185.07,0,0.0,0.0,0,0,24.3
2026-02-17,IMPS,Bengaluru,1,283.45,0,0.0,0.0,0,0,6.4
2026-02-17,IMPS,Chennai,7,16633.25,0,0.0,0.0,0,0,33.67
2026-02-17,IMPS,Delhi,2,5409.1,0,0.0,0.0,0,0,29.6
2026-02-17,IMPS,Hyderabad,3,4323.37,0,0.0,0.0,0,0,33.93
2026-02-17,IMPS,Jaipur,2,2947.08,0,0.0,0.0,0,0,15.95
2026-02-17,IMPS,Kochi,3,7382.66,0,0.0,0.0,0,0,40.23
2026-02-17,IMPS,Kolkata,4,8684.92,0,0.0,0.0,0,0,27.6
2026-02-17,IMPS,Pune,1,490.07,0,0.0,0.0,0,0,12.2
2026-02-17,Internet Banking,Ahmedabad,3,3148.71,0,0.0,0.0,0,0,22.4
2026-02-17,Internet Banking,Bengaluru,6,18585.49,0,0.0,0.0,0,0,26.9
2026-02-17,Internet Banking,Chennai,2,2414.31,0,0.0,0.0,0,0,15.95
2026-02-17,Internet Banking,Delhi,4,3452.99,0,0.0,0.0,0,0,20.7
2026-02-17,Internet Banking,Jaipur,3,7738.31,0,0.0,0.0,0,0,37.87
2026-02-17,Internet Banking,Kochi,2,1767.54,0,0.0,0.0,0,0,30.15
2026-02-17,Internet Banking,Kolkata,4,22584.96,0,0.0,0.0,0,0,42.82
2026-02-17,Internet Banking,Mumbai,3,4402.57,1,846.37,33.333,1,0,50.03
2026-02-17,Mobile Banking,Ahmedabad,4,4441.53,0,0.0,0.0,0,0,12.9
2026-02-17,Mobile Banking,Bengaluru,5,13140.3,0,0.0,0.0,0,0,40.92
2026-02-17,Mobile Banking,Chennai,6,9421.97,0,0.0,0.0,0,0,26.67
2026-02-17,Mobile Banking,Delhi,4,8830.28,0,0.0,0.0,0,0,22.5
2026-02-17,Mobile Banking,Hyderabad,4,8141.81,0,0.0,0.0,0,0,25.95
2026-02-17,Mobile Banking,Jaipur,5,21108.46,0,0.0,0.0,0,0,34.08
2026-02-17,Mobile Banking,Kochi,3,3892.03,0,0.0,0.0,0,0,30.6
2026-02-17,Mobile Banking,Kolkata,8,11613.24,0,0.0,0.0,0,0,22.1
2026-02-17,Mobile Banking,Mumbai,6,11276.54,0,0.0,0.0,0,0,27.02
2026-02-17,Mobile Banking,Pune,1,5721.47,0,0.0,0.0,0,0,56.3
2026-02-17,NEFT,Ahmedabad,3,7148.23,0,0.0,0.0,0,0,30.7
2026-02-17,NEFT,Bengaluru,2,8997.68,0,0.0,0.0,0,0,38.15
2026-02-17,NEFT,Chennai,4,8836.98,0,0.0,0.0,0,0,26.67
2026-02-17,NEFT,Delhi,2,6826.88,0,0.0,0.0,0,0,20.75
2026-02-17,NEFT,Hyderabad,2,561.03,0,0.0,0.0,0,0,6.65
2026-02-17,NEFT,Jaipur,4,7046.15,0,0.0,0.0,0,0,14.97
2026-02-17,NEFT,Kochi,3,19206.18,0,0.0,0.0,0,1,36.47
2026-02-17,NEFT,Kolkata,5,13827.71,0,0.0,0.0,0,0,26.6
2026-02-17,NEFT,Mumbai,4,6942.08,0,0.0,0.0,0,0,28.07
2026-02-17,NEFT,Pune,6,8018.7,0,0.0,0.0,0,0,29.52
2026-02-17,POS,Ahmedabad,4,7191.4,0,0.0,0.0,0,0,23.37
2026-02-17,POS,Bengaluru,4,9666.67,0,0.0,0.0,0,0,22.1
2026-02-17,POS,Chennai,3,1449.02,0,0.0,0.0,0,0,31.33
2026-02-17,POS,Delhi,3,4597.19,0,0.0,0.0,0,0,30.83
2026-02-17,POS,Hyderabad,3,7246.41,0,0.0,0.0,0,1,43.07
2026-02-17,POS,Jaipur,6,14986.31,0,0.0,0.0,0,0,33.45
2026-02-17,POS,Kochi,3,11646.75,0,0.0,0.0,0,0,26.4
2026-02-17,POS,Kolkata,5,20378.93,0,0.0,0.0,0,0,34.6
2026-02-17,POS,Mumbai,3,9853.01,0,0.0,0.0,0,0,27.7
2026-02-17,POS,Pune,4,15730.82,0,0.0,0.0,0,0,41.03
2026-02-17,RTGS,Ahmedabad,1,211649.92,0,0.0,0.0,0,0,28.1
2026-02-17,RTGS,Chennai,2,2087048.4,0,0.0,0.0,0,0,41.45
2026-02-17,RTGS,Delhi,1,1229134.88,0,0.0,0.0,0,0,30.5
2026-02-17,RTGS,Jaipur,2,1807813.93,0,0.0,0.0,0,0,42.45
2026-02-17,RTGS,Kochi,1,1242163.61,0,0.0,0.0,0,0,32.8
2026-02-17,UPI,Ahmedabad,4,12458.39,1,666.98,25.0,0,1,40.42
2026-02-17,UPI,Bengaluru,8,17423.34,0,0.0,0.0,0,0,38.51
2026-02-17,UPI,Chennai,6,10466.58,0,0.0,0.0,0,0,19.8
2026-02-17,UPI,Delhi,5,16019.13,0,0.0,0.0,0,0,26.68
2026-02-17,UPI,Hyderabad,9,31420.7,0,0.0,0.0,0,0,30.92
2026-02-17,UPI,Jaipur,8,18489.84,0,0.0,0.0,0,0,29.48
2026-02-17,UPI,Kochi,2,4288.06,0,0.0,0.0,0,0,45.55
2026-02-17,UPI,Kolkata,5,9560.99,0,0.0,0.0,0,0,29.28
2026-02-17,UPI,Mumbai,5,7710.92,0,0.0,0.0,0,0,24.24
2026-02-17,UPI,Pune,5,20577.81,0,0.0,0.0,0,0,36.26
2026-02-18,ATM,Bengaluru,3,5314.58,0,0.0,0.0,0,0,27.97
2026-02-18,ATM,Chennai,1,2505.19,0,0.0,0.0,0,0,11.9
2026-02-18,ATM,Delhi,3,12570.62,0,0.0,0.0,0,0,33.5
2026-02-18,ATM,Hyderabad,5,6809.18,0,0.0,0.0,0,0,32.82
2026-02-18,ATM,Jaipur,3,5512.59,0,0.0,0.0,0,0,27.87
2026-02-18,ATM,Kochi,1,2918.21,0,0.0,0.0,0,0,22.1
2026-02-18,ATM,Kolkata,2,1690.21,0,0.0,0.0,0,0,38.15
2026-02-18,ATM,Mumbai,2,7617.48,0,0.0,0.0,0,0,45.7
2026-02-18,ATM,Pune,2,2980.44,0,0.0,0.0,0,0,12.65
2026-02-18,Branch,Ahmedabad,1,6718.61,0,0.0,0.0,0,0,52.1
2026-02-18,Branch,Bengaluru,2,2137.43,0,0.0,0.0,0,0,33.15
2026-02-18,Branch,Delhi,1,5904.21,0,0.0,0.0,0,0,28.5
2026-02-18,Branch,Hyderabad,3,6453.26,0,0.0,0.0,0,0,33.23
2026-02-18,Branch,Jaipur,1,6801.54,0,0.0,0.0,0,0,28.2
2026-02-18,Branch,Kochi,2,4822.64,0,0.0,0.0,0,0,36.1
2026-02-18,Branch,Kolkata,1,2094.77,0,0.0,0.0,0,0,19.8
2026-02-18,Branch,Mumbai,1,899.46,0,0.0,0.0,0,0,9.5
2026-02-18,IMPS,Ahmedabad,2,16284.48,0,0.0,0.0,0,0,28.2
2026-02-18,IMPS,Bengaluru,3,7656.32,0,0.0,0.0,0,0,27.03
2026-02-18,IMPS,Chennai,4,8588.63,0,0.0,0.0,0,0,22.77
2026-02-18,IMPS,Delhi,1,5143.7,0,0.0,0.0,0,0,20.9
2026-02-18,IMPS,Hyderabad,4,14002.53,0,0.0,0.0,0,0,34.48
2026-02-18,IMPS,Jaipur,1,3410.89,0,0.0,0.0,0,0,10.1
2026-02-18,IMPS,Kochi,2,6720.18,0,0.0,0.0,0,0,22.75
2026-02-18,IMPS,Kolkata,2,7174.11,0,0.0,0.0,0,0,46.0
2026-02-18,IMPS,Pune,3,427586.01,1,418965.2,33.333,0,1,47.7
2026-02-18,Internet Banking,Ahmedabad,5,16444.99,0,0.0,0.0,0,0,32.24
2026-02-18,Internet Banking,Bengaluru,2,10834.11,0,0.0,0.0,0,0,32.55
2026-02-18,Internet Banking,Chennai,1,757.05,0,0.0,0.0,0,0,31.9
2026-02-18,Internet Banking,Delhi,2,5150.09,0,0.0,0.0,0,0,33.1
2026-02-18,Internet Banking,Hyderabad,6,14318.73,0,0.0,0.0,0,0,27.83
2026-02-18,Internet Banking,Jaipur,5,4978.12,0,0.0,0.0,0,0,20.26
2026-02-18,Internet Banking,Kochi,3,9535.66,0,0.0,0.0,0,0,25.87
2026-02-18,Internet Banking,Kolkata,2,3760.12,0,0.0,0.0,0,0,13.3
2026-02-18,Internet Banking,Mumbai,5,5448.73,0,0.0,0.0,0,0,29.62
2026-02-18,Internet Banking,Pune,6,22571.08,0,0.0,0.0,0,0,19.6
2026-02-18,Mobile Banking,Ahmedabad,5,26517.62,0,0.0,0.0,0,0,44.62
2026-02-18,Mobile Banking,Bengaluru,4,13802.16,0,0.0,0.0,0,0,38.45
2026-02-18,Mobile Banking,Chennai,1,315.75,0,0.0,0.0,0,0,30.3
2026-02-18,Mobile Banking,Delhi,7,75173.62,1,60509.23,14.286,0,1,29.31
2026-02-18,Mobile Banking,Hyderabad,4,12945.74,0,0.0,0.0,0,0,29.25
2026-02-18,Mobile Banking,Jaipur,2,3361.03,0,0.0,0.0,0,0,15.5
2026-02-18,Mobile Banking,Kochi,7,26172.37,0,0.0,0.0,0,0,32.47
2026-02-18,Mobile Banking,Kolkata,3,5926.35,0,0.0,0.0,0,0,32.0
2026-02-18,Mobile Banking,Mumbai,5,16176.86,1,729.98,20.0,0,2,49.56
2026-02-18,Mobile Banking,Pune,6,16291.63,0,0.0,0.0,0,0,24.52
2026-02-18,NEFT,Ahmedabad,4,15431.18,0,0.0,0.0,0,0,38.55
2026-02-18,NEFT,Bengaluru,4,9823.64,0,0.0,0.0,0,0,28.65
2026-02-18,NEFT,Chennai,1,7138.78,0,0.0,0.0,0,0,36.9
2026-02-18,NEFT,Delhi,4,8282.84,1,2270.83,25.0,0,0,26.75
2026-02-18,NEFT,Hyderabad,1,2294.99,0,0.0,0.0,0,0,33.8
2026-02-18,NEFT,Jaipur,1,1393.49,0,0.0,0.0,0,0,34.8
2026-02-18,NEFT,Kochi,3,22201.27,0,0.0,0.0,0,0,35.2
2026-02-18,NEFT,Kolkata,1,151.01,0,0.0,0.0,0,0,31.1
2026-02-18,NEFT,Mumbai,2,2670.72,0,0.0,0.0,0,0,31.75
2026-02-18,NEFT,Pune,3,6367.03,0,0.0,0.0,0,0,31.33
2026-02-18,POS,Ahmedabad,3,7933.1,0,0.0,0.0,0,0,25.97
2026-02-18,POS,Bengaluru,5,5912.53,0,0.0,0.0,0,0,37.2
2026-02-18,POS,Chennai,6,31537.18,0,0.0,0.0,0,0,20.4
2026-02-18,POS,Delhi,6,25120.66,0,0.0,0.0,0,0,37.22
2026-02-18,POS,Hyderabad,3,3423.79,0,0.0,0.0,0,0,27.9
2026-02-18,POS,Jaipur,5,9183.53,1,821.69,20.0,0,1,47.48
2026-02-18,POS,Kochi,8,28241.4,0,0.0,0.0,0,0,32.89
2026-02-18,POS,Kolkata,5,4295.73,0,0.0,0.0,0,0,32.02
2026-02-18,POS,Mumbai,4,27647.08,0,0.0,0.0,0,0,23.47
2026-02-18,POS,Pune,3,14933.0,0,0.0,0.0,0,0,42.17
2026-02-18,RTGS,Ahmedabad,4,3247356.33,0,0.0,0.0,0,1,53.6
2026-02-18,RTGS,Bengaluru,4,2720609.88,0,0.0,0.0,0,0,41.55
2026-02-18,RTGS,Chennai,1,574405.19,0,0.0,0.0,0,0,36.2
2026-02-18,RTGS,Delhi,2,2262101.48,0,0.0,0.0,0,0,47.05
2026-02-18,RTGS,Hyderabad,1,1118040.78,0,0.0,0.0,0,0,48.5
2026-02-18,RTGS,Jaipur,2,777913.59,0,0.0,0.0,0,0,50.95
2026-02-18,RTGS,Kochi,2,1465432.51,0,0.0,0.0,0,0,39.7
2026-02-18,RTGS,Kolkata,3,4108605.39,0,0.0,0.0,0,0,29.63
2026-02-18,RTGS,Mumbai,2,1414343.37,0,0.0,0.0,0,0,42.0
2026-02-18,RTGS,Pune,1,722490.89,0,0.0,0.0,0,0,30.4
2026-02-18,UPI,Ahmedabad,3,12005.73,0,0.0,0.0,0,0,25.6
2026-02-18,UPI,Bengaluru,4,9874.66,0,0.0,0.0,0,0,22.4
2026-02-18,UPI,Chennai,4,20627.01,0,0.0,0.0,0,2,49.8
2026-02-18,UPI,Delhi,10,83373.05,0,0.0,0.0,0,1,30.11
2026-02-18,UPI,Hyderabad,2,10848.31,0,0.0,0.0,0,0,26.9
2026-02-18,UPI,Jaipur,4,12033.02,0,0.0,0.0,0,0,24.82
2026-02-18,UPI,Kochi,9,25394.68,0,0.0,0.0,0,0,28.79
2026-02-18,UPI,Kolkata,9,36920.8,0,0.0,0.0,0,0,33.43
2026-02-18,UPI,Mumbai,6,10643.11,0,0.0,0.0,0,0,31.82
2026-02-18,UPI,Pune,6,20625.79,0,0.0,0.0,0,0,22.58
2026-02-19,ATM,Ahmedabad,3,14218.03,0,0.0,0.0,0,0,35.93
2026-02-19,ATM,Bengaluru,1,8557.8,0,0.0,0.0,0,0,20.5
2026-02-19,ATM,Chennai,1,824.33,0,0.0,0.0,0,0,15.3
2026-02-19,ATM,Hyderabad,1,6911.17,0,0.0,0.0,0,0,55.6
2026-02-19,ATM,Jaipur,1,5183.88,0,0.0,0.0,0,0,25.2
2026-02-19,ATM,Kochi,1,1223.97,0,0.0,0.0,0,0,43.0
2026-02-19,ATM,Kolkata,5,15797.09,0,0.0,0.0,0,0,34.88
2026-02-19,ATM,Mumbai,4,64519.64,1,58598.33,25.0,0,1,41.8
2026-02-19,ATM,Pune,1,1378.47,0,0.0,0.0,0,0,31.1
2026-02-19,Branch,Ahmedabad,1,3999.27,0,0.0,0.0,0,0,44.0
2026-02-19,Branch,Bengaluru,1,2070.35,0,0.0,0.0,0,0,33.9
2026-02-19,Branch,Chennai,2,1192.06,0,0.0,0.0,0,0,25.65
2026-02-19,Branch,Delhi,2,1452.44,0,0.0,0.0,0,0,27.85
2026-02-19,Branch,Hyderabad,1,519.4,0,0.0,0.0,0,0,18.4
2026-02-19,Branch,Jaipur,1,1804.04,0,0.0,0.0,0,0,12.6
2026-02-19,Branch,Kochi,2,6508.38,0,0.0,0.0,0,0,41.5
2026-02-19,IMPS,Ahmedabad,2,15175.78,0,0.0,0.0,0,0,48.95
2026-02-19,IMPS,Bengaluru,3,19319.53,0,0.0,0.0,0,0,36.67
2026-02-19,IMPS,Chennai,1,750.87,0,0.0,0.0,0,0,46.5
2026-02-19,IMPS,Hyderabad,2,4117.09,0,0.0,0.0,0,0,27.75
2026-02-19,IMPS,Jaipur,2,3655.59,0,0.0,0.0,0,0,31.55
2026-02-19,IMPS,Kochi,3,5404.97,0,0.0,0.0,0,0,19.43
2026-02-19,IMPS,Kolkata,2,3753.48,0,0.0,0.0,0,0,20.2
2026-02-19,IMPS,Mumbai,2,4041.24,0,0.0,0.0,0,0,38.25
2026-02-19,IMPS,Pune,3,7290.11,0,0.0,0.0,0,0,42.37
2026-02-19,Internet Banking,Ahmedabad,2,7879.0,0,0.0,0.0,0,0,44.05
2026-02-19,Internet Banking,Bengaluru,2,2479.53,0,0.0,0.0,0,0,32.35
2026-02-19,Internet Banking,Chennai,2,4863.36,0,0.0,0.0,0,0,39.2
2026-02-19,Internet Banking,Delhi,1,1362.29,0,0.0,0.0,0,0,38.1
2026-02-19,Internet Banking,Hyderabad,5,13761.85,0,0.0,0.0,0,0,28.9
2026-02-19,Internet Banking,Jaipur,1,2236.82,0,0.0,0.0,0,0,41.9
2026-02-19,Internet Banking,Kochi,2,11703.69,0,0.0,0.0,0,0,17.8
2026-02-19,Internet Banking,Kolkata,3,8526.38,0,0.0,0.0,0,0,35.67
2026-02-19,Internet Banking,Mumbai,4,5655.68,0,0.0,0.0,0,0,20.38
2026-02-19,Internet Banking,Pune,6,30001.33,0,0.0,0.0,0,0,33.0
2026-02-19,Mobile Banking,Ahmedabad,4,6330.45,0,0.0,0.0,0,0,29.52
2026-02-19,Mobile Banking,Bengaluru,5,14089.17,0,0.0,0.0,0,0,26.88
2026-02-19,Mobile Banking,Chennai,2,5066.82,0,0.0,0.0,0,0,29.5
2026-02-19,Mobile Banking,Delhi,5,9699.68,0,0.0,0.0,0,0,25.94
2026-02-19,Mobile Banking,Hyderabad,7,32617.91,0,0.0,0.0,0,0,32.7
2026-02-19,Mobile Banking,Jaipur,3,4246.82,0,0.0,0.0,0,0,20.93
2026-02-19,Mobile Banking,Kochi,2,10666.87,0,0.0,0.0,0,0,41.55
2026-02-19,Mobile Banking,Mumbai,6,14974.37,0,0.0,0.0,0,0,30.78
2026-02-19,Mobile Banking,Pune,2,2909.5,0,0.0,0.0,0,0,20.9
2026-02-19,NEFT,Ahmedabad,2,5703.67,0,0.0,0.0,0,0,35.8
2026-02-19,NEFT,Bengaluru,1,313.59,0,0.0,0.0,0,0,35.3
2026-02-19,NEFT,Chennai,1,1385.79,0,0.0,0.0,0,0,56.2
2026-02-19,NEFT,Delhi,3,8042.57,0,0.0,0.0,0,0,35.73
2026-02-19,NEFT,Hyderabad,1,6680.62,0,0.0,0.0,0,0,49.5
2026-02-19,NEFT,Jaipur,2,3050.12,0,0.0,0.0,0,0,28.85
2026-02-19,NEFT,Kochi,1,1070.38,0,0.0,0.0,0,0,50.4
2026-02-19,NEFT,Kolkata,2,14634.92,0,0.0,0.0,0,0,34.05
2026-02-19,NEFT,Mumbai,3,5577.07,0,0.0,0.0,0,0,11.2
2026-02-19,NEFT,Pune,2,6419.61,0,0.0,0.0,0,0,35.85
2026-02-19,POS,Ahmedabad,5,6421.35,0,0.0,0.0,0,0,30.46
2026-02-19,POS,Bengaluru,7,8794.35,0,0.0,0.0,0,0,32.91
2026-02-19,POS,Chennai,4,10984.95,0,0.0,0.0,0,0,40.25
2026-02-19,POS,Delhi,3,10553.67,0,0.0,0.0,0,0,18.6
2026-02-19,POS,Hyderabad,1,584.56,0,0.0,0.0,0,0,41.5
2026-02-19,POS,Jaipur,3,18802.77,0,0.0,0.0,0,0,24.07
2026-02-19,POS,Kochi,4,12820.77,0,0.0,0.0,0,0,26.25
2026-02-19,POS,Kolkata,4,5796.77,0,0.0,0.0,0,0,25.88
2026-02-19,POS,Mumbai,6,4792.46,0,0.0,0.0,0,0,26.85
2026-02-19,POS,Pune,4,5760.28,0,0.0,0.0,0,0,30.82
2026-02-19,RTGS,Ahmedabad,3,2770051.62,0,0.0,0.0,0,0,33.6
2026-02-19,RTGS,Bengaluru,1,883067.58,0,0.0,0.0,0,0,51.2
2026-02-19,RTGS,Chennai,1,1316871.32,0,0.0,0.0,0,0,27.9
2026-02-19,RTGS,Delhi,2,1215468.5,0,0.0,0.0,0,0,38.7
2026-02-19,RTGS,Hyderabad,1,496138.25,0,0.0,0.0,0,0,27.9
2026-02-19,RTGS,Kochi,3,3578891.25,0,0.0,0.0,0,0,37.23
2026-02-19,RTGS,Kolkata,1,989640.51,0,0.0,0.0,0,0,23.1
2026-02-19,RTGS,Mumbai,5,4162465.51,0,0.0,0.0,0,0,48.42
2026-02-19,UPI,Ahmedabad,4,3415.55,0,0.0,0.0,0,0,18.95
2026-02-19,UPI,Bengaluru,2,5027.26,0,0.0,0.0,0,1,56.1
2026-02-19,UPI,Chennai,5,32766.5,0,0.0,0.0,0,0,27.0
2026-02-19,UPI,Delhi,8,17555.36,0,0.0,0.0,0,0,21.1
2026-02-19,UPI,Hyderabad,2,8111.72,0,0.0,0.0,0,0,28.5
2026-02-19,UPI,Jaipur,3,375307.34,1,373808.19,33.333,1,0,34.9
2026-02-19,UPI,Kochi,6,17635.57,0,0.0,0.0,0,0,24.23
2026-02-19,UPI,Kolkata,7,20937.97,0,0.0,0.0,0,0,40.57
2026-02-19,UPI,Mumbai,6,10982.5,0,0.0,0.0,0,0,26.78
2026-02-19,UPI,Pune,1,1808.22,0,0.0,0.0,0,0,52.3
2026-02-20,ATM,Ahmedabad,2,4106.61,0,0.0,0.0,0,0,35.8
2026-02-20,ATM,Bengaluru,5,7645.63,0,0.0,0.0,0,0,26.64
2026-02-20,ATM,Chennai,3,3519.7,0,0.0,0.0,0,0,15.73
2026-02-20,ATM,Delhi,3,17657.97,0,0.0,0.0,0,0,30.1
2026-02-20,ATM,Hyderabad,4,9245.94,1,3701.61,25.0,0,0,29.57
2026-02-20,ATM,Jaipur,1,5300.24,0,0.0,0.0,0,0,20.6
2026-02-20,ATM,Kochi,3,7146.93,0,0.0,0.0,0,0,27.3
2026-02-20,ATM,Kolkata,3,5438.24,0,0.0,0.0,0,0,27.07
2026-02-20,ATM,Pune,5,9208.86,0,0.0,0.0,0,0,29.04
2026-02-20,Branch,Ahmedabad,3,12646.36,0,0.0,0.0,0,1,40.0
2026-02-20,Branch,Bengaluru,1,100.66,0,0.0,0.0,0,0,6.4
2026-02-20,Branch,Chennai,1,2737.22,0,0.0,0.0,0,0,18.2
2026-02-20,Branch,Hyderabad,1,5028.82,0,0.0,0.0,0,0,33.6
2026-02-20,Branch,Jaipur,2,2801.77,0,0.0,0.0,0,0,27.15
2026-02-20,Branch,Kochi,2,4221.14,0,0.0,0.0,0,0,39.9
2026-02-20,Branch,Kolkata,1,447.95,0,0.0,0.0,0,0,12.9
2026-02-20,Branch,Mumbai,1,1427.33,0,0.0,0.0,0,0,16.5
2026-02-20,Branch,Pune,2,2597.09,0,0.0,0.0,0,0,32.95
2026-02-20,IMPS,Ahmedabad,3,6565.67,0,0.0,0.0,0,0,26.97
2026-02-20,IMPS,Bengaluru,1,3310.3,0,0.0,0.0,0,0,15.7
2026-02-20,IMPS,Chennai,3,3699.42,0,0.0,0.0,0,0,39.43
2026-02-20,IMPS,Delhi,4,8189.46,0,0.0,0.0,0,0,34.25
2026-02-20,IMPS,Hyderabad,4,14581.3,0,0.0,0.0,0,0,30.6
2026-02-20,IMPS,Kochi,3,6471.37,0,0.0,0.0,0,0,22.13
2026-02-20,IMPS,Kolkata,2,2520.3,0,0.0,0.0,0,0,45.25
2026-02-20,IMPS,Pune,1,12846.98,0,0.0,0.0,0,0,43.1
2026-02-20,Internet Banking,Ahmedabad,2,3308.7,0,0.0,0.0,0,0,26.35
2026-02-20,Internet Banking,Bengaluru,6,12835.96,0,0.0,0.0,0,0,22.35
2026-02-20,Internet Banking,Chennai,4,3514.56,0,0.0,0.0,0,0,19.4
2026-02-20,Internet Banking,Delhi,1,1857.24,0,0.0,0.0,0,0,43.9
2026-02-20,Internet Banking,Hyderabad,1,3503.51,0,0.0,0.0,0,0,28.0
2026-02-20,Internet Banking,Jaipur,4,19807.43,0,0.0,0.0,0,0,33.75
2026-02-20,Internet Banking,Kochi,6,14335.34,0,0.0,0.0,0,0,34.95
2026-02-20,Internet Banking,Kolkata,1,1740.63,0,0.0,0.0,0,0,27.5
2026-02-20,Internet Banking,Mumbai,4,18303.9,0,0.0,0.0,0,0,30.83
2026-02-20,Internet Banking,Pune,2,5358.61,0,0.0,0.0,0,0,53.85
2026-02-20,Mobile Banking,Ahmedabad,7,26878.32,0,0.0,0.0,0,0,30.4
2026-02-20,Mobile Banking,Bengaluru,6,14173.64,0,0.0,0.0,0,0,35.6
2026-02-20,Mobile Banking,Chennai,3,1185.72,0,0.0,0.0,0,0,31.2
2026-02-20,Mobile Banking,Delhi,2,4550.11,0,0.0,0.0,0,0,34.65
2026-02-20,Mobile Banking,Hyderabad,3,11572.58,0,0.0,0.0,0,0,26.17
2026-02-20,Mobile Banking,Jaipur,5,7743.39,0,0.0,0.0,0,0,20.72
2026-02-20,Mobile Banking,Kochi,7,29478.53,0,0.0,0.0,0,0,36.23
2026-02-20,Mobile Banking,Kolkata,11,15927.51,0,0.0,0.0,0,0,21.51
2026-02-20,Mobile Banking,Mumbai,3,13214.42,0,0.0,0.0,0,0,29.0
2026-02-20,Mobile Banking,Pune,6,3824.96,1,14.1,16.667,0,0,29.58
2026-02-20,NEFT,Ahmedabad,6,38215.98,0,0.0,0.0,0,1,33.85
2026-02-20,NEFT,Bengaluru,3,8949.35,0,0.0,0.0,0,0,41.63
2026-02-20,NEFT,Chennai,2,1066.61,0,0.0,0.0,0,0,34.55
2026-02-20,NEFT,Delhi,2,1770.98,0,0.0,0.0,0,0,29.5
2026-02-20,NEFT,Hyderabad,5,10887.35,0,0.0,0.0,0,0,26.24
2026-02-20,NEFT,Jaipur,2,6400.4,0,0.0,0.0,0,0,34.4
2026-02-20,NEFT,Kochi,4,12447.22,0,0.0,0.0,0,0,40.6
2026-02-20,NEFT,Kolkata,1,846.95,0,0.0,0.0,0,0,13.1
2026-02-20,NEFT,Mumbai,2,1992.98,0,0.0,0.0,0,0,20.2
2026-02-20,NEFT,Pune,3,3412.95,0,0.0,0.0,0,0,24.63
2026-02-20,POS,Ahmedabad,8,10183.13,0,0.0,0.0,0,0,30.71
2026-02-20,POS,Bengaluru,4,12174.69,0,0.0,0.0,0,0,34.27
2026-02-20,POS,Chennai,1,1181.8,0,0.0,0.0,0,0,29.5
2026-02-20,POS,Delhi,1,1489.6,0,0.0,0.0,0,0,16.2
2026-02-20,POS,Hyderabad,2,3550.85,0,0.0,0.0,0,0,47.45
2026-02-20,POS,Jaipur,1,1123.62,0,0.0,0.0,0,0,30.9
2026-02-20,POS,Kochi,2,11172.64,0,0.0,0.0,0,0,26.45
2026-02-20,POS,Kolkata,4,6748.45,0,0.0,0.0,0,0,25.22
2026-02-20,POS,Mumbai,3,16633.78,0,0.0,0.0,0,1,41.4
2026-02-20,POS,Pune,5,14710.95,0,0.0,0.0,0,0,32.02
2026-02-20,RTGS,Ahmedabad,1,566924.55,0,0.0,0.0,0,0,26.6
2026-02-20,RTGS,Bengaluru,1,585331.12,0,0.0,0.0,0,0,50.1
2026-02-20,RTGS,Delhi,2,1538993.12,0,0.0,0.0,0,0,41.25
2026-02-20,RTGS,Hyderabad,4,3125853.19,0,0.0,0.0,0,0,41.85
2026-02-20,RTGS,Kochi,2,1943360.94,0,0.0,0.0,0,0,54.2
2026-02-20,RTGS,Kolkata,2,2564356.73,0,0.0,0.0,0,0,48.2
2026-02-20,RTGS,Mumbai,1,1028860.19,0,0.0,0.0,0,0,50.0
2026-02-20,UPI,Ahmedabad,7,17168.17,0,0.0,0.0,0,0,30.1
2026-02-20,UPI,Bengaluru,8,16130.51,0,0.0,0.0,0,0,25.21
2026-02-20,UPI,Chennai,8,126884.98,1,97544.22,12.5,0,0,42.01
2026-02-20,UPI,Delhi,8,17869.72,0,0.0,0.0,0,0,25.55
2026-02-20,UPI,Hyderabad,5,12808.82,0,0.0,0.0,0,0,28.3
2026-02-20,UPI,Jaipur,6,23435.12,1,6449.48,16.667,0,1,29.07
2026-02-20,UPI,Kochi,4,30404.2,0,0.0,0.0,0,1,55.32
2026-02-20,UPI,Kolkata,2,2466.72,0,0.0,0.0,0,0,31.95
2026-02-20,UPI,Mumbai,4,12855.36,1,558.89,25.0,0,1,41.38
2026-02-20,UPI,Pune,5,10869.85,0,0.0,0.0,0,0,35.84
2026-02-21,ATM,Ahmedabad,7,17542.03,0,0.0,0.0,0,0,27.91
2026-02-21,ATM,Bengaluru,4,18572.18,0,0.0,0.0,0,0,33.5
2026-02-21,ATM,Delhi,3,4559.21,0,0.0,0.0,0,1,33.7
2026-02-21,ATM,Hyderabad,2,15647.57,0,0.0,0.0,0,0,24.0
2026-02-21,ATM,Kochi,3,4884.13,0,0.0,0.0,0,1,49.67
2026-02-21,ATM,Kolkata,2,38379.47,0,0.0,0.0,0,0,44.25
2026-02-21,ATM,Mumbai,3,12611.9,0,0.0,0.0,0,0,32.27
2026-02-21,ATM,Pune,4,33686.68,0,0.0,0.0,0,1,42.22
2026-02-21,Branch,Chennai,2,3052.82,0,0.0,0.0,0,0,29.2
2026-02-21,Branch,Jaipur,1,1149.19,0,0.0,0.0,0,0,12.8
2026-02-21,Branch,Kochi,3,3316.35,0,0.0,0.0,0,0,26.33
2026-02-21,Branch,Kolkata,1,22571.92,0,0.0,0.0,0,0,49.6
2026-02-21,Branch,Mumbai,1,3307.33,0,0.0,0.0,0,0,11.3
2026-02-21,IMPS,Bengaluru,3,11064.54,0,0.0,0.0,0,0,29.8
2026-02-21,IMPS,Chennai,1,3077.91,0,0.0,0.0,0,0,10.4
2026-02-21,IMPS,Delhi,2,764.21,0,0.0,0.0,0,0,21.35
2026-02-21,IMPS,Hyderabad,4,9358.86,0,0.0,0.0,0,0,36.78
2026-02-21,IMPS,Jaipur,4,46314.73,0,0.0,0.0,0,1,46.88
2026-02-21,IMPS,Kochi,6,8579.57,0,0.0,0.0,0,0,29.1
2026-02-21,IMPS,Kolkata,1,1335.71,0,0.0,0.0,0,0,18.2
2026-02-21,IMPS,Mumbai,1,2351.62,0,0.0,0.0,0,0,10.6
2026-02-21,IMPS,Pune,1,2165.25,0,0.0,0.0,0,0,9.7
2026-02-21,Internet Banking,Ahmedabad,2,891.84,0,0.0,0.0,0,0,31.05
2026-02-21,Internet Banking,Bengaluru,4,6636.95,0,0.0,0.0,0,0,45.22
2026-02-21,Internet Banking,Chennai,5,22382.76,0,0.0,0.0,0,0,25.76
2026-02-21,Internet Banking,Delhi,2,7195.0,0,0.0,0.0,0,0,30.35
2026-02-21,Internet Banking,Hyderabad,2,1454.6,0,0.0,0.0,0,0,32.35
2026-02-21,Internet Banking,Jaipur,3,8912.73,1,284.22,33.333,0,0,42.03
2026-02-21,Internet Banking,Kochi,3,30965.44,0,0.0,0.0,0,0,42.63
2026-02-21,Internet Banking,Mumbai,4,7555.69,0,0.0,0.0,0,0,27.45
2026-02-21,Internet Banking,Pune,3,6366.14,0,0.0,0.0,0,0,36.67
2026-02-21,Mobile Banking,Ahmedabad,3,9458.6,0,0.0,0.0,0,0,22.67
2026-02-21,Mobile Banking,Bengaluru,5,6686.41,0,0.0,0.0,0,0,24.86
2026-02-21,Mobile Banking,Chennai,8,17778.43,0,0.0,0.0,0,0,27.03
2026-02-21,Mobile Banking,Delhi,6,22592.57,0,0.0,0.0,0,1,44.65
2026-02-21,Mobile Banking,Hyderabad,7,44105.4,0,0.0,0.0,0,0,28.46
2026-02-21,Mobile Banking,Jaipur,7,14920.21,0,0.0,0.0,0,0,32.46
2026-02-21,Mobile Banking,Kochi,6,457166.84,1,449492.19,16.667,0,0,25.53
2026-02-21,Mobile Banking,Kolkata,4,11874.63,0,0.0,0.0,0,0,27.12
2026-02-21,Mobile Banking,Mumbai,5,35437.11,0,0.0,0.0,0,0,27.68
2026-02-21,Mobile Banking,Pune,6,17204.17,0,0.0,0.0,0,0,31.7
2026-02-21,NEFT,Bengaluru,1,2873.03,0,0.0,0.0,0,0,18.2
2026-02-21,NEFT,Chennai,1,1335.57,0,0.0,0.0,0,0,30.3
2026-02-21,NEFT,Delhi,3,2537.54,1,52.74,33.333,0,0,37.9
2026-02-21,NEFT,Hyderabad,4,8775.73,0,0.0,0.0,0,0,26.77
2026-02-21,NEFT,Jaipur,1,1069.04,0,0.0,0.0,0,0,28.5
2026-02-21,NEFT,Kochi,2,8233.88,0,0.0,0.0,0,0,39.35
2026-02-21,NEFT,Kolkata,3,3811.4,0,0.0,0.0,0,0,34.67
2026-02-21,NEFT,Pune,2,3111.64,0,0.0,0.0,0,0,30.5
2026-02-21,POS,Ahmedabad,5,6914.79,0,0.0,0.0,0,0,29.14
2026-02-21,POS,Bengaluru,3,14013.07,0,0.0,0.0,0,1,34.97
2026-02-21,POS,Chennai,2,4298.08,0,0.0,0.0,0,0,30.5
2026-02-21,POS,Delhi,1,6699.42,0,0.0,0.0,0,0,35.0
2026-02-21,POS,Hyderabad,7,141032.71,1,128247.43,14.286,0,1,37.21
2026-02-21,POS,Jaipur,4,3974.82,0,0.0,0.0,0,0,31.3
2026-02-21,POS,Kochi,6,13952.82,0,0.0,0.0,0,0,22.38
2026-02-21,POS,Kolkata,6,49920.63,0,0.0,0.0,0,0,33.18
2026-02-21,POS,Mumbai,1,1735.02,0,0.0,0.0,0,0,22.8
2026-02-21,POS,Pune,3,3897.43,0,0.0,0.0,0,0,24.67
2026-02-21,RTGS,Bengaluru,1,1195535.09,0,0.0,0.0,0,0,37.6
2026-02-21,RTGS,Chennai,2,2086466.47,0,0.0,0.0,0,0,49.25
2026-02-21,RTGS,Hyderabad,1,945598.48,0,0.0,0.0,0,0,28.0
2026-02-21,RTGS,Jaipur,2,2120884.02,0,0.0,0.0,0,1,48.85
2026-02-21,RTGS,Kochi,2,720622.02,0,0.0,0.0,0,0,43.4
2026-02-21,RTGS,Kolkata,1,919743.19,0,0.0,0.0,0,0,53.9
2026-02-21,RTGS,Mumbai,1,289535.47,0,0.0,0.0,0,0,49.0
2026-02-21,RTGS,Pune,1,801138.97,0,0.0,0.0,0,0,35.0
2026-02-21,UPI,Ahmedabad,11,27313.16,0,0.0,0.0,0,0,26.39
2026-02-21,UPI,Bengaluru,5,12626.82,0,0.0,0.0,0,0,28.08
2026-02-21,UPI,Chennai,8,10450.67,0,0.0,0.0,0,1,28.25
2026-02-21,UPI,Delhi,4,6080.28,0,0.0,0.0,0,0,27.67
2026-02-21,UPI,Hyderabad,6,17593.26,0,0.0,0.0,0,1,40.8
2026-02-21,UPI,Jaipur,4,6198.1,0,0.0,0.0,0,0,25.07
2026-02-21,UPI,Kochi,2,6458.32,0,0.0,0.0,0,0,22.1
2026-02-21,UPI,Kolkata,6,4749.07,0,0.0,0.0,0,0,25.17
2026-02-21,UPI,Mumbai,8,18415.07,1,71.9,12.5,0,1,37.79
2026-02-21,UPI,Pune,4,13722.75,0,0.0,0.0,0,0,44.18
2026-02-22,ATM,Ahmedabad,1,1951.18,0,0.0,0.0,0,0,45.4
2026-02-22,ATM,Bengaluru,5,8907.41,0,0.0,0.0,0,0,29.8
2026-02-22,ATM,Chennai,2,4495.59,0,0.0,0.0,0,0,30.55
2026-02-22,ATM,Delhi,3,4056.47,0,0.0,0.0,0,0,37.33
2026-02-22,ATM,Hyderabad,2,3088.73,0,0.0,0.0,0,0,37.15
2026-02-22,ATM,Jaipur,6,14420.44,0,0.0,0.0,0,0,29.5
2026-02-22,ATM,Kochi,2,4170.65,0,0.0,0.0,0,0,21.1
2026-02-22,ATM,Kolkata,5,12787.54,0,0.0,0.0,0,0,20.02
2026-02-22,ATM,Mumbai,4,11732.59,0,0.0,0.0,0,0,33.1
2026-02-22,ATM,Pune,4,7749.46,0,0.0,0.0,0,0,30.15
2026-02-22,Branch,Ahmedabad,2,1181.28,0,0.0,0.0,0,0,12.55
2026-02-22,Branch,Delhi,2,8919.87,0,0.0,0.0,0,0,26.05
2026-02-22,Branch,Hyderabad,2,3543.23,0,0.0,0.0,0,0,26.2
2026-02-22,Branch,Mumbai,2,2502.86,0,0.0,0.0,0,0,14.7
2026-02-22,Branch,Pune,4,11814.97,0,0.0,0.0,0,0,22.52
2026-02-22,IMPS,Ahmedabad,2,3448.75,1,2068.54,50.0,0,0,47.2
2026-02-22,IMPS,Bengaluru,3,4929.46,0,0.0,0.0,0,0,31.5
2026-02-22,IMPS,Chennai,4,16307.18,0,0.0,0.0,0,0,39.77
2026-02-22,IMPS,Delhi,2,2438.89,0,0.0,0.0,0,0,21.6
2026-02-22,IMPS,Jaipur,6,14012.59,0,0.0,0.0,0,0,27.1
2026-02-22,IMPS,Kochi,2,10574.58,0,0.0,0.0,0,0,16.85
2026-02-22,IMPS,Mumbai,5,19755.98,0,0.0,0.0,0,0,33.02
2026-02-22,IMPS,Pune,1,729.94,0,0.0,0.0,0,0,14.9
2026-02-22,Internet Banking,Ahmedabad,3,6793.54,0,0.0,0.0,0,0,47.9
2026-02-22,Internet Banking,Bengaluru,3,3319.12,0,0.0,0.0,0,0,18.77
2026-02-22,Internet Banking,Chennai,1,1364.83,0,0.0,0.0,0,0,34.2
2026-02-22,Internet Banking,Delhi,4,3767.56,0,0.0,0.0,0,0,35.7
2026-02-22,Internet Banking,Hyderabad,1,1523.86,0,0.0,0.0,0,0,27.8
2026-02-22,Internet Banking,Jaipur,10,26203.6,0,0.0,0.0,0,0,26.47
2026-02-22,Internet Banking,Kochi,1,1872.54,0,0.0,0.0,0,0,34.8
2026-02-22,Internet Banking,Mumbai,2,3736.46,0,0.0,0.0,0,0,38.75
2026-02-22,Internet Banking,Pune,2,8148.01,0,0.0,0.0,0,0,32.05
2026-02-22,Mobile Banking,Ahmedabad,7,9203.39,0,0.0,0.0,0,1,26.7
2026-02-22,Mobile Banking,Bengaluru,6,35527.88,0,0.0,0.0,0,0,30.23
2026-02-22,Mobile Banking,Chennai,2,112317.33,1,110889.54,50.0,0,0,42.2
2026-02-22,Mobile Banking,Delhi,2,4530.09,0,0.0,0.0,0,0,15.6
2026-02-22,Mobile Banking,Hyderabad,5,13801.3,0,0.0,0.0,0,0,22.84
2026-02-22,Mobile Banking,Jaipur,1,1004.79,0,0.0,0.0,0,0,32.0
2026-02-22,Mobile Banking,Kochi,6,34091.54,0,0.0,0.0,0,0,21.18
2026-02-22,Mobile Banking,Kolkata,4,8860.01,0,0.0,0.0,0,0,26.9
2026-02-22,Mobile Banking,Mumbai,4,8146.43,0,0.0,0.0,0,0,38.23
2026-02-22,Mobile Banking,Pune,13,24044.01,0,0.0,0.0,0,0,29.38
2026-02-22,NEFT,Ahmedabad,4,14001.95,0,0.0,0.0,0,0,32.5
2026-02-22,NEFT,Bengaluru,1,503.27,0,0.0,0.0,0,0,15.0
2026-02-22,NEFT,Chennai,2,4419.17,0,0.0,0.0,0,0,29.0
2026-02-22,NEFT,Hyderabad,2,7043.78,0,0.0,0.0,0,0,31.8
2026-02-22,NEFT,Jaipur,1,1031.69,0,0.0,0.0,0,0,20.9
2026-02-22,NEFT,Kochi,4,209330.32,1,196569.55,25.0,0,0,37.95
2026-02-22,NEFT,Kolkata,1,832.46,0,0.0,0.0,0,0,14.0
2026-02-22,NEFT,Mumbai,2,6157.44,0,0.0,0.0,0,0,43.1
2026-02-22,POS,Ahmedabad,4,2612.05,0,0.0,0.0,0,0,18.48
2026-02-22,POS,Bengaluru,1,912.14,0,0.0,0.0,0,0,30.4
2026-02-22,POS,Chennai,5,5989.39,0,0.0,0.0,0,0,36.46
2026-02-22,POS,Delhi,3,5691.12,0,0.0,0.0,0,0,17.8
2026-02-22,POS,Hyderabad,6,14165.82,0,0.0,0.0,0,0,25.35
2026-02-22,POS,Jaipur,3,3091.71,0,0.0,0.0,0,0,23.3
2026-02-22,POS,Kochi,5,19199.29,0,0.0,0.0,0,0,38.84
2026-02-22,POS,Kolkata,4,14672.71,0,0.0,0.0,0,0,35.32
2026-02-22,POS,Mumbai,3,8768.35,0,0.0,0.0,0,1,36.73
2026-02-22,POS,Pune,5,17143.63,0,0.0,0.0,0,0,31.6
2026-02-22,RTGS,Bengaluru,1,668419.84,0,0.0,0.0,0,0,59.8
2026-02-22,RTGS,Chennai,1,1354720.54,0,0.0,0.0,0,0,27.8
2026-02-22,RTGS,Delhi,1,1275878.8,0,0.0,0.0,0,0,26.6
2026-02-22,RTGS,Hyderabad,3,2002751.98,0,0.0,0.0,0,0,46.6
2026-02-22,RTGS,Pune,3,2453256.76,0,0.0,0.0,0,0,40.87
2026-02-22,UPI,Ahmedabad,6,6099.39,0,0.0,0.0,0,0,24.05
2026-02-22,UPI,Bengaluru,8,10651.49,2,513.31,25.0,1,1,49.14
2026-02-22,UPI,Chennai,6,10776.12,0,0.0,0.0,0,0,30.0
2026-02-22,UPI,Delhi,4,21264.87,0,0.0,0.0,0,0,26.12
2026-02-22,UPI,Hyderabad,8,16559.05,0,0.0,0.0,0,0,27.81
2026-02-22,UPI,Jaipur,8,43652.86,0,0.0,0.0,0,0,34.51
2026-02-22,UPI,Kochi,6,14957.25,0,0.0,0.0,0,0,26.33
2026-02-22,UPI,Kolkata,6,19565.8,0,0.0,0.0,0,0,35.7
2026-02-22,UPI,Mumbai,7,16342.03,0,0.0,0.0,0,0,29.76
2026-02-22,UPI,Pune,4,11599.1,0,0.0,0.0,0,0,27.6
2026-02-23,ATM,Ahmedabad,4,6739.98,0,0.0,0.0,0,0,20.23
2026-02-23,ATM,Chennai,3,3887.94,0,0.0,0.0,0,0,28.23
2026-02-23,ATM,Delhi,1,797.58,0,0.0,0.0,0,0,33.7
2026-02-23,ATM,Hyderabad,1,1216.26,0,0.0,0.0,0,0,39.2
2026-02-23,ATM,Jaipur,2,2132.83,0,0.0,0.0,0,0,37.1
2026-02-23,ATM,Kochi,2,1748.76,0,0.0,0.0,0,0,21.1
2026-02-23,ATM,Kolkata,1,1256.53,0,0.0,0.0,0,0,54.8
2026-02-23,ATM,Mumbai,4,33175.67,0,0.0,0.0,0,1,44.08
2026-02-23,ATM,Pune,3,4993.26,0,0.0,0.0,0,0,26.0
2026-02-23,Branch,Ahmedabad,1,498.1,0,0.0,0.0,0,0,13.3
2026-02-23,Branch,Chennai,1,1397.47,0,0.0,0.0,0,0,38.0
2026-02-23,Branch,Delhi,2,8953.08,0,0.0,0.0,0,0,23.6
2026-02-23,Branch,Kochi,3,3680.01,0,0.0,0.0,0,1,38.03
2026-02-23,Branch,Pune,1,639.47,0,0.0,0.0,0,0,18.7
2026-02-23,IMPS,Ahmedabad,3,8171.12,0,0.0,0.0,0,0,39.3
2026-02-23,IMPS,Bengaluru,1,419.6,0,0.0,0.0,0,0,38.5
2026-02-23,IMPS,Chennai,4,8725.14,0,0.0,0.0,0,0,30.48
2026-02-23,IMPS,Delhi,1,2685.82,0,0.0,0.0,0,0,36.3
2026-02-23,IMPS,Hyderabad,2,4210.1,0,0.0,0.0,0,1,50.4
2026-02-23,IMPS,Kochi,3,2135.39,0,0.0,0.0,0,0,13.7
2026-02-23,IMPS,Mumbai,2,3430.2,0,0.0,0.0,0,0,30.25
2026-02-23,IMPS,Pune,1,2189.11,0,0.0,0.0,0,0,13.0
2026-02-23,Internet Banking,Ahmedabad,3,4876.16,0,0.0,0.0,0,0,17.5
2026-02-23,Internet Banking,Bengaluru,2,4393.04,0,0.0,0.0,0,0,19.05
2026-02-23,Internet Banking,Chennai,5,5027.38,0,0.0,0.0,0,0,26.82
2026-02-23,Internet Banking,Delhi,3,5959.51,0,0.0,0.0,0,0,29.1
2026-02-23,Internet Banking,Hyderabad,5,7290.98,0,0.0,0.0,0,0,43.84
2026-02-23,Internet Banking,Jaipur,4,11867.96,0,0.0,0.0,0,0,32.85
2026-02-23,Internet Banking,Kochi,1,2216.26,0,0.0,0.0,0,0,49.0
2026-02-23,Internet Banking,Kolkata,1,2063.04,0,0.0,0.0,0,0,50.9
2026-02-23,Internet Banking,Mumbai,1,2770.41,0,0.0,0.0,0,0,23.5
2026-02-23,Internet Banking,Pune,3,9152.7,0,0.0,0.0,0,0,23.6
2026-02-23,Mobile Banking,Ahmedabad,6,21437.71,0,0.0,0.0,0,0,37.37
2026-02-23,Mobile Banking,Bengaluru,6,9295.71,0,0.0,0.0,0,0,32.03
2026-02-23,Mobile Banking,Chennai,2,1797.3,0,0.0,0.0,0,0,7.1
2026-02-23,Mobile Banking,Delhi,4,20718.08,0,0.0,0.0,0,0,30.97
2026-02-23,Mobile Banking,Hyderabad,5,7883.41,0,0.0,0.0,0,0,14.94
2026-02-23,Mobile Banking,Jaipur,3,6942.16,0,0.0,0.0,0,0,30.83
2026-02-23,Mobile Banking,Kochi,3,5229.95,0,0.0,0.0,0,0,20.2
2026-02-23,Mobile Banking,Kolkata,5,6442.52,0,0.0,0.0,0,0,33.88
2026-02-23,Mobile Banking,Mumbai,9,16330.2,1,2345.05,11.111,0,1,30.07
2026-02-23,Mobile Banking,Pune,4,6050.98,1,1636.87,25.0,1,0,39.2
2026-02-23,NEFT,Ahmedabad,4,15157.49,0,0.0,0.0,0,0,29.65
2026-02-23,NEFT,Jaipur,3,4287.91,0,0.0,0.0,0,0,34.67
2026-02-23,NEFT,Kochi,1,706.78,0,0.0,0.0,0,0,22.7
2026-02-23,NEFT,Kolkata,2,4431.27,0,0.0,0.0,0,0,32.0
2026-02-23,NEFT,Mumbai,2,5138.92,0,0.0,0.0,0,0,8.7
2026-02-23,NEFT,Pune,1,233.32,0,0.0,0.0,0,0,16.5
2026-02-23,POS,Ahmedabad,9,13405.57,0,0.0,0.0,0,0,24.36
2026-02-23,POS,Chennai,4,7782.76,0,0.0,0.0,0,0,45.08
2026-02-23,POS,Delhi,5,8539.91,0,0.0,0.0,0,0,27.28
2026-02-23,POS,Hyderabad,2,3080.46,0,0.0,0.0,0,0,35.95
2026-02-23,POS,Jaipur,5,22399.25,0,0.0,0.0,0,0,31.84
2026-02-23,POS,Kochi,5,7041.2,0,0.0,0.0,0,0,32.2
2026-02-23,POS,Kolkata,4,14883.33,0,0.0,0.0,0,0,17.23
2026-02-23,POS,Mumbai,3,10102.47,0,0.0,0.0,0,0,30.63
2026-02-23,POS,Pune,2,10225.04,0,0.0,0.0,0,0,21.15
2026-02-23,RTGS,Ahmedabad,2,756837.33,0,0.0,0.0,0,0,55.95
2026-02-23,RTGS,Hyderabad,1,720234.92,0,0.0,0.0,0,0,56.6
2026-02-23,RTGS,Jaipur,1,276823.98,0,0.0,0.0,0,0,31.3
2026-02-23,RTGS,Kochi,2,1454999.61,0,0.0,0.0,0,0,41.0
2026-02-23,RTGS,Kolkata,2,2140032.07,0,0.0,0.0,0,0,25.9
2026-02-23,UPI,Ahmedabad,4,3176.72,0,0.0,0.0,0,0,27.23
2026-02-23,UPI,Bengaluru,5,4642.04,0,0.0,0.0,0,0,25.58
2026-02-23,UPI,Chennai,7,19616.16,0,0.0,0.0,0,0,28.24
2026-02-23,UPI,Delhi,5,14455.89,0,0.0,0.0,0,0,37.42
2026-02-23,UPI,Hyderabad,7,24989.85,0,0.0,0.0,0,0,32.3
2026-02-23,UPI,Jaipur,9,13835.88,0,0.0,0.0,0,0,22.52
2026-02-23,UPI,Kochi,9,34107.64,0,0.0,0.0,0,0,30.78
2026-02-23,UPI,Kolkata,2,5063.0,0,0.0,0.0,0,0,31.05
2026-02-23,UPI,Mumbai,5,6900.71,0,0.0,0.0,0,0,29.06
2026-02-23,UPI,Pune,5,8427.9,0,0.0,0.0,0,0,32.54
2026-02-24,ATM,Ahmedabad,1,2152.58,0,0.0,0.0,0,0,21.2
2026-02-24,ATM,Bengaluru,4,19428.83,0,0.0,0.0,0,0,34.42
2026-02-24,ATM,Chennai,1,940.75,0,0.0,0.0,0,0,14.9
2026-02-24,ATM,Delhi,6,12510.9,0,0.0,0.0,0,0,28.33
2026-02-24,ATM,Hyderabad,3,190160.16,1,188792.34,33.333,0,0,29.17
2026-02-24,ATM,Jaipur,1,4191.62,0,0.0,0.0,0,0,28.6
2026-02-24,ATM,Kochi,1,3083.3,0,0.0,0.0,0,0,16.4
2026-02-24,ATM,Kolkata,3,2731.87,0,0.0,0.0,0,0,34.6
2026-02-24,ATM,Mumbai,1,397.58,0,0.0,0.0,0,0,7.9
2026-02-24,ATM,Pune,1,2779.28,0,0.0,0.0,0,0,40.7
2026-02-24,Branch,Bengaluru,2,10873.2,0,0.0,0.0,0,0,43.1
2026-02-24,Branch,Delhi,1,2677.26,0,0.0,0.0,0,0,55.0
2026-02-24,Branch,Hyderabad,1,1375.18,0,0.0,0.0,0,0,12.1
2026-02-24,Branch,Jaipur,1,9646.78,0,0.0,0.0,0,0,30.2
2026-02-24,Branch,Kochi,1,62.05,0,0.0,0.0,0,0,16.0
2026-02-24,Branch,Kolkata,1,2480.1,0,0.0,0.0,0,0,30.3
2026-02-24,Branch,Pune,1,1581.24,0,0.0,0.0,0,0,19.8
2026-02-24,IMPS,Ahmedabad,3,10112.95,0,0.0,0.0,0,0,34.83
2026-02-24,IMPS,Bengaluru,2,2224.01,0,0.0,0.0,0,0,25.75
2026-02-24,IMPS,Chennai,2,6697.59,0,0.0,0.0,0,0,44.35
2026-02-24,IMPS,Delhi,4,4854.36,0,0.0,0.0,0,0,13.0
2026-02-24,IMPS,Hyderabad,1,2053.28,0,0.0,0.0,0,0,37.0
2026-02-24,IMPS,Jaipur,1,2898.23,0,0.0,0.0,0,0,17.3
2026-02-24,IMPS,Kochi,2,3955.88,0,0.0,0.0,0,0,34.6
2026-02-24,IMPS,Mumbai,2,7733.24,0,0.0,0.0,0,1,43.75
2026-02-24,IMPS,Pune,4,3743.04,0,0.0,0.0,0,0,33.12
2026-02-24,Internet Banking,Ahmedabad,2,5034.47,0,0.0,0.0,0,0,31.45
2026-02-24,Internet Banking,Bengaluru,5,5552.81,0,0.0,0.0,0,0,30.72
2026-02-24,Internet Banking,Chennai,4,14127.93,1,58.83,25.0,0,1,49.05
2026-02-24,Internet Banking,Delhi,3,1576.2,0,0.0,0.0,0,0,27.67
2026-02-24,Internet Banking,Hyderabad,7,11038.14,0,0.0,0.0,0,0,21.81
2026-02-24,Internet Banking,Jaipur,1,611.72,0,0.0,0.0,0,0,10.7
2026-02-24,Internet Banking,Kochi,2,13077.22,0,0.0,0.0,0,0,47.9
2026-02-24,Internet Banking,Kolkata,4,6923.09,0,0.0,0.0,0,0,27.98
2026-02-24,Internet Banking,Mumbai,1,2688.2,0,0.0,0.0,0,0,31.2
2026-02-24,Mobile Banking,Ahmedabad,3,4004.37,0,0.0,0.0,0,0,20.03
2026-02-24,Mobile Banking,Bengaluru,6,15090.17,0,0.0,0.0,0,0,21.9
2026-02-24,Mobile Banking,Chennai,4,11992.34,0,0.0,0.0,0,0,28.08
2026-02-24,Mobile Banking,Delhi,4,11251.88,0,0.0,0.0,0,0,28.87
2026-02-24,Mobile Banking,Hyderabad,5,30415.96,0,0.0,0.0,0,0,26.98
2026-02-24,Mobile Banking,Jaipur,6,16173.16,0,0.0,0.0,0,0,31.42
2026-02-24,Mobile Banking,Kochi,5,14493.4,0,0.0,0.0,0,0,35.18
2026-02-24,Mobile Banking,Kolkata,5,11151.44,0,0.0,0.0,0,0,21.26
2026-02-24,Mobile Banking,Mumbai,3,15101.1,0,0.0,0.0,0,0,30.37
2026-02-24,Mobile Banking,Pune,9,17061.36,0,0.0,0.0,0,0,28.98
2026-02-24,NEFT,Bengaluru,1,694.51,0,0.0,0.0,0,0,34.1
2026-02-24,NEFT,Delhi,1,1863.55,0,0.0,0.0,0,0,31.8
2026-02-24,NEFT,Hyderabad,3,20181.35,0,0.0,0.0,0,0,34.17
2026-02-24,NEFT,Jaipur,1,2790.31,0,0.0,0.0,0,0,64.6
2026-02-24,NEFT,Kochi,2,7026.1,0,0.0,0.0,0,0,34.5
2026-02-24,NEFT,Kolkata,3,11718.47,0,0.0,0.0,0,0,24.67
2026-02-24,NEFT,Mumbai,5,10935.4,0,0.0,0.0,0,0,24.96
2026-02-24,NEFT,Pune,5,9191.0,0,0.0,0.0,0,1,37.94
2026-02-24,POS,Ahmedabad,5,14089.74,0,0.0,0.0,0,0,43.48
2026-02-24,POS,Bengaluru,3,12427.76,0,0.0,0.0,0,0,26.5
2026-02-24,POS,Chennai,9,68006.84,0,0.0,0.0,0,0,31.2
2026-02-24,POS,Delhi,4,299164.01,1,289574.23,25.0,0,1,37.5
2026-02-24,POS,Hyderabad,9,17758.54,0,0.0,0.0,0,0,26.98
2026-02-24,POS,Jaipur,1,1520.47,0,0.0,0.0,0,0,15.8
2026-02-24,POS,Kochi,6,364899.93,1,351234.45,16.667,0,1,33.33
2026-02-24,POS,Kolkata,4,22497.08,0,0.0,0.0,0,0,31.62
2026-02-24,POS,Mumbai,4,6008.73,0,0.0,0.0,0,0,21.12
2026-02-24,POS,Pune,3,9267.7,0,0.0,0.0,0,0,28.07
2026-02-24,RTGS,Ahmedabad,3,2961057.39,0,0.0,0.0,0,0,32.33
2026-02-24,RTGS,Bengaluru,2,1303243.08,0,0.0,0.0,0,0,54.2
2026-02-24,RTGS,Chennai,2,1394590.11,0,0.0,0.0,0,0,26.5
2026-02-24,RTGS,Delhi,4,4612033.7,0,0.0,0.0,0,0,32.9
2026-02-24,RTGS,Hyderabad,1,396536.24,0,0.0,0.0,0,0,33.0
2026-02-24,RTGS,Jaipur,2,1610320.08,1,305281.81,50.0,0,1,65.2
2026-02-24,RTGS,Kochi,1,1439361.31,0,0.0,0.0,0,0,30.7
2026-02-24,RTGS,Kolkata,1,1303311.31,0,0.0,0.0,0,1,72.6
2026-02-24,RTGS,Mumbai,1,862266.81,0,0.0,0.0,0,0,41.0
2026-02-24,RTGS,Pune,1,683063.09,0,0.0,0.0,0,0,46.3
2026-02-24,UPI,Ahmedabad,8,17731.45,0,0.0,0.0,0,1,34.94
2026-02-24,UPI,Bengaluru,6,13518.14,0,0.0,0.0,0,0,29.98
2026-02-24,UPI,Chennai,8,35432.62,0,0.0,0.0,0,0,32.42
2026-02-24,UPI,Delhi,9,15960.05,0,0.0,0.0,0,0,25.66
2026-02-24,UPI,Hyderabad,9,19787.93,0,0.0,0.0,0,0,28.86
2026-02-24,UPI,Jaipur,7,14239.62,0,0.0,0.0,0,0,26.86
2026-02-24,UPI,Kochi,5,8657.84,0,0.0,0.0,0,0,29.24
2026-02-24,UPI,Kolkata,11,19396.51,1,9.34,9.091,0,0,24.56
2026-02-24,UPI,Mumbai,5,244382.7,1,232883.95,20.0,0,1,34.26
2026-02-24,UPI,Pune,7,12513.94,0,0.0,0.0,0,0,26.16
2026-02-25,ATM,Ahmedabad,3,2847.89,0,0.0,0.0,0,0,24.47
2026-02-25,ATM,Bengaluru,5,14949.79,0,0.0,0.0,0,0,33.44
2026-02-25,ATM,Chennai,2,6844.9,0,0.0,0.0,0,0,24.95
2026-02-25,ATM,Delhi,2,35060.91,0,0.0,0.0,0,0,32.9
2026-02-25,ATM,Hyderabad,5,10586.46,0,0.0,0.0,0,0,33.08
2026-02-25,ATM,Jaipur,6,25541.55,0,0.0,0.0,0,0,27.38
2026-02-25,ATM,Kochi,3,7695.7,0,0.0,0.0,0,0,32.43
2026-02-25,ATM,Kolkata,4,8243.6,0,0.0,0.0,0,0,23.93
2026-02-25,ATM,Mumbai,3,2051.05,0,0.0,0.0,0,0,21.17
2026-02-25,ATM,Pune,2,5813.78,0,0.0,0.0,0,0,40.25
2026-02-25,Branch,Ahmedabad,4,21612.69,0,0.0,0.0,0,0,30.62
2026-02-25,Branch,Bengaluru,1,2089.56,0,0.0,0.0,0,0,23.6
2026-02-25,Branch,Delhi,1,731.7,0,0.0,0.0,0,0,36.4
2026-02-25,Branch,Jaipur,1,93.21,0,0.0,0.0,0,0,9.9
2026-02-25,Branch,Pune,1,1107.86,0,0.0,0.0,0,0,40.7
2026-02-25,IMPS,Ahmedabad,2,1586.79,1,22.31,50.0,0,0,43.05
2026-02-25,IMPS,Bengaluru,3,7496.45,0,0.0,0.0,0,0,13.4
2026-02-25,IMPS,Chennai,2,2941.3,0,0.0,0.0,0,0,17.9
2026-02-25,IMPS,Delhi,1,1225.7,0,0.0,0.0,0,0,22.4
2026-02-25,IMPS,Hyderabad,3,3356.79,0,0.0,0.0,0,0,20.17
2026-02-25,IMPS,Jaipur,3,5874.61,0,0.0,0.0,0,0,23.5
2026-02-25,IMPS,Kochi,4,23575.03,0,0.0,0.0,0,0,34.92
2026-02-25,IMPS,Kolkata,2,6447.6,0,0.0,0.0,0,0,40.7
2026-02-25,IMPS,Mumbai,3,4525.3,0,0.0,0.0,0,0,27.03
2026-02-25,IMPS,Pune,4,8263.55,0,0.0,0.0,0,0,34.3
2026-02-25,Internet Banking,Ahmedabad,2,9568.36,0,0.0,0.0,0,0,16.6
2026-02-25,Internet Banking,Bengaluru,3,15927.07,0,0.0,0.0,0,0,32.1
2026-02-25,Internet Banking,Chennai,5,19320.11,0,0.0,0.0,0,0,28.32
2026-02-25,Internet Banking,Delhi,4,14278.37,0,0.0,0.0,0,0,37.52
2026-02-25,Internet Banking,Hyderabad,3,5088.78,0,0.0,0.0,0,0,28.37
2026-02-25,Internet Banking,Jaipur,2,6119.05,0,0.0,0.0,0,0,20.95
2026-02-25,Internet Banking,Kochi,6,6606.21,0,0.0,0.0,0,0,23.08
2026-02-25,Internet Banking,Kolkata,4,6260.85,0,0.0,0.0,0,0,35.58
2026-02-25,Internet Banking,Mumbai,4,6274.62,0,0.0,0.0,0,0,29.75
2026-02-25,Internet Banking,Pune,3,1623.73,0,0.0,0.0,0,0,19.93
2026-02-25,Mobile Banking,Ahmedabad,7,15132.82,0,0.0,0.0,0,0,31.56
2026-02-25,Mobile Banking,Bengaluru,5,15905.13,0,0.0,0.0,0,0,39.42
2026-02-25,Mobile Banking,Chennai,7,9330.99,0,0.0,0.0,0,0,23.9
2026-02-25,Mobile Banking,Delhi,2,27477.72,0,0.0,0.0,0,0,42.45
2026-02-25,Mobile Banking,Hyderabad,6,15025.29,1,5681.78,16.667,0,0,36.42
2026-02-25,Mobile Banking,Jaipur,2,2458.46,0,0.0,0.0,0,0,27.25
2026-02-25,Mobile Banking,Kochi,7,22998.52,0,0.0,0.0,0,0,27.99
2026-02-25,Mobile Banking,Kolkata,6,8530.65,0,0.0,0.0,0,0,31.43
2026-02-25,Mobile Banking,Mumbai,4,35238.91,0,0.0,0.0,0,1,47.25
2026-02-25,Mobile Banking,Pune,6,28264.22,0,0.0,0.0,0,0,33.6
2026-02-25,NEFT,Ahmedabad,5,11401.93,0,0.0,0.0,0,0,27.56
2026-02-25,NEFT,Bengaluru,7,7656.69,0,0.0,0.0,0,0,25.21
2026-02-25,NEFT,Chennai,1,1619.46,0,0.0,0.0,0,0,54.9
2026-02-25,NEFT,Delhi,3,10583.25,0,0.0,0.0,0,0,28.47
2026-02-25,NEFT,Hyderabad,1,1207.03,0,0.0,0.0,0,0,19.2
2026-02-25,NEFT,Jaipur,3,2947.8,0,0.0,0.0,0,0,25.53
2026-02-25,NEFT,Kochi,1,3548.27,0,0.0,0.0,0,0,54.7
2026-02-25,NEFT,Kolkata,2,3068.05,0,0.0,0.0,0,0,47.1
2026-02-25,NEFT,Mumbai,1,559.21,0,0.0,0.0,0,0,37.2
2026-02-25,NEFT,Pune,2,3589.96,0,0.0,0.0,0,0,12.1
2026-02-25,POS,Ahmedabad,5,15908.43,0,0.0,0.0,0,0,27.08
2026-02-25,POS,Bengaluru,4,10368.2,0,0.0,0.0,0,0,25.35
2026-02-25,POS,Chennai,5,9992.07,0,0.0,0.0,0,0,24.86
2026-02-25,POS,Delhi,3,11670.27,0,0.0,0.0,0,0,21.43
2026-02-25,POS,Hyderabad,7,43571.83,0,0.0,0.0,0,0,28.07
2026-02-25,POS,Jaipur,1,5068.42,0,0.0,0.0,0,0,16.7
2026-02-25,POS,Kochi,2,7719.31,0,0.0,0.0,0,0,35.5
2026-02-25,POS,Kolkata,5,10664.68,0,0.0,0.0,0,0,25.48
2026-02-25,POS,Mumbai,6,23914.33,0,0.0,0.0,0,0,43.8
2026-02-25,POS,Pune,6,18802.83,0,0.0,0.0,0,0,30.47
2026-02-25,RTGS,Ahmedabad,1,911690.57,0,0.0,0.0,0,0,25.3
2026-02-25,RTGS,Bengaluru,1,297122.51,0,0.0,0.0,0,0,31.7
2026-02-25,RTGS,Delhi,1,774398.61,0,0.0,0.0,0,0,29.0
2026-02-25,RTGS,Hyderabad,1,830012.55,0,0.0,0.0,0,0,35.0
2026-02-25,RTGS,Kochi,1,1408687.66,1,1408687.66,100.0,1,0,85.1
2026-02-25,RTGS,Kolkata,2,1412383.69,0,0.0,0.0,0,1,53.3
2026-02-25,RTGS,Mumbai,1,966257.63,0,0.0,0.0,0,0,50.4
2026-02-25,RTGS,Pune,2,1129123.47,0,0.0,0.0,0,0,49.8
2026-02-25,UPI,Ahmedabad,11,20251.58,0,0.0,0.0,0,0,25.39
2026-02-25,UPI,Bengaluru,5,11526.43,0,0.0,0.0,0,0,38.18
2026-02-25,UPI,Chennai,6,12146.5,1,946.26,16.667,0,1,38.58
2026-02-25,UPI,Delhi,2,1333.24,0,0.0,0.0,0,0,27.8
2026-02-25,UPI,Hyderabad,4,11941.26,0,0.0,0.0,0,0,29.8
2026-02-25,UPI,Jaipur,7,35239.71,0,0.0,0.0,0,0,37.63
2026-02-25,UPI,Kochi,6,26113.87,0,0.0,0.0,0,0,23.57
2026-02-25,UPI,Kolkata,5,14152.8,0,0.0,0.0,0,0,34.48
2026-02-25,UPI,Mumbai,6,15817.08,0,0.0,0.0,0,0,29.77
2026-02-25,UPI,Pune,7,15458.9,0,0.0,0.0,0,0,34.13
2026-02-26,ATM,Ahmedabad,3,10713.05,0,0.0,0.0,0,0,31.73
2026-02-26,ATM,Bengaluru,1,1017.64,0,0.0,0.0,0,0,17.8
2026-02-26,ATM,Chennai,2,2193.89,0,0.0,0.0,0,0,16.35
2026-02-26,ATM,Delhi,2,4024.92,0,0.0,0.0,0,0,32.7
2026-02-26,ATM,Hyderabad,3,20999.17,0,0.0,0.0,0,0,33.73
2026-02-26,ATM,Jaipur,1,3224.32,0,0.0,0.0,0,0,52.6
2026-02-26,ATM,Kochi,3,4668.37,0,0.0,0.0,0,0,14.0
2026-02-26,ATM,Kolkata,2,3308.07,0,0.0,0.0,0,0,23.2
2026-02-26,ATM,Mumbai,3,8605.56,0,0.0,0.0,0,0,35.57
2026-02-26,ATM,Pune,5,7728.85,0,0.0,0.0,0,0,32.18
2026-02-26,Branch,Ahmedabad,3,6473.73,0,0.0,0.0,0,0,32.47
2026-02-26,Branch,Delhi,1,698.73,0,0.0,0.0,0,0,36.4
2026-02-26,Branch,Kolkata,1,3450.95,0,0.0,0.0,0,0,33.8
2026-02-26,Branch,Pune,1,1733.05,0,0.0,0.0,0,0,42.3
2026-02-26,IMPS,Ahmedabad,4,398116.39,1,396003.34,25.0,0,0,27.65
2026-02-26,IMPS,Bengaluru,2,17334.29,0,0.0,0.0,0,1,50.7
2026-02-26,IMPS,Chennai,1,408.23,0,0.0,0.0,0,0,35.8
2026-02-26,IMPS,Delhi,3,5924.4,0,0.0,0.0,0,0,29.27
2026-02-26,IMPS,Hyderabad,1,2080.04,0,0.0,0.0,0,0,32.9
2026-02-26,IMPS,Jaipur,4,12639.78,0,0.0,0.0,0,1,36.82
2026-02-26,IMPS,Kochi,3,12492.27,0,0.0,0.0,0,0,38.4
2026-02-26,IMPS,Kolkata,3,6278.7,0,0.0,0.0,0,0,23.7
2026-02-26,IMPS,Mumbai,4,27205.86,0,0.0,0.0,0,0,36.4
2026-02-26,IMPS,Pune,3,18984.83,0,0.0,0.0,0,0,32.5
2026-02-26,Internet Banking,Ahmedabad,2,8024.64,0,0.0,0.0,0,0,22.8
2026-02-26,Internet Banking,Bengaluru,1,636.42,0,0.0,0.0,0,0,17.2
2026-02-26,Internet Banking,Chennai,4,10041.25,0,0.0,0.0,0,0,32.62
2026-02-26,Internet Banking,Delhi,3,9680.18,0,0.0,0.0,0,0,36.2
2026-02-26,Internet Banking,Hyderabad,3,6441.54,0,0.0,0.0,0,0,25.03
2026-02-26,Internet Banking,Jaipur,2,2298.37,0,0.0,0.0,0,0,37.15
2026-02-26,Internet Banking,Kochi,3,12225.74,0,0.0,0.0,0,0,48.27
2026-02-26,Internet Banking,Kolkata,3,12749.35,0,0.0,0.0,0,0,45.77
2026-02-26,Internet Banking,Mumbai,1,1894.9,0,0.0,0.0,0,0,22.6
2026-02-26,Internet Banking,Pune,1,640.91,0,0.0,0.0,0,0,6.8
2026-02-26,Mobile Banking,Ahmedabad,5,5896.32,0,0.0,0.0,0,0,29.6
2026-02-26,Mobile Banking,Bengaluru,3,2771.74,0,0.0,0.0,0,0,25.37
2026-02-26,Mobile Banking,Chennai,5,41437.9,0,0.0,0.0,0,0,28.68
2026-02-26,Mobile Banking,Delhi,3,7662.7,0,0.0,0.0,0,0,43.6
2026-02-26,Mobile Banking,Hyderabad,6,9236.14,0,0.0,0.0,0,0,30.6
2026-02-26,Mobile Banking,Jaipur,7,33456.1,0,0.0,0.0,0,0,37.24
2026-02-26,Mobile Banking,Kochi,6,14123.7,0,0.0,0.0,0,0,20.95
2026-02-26,Mobile Banking,Kolkata,4,5772.69,0,0.0,0.0,0,0,25.37
2026-02-26,Mobile Banking,Mumbai,8,32597.19,0,0.0,0.0,0,0,28.06
2026-02-26,Mobile Banking,Pune,7,442296.9,1,422484.54,14.286,0,0,34.99
2026-02-26,NEFT,Ahmedabad,6,15694.23,0,0.0,0.0,0,0,29.37
2026-02-26,NEFT,Bengaluru,2,5392.7,0,0.0,0.0,0,0,44.4
2026-02-26,NEFT,Chennai,1,446.06,0,0.0,0.0,0,0,21.7
2026-02-26,NEFT,Hyderabad,1,1776.63,0,0.0,0.0,0,0,20.9
2026-02-26,NEFT,Jaipur,2,2409.8,0,0.0,0.0,0,0,22.25
2026-02-26,NEFT,Kochi,3,12912.19,0,0.0,0.0,0,0,35.2
2026-02-26,NEFT,Kolkata,2,3983.74,0,0.0,0.0,0,0,30.85
2026-02-26,NEFT,Mumbai,4,5339.22,0,0.0,0.0,0,0,24.08
2026-02-26,NEFT,Pune,3,2961.03,0,0.0,0.0,0,0,19.97
2026-02-26,POS,Ahmedabad,6,7313.4,0,0.0,0.0,0,0,26.03
2026-02-26,POS,Bengaluru,7,7607.36,0,0.0,0.0,0,0,23.64
2026-02-26,POS,Chennai,6,72285.02,1,58430.33,16.667,0,1,32.18
2026-02-26,POS,Delhi,5,4350.93,0,0.0,0.0,0,0,17.2
2026-02-26,POS,Hyderabad,3,18090.12,0,0.0,0.0,0,0,45.9
2026-02-26,POS,Jaipur,3,4489.58,0,0.0,0.0,0,0,42.2
2026-02-26,POS,Kochi,2,7726.38,0,0.0,0.0,0,0,24.4
2026-02-26,POS,Kolkata,2,7799.87,0,0.0,0.0,0,0,29.35
2026-02-26,POS,Mumbai,2,8126.5,0,0.0,0.0,0,0,34.05
2026-02-26,POS,Pune,2,1326.88,0,0.0,0.0,0,0,19.35
2026-02-26,RTGS,Ahmedabad,1,655389.46,0,0.0,0.0,0,0,33.5
2026-02-26,RTGS,Bengaluru,3,3024911.33,0,0.0,0.0,0,0,37.97
2026-02-26,RTGS,Chennai,2,1920069.25,0,0.0,0.0,0,0,32.15
2026-02-26,RTGS,Delhi,2,1401854.88,0,0.0,0.0,0,0,37.6
2026-02-26,RTGS,Jaipur,2,1449603.77,0,0.0,0.0,0,1,58.25
2026-02-26,RTGS,Kochi,2,2031852.77,0,0.0,0.0,0,0,33.4
2026-02-26,RTGS,Kolkata,2,1190928.07,0,0.0,0.0,0,0,35.8
2026-02-26,RTGS,Mumbai,2,1684750.84,0,0.0,0.0,0,0,37.2
2026-02-26,RTGS,Pune,3,2494005.26,0,0.0,0.0,0,0,44.63
2026-02-26,UPI,Ahmedabad,5,16660.07,0,0.0,0.0,0,0,23.36
2026-02-26,UPI,Bengaluru,9,19358.49,0,0.0,0.0,0,0,35.81
2026-02-26,UPI,Chennai,10,20438.79,1,179.88,10.0,0,1,32.02
2026-02-26,UPI,Delhi,2,971.63,0,0.0,0.0,0,0,19.75
2026-02-26,UPI,Hyderabad,9,24748.46,0,0.0,0.0,0,0,35.97
2026-02-26,UPI,Jaipur,2,1949.83,0,0.0,0.0,0,0,18.45
2026-02-26,UPI,Kochi,4,48508.61,0,0.0,0.0,0,0,37.53
2026-02-26,UPI,Kolkata,2,5963.97,0,0.0,0.0,0,0,17.6
2026-02-26,UPI,Mumbai,6,38280.13,0,0.0,0.0,0,0,42.12
2026-02-26,UPI,Pune,8,20017.49,0,0.0,0.0,0,0,23.07
2026-02-27,ATM,Ahmedabad,2,19391.64,0,0.0,0.0,0,0,31.15
2026-02-27,ATM,Bengaluru,5,13015.48,0,0.0,0.0,0,0,31.72
2026-02-27,ATM,Chennai,1,1399.12,0,0.0,0.0,0,0,34.3
2026-02-27,ATM,Delhi,4,8359.88,0,0.0,0.0,0,0,24.73
2026-02-27,ATM,Hyderabad,2,4427.77,0,0.0,0.0,0,1,45.55
2026-02-27,ATM,Jaipur,2,7825.3,0,0.0,0.0,0,0,35.95
2026-02-27,ATM,Kochi,3,4040.63,0,0.0,0.0,0,0,33.63
2026-02-27,ATM,Kolkata,2,8636.04,0,0.0,0.0,0,0,26.95
2026-02-27,ATM,Mumbai,2,6140.31,0,0.0,0.0,0,0,29.7
2026-02-27,ATM,Pune,3,10333.4,0,0.0,0.0,0,1,32.4
2026-02-27,Branch,Ahmedabad,3,5962.53,0,0.0,0.0,0,0,34.83
2026-02-27,Branch,Chennai,3,12602.38,0,0.0,0.0,0,0,38.63
2026-02-27,Branch,Delhi,2,9135.4,0,0.0,0.0,0,0,29.6
2026-02-27,Branch,Hyderabad,2,10125.2,0,0.0,0.0,0,0,25.3
2026-02-27,Branch,Jaipur,1,12219.61,0,0.0,0.0,0,0,31.8
2026-02-27,Branch,Kolkata,1,146.61,0,0.0,0.0,0,0,31.6
2026-02-27,IMPS,Ahmedabad,2,3735.71,0,0.0,0.0,0,0,43.9
2026-02-27,IMPS,Bengaluru,4,4420.09,0,0.0,0.0,0,0,24.52
2026-02-27,IMPS,Chennai,2,9111.3,0,0.0,0.0,0,0,28.5
2026-02-27,IMPS,Delhi,2,3347.18,0,0.0,0.0,0,0,31.7
2026-02-27,IMPS,Hyderabad,2,5877.76,0,0.0,0.0,0,0,21.2
2026-02-27,IMPS,Jaipur,4,17799.08,0,0.0,0.0,0,0,23.25
2026-02-27,IMPS,Kolkata,2,6990.92,0,0.0,0.0,0,0,35.6
2026-02-27,IMPS,Mumbai,4,17945.38,0,0.0,0.0,0,0,21.73
2026-02-27,IMPS,Pune,3,15638.61,0,0.0,0.0,0,0,28.1
2026-02-27,Internet Banking,Ahmedabad,5,11100.93,0,0.0,0.0,0,0,24.92
2026-02-27,Internet Banking,Bengaluru,4,6573.21,0,0.0,0.0,0,0,36.62
2026-02-27,Internet Banking,Chennai,2,2676.73,0,0.0,0.0,0,0,27.3
2026-02-27,Internet Banking,Delhi,1,8008.21,0,0.0,0.0,0,0,10.9
2026-02-27,Internet Banking,Hyderabad,5,39855.44,1,3944.36,20.0,0,0,40.82
2026-02-27,Internet Banking,Jaipur,3,3435.87,0,0.0,0.0,0,0,15.6
2026-02-27,Internet Banking,Kochi,4,12936.22,0,0.0,0.0,0,0,14.65
2026-02-27,Internet Banking,Kolkata,3,3047.01,0,0.0,0.0,0,0,15.9
2026-02-27,Internet Banking,Mumbai,2,5777.29,0,0.0,0.0,0,0,42.2
2026-02-27,Internet Banking,Pune,3,13000.44,0,0.0,0.0,0,0,32.2
2026-02-27,Mobile Banking,Ahmedabad,6,9697.18,1,18.8,16.667,0,0,43.48
2026-02-27,Mobile Banking,Bengaluru,5,7268.06,0,0.0,0.0,0,0,19.92
2026-02-27,Mobile Banking,Chennai,4,8262.33,0,0.0,0.0,0,0,27.2
2026-02-27,Mobile Banking,Delhi,4,5050.56,0,0.0,0.0,0,0,27.43
2026-02-27,Mobile Banking,Hyderabad,3,6012.76,0,0.0,0.0,0,0,34.33
2026-02-27,Mobile Banking,Jaipur,6,16239.27,0,0.0,0.0,0,0,34.42
2026-02-27,Mobile Banking,Kochi,5,15466.65,0,0.0,0.0,0,0,26.22
2026-02-27,Mobile Banking,Kolkata,5,6009.84,0,0.0,0.0,0,0,26.74
2026-02-27,Mobile Banking,Mumbai,6,13084.27,0,0.0,0.0,0,0,30.93
2026-02-27,Mobile Banking,Pune,7,209074.05,1,177476.83,14.286,0,0,24.26
2026-02-27,NEFT,Ahmedabad,1,644.76,0,0.0,0.0,0,0,10.4
2026-02-27,NEFT,Bengaluru,3,3800.63,0,0.0,0.0,0,0,34.2
2026-02-27,NEFT,Chennai,1,497.72,0,0.0,0.0,0,0,31.2
2026-02-27,NEFT,Delhi,2,4207.08,0,0.0,0.0,0,0,25.3
2026-02-27,NEFT,Hyderabad,1,4590.46,0,0.0,0.0,0,0,22.7
2026-02-27,NEFT,Jaipur,2,2841.29,0,0.0,0.0,0,0,24.7
2026-02-27,NEFT,Kochi,2,1044.17,0,0.0,0.0,0,0,14.05
2026-02-27,NEFT,Kolkata,1,110.04,0,0.0,0.0,0,0,33.2
2026-02-27,NEFT,Mumbai,5,11060.32,0,0.0,0.0,0,0,43.72
2026-02-27,NEFT,Pune,2,4517.35,0,0.0,0.0,0,0,27.95
2026-02-27,POS,Ahmedabad,4,8970.9,0,0.0,0.0,0,0,22.7
2026-02-27,POS,Bengaluru,6,25431.06,0,0.0,0.0,0,0,32.12
2026-02-27,POS,Chennai,4,18857.76,0,0.0,0.0,0,0,33.2
2026-02-27,POS,Delhi,1,1339.92,0,0.0,0.0,0,0,28.5
2026-02-27,POS,Hyderabad,5,7038.41,0,0.0,0.0,0,0,22.8
2026-02-27,POS,Jaipur,2,49027.96,0,0.0,0.0,0,0,20.55
2026-02-27,POS,Kochi,2,4530.96,0,0.0,0.0,0,0,34.65
2026-02-27,POS,Kolkata,2,1055.81,0,0.0,0.0,0,0,11.15
2026-02-27,POS,Mumbai,5,27033.9,0,0.0,0.0,0,0,28.32
2026-02-27,POS,Pune,2,1407.89,0,0.0,0.0,0,0,14.5
2026-02-27,RTGS,Ahmedabad,1,911021.19,0,0.0,0.0,0,0,32.7
2026-02-27,RTGS,Hyderabad,1,1046845.45,0,0.0,0.0,0,0,29.8
2026-02-27,RTGS,Jaipur,3,1071215.07,0,0.0,0.0,0,0,35.7
2026-02-27,RTGS,Kochi,2,1636590.66,0,0.0,0.0,0,0,32.6
2026-02-27,RTGS,Kolkata,1,1233290.4,0,0.0,0.0,0,0,47.6
2026-02-27,RTGS,Pune,2,1871516.53,0,0.0,0.0,0,0,41.55
2026-02-27,UPI,Ahmedabad,7,19821.91,0,0.0,0.0,0,0,26.8
2026-02-27,UPI,Bengaluru,4,18652.97,0,0.0,0.0,0,0,28.85
2026-02-27,UPI,Chennai,3,3309.28,0,0.0,0.0,0,0,20.57
2026-02-27,UPI,Delhi,8,20413.23,0,0.0,0.0,0,0,34.39
2026-02-27,UPI,Hyderabad,7,20765.12,0,0.0,0.0,0,0,28.4
2026-02-27,UPI,Jaipur,6,21479.1,0,0.0,0.0,0,0,31.78
2026-02-27,UPI,Kochi,6,24805.51,0,0.0,0.0,0,0,26.77
2026-02-27,UPI,Kolkata,6,30374.01,0,0.0,0.0,0,1,40.53
2026-02-27,UPI,Mumbai,6,16380.15,0,0.0,0.0,0,0,21.82
2026-02-27,UPI,Pune,7,13969.08,0,0.0,0.0,0,0,29.6
2026-02-28,ATM,Ahmedabad,6,11365.13,0,0.0,0.0,0,0,24.07
2026-02-28,ATM,Bengaluru,2,1437.41,0,0.0,0.0,0,0,29.9
2026-02-28,ATM,Chennai,3,4416.86,0,0.0,0.0,0,0,27.73
2026-02-28,ATM,Delhi,6,22383.05,0,0.0,0.0,0,1,24.32
2026-02-28,ATM,Jaipur,4,14786.97,0,0.0,0.0,0,0,29.18
2026-02-28,ATM,Kochi,3,9779.82,0,0.0,0.0,0,0,36.7
2026-02-28,ATM,Kolkata,5,39521.63,0,0.0,0.0,0,0,28.7
2026-02-28,ATM,Mumbai,1,8705.91,0,0.0,0.0,0,0,54.3
2026-02-28,ATM,Pune,2,2884.3,0,0.0,0.0,0,0,36.7
2026-02-28,Branch,Bengaluru,2,400.61,0,0.0,0.0,0,0,35.1
2026-02-28,Branch,Chennai,1,4014.5,0,0.0,0.0,0,0,25.2
2026-02-28,Branch,Delhi,2,2721.98,0,0.0,0.0,0,0,27.8
2026-02-28,Branch,Kochi,1,1793.31,0,0.0,0.0,0,0,38.2
2026-02-28,Branch,Kolkata,1,1505.03,0,0.0,0.0,0,0,29.7
2026-02-28,Branch,Mumbai,1,4207.08,0,0.0,0.0,0,0,31.8
2026-02-28,IMPS,Bengaluru,3,11930.89,0,0.0,0.0,0,0,41.47
2026-02-28,IMPS,Chennai,3,3531.32,0,0.0,0.0,0,0,38.17
2026-02-28,IMPS,Delhi,2,4062.42,0,0.0,0.0,0,0,35.2
2026-02-28,IMPS,Hyderabad,3,4245.69,0,0.0,0.0,0,0,19.37
2026-02-28,IMPS,Kochi,3,8136.52,0,0.0,0.0,0,0,22.93
2026-02-28,IMPS,Kolkata,2,3516.29,0,0.0,0.0,0,0,33.3
2026-02-28,IMPS,Mumbai,1,8437.38,0,0.0,0.0,0,0,46.8
2026-02-28,IMPS,Pune,1,2078.58,0,0.0,0.0,0,0,54.0
2026-02-28,Internet Banking,Ahmedabad,2,7213.99,0,0.0,0.0,0,0,14.25
2026-02-28,Internet Banking,Bengaluru,6,22371.5,0,0.0,0.0,0,0,29.27
2026-02-28,Internet Banking,Chennai,6,12103.55,0,0.0,0.0,0,0,32.93
2026-02-28,Internet Banking,Delhi,1,8652.72,0,0.0,0.0,0,1,67.4
2026-02-28,Internet Banking,Hyderabad,4,8574.84,0,0.0,0.0,0,0,28.43
2026-02-28,Internet Banking,Jaipur,6,8767.55,0,0.0,0.0,0,0,25.17
2026-02-28,Internet Banking,Kochi,2,3419.17,0,0.0,0.0,0,0,24.6
2026-02-28,Internet Banking,Kolkata,3,12343.34,0,0.0,0.0,0,0,28.47
2026-02-28,Internet Banking,Mumbai,2,6791.94,0,0.0,0.0,0,0,34.25
2026-02-28,Internet Banking,Pune,5,42707.44,0,0.0,0.0,0,0,27.9
2026-02-28,Mobile Banking,Ahmedabad,6,18561.49,0,0.0,0.0,0,0,34.32
2026-02-28,Mobile Banking,Bengaluru,2,2797.55,0,0.0,0.0,0,0,28.65
2026-02-28,Mobile Banking,Chennai,5,18476.39,0,0.0,0.0,0,0,22.3
2026-02-28,Mobile Banking,Delhi,6,10839.84,0,0.0,0.0,0,1,30.08
2026-02-28,Mobile Banking,Hyderabad,5,5071.35,1,776.84,20.0,0,1,35.28
2026-02-28,Mobile Banking,Jaipur,5,14104.27,0,0.0,0.0,0,0,23.14
2026-02-28,Mobile Banking,Kochi,5,9500.56,0,0.0,0.0,0,0,31.2
2026-02-28,Mobile Banking,Kolkata,3,5900.98,0,0.0,0.0,0,0,31.33
2026-02-28,Mobile Banking,Mumbai,6,17343.7,0,0.0,0.0,0,0,35.05
2026-02-28,Mobile Banking,Pune,8,14164.32,0,0.0,0.0,0,0,20.75
2026-02-28,NEFT,Ahmedabad,1,3385.06,0,0.0,0.0,0,0,40.7
2026-02-28,NEFT,Bengaluru,3,6027.34,0,0.0,0.0,0,0,29.43
2026-02-28,NEFT,Chennai,7,12930.98,1,4360.18,14.286,0,0,27.16
2026-02-28,NEFT,Delhi,4,202011.3,1,183173.8,25.0,0,0,41.0
2026-02-28,NEFT,Hyderabad,3,24812.31,0,0.0,0.0,0,0,43.0
2026-02-28,NEFT,Jaipur,3,5173.88,0,0.0,0.0,0,0,30.9
2026-02-28,NEFT,Kochi,1,2281.14,0,0.0,0.0,0,0,29.8
2026-02-28,NEFT,Kolkata,4,12081.47,0,0.0,0.0,0,0,22.73
2026-02-28,NEFT,Mumbai,2,3379.96,0,0.0,0.0,0,0,41.7
2026-02-28,NEFT,Pune,2,14390.84,0,0.0,0.0,0,0,44.0
2026-02-28,POS,Ahmedabad,7,28809.9,0,0.0,0.0,0,0,38.11
2026-02-28,POS,Bengaluru,2,9742.81,0,0.0,0.0,0,0,16.95
2026-02-28,POS,Chennai,1,1582.66,0,0.0,0.0,0,0,36.6
2026-02-28,POS,Delhi,8,529254.7,2,516822.35,25.0,0,1,33.98
2026-02-28,POS,Hyderabad,2,21214.81,0,0.0,0.0,0,0,45.95
2026-02-28,POS,Jaipur,3,4207.57,0,0.0,0.0,0,0,20.03
2026-02-28,POS,Kochi,8,19611.46,0,0.0,0.0,0,0,20.75
2026-02-28,POS,Kolkata,8,28827.14,0,0.0,0.0,0,0,32.9
2026-02-28,POS,Mumbai,4,17036.07,0,0.0,0.0,0,0,20.08
2026-02-28,POS,Pune,3,13643.86,0,0.0,0.0,0,0,24.6
2026-02-28,RTGS,Ahmedabad,1,346461.32,0,0.0,0.0,0,0,28.9
2026-02-28,RTGS,Chennai,2,1535625.44,0,0.0,0.0,0,1,53.45
2026-02-28,RTGS,Hyderabad,1,1058540.02,0,0.0,0.0,0,0,33.8
2026-02-28,RTGS,Jaipur,2,2291258.16,0,0.0,0.0,0,1,52.55
2026-02-28,RTGS,Kolkata,4,3435773.81,0,0.0,0.0,0,0,38.12
2026-02-28,RTGS,Mumbai,3,2636343.84,0,0.0,0.0,0,0,49.03
2026-02-28,RTGS,Pune,1,719301.49,0,0.0,0.0,0,1,65.8
2026-02-28,UPI,Ahmedabad,6,201926.96,1,171819.97,16.667,0,2,41.08
2026-02-28,UPI,Bengaluru,8,351122.75,1,330619.16,12.5,0,1,32.59
2026-02-28,UPI,Chennai,5,7268.17,0,0.0,0.0,0,0,35.48
2026-02-28,UPI,Delhi,4,9542.09,0,0.0,0.0,0,0,19.35
2026-02-28,UPI,Hyderabad,10,30840.74,0,0.0,0.0,0,0,22.62
2026-02-28,UPI,Jaipur,9,20320.72,0,0.0,0.0,0,0,24.8
2026-02-28,UPI,Kochi,3,12270.18,0,0.0,0.0,0,0,24.23
2026-02-28,UPI,Kolkata,5,8327.35,0,0.0,0.0,0,1,36.6
2026-02-28,UPI,Mumbai,11,74895.39,2,1240.37,18.182,0,2,40.84
2026-02-28,UPI,Pune,9,23374.01,0,0.0,0.0,0,0,25.47
2026-03-01,ATM,Ahmedabad,2,940.38,0,0.0,0.0,0,0,24.8
2026-03-01,ATM,Bengaluru,5,7761.23,0,0.0,0.0,0,0,41.8
2026-03-01,ATM,Chennai,4,6874.98,0,0.0,0.0,0,0,17.3
2026-03-01,ATM,Delhi,1,291.1,0,0.0,0.0,0,0,44.3
2026-03-01,ATM,Hyderabad,1,662.03,1,662.03,100.0,0,0,64.8
2026-03-01,ATM,Jaipur,1,4708.08,0,0.0,0.0,0,0,28.9
2026-03-01,ATM,Kolkata,6,10098.7,0,0.0,0.0,0,0,22.52
2026-03-01,ATM,Mumbai,2,3278.82,0,0.0,0.0,0,0,45.6
2026-03-01,ATM,Pune,2,15131.4,0,0.0,0.0,0,0,41.25
2026-03-01,Branch,Bengaluru,2,1316.66,0,0.0,0.0,0,0,12.35
2026-03-01,Branch,Hyderabad,1,299.32,0,0.0,0.0,0,0,12.6
2026-03-01,Branch,Jaipur,3,1890.03,0,0.0,0.0,0,0,23.5
2026-03-01,Branch,Mumbai,1,997.76,0,0.0,0.0,0,0,34.1
2026-03-01,Branch,Pune,1,183.47,0,0.0,0.0,0,0,29.9
2026-03-01,IMPS,Ahmedabad,2,1777.48,0,0.0,0.0,0,0,18.85
2026-03-01,IMPS,Bengaluru,5,28125.29,0,0.0,0.0,0,0,22.4
2026-03-01,IMPS,Delhi,2,2149.04,0,0.0,0.0,0,0,11.35
2026-03-01,IMPS,Hyderabad,4,4061.77,0,0.0,0.0,0,0,27.6
2026-03-01,IMPS,Jaipur,2,1957.13,0,0.0,0.0,0,0,23.5
2026-03-01,IMPS,Kochi,4,12844.34,0,0.0,0.0,0,0,25.93
2026-03-01,IMPS,Kolkata,2,2472.09,0,0.0,0.0,0,0,42.5
2026-03-01,IMPS,Mumbai,4,27967.01,0,0.0,0.0,0,0,24.48
2026-03-01,Internet Banking,Ahmedabad,2,1637.94,0,0.0,0.0,0,0,23.75
2026-03-01,Internet Banking,Bengaluru,2,10629.6,0,0.0,0.0,0,0,43.9
2026-03-01,Internet Banking,Chennai,3,11926.38,0,0.0,0.0,0,0,18.8
2026-03-01,Internet Banking,Delhi,2,3027.71,0,0.0,0.0,0,0,23.4
2026-03-01,Internet Banking,Hyderabad,2,10836.72,0,0.0,0.0,0,0,28.3
2026-03-01,Internet Banking,Jaipur,3,3041.58,0,0.0,0.0,0,0,22.0
2026-03-01,Internet Banking,Kochi,3,36472.75,0,0.0,0.0,0,0,46.2
2026-03-01,Internet Banking,Kolkata,2,1440.52,0,0.0,0.0,0,0,11.75
2026-03-01,Internet Banking,Mumbai,1,416.69,0,0.0,0.0,0,0,27.1
2026-03-01,Internet Banking,Pune,3,4372.98,0,0.0,0.0,0,0,25.07
2026-03-01,Mobile Banking,Ahmedabad,4,13526.27,0,0.0,0.0,0,0,40.8
2026-03-01,Mobile Banking,Bengaluru,6,9907.79,0,0.0,0.0,0,0,31.4
2026-03-01,Mobile Banking,Chennai,5,6305.78,0,0.0,0.0,0,0,26.46
2026-03-01,Mobile Banking,Delhi,5,8856.6,0,0.0,0.0,0,0,35.68
2026-03-01,Mobile Banking,Hyderabad,3,5743.02,0,0.0,0.0,0,0,25.17
2026-03-01,Mobile Banking,Jaipur,4,18501.07,0,0.0,0.0,0,0,25.9
2026-03-01,Mobile Banking,Kochi,2,3202.5,0,0.0,0.0,0,0,24.95
2026-03-01,Mobile Banking,Kolkata,6,20716.3,0,0.0,0.0,0,0,36.23
2026-03-01,Mobile Banking,Mumbai,4,6328.5,0,0.0,0.0,0,0,26.3
2026-03-01,Mobile Banking,Pune,3,1228.27,0,0.0,0.0,0,0,15.8
2026-03-01,NEFT,Ahmedabad,4,12733.44,0,0.0,0.0,0,0,28.75
2026-03-01,NEFT,Bengaluru,2,4562.09,0,0.0,0.0,0,0,28.35
2026-03-01,NEFT,Chennai,1,266.57,0,0.0,0.0,0,0,52.2
2026-03-01,NEFT,Delhi,1,630.57,0,0.0,0.0,0,0,16.0
2026-03-01,NEFT,Hyderabad,2,3748.89,0,0.0,0.0,0,0,29.85
2026-03-01,NEFT,Jaipur,2,8592.12,0,0.0,0.0,0,0,33.5
2026-03-01,NEFT,Kochi,3,9060.33,0,0.0,0.0,0,0,30.8
2026-03-01,NEFT,Kolkata,9,168652.93,1,153836.93,11.111,0,0,26.74
2026-03-01,NEFT,Mumbai,2,2227.37,0,0.0,0.0,0,0,29.3
2026-03-01,NEFT,Pune,2,8636.14,0,0.0,0.0,0,0,44.2
2026-03-01,POS,Ahmedabad,7,7869.63,0,0.0,0.0,0,0,22.99
2026-03-01,POS,Bengaluru,8,9688.92,0,0.0,0.0,0,0,25.11
2026-03-01,POS,Chennai,2,8992.16,0,0.0,0.0,0,0,47.9
2026-03-01,POS,Delhi,3,4104.25,0,0.0,0.0,0,0,22.17
2026-03-01,POS,Hyderabad,3,5265.86,0,0.0,0.0,0,0,18.83
2026-03-01,POS,Jaipur,3,245286.1,1,240226.56,33.333,0,1,39.7
2026-03-01,POS,Kochi,5,37800.62,0,0.0,0.0,0,0,31.54
2026-03-01,POS,Kolkata,3,12359.46,0,0.0,0.0,0,0,25.47
2026-03-01,POS,Mumbai,11,36244.58,0,0.0,0.0,0,0,23.63
2026-03-01,POS,Pune,6,16509.46,0,0.0,0.0,0,0,31.18
2026-03-01,RTGS,Ahmedabad,1,1413267.06,0,0.0,0.0,0,0,39.6
2026-03-01,RTGS,Bengaluru,1,665510.15,0,0.0,0.0,0,0,51.1
2026-03-01,RTGS,Delhi,1,218660.73,1,218660.73,100.0,1,0,94.2
2026-03-01,RTGS,Hyderabad,2,1454043.36,0,0.0,0.0,0,0,35.75
2026-03-01,RTGS,Jaipur,2,1413009.77,0,0.0,0.0,0,0,38.2
2026-03-01,RTGS,Kochi,2,2167158.54,0,0.0,0.0,0,0,40.8
2026-03-01,RTGS,Mumbai,1,774164.5,0,0.0,0.0,0,0,33.7
2026-03-01,UPI,Ahmedabad,8,23587.8,0,0.0,0.0,0,0,22.78
2026-03-01,UPI,Bengaluru,5,17618.72,0,0.0,0.0,0,0,25.82
2026-03-01,UPI,Chennai,6,6593.74,0,0.0,0.0,0,0,33.12
2026-03-01,UPI,Delhi,4,13210.31,0,0.0,0.0,0,0,24.77
2026-03-01,UPI,Hyderabad,17,641557.55,1,593617.25,5.882,0,2,34.11
2026-03-01,UPI,Jaipur,8,20001.29,0,0.0,0.0,0,0,28.41
2026-03-01,UPI,Kochi,3,13686.86,0,0.0,0.0,0,0,38.8
2026-03-01,UPI,Kolkata,6,10090.12,0,0.0,0.0,0,0,33.07
2026-03-01,UPI,Mumbai,11,29960.24,0,0.0,0.0,0,1,29.62
2026-03-01,UPI,Pune,5,19072.22,0,0.0,0.0,0,0,28.56
2026-03-02,ATM,Ahmedabad,3,1125.82,0,0.0,0.0,0,0,34.43
2026-03-02,ATM,Bengaluru,6,13346.24,0,0.0,0.0,0,0,24.72
2026-03-02,ATM,Chennai,3,6501.22,0,0.0,0.0,0,0,47.5
2026-03-02,ATM,Delhi,4,8826.53,0,0.0,0.0,0,0,25.48
2026-03-02,ATM,Hyderabad,1,133137.09,1,133137.09,100.0,0,0,54.0
2026-03-02,ATM,Jaipur,1,2433.46,0,0.0,0.0,0,0,39.7
2026-03-02,ATM,Kochi,4,20801.6,0,0.0,0.0,0,0,33.98
2026-03-02,ATM,Kolkata,1,363.26,0,0.0,0.0,0,0,37.0
2026-03-02,ATM,Mumbai,2,5803.71,0,0.0,0.0,0,0,50.85
2026-03-02,ATM,Pune,2,12778.84,0,0.0,0.0,0,0,27.65
2026-03-02,Branch,Chennai,1,3617.97,0,0.0,0.0,0,0,19.0
2026-03-02,Branch,Jaipur,2,5963.63,0,0.0,0.0,0,0,23.3
2026-03-02,IMPS,Chennai,3,7719.23,0,0.0,0.0,0,0,29.8
2026-03-02,IMPS,Delhi,3,3568.11,0,0.0,0.0,0,0,35.57
2026-03-02,IMPS,Hyderabad,3,5402.76,0,0.0,0.0,0,0,29.8
2026-03-02,IMPS,Jaipur,1,3613.91,0,0.0,0.0,0,0,10.6
2026-03-02,IMPS,Kochi,6,22995.46,0,0.0,0.0,0,0,31.82
2026-03-02,IMPS,Kolkata,3,3574.43,0,0.0,0.0,0,0,27.6
2026-03-02,IMPS,Pune,3,22507.88,0,0.0,0.0,0,0,47.27
2026-03-02,Internet Banking,Ahmedabad,3,53360.96,0,0.0,0.0,0,0,33.27
2026-03-02,Internet Banking,Bengaluru,3,6112.57,0,0.0,0.0,0,0,45.4
2026-03-02,Internet Banking,Chennai,4,13641.39,0,0.0,0.0,0,0,28.1
2026-03-02,Internet Banking,Delhi,4,10668.68,0,0.0,0.0,0,0,28.92
2026-03-02,Internet Banking,Hyderabad,1,764.02,0,0.0,0.0,0,0,5.1
2026-03-02,Internet Banking,Jaipur,2,8490.52,0,0.0,0.0,0,0,25.65
2026-03-02,Internet Banking,Mumbai,3,14660.12,0,0.0,0.0,0,0,29.8
2026-03-02,Internet Banking,Pune,8,16385.14,0,0.0,0.0,0,1,33.94
2026-03-02,Mobile Banking,Ahmedabad,9,41330.08,0,0.0,0.0,0,0,30.18
2026-03-02,Mobile Banking,Bengaluru,10,37783.03,0,0.0,0.0,0,1,28.57
2026-03-02,Mobile Banking,Chennai,4,6086.17,0,0.0,0.0,0,0,29.77
2026-03-02,Mobile Banking,Delhi,1,5210.73,0,0.0,0.0,0,0,44.7
2026-03-02,Mobile Banking,Hyderabad,6,30252.25,0,0.0,0.0,0,0,32.27
2026-03-02,Mobile Banking,Jaipur,3,5740.8,0,0.0,0.0,0,0,21.23
2026-03-02,Mobile Banking,Kochi,7,24930.89,0,0.0,0.0,0,0,28.77
2026-03-02,Mobile Banking,Kolkata,4,5766.24,0,0.0,0.0,0,0,17.08
2026-03-02,Mobile Banking,Mumbai,2,5937.3,0,0.0,0.0,0,0,32.8
2026-03-02,Mobile Banking,Pune,4,7526.29,0,0.0,0.0,0,0,27.25
2026-03-02,NEFT,Ahmedabad,4,6386.7,0,0.0,0.0,0,0,14.5
2026-03-02,NEFT,Bengaluru,3,4289.6,0,0.0,0.0,0,0,35.53
2026-03-02,NEFT,Delhi,1,5377.1,0,0.0,0.0,0,0,31.5
2026-03-02,NEFT,Hyderabad,1,5809.0,0,0.0,0.0,0,0,49.6
2026-03-02,NEFT,Jaipur,3,7808.96,0,0.0,0.0,0,0,31.6
2026-03-02,NEFT,Kochi,3,2287.87,1,798.16,33.333,1,0,41.2
2026-03-02,NEFT,Kolkata,2,1839.05,1,568.2,50.0,0,0,39.25
2026-03-02,NEFT,Pune,2,6913.52,0,0.0,0.0,0,0,23.1
2026-03-02,POS,Ahmedabad,5,16698.82,0,0.0,0.0,0,0,39.5
2026-03-02,POS,Bengaluru,2,44023.26,0,0.0,0.0,0,0,40.25
2026-03-02,POS,Chennai,6,19051.37,0,0.0,0.0,0,1,34.92
2026-03-02,POS,Delhi,4,5574.33,0,0.0,0.0,0,0,31.78
2026-03-02,POS,Hyderabad,5,20129.46,0,0.0,0.0,0,0,24.9
2026-03-02,POS,Jaipur,3,11603.84,0,0.0,0.0,0,0,33.6
2026-03-02,POS,Kochi,5,19964.57,0,0.0,0.0,0,0,33.14
2026-03-02,POS,Kolkata,2,1671.02,0,0.0,0.0,0,0,43.35
2026-03-02,POS,Mumbai,2,643.58,0,0.0,0.0,0,0,33.15
2026-03-02,POS,Pune,6,8138.27,0,0.0,0.0,0,0,19.68
2026-03-02,RTGS,Bengaluru,2,1618053.58,0,0.0,0.0,0,0,35.4
2026-03-02,RTGS,Hyderabad,2,1946736.35,0,0.0,0.0,0,0,53.4
2026-03-02,RTGS,Jaipur,2,1653394.13,0,0.0,0.0,0,1,52.05
2026-03-02,RTGS,Kolkata,3,2101951.98,0,0.0,0.0,0,0,40.63
2026-03-02,RTGS,Mumbai,2,2239883.07,0,0.0,0.0,0,0,42.1
2026-03-02,UPI,Ahmedabad,4,10562.1,0,0.0,0.0,0,0,30.33
2026-03-02,UPI,Bengaluru,9,19494.73,1,3161.02,11.111,0,1,24.98
2026-03-02,UPI,Chennai,5,16102.34,0,0.0,0.0,0,0,24.48
2026-03-02,UPI,Delhi,5,14314.78,0,0.0,0.0,0,0,24.08
2026-03-02,UPI,Hyderabad,10,15480.14,0,0.0,0.0,0,1,27.32
2026-03-02,UPI,Jaipur,6,8953.46,0,0.0,0.0,0,0,28.5
2026-03-02,UPI,Kochi,7,31694.05,0,0.0,0.0,0,1,31.07
2026-03-02,UPI,Kolkata,5,6942.96,0,0.0,0.0,0,0,28.14
2026-03-02,UPI,Mumbai,5,11403.29,0,0.0,0.0,0,1,27.74
2026-03-02,UPI,Pune,6,17149.64,0,0.0,0.0,0,0,36.08
2026-03-03,ATM,Ahmedabad,1,2315.49,0,0.0,0.0,0,0,36.1
2026-03-03,ATM,Bengaluru,2,1598.36,0,0.0,0.0,0,0,23.55
2026-03-03,ATM,Chennai,6,13495.12,0,0.0,0.0,0,0,23.73
2026-03-03,ATM,Delhi,3,9280.28,0,0.0,0.0,0,0,25.87
2026-03-03,ATM,Hyderabad,2,1823.1,0,0.0,0.0,0,0,25.8
2026-03-03,ATM,Jaipur,2,6732.85,0,0.0,0.0,0,0,28.75
2026-03-03,ATM,Kochi,2,6284.51,0,0.0,0.0,0,0,47.65
2026-03-03,ATM,Kolkata,3,4434.19,0,0.0,0.0,0,0,45.13
2026-03-03,ATM,Mumbai,1,3928.05,0,0.0,0.0,0,0,46.0
2026-03-03,ATM,Pune,3,2983.02,1,65.43,33.333,0,0,31.4
2026-03-03,Branch,Ahmedabad,1,443.56,0,0.0,0.0,0,0,7.9
2026-03-03,Branch,Bengaluru,1,1622.47,0,0.0,0.0,0,0,36.5
2026-03-03,Branch,Chennai,1,827.91,0,0.0,0.0,0,0,21.2
2026-03-03,Branch,Jaipur,1,244.1,0,0.0,0.0,0,0,16.4
2026-03-03,Branch,Kochi,2,19595.09,0,0.0,0.0,0,0,33.8
2026-03-03,Branch,Kolkata,1,784.7,0,0.0,0.0,0,0,32.9
2026-03-03,Branch,Mumbai,2,2160.06,0,0.0,0.0,0,0,26.75
2026-03-03,Branch,Pune,1,7049.91,0,0.0,0.0,0,0,54.6
2026-03-03,IMPS,Ahmedabad,2,2475.64,0,0.0,0.0,0,0,21.05
2026-03-03,IMPS,Bengaluru,3,1217.18,0,0.0,0.0,0,0,21.13
2026-03-03,IMPS,Delhi,1,444.97,0,0.0,0.0,0,0,39.1
2026-03-03,IMPS,Jaipur,3,7721.14,0,0.0,0.0,0,0,34.13
2026-03-03,IMPS,Kochi,6,12607.06,0,0.0,0.0,0,0,25.77
2026-03-03,IMPS,Kolkata,2,3914.07,0,0.0,0.0,0,0,25.4
2026-03-03,IMPS,Mumbai,3,4249.9,0,0.0,0.0,0,0,13.7
2026-03-03,IMPS,Pune,1,2566.46,0,0.0,0.0,0,0,14.5
2026-03-03,Internet Banking,Ahmedabad,5,12326.2,0,0.0,0.0,0,0,33.18
2026-03-03,Internet Banking,Bengaluru,1,2762.68,0,0.0,0.0,0,0,31.1
2026-03-03,Internet Banking,Chennai,4,7484.58,0,0.0,0.0,0,0,27.68
2026-03-03,Internet Banking,Delhi,5,8743.44,0,0.0,0.0,0,0,25.22
2026-03-03,Internet Banking,Hyderabad,6,317323.01,1,309164.95,16.667,0,1,36.32
2026-03-03,Internet Banking,Jaipur,3,1809.13,0,0.0,0.0,0,0,22.27
2026-03-03,Internet Banking,Kochi,3,39751.83,1,36134.77,33.333,1,1,59.47
2026-03-03,Internet Banking,Kolkata,4,9521.58,0,0.0,0.0,0,0,24.68
2026-03-03,Internet Banking,Mumbai,2,4384.93,0,0.0,0.0,0,0,34.75
2026-03-03,Internet Banking,Pune,4,11577.39,0,0.0,0.0,0,0,29.35
2026-03-03,Mobile Banking,Ahmedabad,5,44274.79,1,5966.81,20.0,1,1,54.9
2026-03-03,Mobile Banking,Bengaluru,6,18583.71,0,0.0,0.0,0,0,35.73
2026-03-03,Mobile Banking,Chennai,5,11778.25,0,0.0,0.0,0,0,27.68
2026-03-03,Mobile Banking,Delhi,5,15208.33,0,0.0,0.0,0,0,30.0
2026-03-03,Mobile Banking,Hyderabad,4,8205.7,0,0.0,0.0,0,0,30.15
2026-03-03,Mobile Banking,Jaipur,6,17597.09,0,0.0,0.0,0,1,32.4
2026-03-03,Mobile Banking,Kochi,2,1856.81,0,0.0,0.0,0,0,27.65
2026-03-03,Mobile Banking,Kolkata,5,6303.29,0,0.0,0.0,0,0,19.18
2026-03-03,Mobile Banking,Mumbai,7,16766.35,1,1793.02,14.286,0,0,37.83
2026-03-03,Mobile Banking,Pune,5,15102.5,0,0.0,0.0,0,0,25.68
2026-03-03,NEFT,Ahmedabad,2,2996.18,0,0.0,0.0,0,0,28.9
2026-03-03,NEFT,Bengaluru,3,3479.24,0,0.0,0.0,0,0,23.33
2026-03-03,NEFT,Chennai,1,1134.32,0,0.0,0.0,0,0,14.3
2026-03-03,NEFT,Delhi,2,22176.29,0,0.0,0.0,0,0,30.55
2026-03-03,NEFT,Kochi,2,1319.65,0,0.0,0.0,0,0,38.1
2026-03-03,NEFT,Kolkata,2,2100.15,0,0.0,0.0,0,0,14.85
2026-03-03,NEFT,Mumbai,5,18582.87,0,0.0,0.0,0,0,35.08
2026-03-03,POS,Ahmedabad,1,927.24,0,0.0,0.0,0,0,39.8
2026-03-03,POS,Bengaluru,5,19268.5,0,0.0,0.0,0,0,22.7
2026-03-03,POS,Chennai,6,15808.23,0,0.0,0.0,0,0,38.83
2026-03-03,POS,Delhi,2,2197.89,0,0.0,0.0,0,0,25.45
2026-03-03,POS,Hyderabad,4,8696.29,0,0.0,0.0,0,0,30.02
2026-03-03,POS,Jaipur,4,10697.84,1,8978.03,25.0,0,0,30.68
2026-03-03,POS,Kolkata,1,731.98,0,0.0,0.0,0,0,24.3
2026-03-03,POS,Mumbai,5,9289.35,0,0.0,0.0,0,0,25.64
2026-03-03,RTGS,Bengaluru,1,1065936.93,0,0.0,0.0,0,0,27.8
2026-03-03,RTGS,Chennai,3,1733751.24,0,0.0,0.0,0,0,39.07
2026-03-03,RTGS,Delhi,3,3363582.99,0,0.0,0.0,0,1,50.87
2026-03-03,RTGS,Hyderabad,1,888450.59,0,0.0,0.0,0,0,29.7
2026-03-03,RTGS,Jaipur,2,1298315.5,0,0.0,0.0,0,0,31.65
2026-03-03,RTGS,Kochi,1,1030622.32,0,0.0,0.0,0,0,32.5
2026-03-03,RTGS,Kolkata,2,1227156.22,0,0.0,0.0,0,0,40.85
2026-03-03,UPI,Ahmedabad,5,14834.88,0,0.0,0.0,0,0,25.52
2026-03-03,UPI,Bengaluru,4,8241.62,0,0.0,0.0,0,0,22.6
2026-03-03,UPI,Chennai,12,572785.38,1,553475.0,8.333,1,0,29.77
2026-03-03,UPI,Delhi,6,11118.69,0,0.0,0.0,0,0,20.43
2026-03-03,UPI,Hyderabad,3,8048.76,0,0.0,0.0,0,0,17.87
2026-03-03,UPI,Jaipur,8,63996.71,1,49238.62,12.5,0,0,31.7
2026-03-03,UPI,Kochi,10,18010.91,0,0.0,0.0,0,1,40.32
2026-03-03,UPI,Kolkata,4,6804.72,1,239.32,25.0,0,1,38.4
2026-03-03,UPI,Mumbai,5,7420.2,0,0.0,0.0,0,0,23.76
2026-03-03,UPI,Pune,4,8711.95,0,0.0,0.0,0,0,29.42
2026-03-04,ATM,Ahmedabad,4,10911.36,0,0.0,0.0,0,0,32.62
2026-03-04,ATM,Bengaluru,8,13696.31,0,0.0,0.0,0,0,32.74
2026-03-04,ATM,Chennai,1,2200.95,0,0.0,0.0,0,0,29.1
2026-03-04,ATM,Delhi,5,11964.59,0,0.0,0.0,0,0,33.6
2026-03-04,ATM,Hyderabad,1,4519.23,0,0.0,0.0,0,0,22.5
2026-03-04,ATM,Jaipur,1,2016.71,0,0.0,0.0,0,0,35.4
2026-03-04,ATM,Kochi,1,2892.22,0,0.0,0.0,0,0,36.7
2026-03-04,ATM,Mumbai,1,701.13,0,0.0,0.0,0,0,41.9
2026-03-04,ATM,Pune,3,6151.52,0,0.0,0.0,0,0,43.03
2026-03-04,Branch,Ahmedabad,1,6157.92,0,0.0,0.0,0,0,46.0
2026-03-04,Branch,Kochi,1,12720.32,0,0.0,0.0,0,0,28.1
2026-03-04,Branch,Kolkata,1,3317.37,0,0.0,0.0,0,0,16.4
2026-03-04,IMPS,Bengaluru,5,9814.68,0,0.0,0.0,0,1,32.64
2026-03-04,IMPS,Chennai,1,893.96,0,0.0,0.0,0,0,19.0
2026-03-04,IMPS,Delhi,5,18934.06,0,0.0,0.0,0,1,39.02
2026-03-04,IMPS,Hyderabad,3,7670.94,0,0.0,0.0,0,0,27.87
2026-03-04,IMPS,Jaipur,2,3457.5,0,0.0,0.0,0,0,33.6
2026-03-04,IMPS,Kochi,1,4002.11,0,0.0,0.0,0,0,34.5
2026-03-04,IMPS,Kolkata,1,3378.16,0,0.0,0.0,0,0,9.7
2026-03-04,IMPS,Mumbai,2,1171.86,0,0.0,0.0,0,0,36.35
2026-03-04,IMPS,Pune,2,10545.58,0,0.0,0.0,0,0,39.75
2026-03-04,Internet Banking,Ahmedabad,4,16831.26,0,0.0,0.0,0,0,27.42
2026-03-04,Internet Banking,Bengaluru,2,7219.55,0,0.0,0.0,0,0,19.35
2026-03-04,Internet Banking,Chennai,7,12988.38,0,0.0,0.0,0,0,24.84
2026-03-04,Internet Banking,Delhi,1,1397.86,0,0.0,0.0,0,0,26.4
2026-03-04,Internet Banking,Hyderabad,4,12371.75,0,0.0,0.0,0,0,26.3
2026-03-04,Internet Banking,Jaipur,1,6332.54,0,0.0,0.0,0,0,33.1
2026-03-04,Internet Banking,Kochi,3,716.83,0,0.0,0.0,0,0,48.67
2026-03-04,Internet Banking,Kolkata,2,1495.86,0,0.0,0.0,0,0,53.9
2026-03-04,Internet Banking,Pune,3,2888.21,0,0.0,0.0,0,0,23.0
2026-03-04,Mobile Banking,Ahmedabad,8,17631.66,0,0.0,0.0,0,0,25.05
2026-03-04,Mobile Banking,Bengaluru,7,32535.76,0,0.0,0.0,0,1,42.69
2026-03-04,Mobile Banking,Chennai,4,14963.91,0,0.0,0.0,0,0,40.95
2026-03-04,Mobile Banking,Delhi,7,202379.91,1,192012.96,14.286,1,0,36.34
2026-03-04,Mobile Banking,Hyderabad,3,12576.53,0,0.0,0.0,0,0,33.93
2026-03-04,Mobile Banking,Jaipur,2,15520.41,0,0.0,0.0,0,0,43.3
2026-03-04,Mobile Banking,Kochi,4,13778.15,0,0.0,0.0,0,0,31.07
2026-03-04,Mobile Banking,Kolkata,7,12790.61,0,0.0,0.0,0,0,23.9
2026-03-04,Mobile Banking,Mumbai,4,4391.66,0,0.0,0.0,0,0,23.9
2026-03-04,Mobile Banking,Pune,3,2813.96,0,0.0,0.0,0,0,17.37
2026-03-04,NEFT,Ahmedabad,3,3958.01,0,0.0,0.0,0,0,24.1
2026-03-04,NEFT,Bengaluru,2,7267.79,0,0.0,0.0,0,0,36.6
2026-03-04,NEFT,Chennai,4,14881.9,0,0.0,0.0,0,0,25.48
2026-03-04,NEFT,Delhi,1,783.43,0,0.0,0.0,0,0,19.2
2026-03-04,NEFT,Jaipur,2,1471.95,0,0.0,0.0,0,0,32.2
2026-03-04,NEFT,Kochi,2,799.38,0,0.0,0.0,0,0,7.85
2026-03-04,NEFT,Kolkata,2,2034.05,0,0.0,0.0,0,0,38.0
2026-03-04,NEFT,Mumbai,2,17809.99,0,0.0,0.0,0,0,46.3
2026-03-04,NEFT,Pune,3,2797.62,0,0.0,0.0,0,0,40.0
2026-03-04,POS,Ahmedabad,8,11915.38,0,0.0,0.0,0,0,21.34
2026-03-04,POS,Bengaluru,4,10382.04,0,0.0,0.0,0,0,41.4
2026-03-04,POS,Chennai,6,7553.01,0,0.0,0.0,0,0,33.28
2026-03-04,POS,Delhi,3,47818.41,0,0.0,0.0,0,0,38.8
2026-03-04,POS,Hyderabad,3,7682.18,0,0.0,0.0,0,0,15.87
2026-03-04,POS,Jaipur,2,1820.5,0,0.0,0.0,0,0,25.8
2026-03-04,POS,Kochi,6,17901.99,0,0.0,0.0,0,0,33.18
2026-03-04,POS,Kolkata,4,56663.59,1,51176.26,25.0,0,0,33.1
2026-03-04,POS,Mumbai,2,1746.37,0,0.0,0.0,0,0,27.45
2026-03-04,POS,Pune,2,1218.47,0,0.0,0.0,0,0,19.2
2026-03-04,RTGS,Ahmedabad,1,1087032.27,0,0.0,0.0,0,0,53.3
2026-03-04,RTGS,Bengaluru,5,3191866.92,0,0.0,0.0,0,0,46.16
2026-03-04,RTGS,Chennai,1,1341189.33,0,0.0,0.0,0,0,33.0
2026-03-04,RTGS,Delhi,2,603441.44,0,0.0,0.0,0,0,43.0
2026-03-04,RTGS,Hyderabad,1,393053.38,0,0.0,0.0,0,0,52.5
2026-03-04,RTGS,Kochi,1,1430953.61,0,0.0,0.0,0,1,66.5
2026-03-04,RTGS,Kolkata,3,2221525.31,0,0.0,0.0,0,0,44.43
2026-03-04,UPI,Ahmedabad,3,4939.13,0,0.0,0.0,0,0,27.4
2026-03-04,UPI,Bengaluru,10,18222.27,0,0.0,0.0,0,0,27.68
2026-03-04,UPI,Chennai,8,24397.92,0,0.0,0.0,0,0,33.36
2026-03-04,UPI,Delhi,9,11917.97,0,0.0,0.0,0,0,23.99
2026-03-04,UPI,Hyderabad,4,7548.23,0,0.0,0.0,0,0,38.95
2026-03-04,UPI,Jaipur,6,30815.75,0,0.0,0.0,0,0,33.27
2026-03-04,UPI,Kochi,5,12340.21,0,0.0,0.0,0,0,36.22
2026-03-04,UPI,Kolkata,6,12000.02,0,0.0,0.0,0,0,25.93
2026-03-04,UPI,Mumbai,4,9504.33,0,0.0,0.0,0,0,26.2
2026-03-04,UPI,Pune,7,11910.89,1,1271.37,14.286,1,0,38.17
2026-03-05,ATM,Ahmedabad,4,4236.34,0,0.0,0.0,0,0,29.07
2026-03-05,ATM,Bengaluru,6,7315.41,0,0.0,0.0,0,0,25.83
2026-03-05,ATM,Chennai,1,1213.06,0,0.0,0.0,0,0,24.0
2026-03-05,ATM,Delhi,2,4572.37,0,0.0,0.0,0,0,22.85
2026-03-05,ATM,Hyderabad,2,1791.7,0,0.0,0.0,0,0,30.35
2026-03-05,ATM,Jaipur,2,13594.45,0,0.0,0.0,0,0,20.8
2026-03-05,ATM,Kolkata,4,21305.36,0,0.0,0.0,0,0,26.9
2026-03-05,ATM,Mumbai,4,8063.19,0,0.0,0.0,0,0,27.4
2026-03-05,ATM,Pune,4,29365.75,0,0.0,0.0,0,0,34.75
2026-03-05,Branch,Ahmedabad,2,5682.23,0,0.0,0.0,0,0,33.15
2026-03-05,Branch,Bengaluru,1,1178.92,0,0.0,0.0,0,1,68.8
2026-03-05,Branch,Chennai,1,1212.65,0,0.0,0.0,0,0,35.9
2026-03-05,Branch,Jaipur,2,9601.08,0,0.0,0.0,0,0,24.15
2026-03-05,Branch,Kochi,1,4232.72,0,0.0,0.0,0,0,51.2
2026-03-05,Branch,Kolkata,1,690.78,0,0.0,0.0,0,0,59.9
2026-03-05,Branch,Mumbai,1,194.9,0,0.0,0.0,0,0,10.6
2026-03-05,IMPS,Ahmedabad,4,9218.17,0,0.0,0.0,0,0,31.18
2026-03-05,IMPS,Bengaluru,3,9260.24,0,0.0,0.0,0,0,35.73
2026-03-05,IMPS,Chennai,1,2884.83,0,0.0,0.0,0,0,17.2
2026-03-05,IMPS,Delhi,1,1769.96,0,0.0,0.0,0,0,54.5
2026-03-05,IMPS,Hyderabad,5,10234.86,0,0.0,0.0,0,0,36.2
2026-03-05,IMPS,Jaipur,3,12233.14,0,0.0,0.0,0,1,41.5
2026-03-05,IMPS,Kochi,1,905.71,0,0.0,0.0,0,0,33.1
2026-03-05,IMPS,Kolkata,1,799.62,0,0.0,0.0,0,0,16.9
2026-03-05,IMPS,Mumbai,3,6887.87,0,0.0,0.0,0,0,24.77
2026-03-05,IMPS,Pune,3,2705.11,0,0.0,0.0,0,0,25.43
2026-03-05,Internet Banking,Ahmedabad,2,5829.29,0,0.0,0.0,0,0,26.35
2026-03-05,Internet Banking,Bengaluru,7,60828.17,0,0.0,0.0,0,0,33.7
2026-03-05,Internet Banking,Chennai,4,5888.61,0,0.0,0.0,0,0,29.05
2026-03-05,Internet Banking,Delhi,4,9251.42,0,0.0,0.0,0,0,17.15
2026-03-05,Internet Banking,Hyderabad,3,23662.44,0,0.0,0.0,0,0,29.1
2026-03-05,Internet Banking,Jaipur,1,1261.43,0,0.0,0.0,0,0,6.2
2026-03-05,Internet Banking,Kochi,5,40480.22,0,0.0,0.0,0,1,35.68
2026-03-05,Internet Banking,Kolkata,3,5626.22,0,0.0,0.0,0,0,35.3
2026-03-05,Internet Banking,Mumbai,4,8944.92,0,0.0,0.0,0,0,20.6
2026-03-05,Internet Banking,Pune,3,11026.67,0,0.0,0.0,0,0,28.13
2026-03-05,Mobile Banking,Ahmedabad,2,10326.25,0,0.0,0.0,0,0,39.4
2026-03-05,Mobile Banking,Bengaluru,5,11016.48,0,0.0,0.0,0,0,27.86
2026-03-05,Mobile Banking,Chennai,3,5588.17,0,0.0,0.0,0,0,22.97
2026-03-05,Mobile Banking,Delhi,6,239667.14,1,228676.26,16.667,1,0,40.88
2026-03-05,Mobile Banking,Hyderabad,3,11097.87,0,0.0,0.0,0,0,37.77
2026-03-05,Mobile Banking,Jaipur,4,12158.46,0,0.0,0.0,0,0,21.15
2026-03-05,Mobile Banking,Kochi,4,8682.88,0,0.0,0.0,0,0,12.25
2026-03-05,Mobile Banking,Kolkata,4,14684.49,0,0.0,0.0,0,1,38.25
2026-03-05,Mobile Banking,Mumbai,6,16700.78,0,0.0,0.0,0,0,29.12
2026-03-05,Mobile Banking,Pune,8,24795.81,0,0.0,0.0,0,1,31.69
2026-03-05,NEFT,Bengaluru,2,6558.9,0,0.0,0.0,0,0,33.05
2026-03-05,NEFT,Delhi,1,1981.57,0,0.0,0.0,0,0,43.2
2026-03-05,NEFT,Hyderabad,3,5558.08,0,0.0,0.0,0,0,31.97
2026-03-05,NEFT,Jaipur,2,1357.23,0,0.0,0.0,0,0,28.4
2026-03-05,NEFT,Kochi,1,3448.22,0,0.0,0.0,0,0,36.4
2026-03-05,NEFT,Kolkata,1,1271.82,0,0.0,0.0,0,0,44.7
2026-03-05,NEFT,Mumbai,3,4922.91,0,0.0,0.0,0,0,41.27
2026-03-05,NEFT,Pune,2,2508.62,0,0.0,0.0,0,0,29.0
2026-03-05,POS,Ahmedabad,4,16579.42,0,0.0,0.0,0,0,24.32
2026-03-05,POS,Bengaluru,5,20946.98,0,0.0,0.0,0,0,31.66
2026-03-05,POS,Chennai,1,635.06,0,0.0,0.0,0,0,10.3
2026-03-05,POS,Delhi,7,15905.5,0,0.0,0.0,0,0,27.43
2026-03-05,POS,Hyderabad,3,4638.01,0,0.0,0.0,0,0,19.07
2026-03-05,POS,Jaipur,7,12468.68,0,0.0,0.0,0,0,27.49
2026-03-05,POS,Kochi,3,4904.41,0,0.0,0.0,0,0,29.43
2026-03-05,POS,Kolkata,4,15670.57,0,0.0,0.0,0,0,34.18
2026-03-05,POS,Mumbai,5,14135.6,0,0.0,0.0,0,0,20.38
2026-03-05,POS,Pune,4,4451.13,0,0.0,0.0,0,0,17.75
2026-03-05,RTGS,Ahmedabad,3,3556342.43,0,0.0,0.0,0,0,43.57
2026-03-05,RTGS,Bengaluru,2,2652003.05,0,0.0,0.0,0,0,39.65
2026-03-05,RTGS,Chennai,1,735109.77,0,0.0,0.0,0,0,27.6
2026-03-05,RTGS,Jaipur,1,344889.91,0,0.0,0.0,0,0,40.5
2026-03-05,RTGS,Kochi,1,1296737.06,0,0.0,0.0,0,0,36.0
2026-03-05,RTGS,Kolkata,1,686035.31,0,0.0,0.0,0,0,33.6
2026-03-05,RTGS,Mumbai,1,362468.04,0,0.0,0.0,0,0,48.4
2026-03-05,RTGS,Pune,1,392229.94,0,0.0,0.0,0,0,46.6
2026-03-05,UPI,Ahmedabad,5,5517.9,0,0.0,0.0,0,0,23.76
2026-03-05,UPI,Bengaluru,9,15255.39,0,0.0,0.0,0,0,32.99
2026-03-05,UPI,Chennai,4,12866.79,0,0.0,0.0,0,0,36.15
2026-03-05,UPI,Delhi,5,9428.97,1,968.39,20.0,0,1,36.56
2026-03-05,UPI,Hyderabad,5,10711.57,0,0.0,0.0,0,1,32.16
2026-03-05,UPI,Jaipur,12,20957.41,0,0.0,0.0,0,0,21.64
2026-03-05,UPI,Kochi,6,12032.88,0,0.0,0.0,0,0,24.03
2026-03-05,UPI,Kolkata,6,6589.5,0,0.0,0.0,0,0,33.37
2026-03-05,UPI,Mumbai,5,30196.75,0,0.0,0.0,0,0,34.62
2026-03-05,UPI,Pune,4,15847.14,0,0.0,0.0,0,0,25.85
2026-03-06,ATM,Ahmedabad,1,2872.4,0,0.0,0.0,0,0,56.9
2026-03-06,ATM,Chennai,1,4289.07,0,0.0,0.0,0,0,29.9
2026-03-06,ATM,Delhi,2,1504.77,0,0.0,0.0,0,0,27.25
2026-03-06,ATM,Hyderabad,4,12398.49,0,0.0,0.0,0,0,29.15
2026-03-06,ATM,Jaipur,3,3889.25,0,0.0,0.0,0,0,17.93
2026-03-06,ATM,Kochi,6,31134.74,0,0.0,0.0,0,0,29.6
2026-03-06,ATM,Kolkata,4,11782.36,0,0.0,0.0,0,0,33.2
2026-03-06,ATM,Mumbai,3,5213.66,0,0.0,0.0,0,0,35.6
2026-03-06,ATM,Pune,3,68549.66,0,0.0,0.0,0,0,22.2
2026-03-06,Branch,Delhi,2,1450.06,0,0.0,0.0,0,0,23.8
2026-03-06,Branch,Hyderabad,1,2041.68,0,0.0,0.0,0,0,41.8
2026-03-06,Branch,Jaipur,1,2630.61,0,0.0,0.0,0,0,33.2
2026-03-06,Branch,Kochi,1,2504.45,0,0.0,0.0,0,0,28.1
2026-03-06,Branch,Kolkata,1,585.88,0,0.0,0.0,0,0,24.6
2026-03-06,Branch,Pune,1,1668.05,0,0.0,0.0,0,0,42.7
2026-03-06,IMPS,Ahmedabad,3,8856.28,0,0.0,0.0,0,0,34.8
2026-03-06,IMPS,Bengaluru,1,1600.63,0,0.0,0.0,0,0,53.4
2026-03-06,IMPS,Chennai,2,8070.46,0,0.0,0.0,0,0,26.4
2026-03-06,IMPS,Delhi,2,381.72,1,107.74,50.0,0,1,54.8
2026-03-06,IMPS,Hyderabad,5,16814.64,0,0.0,0.0,0,0,32.06
2026-03-06,IMPS,Jaipur,4,16655.89,0,0.0,0.0,0,0,38.98
2026-03-06,IMPS,Kolkata,1,1265.93,0,0.0,0.0,0,0,22.4
2026-03-06,IMPS,Pune,3,2858.83,1,1252.83,33.333,0,0,42.77
2026-03-06,Internet Banking,Ahmedabad,1,1867.42,0,0.0,0.0,0,0,27.1
2026-03-06,Internet Banking,Bengaluru,1,3309.07,0,0.0,0.0,0,0,15.0
2026-03-06,Internet Banking,Chennai,1,348.86,0,0.0,0.0,0,0,24.4
2026-03-06,Internet Banking,Delhi,4,12935.41,0,0.0,0.0,0,0,25.75
2026-03-06,Internet Banking,Hyderabad,3,5829.24,0,0.0,0.0,0,0,38.27
2026-03-06,Internet Banking,Jaipur,1,1245.58,0,0.0,0.0,0,0,31.9
2026-03-06,Internet Banking,Kochi,2,1571.25,0,0.0,0.0,0,0,25.0
2026-03-06,Internet Banking,Kolkata,3,3650.86,0,0.0,0.0,0,0,31.4
2026-03-06,Internet Banking,Mumbai,1,1491.37,0,0.0,0.0,0,0,12.2
2026-03-06,Mobile Banking,Ahmedabad,2,3400.95,0,0.0,0.0,0,0,44.5
2026-03-06,Mobile Banking,Bengaluru,5,6234.45,0,0.0,0.0,0,0,20.7
2026-03-06,Mobile Banking,Chennai,12,47898.19,0,0.0,0.0,0,0,29.17
2026-03-06,Mobile Banking,Delhi,2,4767.57,0,0.0,0.0,0,0,29.65
2026-03-06,Mobile Banking,Hyderabad,8,43578.79,0,0.0,0.0,0,0,35.67
2026-03-06,Mobile Banking,Jaipur,6,38812.64,0,0.0,0.0,0,0,27.17
2026-03-06,Mobile Banking,Kochi,5,18544.93,0,0.0,0.0,0,0,30.56
2026-03-06,Mobile Banking,Kolkata,3,18722.75,0,0.0,0.0,0,0,26.57
2026-03-06,Mobile Banking,Mumbai,7,9577.61,0,0.0,0.0,0,0,24.86
2026-03-06,Mobile Banking,Pune,4,13004.84,0,0.0,0.0,0,0,32.38
2026-03-06,NEFT,Ahmedabad,1,1422.82,0,0.0,0.0,0,0,9.8
2026-03-06,NEFT,Bengaluru,7,10336.01,0,0.0,0.0,0,0,22.8
2026-03-06,NEFT,Delhi,4,6738.55,0,0.0,0.0,0,0,34.73
2026-03-06,NEFT,Hyderabad,2,6216.82,0,0.0,0.0,0,0,40.35
2026-03-06,NEFT,Jaipur,2,3495.9,0,0.0,0.0,0,0,27.1
2026-03-06,NEFT,Kolkata,4,6951.53,0,0.0,0.0,0,0,27.7
2026-03-06,NEFT,Mumbai,1,1501.67,0,0.0,0.0,0,0,39.0
2026-03-06,NEFT,Pune,3,7081.22,0,0.0,0.0,0,1,43.23
2026-03-06,POS,Ahmedabad,6,21989.16,0,0.0,0.0,0,0,24.87
2026-03-06,POS,Bengaluru,5,24506.32,0,0.0,0.0,0,0,32.86
2026-03-06,POS,Chennai,3,25339.18,0,0.0,0.0,0,0,21.87
2026-03-06,POS,Delhi,6,19695.72,0,0.0,0.0,0,0,20.38
2026-03-06,POS,Hyderabad,3,4781.05,0,0.0,0.0,0,0,21.7
2026-03-06,POS,Jaipur,4,7764.03,0,0.0,0.0,0,0,31.0
2026-03-06,POS,Kochi,2,2469.83,0,0.0,0.0,0,0,25.8
2026-03-06,POS,Kolkata,3,9922.58,0,0.0,0.0,0,0,25.73
2026-03-06,POS,Mumbai,2,1432.73,0,0.0,0.0,0,0,23.35
2026-03-06,POS,Pune,4,52230.94,1,44321.56,25.0,0,0,32.05
2026-03-06,RTGS,Bengaluru,2,2781450.99,0,0.0,0.0,0,0,35.35
2026-03-06,RTGS,Hyderabad,4,3272119.16,0,0.0,0.0,0,0,33.88
2026-03-06,RTGS,Kochi,1,783987.5,0,0.0,0.0,0,1,70.7
2026-03-06,RTGS,Mumbai,2,497118.36,0,0.0,0.0,0,0,44.9
2026-03-06,RTGS,Pune,1,748712.38,0,0.0,0.0,0,0,34.6
2026-03-06,UPI,Ahmedabad,5,15711.88,1,1407.53,20.0,0,0,32.0
2026-03-06,UPI,Bengaluru,5,42004.31,0,0.0,0.0,0,0,39.62
2026-03-06,UPI,Chennai,6,10678.99,0,0.0,0.0,0,0,30.92
2026-03-06,UPI,Delhi,7,28452.54,0,0.0,0.0,0,0,21.21
2026-03-06,UPI,Hyderabad,6,15846.46,0,0.0,0.0,0,0,34.48
2026-03-06,UPI,Jaipur,3,9032.97,0,0.0,0.0,0,0,18.57
2026-03-06,UPI,Kochi,11,43234.72,0,0.0,0.0,0,0,33.71
2026-03-06,UPI,Kolkata,8,444529.71,1,436381.2,12.5,1,0,33.55
2026-03-06,UPI,Mumbai,10,47506.67,0,0.0,0.0,0,0,34.55
2026-03-06,UPI,Pune,6,10439.12,0,0.0,0.0,0,0,19.67
2026-03-07,ATM,Ahmedabad,5,12356.19,0,0.0,0.0,0,0,25.2
2026-03-07,ATM,Bengaluru,4,4833.29,0,0.0,0.0,0,0,24.12
2026-03-07,ATM,Chennai,4,10158.2,0,0.0,0.0,0,0,19.77
2026-03-07,ATM,Delhi,5,5106.01,0,0.0,0.0,0,0,19.26
2026-03-07,ATM,Hyderabad,2,1470.38,0,0.0,0.0,0,0,34.35
2026-03-07,ATM,Jaipur,2,3762.25,0,0.0,0.0,0,0,16.1
2026-03-07,ATM,Kochi,3,2971.15,0,0.0,0.0,0,0,21.9
2026-03-07,ATM,Kolkata,1,534.9,0,0.0,0.0,0,0,43.5
2026-03-07,ATM,Mumbai,2,1602.38,0,0.0,0.0,0,0,20.05
2026-03-07,ATM,Pune,4,4987.17,0,0.0,0.0,0,0,18.9
2026-03-07,Branch,Bengaluru,2,6941.27,0,0.0,0.0,0,0,39.0
2026-03-07,Branch,Chennai,2,2030.13,0,0.0,0.0,0,0,17.3
2026-03-07,Branch,Kochi,1,5640.7,0,0.0,0.0,0,0,29.6
2026-03-07,Branch,Kolkata,1,261.58,0,0.0,0.0,0,0,11.9
2026-03-07,Branch,Mumbai,1,7069.06,0,0.0,0.0,0,0,29.0
2026-03-07,Branch,Pune,1,2310.22,0,0.0,0.0,0,1,67.5
2026-03-07,IMPS,Ahmedabad,3,3015.2,0,0.0,0.0,0,0,35.83
2026-03-07,IMPS,Bengaluru,2,7716.75,0,0.0,0.0,0,0,39.1
2026-03-07,IMPS,Chennai,2,3507.82,0,0.0,0.0,0,0,20.35
2026-03-07,IMPS,Delhi,3,6072.36,0,0.0,0.0,0,0,26.7
2026-03-07,IMPS,Hyderabad,1,6052.08,0,0.0,0.0,0,0,64.8
2026-03-07,IMPS,Jaipur,1,3670.69,0,0.0,0.0,0,0,19.3
2026-03-07,IMPS,Kochi,1,481.01,0,0.0,0.0,0,0,24.9
2026-03-07,IMPS,Kolkata,2,7948.65,0,0.0,0.0,0,0,37.55
2026-03-07,IMPS,Mumbai,3,3990.26,0,0.0,0.0,0,0,32.23
2026-03-07,Internet Banking,Ahmedabad,1,3168.36,0,0.0,0.0,0,0,32.4
2026-03-07,Internet Banking,Bengaluru,4,16745.74,0,0.0,0.0,0,0,22.93
2026-03-07,Internet Banking,Chennai,3,14196.45,0,0.0,0.0,0,0,26.93
2026-03-07,Internet Banking,Delhi,1,3514.56,0,0.0,0.0,0,0,44.3
2026-03-07,Internet Banking,Hyderabad,2,1753.7,0,0.0,0.0,0,0,18.05
2026-03-07,Internet Banking,Jaipur,6,6027.8,0,0.0,0.0,0,0,32.35
2026-03-07,Internet Banking,Kochi,2,3030.84,0,0.0,0.0,0,0,33.75
2026-03-07,Internet Banking,Kolkata,2,5140.12,0,0.0,0.0,0,0,26.4
2026-03-07,Internet Banking,Mumbai,4,24781.55,0,0.0,0.0,0,0,31.92
2026-03-07,Internet Banking,Pune,6,18619.46,0,0.0,0.0,0,0,40.98
2026-03-07,Mobile Banking,Ahmedabad,8,24887.48,0,0.0,0.0,0,0,27.1
2026-03-07,Mobile Banking,Bengaluru,4,11582.85,0,0.0,0.0,0,0,32.58
2026-03-07,Mobile Banking,Chennai,4,10094.17,0,0.0,0.0,0,0,30.5
2026-03-07,Mobile Banking,Delhi,4,8222.55,0,0.0,0.0,0,0,20.5
2026-03-07,Mobile Banking,Hyderabad,5,262203.32,1,255270.68,20.0,0,0,29.06
2026-03-07,Mobile Banking,Jaipur,3,8444.12,0,0.0,0.0,0,0,26.1
2026-03-07,Mobile Banking,Kochi,6,20626.73,0,0.0,0.0,0,0,34.0
2026-03-07,Mobile Banking,Kolkata,3,6276.11,0,0.0,0.0,0,0,26.87
2026-03-07,Mobile Banking,Mumbai,3,5758.17,0,0.0,0.0,0,0,21.73
2026-03-07,Mobile Banking,Pune,6,5733.12,0,0.0,0.0,0,0,17.83
2026-03-07,NEFT,Ahmedabad,3,6941.83,0,0.0,0.0,0,0,36.0
2026-03-07,NEFT,Bengaluru,2,7620.6,0,0.0,0.0,0,0,35.85
2026-03-07,NEFT,Chennai,2,19402.11,0,0.0,0.0,0,0,25.65
2026-03-07,NEFT,Hyderabad,4,11821.34,0,0.0,0.0,0,0,33.42
2026-03-07,NEFT,Jaipur,4,5386.15,0,0.0,0.0,0,0,29.48
2026-03-07,NEFT,Kochi,4,6914.64,0,0.0,0.0,0,0,28.52
2026-03-07,NEFT,Kolkata,2,7378.57,0,0.0,0.0,0,0,48.3
2026-03-07,NEFT,Pune,2,3299.05,0,0.0,0.0,0,0,23.5
2026-03-07,POS,Ahmedabad,3,19097.55,0,0.0,0.0,0,0,31.5
2026-03-07,POS,Bengaluru,3,7129.87,0,0.0,0.0,0,0,19.0
2026-03-07,POS,Chennai,4,9108.78,0,0.0,0.0,0,0,18.88
2026-03-07,POS,Delhi,3,2337.97,0,0.0,0.0,0,0,25.83
2026-03-07,POS,Hyderabad,5,154861.43,1,74574.51,20.0,0,1,33.94
2026-03-07,POS,Jaipur,8,11703.82,0,0.0,0.0,0,0,34.2
2026-03-07,POS,Kochi,2,6603.49,0,0.0,0.0,0,0,42.15
2026-03-07,POS,Kolkata,4,8095.64,0,0.0,0.0,0,0,29.32
2026-03-07,POS,Mumbai,7,62657.99,0,0.0,0.0,0,0,37.11
2026-03-07,POS,Pune,6,24109.99,0,0.0,0.0,0,0,33.6
2026-03-07,RTGS,Ahmedabad,2,1339121.47,0,0.0,0.0,0,0,42.6
2026-03-07,RTGS,Delhi,1,1175706.4,0,0.0,0.0,0,0,50.0
2026-03-07,RTGS,Jaipur,1,810517.71,0,0.0,0.0,0,0,57.3
2026-03-07,RTGS,Mumbai,2,2094863.4,0,0.0,0.0,0,1,66.65
2026-03-07,RTGS,Pune,2,2234586.35,0,0.0,0.0,0,1,50.2
2026-03-07,UPI,Ahmedabad,8,26875.65,0,0.0,0.0,0,0,24.81
2026-03-07,UPI,Bengaluru,8,26649.75,0,0.0,0.0,0,1,41.2
2026-03-07,UPI,Chennai,12,32006.98,0,0.0,0.0,0,0,29.15
2026-03-07,UPI,Delhi,5,5095.16,0,0.0,0.0,0,0,21.96
2026-03-07,UPI,Hyderabad,14,31629.09,1,382.41,7.143,0,1,25.06
2026-03-07,UPI,Jaipur,4,15208.75,0,0.0,0.0,0,0,31.58
2026-03-07,UPI,Kochi,6,9785.1,0,0.0,0.0,0,1,28.2
2026-03-07,UPI,Kolkata,6,62435.47,0,0.0,0.0,0,0,36.53
2026-03-07,UPI,Mumbai,1,5927.07,0,0.0,0.0,0,0,40.3
2026-03-07,UPI,Pune,3,12444.88,0,0.0,0.0,0,0,15.03
2026-03-08,ATM,Ahmedabad,5,9479.03,0,0.0,0.0,0,0,20.58
2026-03-08,ATM,Bengaluru,2,3356.48,0,0.0,0.0,0,0,34.3
2026-03-08,ATM,Chennai,2,1168.67,0,0.0,0.0,0,0,30.95
2026-03-08,ATM,Delhi,1,6579.18,0,0.0,0.0,0,0,26.2
2026-03-08,ATM,Hyderabad,1,1180.92,0,0.0,0.0,0,0,38.1
2026-03-08,ATM,Jaipur,2,275702.51,1,273787.08,50.0,0,0,42.5
2026-03-08,ATM,Kochi,3,18070.81,0,0.0,0.0,0,0,25.53
2026-03-08,ATM,Kolkata,3,3151.2,0,0.0,0.0,0,0,17.63
2026-03-08,ATM,Mumbai,1,3421.52,0,0.0,0.0,0,0,49.9
2026-03-08,ATM,Pune,4,18442.93,0,0.0,0.0,0,0,30.4
2026-03-08,Branch,Ahmedabad,2,6301.75,0,0.0,0.0,0,0,25.25
2026-03-08,Branch,Bengaluru,2,11694.64,0,0.0,0.0,0,0,21.0
2026-03-08,Branch,Chennai,1,1254.29,0,0.0,0.0,0,0,23.5
2026-03-08,Branch,Hyderabad,2,3982.26,0,0.0,0.0,0,0,32.6
2026-03-08,Branch,Kochi,1,3934.69,0,0.0,0.0,0,0,52.0
2026-03-08,Branch,Pune,3,3636.85,0,0.0,0.0,0,0,25.77
2026-03-08,IMPS,Ahmedabad,1,7729.17,0,0.0,0.0,0,0,34.4
2026-03-08,IMPS,Bengaluru,4,12618.16,0,0.0,0.0,0,0,35.45
2026-03-08,IMPS,Chennai,3,7777.44,0,0.0,0.0,0,0,28.07
2026-03-08,IMPS,Delhi,3,2426.99,0,0.0,0.0,0,0,19.4
2026-03-08,IMPS,Jaipur,4,4587.32,0,0.0,0.0,0,0,31.43
2026-03-08,IMPS,Kochi,2,1219.64,0,0.0,0.0,0,0,45.6
2026-03-08,IMPS,Kolkata,2,7265.08,0,0.0,0.0,0,0,21.05
2026-03-08,IMPS,Mumbai,2,1742.79,0,0.0,0.0,0,0,31.05
2026-03-08,IMPS,Pune,5,7893.86,0,0.0,0.0,0,0,24.72
2026-03-08,Internet Banking,Ahmedabad,4,8606.32,0,0.0,0.0,0,0,31.65
2026-03-08,Internet Banking,Bengaluru,4,110176.47,1,103239.65,25.0,0,1,45.05
2026-03-08,Internet Banking,Chennai,5,5970.99,0,0.0,0.0,0,0,32.92
2026-03-08,Internet Banking,Delhi,3,3208.83,0,0.0,0.0,0,0,20.33
2026-03-08,Internet Banking,Hyderabad,2,3564.91,0,0.0,0.0,0,0,26.75
2026-03-08,Internet Banking,Jaipur,1,3200.67,0,0.0,0.0,0,0,46.6
2026-03-08,Internet Banking,Kochi,4,3661.2,0,0.0,0.0,0,0,30.02
2026-03-08,Internet Banking,Kolkata,2,15972.15,0,0.0,0.0,0,0,37.4
2026-03-08,Internet Banking,Mumbai,4,7126.55,0,0.0,0.0,0,0,32.9
2026-03-08,Internet Banking,Pune,4,9989.91,0,0.0,0.0,0,0,28.88
2026-03-08,Mobile Banking,Ahmedabad,6,17273.67,0,0.0,0.0,0,0,28.77
2026-03-08,Mobile Banking,Bengaluru,6,13241.19,0,0.0,0.0,0,0,40.13
2026-03-08,Mobile Banking,Chennai,7,244150.1,1,229624.4,14.286,0,0,40.89
2026-03-08,Mobile Banking,Delhi,4,9470.36,0,0.0,0.0,0,1,36.67
2026-03-08,Mobile Banking,Hyderabad,5,9191.1,0,0.0,0.0,0,0,28.14
2026-03-08,Mobile Banking,Jaipur,5,5985.83,0,0.0,0.0,0,0,18.82
2026-03-08,Mobile Banking,Kochi,6,39448.08,0,0.0,0.0,0,0,32.6
2026-03-08,Mobile Banking,Kolkata,4,23433.42,0,0.0,0.0,0,0,35.75
2026-03-08,Mobile Banking,Mumbai,4,7107.79,0,0.0,0.0,0,0,33.15
2026-03-08,Mobile Banking,Pune,8,23369.75,0,0.0,0.0,0,2,40.04
2026-03-08,NEFT,Ahmedabad,4,7196.33,0,0.0,0.0,0,0,35.8
2026-03-08,NEFT,Bengaluru,3,15846.55,0,0.0,0.0,0,0,41.17
2026-03-08,NEFT,Chennai,2,8076.33,0,0.0,0.0,0,0,24.6
2026-03-08,NEFT,Delhi,2,5518.58,0,0.0,0.0,0,0,16.3
2026-03-08,NEFT,Hyderabad,3,2934.8,0,0.0,0.0,0,0,25.17
2026-03-08,NEFT,Jaipur,2,11256.44,0,0.0,0.0,0,0,16.2
2026-03-08,NEFT,Kochi,3,4862.96,0,0.0,0.0,0,0,35.37
2026-03-08,NEFT,Kolkata,3,3464.42,0,0.0,0.0,0,0,23.93
2026-03-08,NEFT,Mumbai,1,2983.75,0,0.0,0.0,0,0,53.1
2026-03-08,POS,Ahmedabad,4,19386.48,0,0.0,0.0,0,0,30.0
2026-03-08,POS,Bengaluru,5,9866.83,0,0.0,0.0,0,0,29.26
2026-03-08,POS,Chennai,5,11909.37,0,0.0,0.0,0,0,27.9
2026-03-08,POS,Delhi,7,5705.16,0,0.0,0.0,0,0,20.44
2026-03-08,POS,Hyderabad,8,21917.77,0,0.0,0.0,0,0,27.09
2026-03-08,POS,Jaipur,1,412.45,0,0.0,0.0,0,0,6.2
2026-03-08,POS,Kochi,5,12193.83,0,0.0,0.0,0,0,29.56
2026-03-08,POS,Kolkata,4,333437.62,1,318884.25,25.0,0,0,33.03
2026-03-08,POS,Mumbai,6,15142.13,0,0.0,0.0,0,0,29.87
2026-03-08,POS,Pune,8,23794.44,0,0.0,0.0,0,0,27.21
2026-03-08,RTGS,Ahmedabad,1,840689.22,0,0.0,0.0,0,0,36.6
2026-03-08,RTGS,Bengaluru,1,315205.44,0,0.0,0.0,0,0,28.6
2026-03-08,RTGS,Chennai,2,2619523.07,0,0.0,0.0,0,0,47.55
2026-03-08,RTGS,Hyderabad,3,3024864.02,0,0.0,0.0,0,0,44.27
2026-03-08,RTGS,Jaipur,1,1340477.53,0,0.0,0.0,0,0,58.8
2026-03-08,RTGS,Mumbai,2,1407849.78,0,0.0,0.0,0,0,46.8
2026-03-08,RTGS,Pune,1,1487089.44,0,0.0,0.0,0,0,37.2
2026-03-08,UPI,Ahmedabad,9,16586.65,0,0.0,0.0,0,0,24.99
2026-03-08,UPI,Bengaluru,6,13046.01,0,0.0,0.0,0,0,30.75
2026-03-08,UPI,Chennai,6,3898.47,0,0.0,0.0,0,0,20.48
2026-03-08,UPI,Delhi,4,20133.92,0,0.0,0.0,0,0,29.85
2026-03-08,UPI,Hyderabad,13,62907.48,0,0.0,0.0,0,0,35.18
2026-03-08,UPI,Jaipur,6,54010.15,1,44013.32,16.667,0,0,29.07
2026-03-08,UPI,Kochi,5,9121.92,0,0.0,0.0,0,0,23.78
2026-03-08,UPI,Kolkata,2,4140.47,0,0.0,0.0,0,0,29.8
2026-03-08,UPI,Mumbai,5,20468.27,0,0.0,0.0,0,0,34.34
2026-03-08,UPI,Pune,11,26502.32,0,0.0,0.0,0,1,29.82
2026-03-09,ATM,Bengaluru,1,1423.17,0,0.0,0.0,0,0,40.3
2026-03-09,ATM,Chennai,4,10578.03,0,0.0,0.0,0,0,31.33
2026-03-09,ATM,Delhi,6,18389.83,0,0.0,0.0,0,0,29.95
2026-03-09,ATM,Hyderabad,3,6528.91,0,0.0,0.0,0,0,38.97
2026-03-09,ATM,Jaipur,5,2359.26,0,0.0,0.0,0,0,22.74
2026-03-09,ATM,Kochi,5,36920.06,0,0.0,0.0,0,1,36.0
2026-03-09,ATM,Kolkata,2,5543.35,0,0.0,0.0,0,0,30.15
2026-03-09,ATM,Mumbai,2,7636.46,0,0.0,0.0,0,0,31.7
2026-03-09,ATM,Pune,4,11121.77,0,0.0,0.0,0,0,31.03
2026-03-09,Branch,Ahmedabad,4,9753.35,0,0.0,0.0,0,0,25.12
2026-03-09,Branch,Bengaluru,1,1051.57,0,0.0,0.0,0,0,30.4
2026-03-09,Branch,Delhi,2,8773.96,0,0.0,0.0,0,0,29.95
2026-03-09,Branch,Jaipur,1,922.62,0,0.0,0.0,0,0,18.4
2026-03-09,Branch,Kochi,1,593.5,0,0.0,0.0,0,0,33.8
2026-03-09,IMPS,Ahmedabad,3,2466.23,0,0.0,0.0,0,1,38.7
2026-03-09,IMPS,Bengaluru,3,5386.02,0,0.0,0.0,0,0,39.87
2026-03-09,IMPS,Chennai,2,13110.62,0,0.0,0.0,0,0,33.1
2026-03-09,IMPS,Delhi,3,14181.95,0,0.0,0.0,0,0,41.43
2026-03-09,IMPS,Hyderabad,2,467.29,0,0.0,0.0,0,0,35.1
2026-03-09,IMPS,Jaipur,1,5302.93,0,0.0,0.0,0,0,43.2
2026-03-09,IMPS,Kochi,6,25714.74,0,0.0,0.0,0,0,36.63
2026-03-09,IMPS,Kolkata,3,5382.56,0,0.0,0.0,0,1,39.4
2026-03-09,IMPS,Mumbai,6,11516.04,1,696.28,16.667,0,2,34.6
2026-03-09,IMPS,Pune,4,5674.63,0,0.0,0.0,0,0,28.1
2026-03-09,Internet Banking,Ahmedabad,3,2723.92,0,0.0,0.0,0,0,27.07
2026-03-09,Internet Banking,Bengaluru,4,4866.17,0,0.0,0.0,0,0,32.02
2026-03-09,Internet Banking,Chennai,1,1716.98,0,0.0,0.0,0,0,14.4
2026-03-09,Internet Banking,Delhi,7,9550.54,0,0.0,0.0,0,0,39.33
2026-03-09,Internet Banking,Jaipur,4,114507.09,0,0.0,0.0,0,0,25.55
2026-03-09,Internet Banking,Kochi,3,4135.11,0,0.0,0.0,0,0,16.2
2026-03-09,Internet Banking,Kolkata,2,3968.48,0,0.0,0.0,0,0,35.1
2026-03-09,Internet Banking,Mumbai,3,5766.36,0,0.0,0.0,0,0,45.53
2026-03-09,Internet Banking,Pune,5,26989.23,0,0.0,0.0,0,0,30.44
2026-03-09,Mobile Banking,Ahmedabad,8,10005.3,0,0.0,0.0,0,0,29.19
2026-03-09,Mobile Banking,Bengaluru,8,17051.9,0,0.0,0.0,0,1,36.76
2026-03-09,Mobile Banking,Chennai,5,4757.5,0,0.0,0.0,0,0,25.5
2026-03-09,Mobile Banking,Delhi,4,10085.88,0,0.0,0.0,0,1,39.02
2026-03-09,Mobile Banking,Hyderabad,5,10215.64,0,0.0,0.0,0,0,32.86
2026-03-09,Mobile Banking,Jaipur,7,18144.71,0,0.0,0.0,0,0,21.03
2026-03-09,Mobile Banking,Kochi,2,9236.28,0,0.0,0.0,0,0,31.25
2026-03-09,Mobile Banking,Kolkata,4,5511.73,0,0.0,0.0,0,0,21.9
2026-03-09,Mobile Banking,Mumbai,5,144327.87,1,130615.71,20.0,0,1,41.46
2026-03-09,Mobile Banking,Pune,9,27811.72,0,0.0,0.0,0,0,23.53
2026-03-09,NEFT,Ahmedabad,5,12852.73,1,756.33,20.0,0,0,41.54
2026-03-09,NEFT,Bengaluru,2,4617.87,0,0.0,0.0,0,0,26.0
2026-03-09,NEFT,Chennai,2,3710.71,0,0.0,0.0,0,0,45.35
2026-03-09,NEFT,Delhi,2,3174.27,0,0.0,0.0,0,0,36.2
2026-03-09,NEFT,Hyderabad,1,919.61,0,0.0,0.0,0,0,10.7
2026-03-09,NEFT,Kochi,5,10182.38,0,0.0,0.0,0,0,34.76
2026-03-09,NEFT,Mumbai,3,6846.74,0,0.0,0.0,0,0,28.07
2026-03-09,NEFT,Pune,3,5839.69,0,0.0,0.0,0,0,34.13
2026-03-09,POS,Ahmedabad,4,13070.84,1,1549.33,25.0,1,0,60.62
2026-03-09,POS,Bengaluru,5,8241.07,0,0.0,0.0,0,0,20.1
2026-03-09,POS,Chennai,5,14025.83,0,0.0,0.0,0,0,30.24
2026-03-09,POS,Delhi,5,11953.43,1,17.76,20.0,0,1,39.1
2026-03-09,POS,Hyderabad,5,198876.54,1,188741.31,20.0,0,0,41.98
2026-03-09,POS,Jaipur,2,3706.5,0,0.0,0.0,0,0,27.7
2026-03-09,POS,Kochi,2,657.41,1,31.09,50.0,0,1,37.6
2026-03-09,POS,Kolkata,6,15719.43,0,0.0,0.0,0,0,28.6
2026-03-09,POS,Mumbai,6,197215.66,1,186987.48,16.667,0,0,29.92
2026-03-09,POS,Pune,3,5051.18,0,0.0,0.0,0,0,43.17
2026-03-09,RTGS,Ahmedabad,3,2617025.04,1,631412.92,33.333,1,0,56.57
2026-03-09,RTGS,Bengaluru,3,2506443.04,0,0.0,0.0,0,1,52.53
2026-03-09,RTGS,Chennai,1,539517.76,0,0.0,0.0,0,0,32.3
2026-03-09,RTGS,Delhi,1,1049948.6,0,0.0,0.0,0,0,58.6
2026-03-09,RTGS,Hyderabad,2,2041258.38,0,0.0,0.0,0,0,31.2
2026-03-09,RTGS,Pune,1,1338778.9,0,0.0,0.0,0,0,40.2
2026-03-09,UPI,Ahmedabad,8,17102.61,0,0.0,0.0,0,0,31.64
2026-03-09,UPI,Bengaluru,5,15640.89,0,0.0,0.0,0,0,29.8
2026-03-09,UPI,Chennai,5,10925.2,0,0.0,0.0,0,1,40.58
2026-03-09,UPI,Delhi,5,9765.26,0,0.0,0.0,0,0,26.16
2026-03-09,UPI,Hyderabad,5,7726.07,0,0.0,0.0,0,0,17.64
2026-03-09,UPI,Jaipur,10,27668.93,1,130.95,10.0,0,0,27.49
2026-03-09,UPI,Kochi,5,7492.94,0,0.0,0.0,0,0,19.76
2026-03-09,UPI,Kolkata,2,1348.71,0,0.0,0.0,0,0,28.4
2026-03-09,UPI,Mumbai,3,6919.06,0,0.0,0.0,0,1,54.9
2026-03-09,UPI,Pune,12,15669.29,0,0.0,0.0,0,0,22.42
2026-03-10,ATM,Ahmedabad,3,9764.55,0,0.0,0.0,0,0,30.77
2026-03-10,ATM,Chennai,5,17318.5,0,0.0,0.0,0,0,28.36
2026-03-10,ATM,Delhi,2,1527.89,0,0.0,0.0,0,0,24.8
2026-03-10,ATM,Hyderabad,5,10525.6,1,971.46,20.0,0,0,35.98
2026-03-10,ATM,Kochi,6,6221.59,0,0.0,0.0,0,0,24.5
2026-03-10,ATM,Kolkata,3,3290.24,0,0.0,0.0,0,0,36.27
2026-03-10,ATM,Mumbai,2,3181.23,0,0.0,0.0,0,0,15.7
2026-03-10,ATM,Pune,5,15858.23,0,0.0,0.0,0,0,27.68
2026-03-10,Branch,Chennai,2,1787.01,0,0.0,0.0,0,0,10.7
2026-03-10,Branch,Delhi,1,4240.41,0,0.0,0.0,0,0,30.3
2026-03-10,Branch,Hyderabad,2,3573.95,0,0.0,0.0,0,0,19.0
2026-03-10,IMPS,Ahmedabad,3,2466.68,1,27.18,33.333,0,0,24.7
2026-03-10,IMPS,Bengaluru,3,4965.35,0,0.0,0.0,0,0,28.9
2026-03-10,IMPS,Delhi,3,3845.5,0,0.0,0.0,0,0,26.6
2026-03-10,IMPS,Hyderabad,3,3153.38,0,0.0,0.0,0,0,19.23
2026-03-10,IMPS,Jaipur,1,1553.47,0,0.0,0.0,0,0,29.9
2026-03-10,IMPS,Kochi,6,21925.95,0,0.0,0.0,0,0,30.75
2026-03-10,IMPS,Kolkata,4,14569.59,0,0.0,0.0,0,0,31.78
2026-03-10,IMPS,Pune,4,5885.8,0,0.0,0.0,0,0,15.4
2026-03-10,Internet Banking,Bengaluru,4,13297.81,0,0.0,0.0,0,0,31.23
2026-03-10,Internet Banking,Chennai,7,11050.37,0,0.0,0.0,0,0,32.61
2026-03-10,Internet Banking,Delhi,1,5404.88,0,0.0,0.0,0,0,23.7
2026-03-10,Internet Banking,Hyderabad,4,2828.68,0,0.0,0.0,0,0,18.12
2026-03-10,Internet Banking,Jaipur,7,15735.61,0,0.0,0.0,0,0,23.26
2026-03-10,Internet Banking,Kochi,6,11867.41,0,0.0,0.0,0,0,20.6
2026-03-10,Internet Banking,Kolkata,4,71416.5,1,61126.21,25.0,0,1,39.83
2026-03-10,Internet Banking,Mumbai,2,930.06,0,0.0,0.0,0,0,36.3
2026-03-10,Internet Banking,Pune,3,3086.95,0,0.0,0.0,0,0,27.77
2026-03-10,Mobile Banking,Ahmedabad,7,19407.81,0,0.0,0.0,0,0,32.14
2026-03-10,Mobile Banking,Bengaluru,3,6500.65,0,0.0,0.0,0,0,47.2
2026-03-10,Mobile Banking,Chennai,4,19400.56,0,0.0,0.0,0,0,32.17
2026-03-10,Mobile Banking,Delhi,4,10413.12,0,0.0,0.0,0,0,19.5
2026-03-10,Mobile Banking,Hyderabad,2,2240.31,0,0.0,0.0,0,0,24.4
2026-03-10,Mobile Banking,Jaipur,4,4487.01,0,0.0,0.0,0,0,21.7
2026-03-10,Mobile Banking,Kochi,4,7948.0,0,0.0,0.0,0,0,29.65
2026-03-10,Mobile Banking,Kolkata,5,19473.47,0,0.0,0.0,0,1,47.18
2026-03-10,Mobile Banking,Mumbai,5,3966.43,0,0.0,0.0,0,0,20.82
2026-03-10,Mobile Banking,Pune,6,11490.55,0,0.0,0.0,0,0,25.53
2026-03-10,NEFT,Ahmedabad,1,2396.83,0,0.0,0.0,0,0,8.8
2026-03-10,NEFT,Bengaluru,2,17049.13,0,0.0,0.0,0,0,47.95
2026-03-10,NEFT,Chennai,1,741.04,0,0.0,0.0,0,0,49.6
2026-03-10,NEFT,Delhi,1,1023.97,0,0.0,0.0,0,0,12.3
2026-03-10,NEFT,Hyderabad,2,2992.72,0,0.0,0.0,0,0,26.0
2026-03-10,NEFT,Jaipur,2,11953.45,0,0.0,0.0,0,0,42.0
2026-03-10,NEFT,Kochi,1,2004.08,0,0.0,0.0,0,0,5.8
2026-03-10,NEFT,Kolkata,3,22638.17,0,0.0,0.0,0,0,27.17
2026-03-10,NEFT,Mumbai,1,475.53,0,0.0,0.0,0,0,31.2
2026-03-10,NEFT,Pune,1,2936.62,0,0.0,0.0,0,0,52.9
2026-03-10,POS,Ahmedabad,6,23603.0,0,0.0,0.0,0,0,32.93
2026-03-10,POS,Bengaluru,5,8683.77,0,0.0,0.0,0,0,39.14
2026-03-10,POS,Delhi,6,21340.1,0,0.0,0.0,0,0,28.28
2026-03-10,POS,Hyderabad,1,3050.36,0,0.0,0.0,0,0,26.2
2026-03-10,POS,Jaipur,3,7867.55,1,2428.19,33.333,0,1,40.17
2026-03-10,POS,Kochi,5,8425.61,0,0.0,0.0,0,1,29.7
2026-03-10,POS,Kolkata,6,59206.6,1,18862.01,16.667,0,2,48.83
2026-03-10,POS,Mumbai,4,8988.25,0,0.0,0.0,0,0,17.0
2026-03-10,POS,Pune,6,25853.72,0,0.0,0.0,0,0,29.35
2026-03-10,RTGS,Ahmedabad,2,2283202.56,0,0.0,0.0,0,0,41.0
2026-03-10,RTGS,Bengaluru,1,717044.66,0,0.0,0.0,0,0,52.8
2026-03-10,RTGS,Chennai,1,640326.15,0,0.0,0.0,0,0,30.9
2026-03-10,RTGS,Delhi,1,406427.01,0,0.0,0.0,0,0,46.8
2026-03-10,RTGS,Kochi,2,1739877.43,0,0.0,0.0,0,0,34.3
2026-03-10,RTGS,Kolkata,1,305747.38,1,305747.38,100.0,1,0,99.0
2026-03-10,RTGS,Mumbai,2,2417731.65,0,0.0,0.0,0,0,32.0
2026-03-10,UPI,Ahmedabad,2,1393.96,1,536.09,50.0,0,1,60.15
2026-03-10,UPI,Bengaluru,4,8741.07,0,0.0,0.0,0,0,26.2
2026-03-10,UPI,Chennai,8,11783.99,0,0.0,0.0,0,0,30.31
2026-03-10,UPI,Delhi,5,8107.82,0,0.0,0.0,0,1,41.04
2026-03-10,UPI,Hyderabad,6,9883.78,0,0.0,0.0,0,0,32.32
2026-03-10,UPI,Jaipur,2,4265.94,0,0.0,0.0,0,0,23.65
2026-03-10,UPI,Kochi,5,7795.53,0,0.0,0.0,0,0,31.18
2026-03-10,UPI,Kolkata,4,6123.51,0,0.0,0.0,0,0,20.3
2026-03-10,UPI,Mumbai,8,29258.43,0,0.0,0.0,0,0,36.44
2026-03-10,UPI,Pune,11,22691.45,0,0.0,0.0,0,0,30.52
2026-03-11,ATM,Ahmedabad,3,7514.1,0,0.0,0.0,0,0,22.73
2026-03-11,ATM,Bengaluru,2,1730.92,0,0.0,0.0,0,0,24.3
2026-03-11,ATM,Chennai,2,7248.07,0,0.0,0.0,0,0,31.85
2026-03-11,ATM,Delhi,1,5783.16,0,0.0,0.0,0,0,27.5
2026-03-11,ATM,Hyderabad,1,2075.01,0,0.0,0.0,0,0,15.5
2026-03-11,ATM,Jaipur,2,3847.84,0,0.0,0.0,0,0,9.5
2026-03-11,ATM,Kochi,3,2469.97,0,0.0,0.0,0,0,39.13
2026-03-11,ATM,Kolkata,3,8501.81,0,0.0,0.0,0,0,28.17
2026-03-11,ATM,Mumbai,6,17186.68,0,0.0,0.0,0,0,28.28
2026-03-11,ATM,Pune,5,10210.95,0,0.0,0.0,0,0,29.92
2026-03-11,Branch,Chennai,1,606.81,0,0.0,0.0,0,0,18.8
2026-03-11,Branch,Delhi,1,7422.2,0,0.0,0.0,0,0,30.7
2026-03-11,Branch,Hyderabad,2,3741.23,0,0.0,0.0,0,0,33.7
2026-03-11,Branch,Mumbai,2,5554.62,0,0.0,0.0,0,0,31.9
2026-03-11,IMPS,Chennai,3,133981.79,1,130704.56,33.333,1,0,48.37
2026-03-11,IMPS,Delhi,2,8975.67,0,0.0,0.0,0,0,43.3
2026-03-11,IMPS,Hyderabad,3,8897.78,0,0.0,0.0,0,0,19.17
2026-03-11,IMPS,Jaipur,5,11463.58,0,0.0,0.0,0,0,21.56
2026-03-11,IMPS,Kochi,2,2775.84,0,0.0,0.0,0,0,20.7
2026-03-11,IMPS,Kolkata,2,4501.7,0,0.0,0.0,0,0,21.0
2026-03-11,IMPS,Mumbai,1,989.47,0,0.0,0.0,0,0,20.2
2026-03-11,IMPS,Pune,2,2913.84,0,0.0,0.0,0,0,18.5
2026-03-11,Internet Banking,Ahmedabad,4,3286.35,0,0.0,0.0,0,0,36.92
2026-03-11,Internet Banking,Bengaluru,6,18065.92,0,0.0,0.0,0,0,25.67
2026-03-11,Internet Banking,Chennai,4,4559.22,0,0.0,0.0,0,0,28.35
2026-03-11,Internet Banking,Delhi,4,18719.91,0,0.0,0.0,0,0,40.95
2026-03-11,Internet Banking,Hyderabad,2,4876.91,0,0.0,0.0,0,0,43.7
2026-03-11,Internet Banking,Jaipur,3,3488.86,0,0.0,0.0,0,0,17.23
2026-03-11,Internet Banking,Kochi,3,21554.79,0,0.0,0.0,0,0,21.73
2026-03-11,Internet Banking,Kolkata,1,1427.54,0,0.0,0.0,0,0,26.7
2026-03-11,Internet Banking,Mumbai,2,4993.36,0,0.0,0.0,0,0,25.7
2026-03-11,Internet Banking,Pune,6,72769.79,1,61153.81,16.667,1,0,43.23
2026-03-11,Mobile Banking,Ahmedabad,4,12047.45,0,0.0,0.0,0,0,34.6
2026-03-11,Mobile Banking,Bengaluru,6,13251.52,0,0.0,0.0,0,0,44.1
2026-03-11,Mobile Banking,Chennai,1,2327.59,0,0.0,0.0,0,0,24.8
2026-03-11,Mobile Banking,Delhi,7,603166.8,1,595709.48,14.286,0,1,36.19
2026-03-11,Mobile Banking,Hyderabad,5,10020.95,0,0.0,0.0,0,0,24.76
2026-03-11,Mobile Banking,Jaipur,6,21884.69,0,0.0,0.0,0,0,33.98
2026-03-11,Mobile Banking,Kochi,5,8963.07,0,0.0,0.0,0,0,41.5
2026-03-11,Mobile Banking,Kolkata,6,17210.21,0,0.0,0.0,0,0,31.6
2026-03-11,Mobile Banking,Mumbai,5,18797.82,0,0.0,0.0,0,0,32.26
2026-03-11,Mobile Banking,Pune,9,22861.4,0,0.0,0.0,0,0,30.27
2026-03-11,NEFT,Ahmedabad,3,3171.43,0,0.0,0.0,0,0,37.97
2026-03-11,NEFT,Bengaluru,2,10128.31,1,5721.28,50.0,0,1,51.7
2026-03-11,NEFT,Chennai,3,5097.76,0,0.0,0.0,0,0,43.5
2026-03-11,NEFT,Hyderabad,2,4782.77,0,0.0,0.0,0,0,34.75
2026-03-11,NEFT,Jaipur,1,17802.27,1,17802.27,100.0,1,0,87.8
2026-03-11,NEFT,Kochi,2,3861.07,0,0.0,0.0,0,0,23.95
2026-03-11,NEFT,Kolkata,1,400.51,0,0.0,0.0,0,0,12.5
2026-03-11,NEFT,Mumbai,3,3025.95,0,0.0,0.0,0,0,25.47
2026-03-11,NEFT,Pune,1,1155.66,0,0.0,0.0,0,0,19.6
2026-03-11,POS,Ahmedabad,4,9633.52,0,0.0,0.0,0,0,43.77
2026-03-11,POS,Bengaluru,6,18770.84,0,0.0,0.0,0,0,33.52
2026-03-11,POS,Chennai,4,6073.67,0,0.0,0.0,0,0,32.7
2026-03-11,POS,Delhi,4,8392.84,0,0.0,0.0,0,0,18.53
2026-03-11,POS,Hyderabad,6,16365.57,0,0.0,0.0,0,0,27.98
2026-03-11,POS,Jaipur,4,10252.91,0,0.0,0.0,0,0,25.18
2026-03-11,POS,Kochi,3,21556.54,0,0.0,0.0,0,0,20.33
2026-03-11,POS,Kolkata,5,16024.82,0,0.0,0.0,0,0,31.1
2026-03-11,POS,Mumbai,4,5949.74,0,0.0,0.0,0,0,38.35
2026-03-11,POS,Pune,3,11158.86,0,0.0,0.0,0,0,30.1
2026-03-11,RTGS,Ahmedabad,3,948580.27,0,0.0,0.0,0,0,34.63
2026-03-11,RTGS,Bengaluru,7,7014192.65,0,0.0,0.0,0,0,44.86
2026-03-11,RTGS,Chennai,2,2495091.38,0,0.0,0.0,0,0,43.95
2026-03-11,RTGS,Delhi,2,1963287.24,0,0.0,0.0,0,0,27.55
2026-03-11,RTGS,Hyderabad,3,3397284.95,0,0.0,0.0,0,0,38.37
2026-03-11,RTGS,Jaipur,2,1227116.72,0,0.0,0.0,0,0,48.05
2026-03-11,RTGS,Kochi,2,1297265.5,0,0.0,0.0,0,1,48.4
2026-03-11,RTGS,Mumbai,2,2254041.47,0,0.0,0.0,0,0,33.15
2026-03-11,RTGS,Pune,3,3229271.84,0,0.0,0.0,0,0,41.0
2026-03-11,UPI,Ahmedabad,9,10757.8,0,0.0,0.0,0,0,28.01
2026-03-11,UPI,Bengaluru,10,38227.02,0,0.0,0.0,0,0,43.09
2026-03-11,UPI,Chennai,3,3866.07,1,1446.8,33.333,0,1,38.03
2026-03-11,UPI,Delhi,6,16306.42,0,0.0,0.0,0,0,30.37
2026-03-11,UPI,Hyderabad,14,21024.36,0,0.0,0.0,0,0,32.25
2026-03-11,UPI,Jaipur,5,9028.61,0,0.0,0.0,0,0,20.8
2026-03-11,UPI,Kochi,9,29212.07,0,0.0,0.0,0,0,28.92
2026-03-11,UPI,Kolkata,6,17172.78,0,0.0,0.0,0,0,29.35
2026-03-11,UPI,Mumbai,6,26584.34,0,0.0,0.0,0,0,27.83
2026-03-11,UPI,Pune,1,1579.12,0,0.0,0.0,0,0,27.0
2026-03-12,ATM,Ahmedabad,2,12156.88,0,0.0,0.0,0,0,37.8
2026-03-12,ATM,Bengaluru,3,6171.32,0,0.0,0.0,0,0,37.97
2026-03-12,ATM,Chennai,3,1818.0,0,0.0,0.0,0,0,21.43
2026-03-12,ATM,Delhi,4,8017.14,0,0.0,0.0,0,0,24.85
2026-03-12,ATM,Hyderabad,1,6352.08,0,0.0,0.0,0,0,24.7
2026-03-12,ATM,Jaipur,2,2010.07,0,0.0,0.0,0,0,29.15
2026-03-12,ATM,Kochi,2,2122.4,0,0.0,0.0,0,0,27.85
2026-03-12,ATM,Kolkata,2,4247.17,0,0.0,0.0,0,0,35.0
2026-03-12,ATM,Mumbai,1,1160.82,0,0.0,0.0,0,0,14.1
2026-03-12,ATM,Pune,5,20674.69,0,0.0,0.0,0,0,24.32
2026-03-12,Branch,Bengaluru,1,370.25,0,0.0,0.0,0,0,28.8
2026-03-12,Branch,Chennai,2,3263.69,0,0.0,0.0,0,1,41.9
2026-03-12,Branch,Delhi,1,712.93,0,0.0,0.0,0,0,27.8
2026-03-12,Branch,Hyderabad,3,7812.77,0,0.0,0.0,0,0,36.83
2026-03-12,Branch,Jaipur,1,12397.77,0,0.0,0.0,0,0,37.5
2026-03-12,Branch,Kochi,1,1398.94,0,0.0,0.0,0,0,11.2
2026-03-12,Branch,Kolkata,3,19980.12,0,0.0,0.0,0,0,27.57
2026-03-12,Branch,Mumbai,2,3085.41,0,0.0,0.0,0,0,22.0
2026-03-12,Branch,Pune,3,10939.05,0,0.0,0.0,0,0,33.33
2026-03-12,IMPS,Ahmedabad,2,4516.16,0,0.0,0.0,0,0,36.6
2026-03-12,IMPS,Bengaluru,1,2814.81,0,0.0,0.0,0,0,28.6
2026-03-12,IMPS,Chennai,1,1984.2,0,0.0,0.0,0,0,16.5
2026-03-12,IMPS,Delhi,1,3037.16,0,0.0,0.0,0,0,44.1
2026-03-12,IMPS,Hyderabad,3,3092.98,0,0.0,0.0,0,0,27.8
2026-03-12,IMPS,Jaipur,2,2898.92,0,0.0,0.0,0,0,17.15
2026-03-12,IMPS,Kochi,2,4008.1,0,0.0,0.0,0,0,22.25
2026-03-12,IMPS,Kolkata,1,9208.15,0,0.0,0.0,0,0,59.4
2026-03-12,IMPS,Mumbai,2,8956.38,0,0.0,0.0,0,0,24.0
2026-03-12,IMPS,Pune,1,750.48,0,0.0,0.0,0,0,44.1
2026-03-12,Internet Banking,Ahmedabad,2,2893.36,0,0.0,0.0,0,0,24.7
2026-03-12,Internet Banking,Bengaluru,2,1737.5,0,0.0,0.0,0,0,20.55
2026-03-12,Internet Banking,Chennai,5,6104.67,0,0.0,0.0,0,1,34.0
2026-03-12,Internet Banking,Delhi,5,16613.1,0,0.0,0.0,0,0,23.7
2026-03-12,Internet Banking,Hyderabad,2,2428.3,0,0.0,0.0,0,0,19.4
2026-03-12,Internet Banking,Jaipur,2,2677.94,0,0.0,0.0,0,0,33.9
2026-03-12,Internet Banking,Kochi,4,7529.93,0,0.0,0.0,0,0,28.52
2026-03-12,Internet Banking,Kolkata,4,2634.52,0,0.0,0.0,0,0,22.8
2026-03-12,Internet Banking,Mumbai,4,6137.8,0,0.0,0.0,0,0,22.52
2026-03-12,Internet Banking,Pune,7,22012.53,0,0.0,0.0,0,0,28.84
2026-03-12,Mobile Banking,Ahmedabad,7,25662.54,0,0.0,0.0,0,0,26.06
2026-03-12,Mobile Banking,Bengaluru,6,26200.19,1,96.73,16.667,0,0,30.85
2026-03-12,Mobile Banking,Chennai,7,9965.89,0,0.0,0.0,0,0,32.1
2026-03-12,Mobile Banking,Delhi,4,6278.73,0,0.0,0.0,0,0,27.35
2026-03-12,Mobile Banking,Hyderabad,5,9786.05,0,0.0,0.0,0,0,29.02
2026-03-12,Mobile Banking,Jaipur,4,10276.57,0,0.0,0.0,0,0,26.52
2026-03-12,Mobile Banking,Kochi,8,25432.8,0,0.0,0.0,0,0,45.15
2026-03-12,Mobile Banking,Kolkata,5,18756.91,0,0.0,0.0,0,0,30.58
2026-03-12,Mobile Banking,Mumbai,9,259073.08,1,245535.89,11.111,1,0,36.54
2026-03-12,Mobile Banking,Pune,3,2730.6,0,0.0,0.0,0,0,29.7
2026-03-12,NEFT,Ahmedabad,2,7208.58,0,0.0,0.0,0,0,33.9
2026-03-12,NEFT,Bengaluru,4,10412.02,0,0.0,0.0,0,0,37.4
2026-03-12,NEFT,Chennai,2,2471.99,0,0.0,0.0,0,0,13.95
2026-03-12,NEFT,Hyderabad,4,11388.39,0,0.0,0.0,0,0,39.05
2026-03-12,NEFT,Jaipur,6,25506.89,0,0.0,0.0,0,0,33.4
2026-03-12,NEFT,Kochi,5,19328.27,0,0.0,0.0,0,1,42.78
2026-03-12,NEFT,Mumbai,4,9742.74,0,0.0,0.0,0,0,26.93
2026-03-12,NEFT,Pune,2,4024.7,0,0.0,0.0,0,0,36.55
2026-03-12,POS,Ahmedabad,3,5856.67,0,0.0,0.0,0,0,30.67
2026-03-12,POS,Bengaluru,6,12878.46,0,0.0,0.0,0,0,20.92
2026-03-12,POS,Chennai,9,28649.64,0,0.0,0.0,0,0,33.93
2026-03-12,POS,Delhi,4,13070.18,0,0.0,0.0,0,0,27.77
2026-03-12,POS,Hyderabad,4,10713.61,0,0.0,0.0,0,0,26.38
2026-03-12,POS,Jaipur,4,13448.62,0,0.0,0.0,0,0,41.57
2026-03-12,POS,Kochi,3,3617.6,0,0.0,0.0,0,0,26.3
2026-03-12,POS,Kolkata,5,13636.86,0,0.0,0.0,0,0,29.48
2026-03-12,POS,Mumbai,8,15161.07,0,0.0,0.0,0,0,21.65
2026-03-12,POS,Pune,4,12202.51,0,0.0,0.0,0,0,24.08
2026-03-12,RTGS,Ahmedabad,4,2543971.06,0,0.0,0.0,0,0,30.95
2026-03-12,RTGS,Bengaluru,1,1387505.58,0,0.0,0.0,0,0,54.9
2026-03-12,RTGS,Hyderabad,3,2673060.75,0,0.0,0.0,0,0,47.27
2026-03-12,RTGS,Kolkata,1,629218.62,0,0.0,0.0,0,0,49.5
2026-03-12,RTGS,Mumbai,1,1302094.75,0,0.0,0.0,0,0,47.1
2026-03-12,UPI,Ahmedabad,9,29132.33,0,0.0,0.0,0,0,28.83
2026-03-12,UPI,Bengaluru,7,16654.77,1,406.48,14.286,0,0,33.13
2026-03-12,UPI,Chennai,7,10986.21,0,0.0,0.0,0,1,26.64
2026-03-12,UPI,Delhi,8,510638.07,1,494716.29,12.5,0,0,23.04
2026-03-12,UPI,Hyderabad,2,163268.54,1,161003.04,50.0,0,0,46.65
2026-03-12,UPI,Jaipur,7,14147.31,0,0.0,0.0,0,0,28.59
2026-03-12,UPI,Kochi,4,10097.37,0,0.0,0.0,0,0,26.23
2026-03-12,UPI,Kolkata,5,5583.82,0,0.0,0.0,0,0,30.86
2026-03-12,UPI,Mumbai,6,15533.03,0,0.0,0.0,0,0,30.1
2026-03-12,UPI,Pune,7,16897.18,0,0.0,0.0,0,0,39.94
2026-03-13,ATM,Ahmedabad,4,12579.54,0,0.0,0.0,0,0,29.8
2026-03-13,ATM,Bengaluru,8,40460.55,0,0.0,0.0,0,0,24.99
2026-03-13,ATM,Chennai,3,3536.58,0,0.0,0.0,0,0,23.3
2026-03-13,ATM,Hyderabad,2,2068.07,0,0.0,0.0,0,0,17.95
2026-03-13,ATM,Jaipur,1,220.17,0,0.0,0.0,0,0,15.4
2026-03-13,ATM,Kochi,6,14596.14,0,0.0,0.0,0,0,34.98
2026-03-13,ATM,Kolkata,2,11228.38,0,0.0,0.0,0,0,41.3
2026-03-13,ATM,Mumbai,2,1223.21,0,0.0,0.0,0,0,30.45
2026-03-13,ATM,Pune,3,17734.4,0,0.0,0.0,0,0,31.7
2026-03-13,Branch,Ahmedabad,1,5527.43,0,0.0,0.0,0,0,50.3
2026-03-13,Branch,Bengaluru,1,1772.02,0,0.0,0.0,0,0,23.8
2026-03-13,Branch,Delhi,2,12164.04,0,0.0,0.0,0,0,36.95
2026-03-13,Branch,Jaipur,1,5681.91,0,0.0,0.0,0,0,31.7
2026-03-13,Branch,Kolkata,1,2403.32,0,0.0,0.0,0,0,36.5
2026-03-13,Branch,Pune,1,908.22,0,0.0,0.0,0,0,24.9
2026-03-13,IMPS,Ahmedabad,4,4857.49,0,0.0,0.0,0,0,28.98
2026-03-13,IMPS,Bengaluru,2,5168.0,0,0.0,0.0,0,0,27.65
2026-03-13,IMPS,Chennai,1,298.95,0,0.0,0.0,0,0,11.1
2026-03-13,IMPS,Delhi,2,789.85,0,0.0,0.0,0,0,26.35
2026-03-13,IMPS,Hyderabad,1,2132.55,0,0.0,0.0,0,0,22.3
2026-03-13,IMPS,Jaipur,2,1515.48,0,0.0,0.0,0,0,23.1
2026-03-13,IMPS,Kochi,4,11357.5,1,679.38,25.0,0,1,44.3
2026-03-13,IMPS,Kolkata,1,1879.43,0,0.0,0.0,0,0,51.2
2026-03-13,IMPS,Pune,3,7538.58,0,0.0,0.0,0,0,24.63
2026-03-13,Internet Banking,Ahmedabad,7,24229.7,0,0.0,0.0,0,0,35.23
2026-03-13,Internet Banking,Chennai,3,17052.97,1,660.27,33.333,0,0,32.17
2026-03-13,Internet Banking,Hyderabad,3,5571.34,0,0.0,0.0,0,0,22.33
2026-03-13,Internet Banking,Jaipur,3,5355.54,0,0.0,0.0,0,0,29.77
2026-03-13,Internet Banking,Kochi,2,17049.38,0,0.0,0.0,0,0,22.65
2026-03-13,Internet Banking,Kolkata,1,1140.64,0,0.0,0.0,0,0,13.5
2026-03-13,Internet Banking,Mumbai,9,19344.15,0,0.0,0.0,0,0,32.01
2026-03-13,Internet Banking,Pune,7,24282.94,0,0.0,0.0,0,0,28.37
2026-03-13,Mobile Banking,Ahmedabad,5,10428.69,0,0.0,0.0,0,1,32.0
2026-03-13,Mobile Banking,Bengaluru,7,22390.92,0,0.0,0.0,0,0,28.44
2026-03-13,Mobile Banking,Chennai,3,1904.56,0,0.0,0.0,0,0,40.93
2026-03-13,Mobile Banking,Delhi,6,13106.8,0,0.0,0.0,0,0,26.4
2026-03-13,Mobile Banking,Hyderabad,9,23602.8,0,0.0,0.0,0,0,25.94
2026-03-13,Mobile Banking,Jaipur,7,7272.91,1,1028.01,14.286,0,1,28.99
2026-03-13,Mobile Banking,Kochi,7,10455.28,0,0.0,0.0,0,0,30.31
2026-03-13,Mobile Banking,Kolkata,6,17652.89,0,0.0,0.0,0,0,33.8
2026-03-13,Mobile Banking,Mumbai,3,6702.02,0,0.0,0.0,0,0,36.83
2026-03-13,Mobile Banking,Pune,3,12581.49,0,0.0,0.0,0,0,36.37
2026-03-13,NEFT,Ahmedabad,3,460164.11,1,456899.66,33.333,1,0,53.7
2026-03-13,NEFT,Bengaluru,4,9557.86,0,0.0,0.0,0,0,29.57
2026-03-13,NEFT,Chennai,2,3820.95,0,0.0,0.0,0,0,35.05
2026-03-13,NEFT,Delhi,2,3298.88,1,68.13,50.0,0,0,49.8
2026-03-13,NEFT,Jaipur,3,11929.2,0,0.0,0.0,0,0,35.27
2026-03-13,NEFT,Kochi,1,4959.06,0,0.0,0.0,0,0,21.8
2026-03-13,NEFT,Kolkata,2,4524.14,0,0.0,0.0,0,0,42.65
2026-03-13,NEFT,Mumbai,3,7682.75,0,0.0,0.0,0,0,41.27
2026-03-13,NEFT,Pune,1,1270.91,0,0.0,0.0,0,0,41.2
2026-03-13,POS,Ahmedabad,5,11570.04,0,0.0,0.0,0,0,25.84
2026-03-13,POS,Bengaluru,6,11469.48,0,0.0,0.0,0,0,31.02
2026-03-13,POS,Chennai,4,5839.0,0,0.0,0.0,0,0,26.2
2026-03-13,POS,Delhi,2,3439.53,0,0.0,0.0,0,0,36.15
2026-03-13,POS,Hyderabad,7,21554.48,0,0.0,0.0,0,0,28.97
2026-03-13,POS,Jaipur,2,2735.97,0,0.0,0.0,0,0,30.1
2026-03-13,POS,Kochi,6,6839.16,0,0.0,0.0,0,0,31.27
2026-03-13,POS,Kolkata,3,2601.93,0,0.0,0.0,0,0,32.43
2026-03-13,POS,Mumbai,3,5030.05,0,0.0,0.0,0,0,37.37
2026-03-13,POS,Pune,2,2843.15,0,0.0,0.0,0,0,48.05
2026-03-13,RTGS,Ahmedabad,6,4703099.39,0,0.0,0.0,0,0,39.3
2026-03-13,RTGS,Hyderabad,1,840692.15,0,0.0,0.0,0,0,50.7
2026-03-13,RTGS,Jaipur,1,1149186.76,0,0.0,0.0,0,0,31.2
2026-03-13,RTGS,Kochi,2,2158471.42,0,0.0,0.0,0,0,40.45
2026-03-13,RTGS,Kolkata,1,885132.14,0,0.0,0.0,0,0,29.8
2026-03-13,RTGS,Pune,3,3167085.73,0,0.0,0.0,0,0,28.57
2026-03-13,UPI,Ahmedabad,6,7774.02,0,0.0,0.0,0,0,27.08
2026-03-13,UPI,Bengaluru,7,25080.88,0,0.0,0.0,0,1,41.47
2026-03-13,UPI,Chennai,4,11722.53,0,0.0,0.0,0,0,27.45
2026-03-13,UPI,Delhi,3,6923.5,0,0.0,0.0,0,0,24.5
2026-03-13,UPI,Hyderabad,9,217815.16,2,150921.54,22.222,0,0,39.39
2026-03-13,UPI,Jaipur,3,5409.62,0,0.0,0.0,0,0,37.87
2026-03-13,UPI,Kochi,4,4158.11,0,0.0,0.0,0,0,28.38
2026-03-13,UPI,Kolkata,6,14960.95,0,0.0,0.0,0,0,24.13
2026-03-13,UPI,Mumbai,7,35356.34,0,0.0,0.0,0,1,37.46
2026-03-13,UPI,Pune,5,316556.04,1,302606.49,20.0,0,0,31.6
2026-03-14,ATM,Ahmedabad,2,1244.47,0,0.0,0.0,0,0,18.45
2026-03-14,ATM,Bengaluru,5,25875.81,0,0.0,0.0,0,0,32.8
2026-03-14,ATM,Chennai,5,25375.18,0,0.0,0.0,0,0,32.0
2026-03-14,ATM,Delhi,5,8170.41,0,0.0,0.0,0,0,25.3
2026-03-14,ATM,Hyderabad,5,8939.78,0,0.0,0.0,0,0,27.96
2026-03-14,ATM,Jaipur,1,1671.13,0,0.0,0.0,0,0,13.8
2026-03-14,ATM,Kochi,2,4214.6,0,0.0,0.0,0,0,20.0
2026-03-14,ATM,Kolkata,4,20815.66,0,0.0,0.0,0,0,35.1
2026-03-14,ATM,Mumbai,4,72868.42,1,67854.66,25.0,0,0,36.35
2026-03-14,ATM,Pune,5,18922.91,0,0.0,0.0,0,0,39.42
2026-03-14,Branch,Bengaluru,3,9568.26,0,0.0,0.0,0,0,35.8
2026-03-14,Branch,Chennai,1,5209.05,0,0.0,0.0,0,0,31.8
2026-03-14,Branch,Delhi,1,1264.21,0,0.0,0.0,0,0,17.1
2026-03-14,Branch,Hyderabad,1,1507.29,0,0.0,0.0,0,0,46.0
2026-03-14,Branch,Jaipur,2,8791.44,0,0.0,0.0,0,0,29.6
2026-03-14,Branch,Kochi,1,633.26,0,0.0,0.0,0,0,35.1
2026-03-14,Branch,Pune,1,2281.95,0,0.0,0.0,0,0,27.8
2026-03-14,IMPS,Ahmedabad,2,3533.86,0,0.0,0.0,0,0,24.5
2026-03-14,IMPS,Bengaluru,1,4732.4,0,0.0,0.0,0,0,15.2
2026-03-14,IMPS,Chennai,2,1573.31,0,0.0,0.0,0,0,32.45
2026-03-14,IMPS,Hyderabad,2,12634.18,0,0.0,0.0,0,0,34.25
2026-03-14,IMPS,Jaipur,2,2933.65,0,0.0,0.0,0,0,42.05
2026-03-14,IMPS,Kochi,4,19655.79,0,0.0,0.0,0,0,24.45
2026-03-14,IMPS,Kolkata,3,3972.54,0,0.0,0.0,0,0,23.37
2026-03-14,IMPS,Mumbai,1,1460.86,0,0.0,0.0,0,0,39.9
2026-03-14,IMPS,Pune,4,14807.5,0,0.0,0.0,0,1,40.27
2026-03-14,Internet Banking,Ahmedabad,5,18016.9,0,0.0,0.0,0,0,40.38
2026-03-14,Internet Banking,Bengaluru,5,25097.66,0,0.0,0.0,0,0,25.8
2026-03-14,Internet Banking,Chennai,1,1383.49,0,0.0,0.0,0,0,15.3
2026-03-14,Internet Banking,Delhi,1,733.91,0,0.0,0.0,0,0,31.1
2026-03-14,Internet Banking,Hyderabad,5,12960.34,0,0.0,0.0,0,0,37.0
2026-03-14,Internet Banking,Jaipur,8,17223.92,0,0.0,0.0,0,0,21.46
2026-03-14,Internet Banking,Kochi,4,4567.26,0,0.0,0.0,0,0,26.15
2026-03-14,Internet Banking,Kolkata,4,8436.39,0,0.0,0.0,0,1,36.08
2026-03-14,Internet Banking,Mumbai,6,20916.76,0,0.0,0.0,0,0,34.1
2026-03-14,Internet Banking,Pune,2,1054.81,0,0.0,0.0,0,0,13.1
2026-03-14,Mobile Banking,Ahmedabad,6,11489.25,0,0.0,0.0,0,0,36.32
2026-03-14,Mobile Banking,Bengaluru,2,4866.21,0,0.0,0.0,0,0,22.45
2026-03-14,Mobile Banking,Chennai,3,3242.08,0,0.0,0.0,0,0,22.73
2026-03-14,Mobile Banking,Delhi,4,72724.63,1,70265.15,25.0,1,0,51.9
2026-03-14,Mobile Banking,Hyderabad,13,38527.31,0,0.0,0.0,0,1,25.94
2026-03-14,Mobile Banking,Jaipur,4,5289.19,0,0.0,0.0,0,0,39.17
2026-03-14,Mobile Banking,Kochi,3,4703.07,0,0.0,0.0,0,0,15.37
2026-03-14,Mobile Banking,Kolkata,3,21327.61,0,0.0,0.0,0,0,29.3
2026-03-14,Mobile Banking,Mumbai,3,7032.65,0,0.0,0.0,0,0,18.6
2026-03-14,Mobile Banking,Pune,5,3363.75,0,0.0,0.0,0,0,28.14
2026-03-14,NEFT,Ahmedabad,2,4214.31,0,0.0,0.0,0,0,16.9
2026-03-14,NEFT,Bengaluru,5,8400.66,0,0.0,0.0,0,0,27.54
2026-03-14,NEFT,Chennai,2,7393.5,0,0.0,0.0,0,0,28.2
2026-03-14,NEFT,Delhi,2,13011.15,0,0.0,0.0,0,0,31.25
2026-03-14,NEFT,Hyderabad,4,5065.38,0,0.0,0.0,0,0,25.58
2026-03-14,NEFT,Jaipur,2,2196.94,0,0.0,0.0,0,0,32.9
2026-03-14,NEFT,Kochi,1,789.7,0,0.0,0.0,0,0,11.4
2026-03-14,NEFT,Mumbai,2,3313.65,0,0.0,0.0,0,0,21.9
2026-03-14,POS,Ahmedabad,5,14277.83,0,0.0,0.0,0,0,15.68
2026-03-14,POS,Bengaluru,3,23491.06,0,0.0,0.0,0,1,42.63
2026-03-14,POS,Chennai,2,1925.25,0,0.0,0.0,0,0,34.3
2026-03-14,POS,Delhi,1,301.93,0,0.0,0.0,0,0,55.5
2026-03-14,POS,Hyderabad,5,15288.22,0,0.0,0.0,0,0,32.6
2026-03-14,POS,Jaipur,3,3737.32,0,0.0,0.0,0,0,35.23
2026-03-14,POS,Kochi,3,3543.33,0,0.0,0.0,0,0,21.47
2026-03-14,POS,Kolkata,2,1601.81,0,0.0,0.0,0,0,9.75
2026-03-14,POS,Mumbai,4,5798.75,0,0.0,0.0,0,0,31.02
2026-03-14,POS,Pune,3,5405.29,0,0.0,0.0,0,0,32.5
2026-03-14,RTGS,Ahmedabad,2,1482143.82,0,0.0,0.0,0,0,53.15
2026-03-14,RTGS,Bengaluru,2,2171302.47,0,0.0,0.0,0,0,38.35
2026-03-14,RTGS,Chennai,3,1978891.46,0,0.0,0.0,0,0,44.33
2026-03-14,RTGS,Jaipur,1,501034.54,0,0.0,0.0,0,1,75.5
2026-03-14,RTGS,Kochi,2,618363.04,0,0.0,0.0,0,0,39.35
2026-03-14,RTGS,Kolkata,1,549115.34,0,0.0,0.0,0,0,31.4
2026-03-14,RTGS,Mumbai,4,3121851.14,0,0.0,0.0,0,0,43.5
2026-03-14,RTGS,Pune,1,936784.17,0,0.0,0.0,0,0,27.7
2026-03-14,UPI,Ahmedabad,5,8679.78,0,0.0,0.0,0,0,27.3
2026-03-14,UPI,Bengaluru,6,31554.54,0,0.0,0.0,0,0,31.45
2026-03-14,UPI,Chennai,6,8393.61,0,0.0,0.0,0,0,33.75
2026-03-14,UPI,Delhi,5,9556.03,0,0.0,0.0,0,0,32.04
2026-03-14,UPI,Hyderabad,5,11224.89,0,0.0,0.0,0,0,25.36
2026-03-14,UPI,Jaipur,7,26850.37,0,0.0,0.0,0,0,19.3
2026-03-14,UPI,Kochi,7,8790.57,0,0.0,0.0,0,0,17.9
2026-03-14,UPI,Kolkata,2,8809.29,0,0.0,0.0,0,0,33.55
2026-03-14,UPI,Mumbai,4,35527.75,0,0.0,0.0,0,0,43.23
2026-03-14,UPI,Pune,7,10623.36,0,0.0,0.0,0,0,28.89
2026-03-15,ATM,Ahmedabad,3,4628.59,0,0.0,0.0,0,0,23.83
2026-03-15,ATM,Bengaluru,4,9430.81,0,0.0,0.0,0,0,36.27
2026-03-15,ATM,Chennai,2,5753.47,0,0.0,0.0,0,0,34.8
2026-03-15,ATM,Delhi,6,13296.76,0,0.0,0.0,0,0,30.73
2026-03-15,ATM,Hyderabad,1,5453.7,0,0.0,0.0,0,0,42.4
2026-03-15,ATM,Jaipur,1,1351.3,0,0.0,0.0,0,0,63.1
2026-03-15,ATM,Kochi,6,6207.59,0,0.0,0.0,0,0,26.67
2026-03-15,ATM,Kolkata,2,5145.58,1,4142.61,50.0,1,0,59.7
2026-03-15,ATM,Mumbai,3,4166.33,0,0.0,0.0,0,0,45.9
2026-03-15,ATM,Pune,5,6963.99,0,0.0,0.0,0,0,24.78
2026-03-15,Branch,Bengaluru,1,1492.63,0,0.0,0.0,0,0,40.1
2026-03-15,Branch,Kochi,1,1249.25,0,0.0,0.0,0,0,22.2
2026-03-15,Branch,Kolkata,1,3184.75,0,0.0,0.0,0,0,44.7
2026-03-15,Branch,Mumbai,2,4693.89,0,0.0,0.0,0,0,28.6
2026-03-15,Branch,Pune,1,2197.53,0,0.0,0.0,0,0,8.5
2026-03-15,IMPS,Ahmedabad,1,2984.62,0,0.0,0.0,0,0,17.3
2026-03-15,IMPS,Bengaluru,4,8423.65,0,0.0,0.0,0,0,27.23
2026-03-15,IMPS,Chennai,3,2801.18,1,411.18,33.333,0,0,28.3
2026-03-15,IMPS,Hyderabad,2,3231.98,0,0.0,0.0,0,0,20.3
2026-03-15,IMPS,Jaipur,4,23298.71,0,0.0,0.0,0,0,37.05
2026-03-15,IMPS,Kochi,2,7803.26,0,0.0,0.0,0,0,23.15
2026-03-15,IMPS,Kolkata,1,3975.14,0,0.0,0.0,0,0,32.4
2026-03-15,IMPS,Mumbai,1,1069.03,0,0.0,0.0,0,0,31.7
2026-03-15,IMPS,Pune,1,7900.22,0,0.0,0.0,0,0,27.9
2026-03-15,Internet Banking,Ahmedabad,3,16900.23,0,0.0,0.0,0,0,46.2
2026-03-15,Internet Banking,Bengaluru,3,4609.08,1,2883.91,33.333,0,1,39.9
2026-03-15,Internet Banking,Chennai,3,8294.71,0,0.0,0.0,0,0,26.7
2026-03-15,Internet Banking,Delhi,2,2207.86,0,0.0,0.0,0,0,35.65
2026-03-15,Internet Banking,Hyderabad,3,5736.73,0,0.0,0.0,0,0,16.83
2026-03-15,Internet Banking,Jaipur,1,3993.88,0,0.0,0.0,0,0,16.8
2026-03-15,Internet Banking,Kochi,7,16727.81,0,0.0,0.0,0,1,31.89
2026-03-15,Internet Banking,Kolkata,2,2286.38,0,0.0,0.0,0,0,20.55
2026-03-15,Internet Banking,Mumbai,2,1321.76,1,650.97,50.0,0,1,46.9
2026-03-15,Internet Banking,Pune,2,4279.68,0,0.0,0.0,0,0,23.45
2026-03-15,Mobile Banking,Ahmedabad,3,4568.06,0,0.0,0.0,0,0,15.77
2026-03-15,Mobile Banking,Bengaluru,6,31123.53,0,0.0,0.0,0,0,41.2
2026-03-15,Mobile Banking,Chennai,6,5771.15,0,0.0,0.0,0,0,36.07
2026-03-15,Mobile Banking,Delhi,5,5391.54,0,0.0,0.0,0,0,37.72
2026-03-15,Mobile Banking,Hyderabad,9,20401.26,0,0.0,0.0,0,1,35.8
2026-03-15,Mobile Banking,Jaipur,5,10473.37,0,0.0,0.0,0,0,31.68
2026-03-15,Mobile Banking,Kochi,4,3915.2,0,0.0,0.0,0,0,27.95
2026-03-15,Mobile Banking,Kolkata,5,7511.41,1,10.26,20.0,0,0,39.86
2026-03-15,Mobile Banking,Mumbai,5,9282.54,0,0.0,0.0,0,0,26.44
2026-03-15,Mobile Banking,Pune,6,13360.42,0,0.0,0.0,0,0,35.25
2026-03-15,NEFT,Ahmedabad,3,15806.61,0,0.0,0.0,0,0,26.23
2026-03-15,NEFT,Bengaluru,1,2101.58,0,0.0,0.0,0,0,35.2
2026-03-15,NEFT,Chennai,1,1310.24,0,0.0,0.0,0,0,27.9
2026-03-15,NEFT,Delhi,5,14572.45,0,0.0,0.0,0,0,23.86
2026-03-15,NEFT,Hyderabad,5,18065.53,0,0.0,0.0,0,0,33.34
2026-03-15,NEFT,Jaipur,3,5180.09,0,0.0,0.0,0,0,26.1
2026-03-15,NEFT,Kochi,2,1663.36,0,0.0,0.0,0,0,40.8
2026-03-15,NEFT,Kolkata,1,1692.08,0,0.0,0.0,0,0,59.1
2026-03-15,POS,Ahmedabad,3,13134.82,0,0.0,0.0,0,0,28.93
2026-03-15,POS,Bengaluru,4,8961.88,0,0.0,0.0,0,0,27.67
2026-03-15,POS,Chennai,6,13058.77,0,0.0,0.0,0,0,23.42
2026-03-15,POS,Delhi,5,10298.19,0,0.0,0.0,0,0,20.8
2026-03-15,POS,Hyderabad,9,28113.16,0,0.0,0.0,0,0,23.48
2026-03-15,POS,Jaipur,3,14195.07,0,0.0,0.0,0,0,20.73
2026-03-15,POS,Kochi,4,5954.87,0,0.0,0.0,0,0,21.82
2026-03-15,POS,Kolkata,2,3179.69,0,0.0,0.0,0,1,48.15
2026-03-15,POS,Mumbai,6,11608.6,0,0.0,0.0,0,0,22.38
2026-03-15,POS,Pune,3,1950.13,0,0.0,0.0,0,0,27.93
2026-03-15,RTGS,Chennai,1,1411074.17,0,0.0,0.0,0,0,25.5
2026-03-15,RTGS,Delhi,2,899381.29,0,0.0,0.0,0,1,47.0
2026-03-15,RTGS,Jaipur,3,3382978.14,0,0.0,0.0,0,0,43.37
2026-03-15,RTGS,Kochi,2,2132909.54,0,0.0,0.0,0,0,44.0
2026-03-15,RTGS,Mumbai,2,1679866.56,0,0.0,0.0,0,0,44.05
2026-03-15,UPI,Ahmedabad,6,21579.82,0,0.0,0.0,0,0,27.9
2026-03-15,UPI,Bengaluru,6,14208.97,0,0.0,0.0,0,0,20.42
2026-03-15,UPI,Chennai,5,18007.33,0,0.0,0.0,0,0,23.06
2026-03-15,UPI,Delhi,7,17619.92,0,0.0,0.0,0,0,28.6
2026-03-15,UPI,Hyderabad,11,41114.4,0,0.0,0.0,0,0,29.81
2026-03-15,UPI,Jaipur,3,6380.75,0,0.0,0.0,0,0,22.63
2026-03-15,UPI,Kochi,6,16114.49,0,0.0,0.0,0,0,35.35
2026-03-15,UPI,Kolkata,9,14349.88,0,0.0,0.0,0,0,27.13
2026-03-15,UPI,Mumbai,6,472907.3,1,462735.4,16.667,0,0,26.82
2026-03-15,UPI,Pune,6,18829.96,0,0.0,0.0,0,0,31.27
2026-03-16,ATM,Ahmedabad,6,14046.12,0,0.0,0.0,0,0,31.6
2026-03-16,ATM,Bengaluru,3,7046.92,0,0.0,0.0,0,0,17.8
2026-03-16,ATM,Chennai,1,838.81,0,0.0,0.0,0,0,25.8
2026-03-16,ATM,Delhi,1,2804.34,0,0.0,0.0,0,0,13.1
2026-03-16,ATM,Hyderabad,5,7306.02,0,0.0,0.0,0,0,21.18
2026-03-16,ATM,Jaipur,5,13894.31,0,0.0,0.0,0,0,24.36
2026-03-16,ATM,Kochi,5,7188.39,0,0.0,0.0,0,0,21.66
2026-03-16,ATM,Kolkata,2,6286.75,0,0.0,0.0,0,0,35.15
2026-03-16,ATM,Mumbai,4,9833.57,0,0.0,0.0,0,0,47.08
2026-03-16,ATM,Pune,8,21684.49,0,0.0,0.0,0,0,31.21
2026-03-16,Branch,Ahmedabad,1,12.58,1,12.58,100.0,0,0,46.0
2026-03-16,Branch,Delhi,1,2879.92,0,0.0,0.0,0,0,18.0
2026-03-16,Branch,Hyderabad,1,4521.9,0,0.0,0.0,0,0,30.8
2026-03-16,Branch,Kochi,2,2109.41,0,0.0,0.0,0,0,35.2
2026-03-16,Branch,Mumbai,1,1557.32,0,0.0,0.0,0,0,32.2
2026-03-16,IMPS,Bengaluru,1,4552.04,0,0.0,0.0,0,1,66.2
2026-03-16,IMPS,Chennai,2,3371.43,0,0.0,0.0,0,0,25.0
2026-03-16,IMPS,Delhi,3,18618.47,0,0.0,0.0,0,0,23.5
2026-03-16,IMPS,Hyderabad,5,5261.18,0,0.0,0.0,0,0,38.38
2026-03-16,IMPS,Jaipur,2,10169.29,0,0.0,0.0,0,0,42.75
2026-03-16,IMPS,Kochi,4,11367.35,0,0.0,0.0,0,0,23.48
2026-03-16,IMPS,Kolkata,2,5817.78,0,0.0,0.0,0,0,14.15
2026-03-16,IMPS,Mumbai,2,36116.56,0,0.0,0.0,0,0,43.35
2026-03-16,Internet Banking,Ahmedabad,2,3100.25,0,0.0,0.0,0,0,17.65
2026-03-16,Internet Banking,Bengaluru,3,7216.0,0,0.0,0.0,0,0,35.13
2026-03-16,Internet Banking,Chennai,3,3870.08,0,0.0,0.0,0,0,37.8
2026-03-16,Internet Banking,Delhi,4,8296.5,0,0.0,0.0,0,0,19.68
2026-03-16,Internet Banking,Hyderabad,8,21231.53,0,0.0,0.0,0,0,34.49
2026-03-16,Internet Banking,Jaipur,5,16669.95,0,0.0,0.0,0,0,31.98
2026-03-16,Internet Banking,Kochi,5,438251.28,1,427173.44,20.0,0,0,36.12
2026-03-16,Internet Banking,Kolkata,2,7967.46,0,0.0,0.0,0,0,32.75
2026-03-16,Internet Banking,Mumbai,5,17612.13,0,0.0,0.0,0,0,21.1
2026-03-16,Internet Banking,Pune,7,23979.94,0,0.0,0.0,0,1,27.54
2026-03-16,Mobile Banking,Ahmedabad,5,14458.79,0,0.0,0.0,0,0,21.7
2026-03-16,Mobile Banking,Bengaluru,8,14478.46,0,0.0,0.0,0,0,34.75
2026-03-16,Mobile Banking,Chennai,7,27462.93,0,0.0,0.0,0,0,34.24
2026-03-16,Mobile Banking,Delhi,2,4477.26,0,0.0,0.0,0,0,19.0
2026-03-16,Mobile Banking,Hyderabad,5,13358.31,0,0.0,0.0,0,0,28.64
2026-03-16,Mobile Banking,Jaipur,5,9388.7,0,0.0,0.0,0,0,33.12
2026-03-16,Mobile Banking,Kochi,4,671625.4,2,668786.47,50.0,0,1,43.2
2026-03-16,Mobile Banking,Kolkata,4,2720.36,0,0.0,0.0,0,0,27.45
2026-03-16,Mobile Banking,Mumbai,5,14360.17,0,0.0,0.0,0,0,16.42
2026-03-16,Mobile Banking,Pune,5,10371.09,0,0.0,0.0,0,0,18.66
2026-03-16,NEFT,Ahmedabad,6,14420.68,1,857.97,16.667,0,1,34.48
2026-03-16,NEFT,Bengaluru,2,7051.38,0,0.0,0.0,0,0,39.45
2026-03-16,NEFT,Hyderabad,3,2964.14,0,0.0,0.0,0,0,20.93
2026-03-16,NEFT,Jaipur,2,2736.29,0,0.0,0.0,0,0,42.4
2026-03-16,NEFT,Kochi,2,7908.76,0,0.0,0.0,0,0,13.25
2026-03-16,NEFT,Kolkata,2,3997.03,0,0.0,0.0,0,0,37.65
2026-03-16,NEFT,Mumbai,1,1447.69,0,0.0,0.0,0,0,10.6
2026-03-16,NEFT,Pune,3,7898.91,0,0.0,0.0,0,0,24.03
2026-03-16,POS,Ahmedabad,4,8840.15,0,0.0,0.0,0,0,32.33
2026-03-16,POS,Bengaluru,5,7421.63,0,0.0,0.0,0,0,27.26
2026-03-16,POS,Chennai,2,4558.1,0,0.0,0.0,0,0,42.8
2026-03-16,POS,Delhi,3,3578.07,0,0.0,0.0,0,0,34.6
2026-03-16,POS,Hyderabad,10,23710.97,1,95.55,10.0,0,0,32.88
2026-03-16,POS,Jaipur,3,10683.76,0,0.0,0.0,0,0,36.17
2026-03-16,POS,Kochi,3,14721.01,0,0.0,0.0,0,0,26.6
2026-03-16,POS,Kolkata,3,10891.29,0,0.0,0.0,0,0,32.6
2026-03-16,POS,Mumbai,2,4499.54,0,0.0,0.0,0,0,42.7
2026-03-16,POS,Pune,6,21156.57,0,0.0,0.0,0,0,25.23
2026-03-16,RTGS,Ahmedabad,2,2471918.82,0,0.0,0.0,0,0,26.6
2026-03-16,RTGS,Bengaluru,3,1138072.46,0,0.0,0.0,0,0,44.53
2026-03-16,RTGS,Chennai,2,1901731.81,0,0.0,0.0,0,0,43.85
2026-03-16,RTGS,Hyderabad,3,1837536.75,0,0.0,0.0,0,0,36.6
2026-03-16,RTGS,Jaipur,1,378667.72,0,0.0,0.0,0,0,56.3
2026-03-16,RTGS,Kolkata,3,1977742.8,0,0.0,0.0,0,0,40.13
2026-03-16,RTGS,Mumbai,1,1309726.08,0,0.0,0.0,0,0,29.4
2026-03-16,RTGS,Pune,3,2117829.45,0,0.0,0.0,0,0,34.3
2026-03-16,UPI,Ahmedabad,8,12702.45,0,0.0,0.0,0,0,34.7
2026-03-16,UPI,Bengaluru,3,8405.51,0,0.0,0.0,0,0,25.27
2026-03-16,UPI,Chennai,7,8988.64,0,0.0,0.0,0,0,21.76
2026-03-16,UPI,Delhi,9,28321.54,1,518.56,11.111,0,1,35.3
2026-03-16,UPI,Hyderabad,6,18217.2,0,0.0,0.0,0,0,32.3
2026-03-16,UPI,Jaipur,6,16318.79,0,0.0,0.0,0,0,24.55
2026-03-16,UPI,Kochi,5,19358.48,0,0.0,0.0,0,0,33.04
2026-03-16,UPI,Kolkata,4,6238.72,0,0.0,0.0,0,0,27.15
2026-03-16,UPI,Mumbai,3,5474.82,0,0.0,0.0,0,0,29.57
2026-03-16,UPI,Pune,3,3619.58,0,0.0,0.0,0,0,28.63
2026-03-17,ATM,Ahmedabad,4,2760.19,0,0.0,0.0,0,0,21.95
2026-03-17,ATM,Bengaluru,3,11842.22,1,454.3,33.333,0,1,44.23
2026-03-17,ATM,Chennai,5,9739.47,0,0.0,0.0,0,0,23.84
2026-03-17,ATM,Delhi,2,5448.0,0,0.0,0.0,0,0,36.5
2026-03-17,ATM,Hyderabad,6,34229.97,0,0.0,0.0,0,0,28.0
2026-03-17,ATM,Jaipur,2,373.43,0,0.0,0.0,0,0,37.7
2026-03-17,ATM,Kochi,4,10855.0,0,0.0,0.0,0,0,33.4
2026-03-17,ATM,Mumbai,2,951.08,0,0.0,0.0,0,0,35.4
2026-03-17,ATM,Pune,4,14641.62,0,0.0,0.0,0,0,20.98
2026-03-17,Branch,Ahmedabad,1,2165.07,0,0.0,0.0,0,0,52.1
2026-03-17,Branch,Bengaluru,4,12066.2,0,0.0,0.0,0,0,30.08
2026-03-17,Branch,Delhi,1,1206.91,0,0.0,0.0,0,0,18.4
2026-03-17,Branch,Kochi,2,2184.48,0,0.0,0.0,0,0,13.9
2026-03-17,Branch,Mumbai,2,11137.58,0,0.0,0.0,0,0,15.8
2026-03-17,IMPS,Ahmedabad,2,3074.47,0,0.0,0.0,0,0,36.15
2026-03-17,IMPS,Bengaluru,4,6256.52,0,0.0,0.0,0,0,33.05
2026-03-17,IMPS,Chennai,2,1172.92,0,0.0,0.0,0,0,13.65
2026-03-17,IMPS,Delhi,1,539.61,0,0.0,0.0,0,0,11.5
2026-03-17,IMPS,Hyderabad,2,5669.07,0,0.0,0.0,0,0,32.2
2026-03-17,IMPS,Kolkata,4,4833.28,0,0.0,0.0,0,0,14.1
2026-03-17,IMPS,Pune,3,12090.64,0,0.0,0.0,0,0,43.47
2026-03-17,Internet Banking,Ahmedabad,4,21446.32,0,0.0,0.0,0,0,29.25
2026-03-17,Internet Banking,Bengaluru,7,11510.81,0,0.0,0.0,0,0,27.2
2026-03-17,Internet Banking,Chennai,2,7143.28,0,0.0,0.0,0,0,35.45
2026-03-17,Internet Banking,Delhi,2,2336.56,0,0.0,0.0,0,0,24.45
2026-03-17,Internet Banking,Hyderabad,9,17596.48,0,0.0,0.0,0,0,24.44
2026-03-17,Internet Banking,Jaipur,2,3056.75,0,0.0,0.0,0,0,29.95
2026-03-17,Internet Banking,Kochi,2,5711.03,0,0.0,0.0,0,0,41.3
2026-03-17,Internet Banking,Mumbai,5,13885.36,0,0.0,0.0,0,0,31.34
2026-03-17,Internet Banking,Pune,2,26493.42,0,0.0,0.0,0,0,28.8
2026-03-17,Mobile Banking,Ahmedabad,9,12256.01,0,0.0,0.0,0,0,28.74
2026-03-17,Mobile Banking,Bengaluru,5,13544.14,0,0.0,0.0,0,0,28.02
2026-03-17,Mobile Banking,Chennai,7,29889.31,0,0.0,0.0,0,0,33.1
2026-03-17,Mobile Banking,Delhi,8,16614.99,0,0.0,0.0,0,0,22.41
2026-03-17,Mobile Banking,Hyderabad,4,13089.57,0,0.0,0.0,0,0,36.75
2026-03-17,Mobile Banking,Jaipur,2,3966.05,0,0.0,0.0,0,0,22.95
2026-03-17,Mobile Banking,Kochi,4,4849.12,0,0.0,0.0,0,0,34.92
2026-03-17,Mobile Banking,Kolkata,5,11916.66,1,121.34,20.0,0,0,30.94
2026-03-17,Mobile Banking,Mumbai,6,13875.88,0,0.0,0.0,0,0,27.77
2026-03-17,Mobile Banking,Pune,3,18224.8,0,0.0,0.0,0,0,26.77
2026-03-17,NEFT,Bengaluru,1,1099.28,0,0.0,0.0,0,0,15.0
2026-03-17,NEFT,Chennai,2,3812.32,0,0.0,0.0,0,0,36.8
2026-03-17,NEFT,Delhi,1,325.57,0,0.0,0.0,0,0,41.0
2026-03-17,NEFT,Hyderabad,3,2883.54,0,0.0,0.0,0,0,25.43
2026-03-17,NEFT,Kochi,4,5267.89,0,0.0,0.0,0,0,18.18
2026-03-17,NEFT,Kolkata,1,2330.42,0,0.0,0.0,0,0,52.2
2026-03-17,NEFT,Mumbai,2,2998.9,0,0.0,0.0,0,0,29.9
2026-03-17,NEFT,Pune,4,5076.66,0,0.0,0.0,0,0,21.3
2026-03-17,POS,Ahmedabad,3,14350.17,0,0.0,0.0,0,0,35.83
2026-03-17,POS,Bengaluru,5,13954.76,1,3158.42,20.0,0,0,36.64
2026-03-17,POS,Chennai,3,10769.49,0,0.0,0.0,0,0,32.43
2026-03-17,POS,Delhi,2,3309.87,0,0.0,0.0,0,0,32.45
2026-03-17,POS,Hyderabad,6,11715.88,0,0.0,0.0,0,0,29.13
2026-03-17,POS,Jaipur,1,2093.56,0,0.0,0.0,0,0,35.3
2026-03-17,POS,Kochi,6,10091.46,0,0.0,0.0,0,0,28.6
2026-03-17,POS,Kolkata,3,3570.84,0,0.0,0.0,0,0,22.33
2026-03-17,POS,Mumbai,2,2474.78,0,0.0,0.0,0,0,27.1
2026-03-17,POS,Pune,6,18006.1,1,977.32,16.667,0,0,42.68
2026-03-17,RTGS,Ahmedabad,1,1169303.9,0,0.0,0.0,0,0,33.2
2026-03-17,RTGS,Bengaluru,2,842774.1,0,0.0,0.0,0,0,37.0
2026-03-17,RTGS,Chennai,3,2225805.3,0,0.0,0.0,0,0,46.23
2026-03-17,RTGS,Delhi,2,2076895.59,0,0.0,0.0,0,0,43.55
2026-03-17,RTGS,Hyderabad,4,3338965.07,0,0.0,0.0,0,0,31.1
2026-03-17,RTGS,Jaipur,2,1859654.33,0,0.0,0.0,0,0,46.45
2026-03-17,RTGS,Kochi,5,4555171.88,0,0.0,0.0,0,0,38.66
2026-03-17,RTGS,Kolkata,2,1555608.76,0,0.0,0.0,0,0,28.7
2026-03-17,RTGS,Mumbai,3,3408361.78,0,0.0,0.0,0,0,37.53
2026-03-17,RTGS,Pune,1,835293.82,0,0.0,0.0,0,0,34.1
2026-03-17,UPI,Ahmedabad,6,14111.92,0,0.0,0.0,0,0,39.78
2026-03-17,UPI,Bengaluru,6,8673.85,0,0.0,0.0,0,0,23.4
2026-03-17,UPI,Chennai,5,82873.69,1,77143.05,20.0,0,1,38.74
2026-03-17,UPI,Delhi,6,8096.34,0,0.0,0.0,0,0,20.13
2026-03-17,UPI,Hyderabad,12,42069.93,0,0.0,0.0,0,1,31.86
2026-03-17,UPI,Jaipur,8,13092.82,0,0.0,0.0,0,0,23.25
2026-03-17,UPI,Kochi,4,14813.04,0,0.0,0.0,0,0,20.4
2026-03-17,UPI,Kolkata,4,13395.15,1,112.58,25.0,0,2,60.35
2026-03-17,UPI,Mumbai,9,19714.13,1,2045.49,11.111,0,1,30.31
2026-03-17,UPI,Pune,7,19620.37,0,0.0,0.0,0,0,24.06
2026-03-18,ATM,Ahmedabad,3,4674.11,0,0.0,0.0,0,0,38.07
2026-03-18,ATM,Bengaluru,2,3779.25,0,0.0,0.0,0,0,24.55
2026-03-18,ATM,Chennai,2,2531.89,0,0.0,0.0,0,0,20.85
2026-03-18,ATM,Delhi,1,1571.83,0,0.0,0.0,0,0,19.1
2026-03-18,ATM,Hyderabad,6,6829.78,0,0.0,0.0,0,0,28.58
2026-03-18,ATM,Jaipur,1,1866.48,0,0.0,0.0,0,0,21.4
2026-03-18,ATM,Kochi,6,12996.7,1,3777.37,16.667,0,1,34.73
2026-03-18,ATM,Kolkata,2,1681.29,0,0.0,0.0,0,0,34.95
2026-03-18,ATM,Mumbai,1,1967.05,0,0.0,0.0,0,0,46.0
2026-03-18,ATM,Pune,1,868.92,0,0.0,0.0,0,0,31.3
2026-03-18,Branch,Bengaluru,1,1633.08,0,0.0,0.0,0,0,26.7
2026-03-18,Branch,Jaipur,1,145.02,0,0.0,0.0,0,0,9.7
2026-03-18,Branch,Kochi,1,7533.57,0,0.0,0.0,0,0,29.0
2026-03-18,Branch,Mumbai,1,660.19,0,0.0,0.0,0,0,12.3
2026-03-18,IMPS,Ahmedabad,3,5487.72,0,0.0,0.0,0,0,19.97
2026-03-18,IMPS,Bengaluru,6,8937.06,0,0.0,0.0,0,0,19.37
2026-03-18,IMPS,Chennai,3,5997.41,0,0.0,0.0,0,0,19.7
2026-03-18,IMPS,Delhi,2,3216.76,0,0.0,0.0,0,0,19.75
2026-03-18,IMPS,Jaipur,2,6932.34,0,0.0,0.0,0,0,18.6
2026-03-18,IMPS,Kolkata,3,9999.28,0,0.0,0.0,0,1,43.43
2026-03-18,IMPS,Pune,3,5100.7,0,0.0,0.0,0,0,23.57
2026-03-18,Internet Banking,Ahmedabad,9,17284.8,0,0.0,0.0,0,0,31.4
2026-03-18,Internet Banking,Bengaluru,3,4635.32,0,0.0,0.0,0,0,20.83
2026-03-18,Internet Banking,Chennai,2,21402.01,0,0.0,0.0,0,0,33.55
2026-03-18,Internet Banking,Delhi,1,6864.7,0,0.0,0.0,0,0,46.9
2026-03-18,Internet Banking,Hyderabad,4,6045.6,0,0.0,0.0,0,0,15.25
2026-03-18,Internet Banking,Jaipur,9,19084.44,0,0.0,0.0,0,0,30.84
2026-03-18,Internet Banking,Kochi,6,6635.11,0,0.0,0.0,0,0,25.48
2026-03-18,Internet Banking,Kolkata,1,8182.9,0,0.0,0.0,0,0,33.3
2026-03-18,Internet Banking,Mumbai,2,1381.62,0,0.0,0.0,0,0,24.5
2026-03-18,Internet Banking,Pune,2,1797.7,0,0.0,0.0,0,0,11.3
2026-03-18,Mobile Banking,Ahmedabad,3,3639.18,0,0.0,0.0,0,0,19.3
2026-03-18,Mobile Banking,Bengaluru,6,7699.89,0,0.0,0.0,0,0,20.27
2026-03-18,Mobile Banking,Chennai,7,18995.27,0,0.0,0.0,0,0,23.86
2026-03-18,Mobile Banking,Delhi,2,2929.97,0,0.0,0.0,0,0,20.05
2026-03-18,Mobile Banking,Hyderabad,2,57280.57,1,56226.16,50.0,0,1,52.5
2026-03-18,Mobile Banking,Kochi,4,9852.52,0,0.0,0.0,0,0,35.3
2026-03-18,Mobile Banking,Kolkata,7,20366.73,0,0.0,0.0,0,0,30.99
2026-03-18,Mobile Banking,Mumbai,2,7448.11,0,0.0,0.0,0,0,26.55
2026-03-18,Mobile Banking,Pune,7,7803.42,0,0.0,0.0,0,0,19.64
2026-03-18,NEFT,Ahmedabad,9,12377.93,0,0.0,0.0,0,0,32.38
2026-03-18,NEFT,Chennai,7,17987.38,0,0.0,0.0,0,1,40.77
2026-03-18,NEFT,Delhi,1,983.04,0,0.0,0.0,0,0,56.0
2026-03-18,NEFT,Hyderabad,2,3803.6,0,0.0,0.0,0,0,39.35
2026-03-18,NEFT,Jaipur,2,10616.02,0,0.0,0.0,0,0,26.35
2026-03-18,NEFT,Kochi,2,9395.65,0,0.0,0.0,0,0,27.4
2026-03-18,NEFT,Kolkata,1,3282.86,0,0.0,0.0,0,0,51.7
2026-03-18,NEFT,Mumbai,2,1630.22,0,0.0,0.0,0,0,34.0
2026-03-18,POS,Ahmedabad,4,9475.11,0,0.0,0.0,0,0,28.47
2026-03-18,POS,Bengaluru,2,7331.99,0,0.0,0.0,0,0,36.0
2026-03-18,POS,Chennai,6,15964.4,0,0.0,0.0,0,0,34.73
2026-03-18,POS,Delhi,3,8987.26,0,0.0,0.0,0,0,23.0
2026-03-18,POS,Hyderabad,3,6592.1,0,0.0,0.0,0,0,27.6
2026-03-18,POS,Jaipur,3,9282.24,0,0.0,0.0,0,0,39.03
2026-03-18,POS,Kochi,3,4806.19,0,0.0,0.0,0,1,32.8
2026-03-18,POS,Kolkata,5,11456.37,0,0.0,0.0,0,0,38.18
2026-03-18,POS,Mumbai,6,6991.99,0,0.0,0.0,0,0,21.23
2026-03-18,POS,Pune,5,6105.86,0,0.0,0.0,0,0,26.7
2026-03-18,RTGS,Bengaluru,2,2631210.92,0,0.0,0.0,0,0,47.5
2026-03-18,RTGS,Chennai,2,1724457.29,0,0.0,0.0,0,0,41.7
2026-03-18,RTGS,Delhi,2,1550502.28,0,0.0,0.0,0,0,25.8
2026-03-18,RTGS,Hyderabad,3,2527855.79,0,0.0,0.0,0,0,35.67
2026-03-18,RTGS,Kochi,1,781361.05,0,0.0,0.0,0,1,69.1
2026-03-18,RTGS,Kolkata,1,1040501.27,0,0.0,0.0,0,0,60.1
2026-03-18,RTGS,Mumbai,1,1257224.79,0,0.0,0.0,0,0,31.8
2026-03-18,RTGS,Pune,3,2564576.18,0,0.0,0.0,0,0,31.2
2026-03-18,UPI,Ahmedabad,5,27487.11,0,0.0,0.0,0,0,30.8
2026-03-18,UPI,Bengaluru,9,25629.52,0,0.0,0.0,0,0,26.22
2026-03-18,UPI,Chennai,8,461654.53,1,454496.67,12.5,0,0,43.12
2026-03-18,UPI,Delhi,1,1287.64,0,0.0,0.0,0,0,10.4
2026-03-18,UPI,Hyderabad,4,10774.24,1,3168.02,25.0,0,1,32.23
2026-03-18,UPI,Jaipur,5,6554.55,0,0.0,0.0,0,0,38.1
2026-03-18,UPI,Kochi,5,13078.81,0,0.0,0.0,0,0,35.5
2026-03-18,UPI,Kolkata,11,48576.45,0,0.0,0.0,0,0,23.13
2026-03-18,UPI,Mumbai,6,10173.6,0,0.0,0.0,0,0,39.95
2026-03-18,UPI,Pune,4,18871.13,0,0.0,0.0,0,0,30.12
2026-03-19,ATM,Ahmedabad,5,11523.28,0,0.0,0.0,0,0,18.02
2026-03-19,ATM,Bengaluru,3,13421.55,0,0.0,0.0,0,0,25.3
2026-03-19,ATM,Chennai,1,371.66,0,0.0,0.0,0,0,9.4
2026-03-19,ATM,Delhi,3,3893.3,0,0.0,0.0,0,0,22.2
2026-03-19,ATM,Hyderabad,1,266.9,0,0.0,0.0,0,0,11.4
2026-03-19,ATM,Jaipur,3,6059.45,0,0.0,0.0,0,0,26.33
2026-03-19,ATM,Kochi,3,2976.18,0,0.0,0.0,0,0,15.53
2026-03-19,ATM,Kolkata,2,5567.84,0,0.0,0.0,0,0,20.5
2026-03-19,ATM,Mumbai,3,4391.98,0,0.0,0.0,0,0,41.4
2026-03-19,ATM,Pune,1,2442.73,0,0.0,0.0,0,0,36.1
2026-03-19,Branch,Chennai,2,4803.18,0,0.0,0.0,0,1,44.75
2026-03-19,Branch,Delhi,1,4907.0,0,0.0,0.0,0,0,50.5
2026-03-19,Branch,Hyderabad,3,16212.28,0,0.0,0.0,0,0,35.57
2026-03-19,Branch,Jaipur,1,3195.6,0,0.0,0.0,0,0,36.2
2026-03-19,Branch,Kochi,3,7733.8,0,0.0,0.0,0,0,19.6
2026-03-19,IMPS,Ahmedabad,4,11921.07,0,0.0,0.0,0,0,36.17
2026-03-19,IMPS,Bengaluru,3,7076.86,0,0.0,0.0,0,1,38.63
2026-03-19,IMPS,Chennai,2,3546.05,0,0.0,0.0,0,0,24.55
2026-03-19,IMPS,Hyderabad,4,8644.62,0,0.0,0.0,0,0,22.33
2026-03-19,IMPS,Jaipur,1,1477.65,0,0.0,0.0,0,0,11.6
2026-03-19,IMPS,Kochi,2,11531.46,0,0.0,0.0,0,0,21.15
2026-03-19,IMPS,Kolkata,3,161776.2,1,159840.47,33.333,0,0,31.3
2026-03-19,IMPS,Mumbai,4,36161.96,0,0.0,0.0,0,0,37.4
2026-03-19,IMPS,Pune,3,3132.42,0,0.0,0.0,0,0,25.9
2026-03-19,Internet Banking,Ahmedabad,4,5400.27,0,0.0,0.0,0,0,18.8
2026-03-19,Internet Banking,Bengaluru,9,31381.24,0,0.0,0.0,0,1,32.1
2026-03-19,Internet Banking,Chennai,1,1570.63,0,0.0,0.0,0,0,22.8
2026-03-19,Internet Banking,Delhi,1,2289.75,0,0.0,0.0,0,0,24.0
2026-03-19,Internet Banking,Hyderabad,4,5014.76,0,0.0,0.0,0,0,24.63
2026-03-19,Internet Banking,Jaipur,2,7717.32,0,0.0,0.0,0,0,16.3
2026-03-19,Internet Banking,Kochi,1,2867.97,0,0.0,0.0,0,0,33.0
2026-03-19,Internet Banking,Kolkata,3,5895.88,0,0.0,0.0,0,0,27.1
2026-03-19,Internet Banking,Mumbai,4,16494.62,0,0.0,0.0,0,1,46.92
2026-03-19,Internet Banking,Pune,6,31355.66,0,0.0,0.0,0,0,27.37
2026-03-19,Mobile Banking,Ahmedabad,4,9980.59,0,0.0,0.0,0,0,19.18
2026-03-19,Mobile Banking,Bengaluru,2,3269.79,0,0.0,0.0,0,0,34.1
2026-03-19,Mobile Banking,Chennai,10,12874.92,0,0.0,0.0,0,0,25.74
2026-03-19,Mobile Banking,Delhi,4,16951.88,0,0.0,0.0,0,0,28.5
2026-03-19,Mobile Banking,Hyderabad,3,35438.76,0,0.0,0.0,0,0,24.03
2026-03-19,Mobile Banking,Jaipur,5,12398.2,0,0.0,0.0,0,0,19.34
2026-03-19,Mobile Banking,Kochi,3,12496.76,0,0.0,0.0,0,0,32.8
2026-03-19,Mobile Banking,Kolkata,5,13669.15,0,0.0,0.0,0,0,31.74
2026-03-19,Mobile Banking,Mumbai,3,5675.3,0,0.0,0.0,0,0,28.0
2026-03-19,Mobile Banking,Pune,8,31702.22,0,0.0,0.0,0,0,17.98
2026-03-19,NEFT,Ahmedabad,2,4345.55,0,0.0,0.0,0,0,32.1
2026-03-19,NEFT,Bengaluru,1,580266.83,1,580266.83,100.0,0,1,70.0
2026-03-19,NEFT,Chennai,6,11979.0,0,0.0,0.0,0,0,31.38
2026-03-19,NEFT,Delhi,1,792.81,0,0.0,0.0,0,0,51.0
2026-03-19,NEFT,Hyderabad,1,2401.84,0,0.0,0.0,0,0,37.9
2026-03-19,NEFT,Jaipur,4,6891.79,0,0.0,0.0,0,0,27.62
2026-03-19,NEFT,Kochi,2,3102.55,0,0.0,0.0,0,0,49.95
2026-03-19,NEFT,Kolkata,1,2303.06,0,0.0,0.0,0,0,31.4
2026-03-19,NEFT,Mumbai,2,10112.74,0,0.0,0.0,0,0,37.75
2026-03-19,NEFT,Pune,1,1299.35,0,0.0,0.0,0,0,31.5
2026-03-19,POS,Ahmedabad,7,23855.11,0,0.0,0.0,0,0,32.27
2026-03-19,POS,Bengaluru,6,7366.1,0,0.0,0.0,0,0,24.73
2026-03-19,POS,Chennai,3,6883.53,0,0.0,0.0,0,0,37.13
2026-03-19,POS,Delhi,5,9731.41,0,0.0,0.0,0,0,21.2
2026-03-19,POS,Hyderabad,8,18266.24,0,0.0,0.0,0,0,27.07
2026-03-19,POS,Jaipur,7,67278.16,0,0.0,0.0,0,0,34.17
2026-03-19,POS,Kochi,3,2809.61,0,0.0,0.0,0,0,21.6
2026-03-19,POS,Kolkata,2,1944.58,0,0.0,0.0,0,0,28.55
2026-03-19,POS,Mumbai,4,52503.74,0,0.0,0.0,0,0,46.97
2026-03-19,POS,Pune,6,15108.69,0,0.0,0.0,0,0,26.1
2026-03-19,RTGS,Ahmedabad,2,1689678.03,0,0.0,0.0,0,0,41.4
2026-03-19,RTGS,Bengaluru,3,3019345.27,0,0.0,0.0,0,0,39.9
2026-03-19,RTGS,Chennai,1,313808.91,0,0.0,0.0,0,0,50.2
2026-03-19,RTGS,Delhi,1,481293.4,0,0.0,0.0,0,0,26.7
2026-03-19,RTGS,Hyderabad,1,327789.24,0,0.0,0.0,0,0,29.0
2026-03-19,RTGS,Jaipur,1,1435414.0,0,0.0,0.0,0,0,30.6
2026-03-19,RTGS,Mumbai,1,1163388.03,0,0.0,0.0,0,0,25.9
2026-03-19,RTGS,Pune,3,2951657.1,0,0.0,0.0,0,0,32.9
2026-03-19,UPI,Ahmedabad,5,19279.34,0,0.0,0.0,0,0,22.34
2026-03-19,UPI,Bengaluru,9,42052.83,0,0.0,0.0,0,0,40.11
2026-03-19,UPI,Chennai,9,33211.55,0,0.0,0.0,0,1,32.19
2026-03-19,UPI,Delhi,4,16300.89,0,0.0,0.0,0,0,32.18
2026-03-19,UPI,Hyderabad,6,30353.18,0,0.0,0.0,0,0,33.28
2026-03-19,UPI,Jaipur,2,2476.9,0,0.0,0.0,0,0,30.05
2026-03-19,UPI,Kochi,8,24162.24,0,0.0,0.0,0,1,30.51
2026-03-19,UPI,Kolkata,3,3479.96,0,0.0,0.0,0,0,29.07
2026-03-19,UPI,Mumbai,5,13656.02,0,0.0,0.0,0,0,28.14
2026-03-19,UPI,Pune,5,11229.22,0,0.0,0.0,0,0,25.58
2026-03-20,ATM,Ahmedabad,1,462.38,0,0.0,0.0,0,0,31.9
2026-03-20,ATM,Bengaluru,2,2802.34,0,0.0,0.0,0,0,11.75
2026-03-20,ATM,Delhi,3,5434.93,0,0.0,0.0,0,0,29.67
2026-03-20,ATM,Hyderabad,6,20474.22,0,0.0,0.0,0,0,30.62
2026-03-20,ATM,Jaipur,1,8056.39,0,0.0,0.0,0,0,44.2
2026-03-20,ATM,Kolkata,1,847.88,0,0.0,0.0,0,0,24.7
2026-03-20,ATM,Mumbai,4,13461.6,0,0.0,0.0,0,0,33.55
2026-03-20,Branch,Delhi,2,6009.77,0,0.0,0.0,0,0,31.95
2026-03-20,Branch,Jaipur,1,196.0,0,0.0,0.0,0,0,16.3
2026-03-20,Branch,Kochi,4,9140.42,0,0.0,0.0,0,1,39.93
2026-03-20,Branch,Kolkata,2,2434.19,0,0.0,0.0,0,0,20.15
2026-03-20,Branch,Mumbai,1,1275.82,0,0.0,0.0,0,0,34.0
2026-03-20,IMPS,Ahmedabad,3,16827.17,0,0.0,0.0,0,0,36.5
2026-03-20,IMPS,Bengaluru,3,17725.18,0,0.0,0.0,0,0,21.83
2026-03-20,IMPS,Chennai,2,10486.64,0,0.0,0.0,0,0,20.65
2026-03-20,IMPS,Delhi,3,3812.94,0,0.0,0.0,0,0,28.27
2026-03-20,IMPS,Hyderabad,2,4747.6,0,0.0,0.0,0,0,40.45
2026-03-20,IMPS,Jaipur,2,3355.47,0,0.0,0.0,0,0,25.85
2026-03-20,IMPS,Kochi,2,2753.96,0,0.0,0.0,0,0,47.5
2026-03-20,IMPS,Kolkata,1,19146.48,0,0.0,0.0,0,0,38.4
2026-03-20,IMPS,Mumbai,2,5950.81,0,0.0,0.0,0,0,27.35
2026-03-20,IMPS,Pune,2,5707.39,0,0.0,0.0,0,0,49.05
2026-03-20,Internet Banking,Ahmedabad,8,64073.41,0,0.0,0.0,0,1,36.41
2026-03-20,Internet Banking,Bengaluru,2,2938.85,0,0.0,0.0,0,0,18.85
2026-03-20,Internet Banking,Delhi,4,6339.25,0,0.0,0.0,0,0,21.27
2026-03-20,Internet Banking,Hyderabad,9,24792.21,0,0.0,0.0,0,0,26.77
2026-03-20,Internet Banking,Jaipur,2,992.05,0,0.0,0.0,0,0,20.05
2026-03-20,Internet Banking,Kochi,5,43839.16,0,0.0,0.0,0,0,30.72
2026-03-20,Internet Banking,Mumbai,2,1317.17,0,0.0,0.0,0,0,34.6
2026-03-20,Internet Banking,Pune,1,3997.07,0,0.0,0.0,0,0,46.6
2026-03-20,Mobile Banking,Ahmedabad,7,32373.35,0,0.0,0.0,0,1,31.13
2026-03-20,Mobile Banking,Bengaluru,8,11366.46,0,0.0,0.0,0,0,27.68
2026-03-20,Mobile Banking,Chennai,4,9059.83,0,0.0,0.0,0,0,25.33
2026-03-20,Mobile Banking,Delhi,1,1345.22,0,0.0,0.0,0,0,34.5
2026-03-20,Mobile Banking,Hyderabad,7,17537.52,0,0.0,0.0,0,0,31.26
2026-03-20,Mobile Banking,Jaipur,8,10875.74,0,0.0,0.0,0,0,28.74
2026-03-20,Mobile Banking,Kochi,8,22190.41,0,0.0,0.0,0,0,28.17
2026-03-20,Mobile Banking,Kolkata,3,5106.37,0,0.0,0.0,0,0,17.13
2026-03-20,Mobile Banking,Mumbai,7,17691.44,0,0.0,0.0,0,0,27.34
2026-03-20,Mobile Banking,Pune,8,16237.62,0,0.0,0.0,0,0,26.12
2026-03-20,NEFT,Ahmedabad,4,5940.86,0,0.0,0.0,0,0,31.52
2026-03-20,NEFT,Bengaluru,4,4558.86,0,0.0,0.0,0,0,21.8
2026-03-20,NEFT,Chennai,6,12095.33,0,0.0,0.0,0,0,27.8
2026-03-20,NEFT,Delhi,1,15181.6,0,0.0,0.0,0,0,55.6
2026-03-20,NEFT,Hyderabad,1,224.47,0,0.0,0.0,0,0,18.3
2026-03-20,NEFT,Jaipur,1,5230.07,0,0.0,0.0,0,0,41.3
2026-03-20,NEFT,Kochi,3,15366.36,0,0.0,0.0,0,0,36.17
2026-03-20,NEFT,Mumbai,2,17909.43,0,0.0,0.0,0,0,43.25
2026-03-20,NEFT,Pune,5,21808.07,0,0.0,0.0,0,0,35.22
2026-03-20,POS,Ahmedabad,6,12252.71,0,0.0,0.0,0,0,29.3
2026-03-20,POS,Bengaluru,3,11020.48,0,0.0,0.0,0,1,40.53
2026-03-20,POS,Chennai,2,5986.13,0,0.0,0.0,0,0,46.95
2026-03-20,POS,Delhi,5,311269.97,1,300052.66,20.0,0,1,41.4
2026-03-20,POS,Hyderabad,5,248910.32,1,238144.79,20.0,0,0,44.48
2026-03-20,POS,Jaipur,1,955.51,0,0.0,0.0,0,0,32.1
2026-03-20,POS,Kochi,1,202.88,0,0.0,0.0,0,0,37.3
2026-03-20,POS,Kolkata,1,1464.81,0,0.0,0.0,0,0,37.8
2026-03-20,POS,Mumbai,8,13867.91,0,0.0,0.0,0,0,27.77
2026-03-20,POS,Pune,5,7994.08,0,0.0,0.0,0,0,18.46
2026-03-20,RTGS,Ahmedabad,1,531646.69,0,0.0,0.0,0,0,47.8
2026-03-20,RTGS,Bengaluru,2,1765868.31,0,0.0,0.0,0,0,32.45
2026-03-20,RTGS,Chennai,2,1981786.93,0,0.0,0.0,0,0,35.05
2026-03-20,RTGS,Delhi,2,1414271.71,0,0.0,0.0,0,0,41.7
2026-03-20,RTGS,Hyderabad,1,1191411.87,0,0.0,0.0,0,0,31.1
2026-03-20,RTGS,Jaipur,1,686895.17,0,0.0,0.0,0,0,47.3
2026-03-20,RTGS,Kolkata,3,1749992.38,0,0.0,0.0,0,0,42.0
2026-03-20,RTGS,Mumbai,1,1226978.83,0,0.0,0.0,0,0,30.7
2026-03-20,RTGS,Pune,2,593413.95,0,0.0,0.0,0,0,41.4
2026-03-20,UPI,Ahmedabad,6,14243.08,1,273.22,16.667,0,1,51.4
2026-03-20,UPI,Bengaluru,12,31427.74,0,0.0,0.0,0,0,32.61
2026-03-20,UPI,Chennai,7,13649.32,0,0.0,0.0,0,0,31.37
2026-03-20,UPI,Delhi,7,14028.86,0,0.0,0.0,0,0,28.7
2026-03-20,UPI,Hyderabad,9,19591.44,1,142.15,11.111,0,0,26.63
2026-03-20,UPI,Jaipur,4,3760.21,0,0.0,0.0,0,0,26.82
2026-03-20,UPI,Kochi,15,26664.4,1,1037.96,6.667,1,0,36.46
2026-03-20,UPI,Kolkata,2,6334.94,0,0.0,0.0,0,0,31.9
2026-03-20,UPI,Mumbai,3,2484.95,1,30.53,33.333,0,0,32.43
2026-03-20,UPI,Pune,5,7793.07,0,0.0,0.0,0,0,30.04
2026-03-21,ATM,Ahmedabad,2,2006.21,0,0.0,0.0,0,0,7.0
2026-03-21,ATM,Bengaluru,5,11628.08,0,0.0,0.0,0,0,29.12
2026-03-21,ATM,Chennai,4,6199.09,0,0.0,0.0,0,0,30.15
2026-03-21,ATM,Hyderabad,3,29951.89,0,0.0,0.0,0,0,39.47
2026-03-21,ATM,Jaipur,2,6215.2,1,1260.23,50.0,0,0,36.2
2026-03-21,ATM,Kochi,5,26122.44,0,0.0,0.0,0,0,27.68
2026-03-21,ATM,Kolkata,1,5968.83,0,0.0,0.0,0,0,46.8
2026-03-21,ATM,Mumbai,4,10090.54,0,0.0,0.0,0,0,28.45
2026-03-21,ATM,Pune,4,3918.51,0,0.0,0.0,0,0,29.07
2026-03-21,Branch,Ahmedabad,2,3242.24,0,0.0,0.0,0,0,33.65
2026-03-21,Branch,Delhi,1,1470.02,0,0.0,0.0,0,0,12.4
2026-03-21,Branch,Jaipur,1,294.4,0,0.0,0.0,0,0,49.4
2026-03-21,Branch,Kolkata,2,1187.72,0,0.0,0.0,0,0,17.05
2026-03-21,IMPS,Ahmedabad,3,2640.03,0,0.0,0.0,0,0,22.7
2026-03-21,IMPS,Bengaluru,3,5298.11,0,0.0,0.0,0,0,20.93
2026-03-21,IMPS,Chennai,2,2580.9,0,0.0,0.0,0,0,45.25
2026-03-21,IMPS,Delhi,2,4560.84,0,0.0,0.0,0,0,35.8
2026-03-21,IMPS,Hyderabad,3,8452.84,0,0.0,0.0,0,0,31.13
2026-03-21,IMPS,Jaipur,4,5514.92,0,0.0,0.0,0,0,33.7
2026-03-21,IMPS,Kochi,1,1049.63,0,0.0,0.0,0,0,15.6
2026-03-21,IMPS,Kolkata,3,20215.74,0,0.0,0.0,0,0,28.33
2026-03-21,IMPS,Mumbai,2,420.68,0,0.0,0.0,0,0,9.9
2026-03-21,IMPS,Pune,3,5173.28,0,0.0,0.0,0,0,15.93
2026-03-21,Internet Banking,Ahmedabad,6,16207.06,0,0.0,0.0,0,0,36.75
2026-03-21,Internet Banking,Bengaluru,5,12071.48,0,0.0,0.0,0,0,21.82
2026-03-21,Internet Banking,Chennai,3,4685.63,0,0.0,0.0,0,0,16.5
2026-03-21,Internet Banking,Delhi,2,1646.87,0,0.0,0.0,0,0,29.3
2026-03-21,Internet Banking,Hyderabad,3,3657.12,0,0.0,0.0,0,0,44.5
2026-03-21,Internet Banking,Jaipur,2,11954.82,0,0.0,0.0,0,0,31.9
2026-03-21,Internet Banking,Kochi,5,6612.1,1,192.39,20.0,0,1,36.16
2026-03-21,Internet Banking,Kolkata,1,1019.92,0,0.0,0.0,0,0,31.2
2026-03-21,Internet Banking,Mumbai,2,8317.32,0,0.0,0.0,0,0,26.9
2026-03-21,Internet Banking,Pune,2,1481.95,0,0.0,0.0,0,0,19.5
2026-03-21,Mobile Banking,Ahmedabad,10,61615.87,0,0.0,0.0,0,1,32.99
2026-03-21,Mobile Banking,Bengaluru,2,17852.93,0,0.0,0.0,0,0,17.2
2026-03-21,Mobile Banking,Chennai,4,9534.63,0,0.0,0.0,0,0,33.4
2026-03-21,Mobile Banking,Delhi,1,582.97,0,0.0,0.0,0,0,38.4
2026-03-21,Mobile Banking,Hyderabad,5,8597.08,0,0.0,0.0,0,0,32.64
2026-03-21,Mobile Banking,Jaipur,4,9460.41,0,0.0,0.0,0,0,28.95
2026-03-21,Mobile Banking,Kochi,3,13480.58,0,0.0,0.0,0,0,28.7
2026-03-21,Mobile Banking,Kolkata,2,2176.29,0,0.0,0.0,0,0,22.05
2026-03-21,Mobile Banking,Mumbai,2,1947.75,0,0.0,0.0,0,0,35.2
2026-03-21,Mobile Banking,Pune,1,1477.21,0,0.0,0.0,0,0,14.1
2026-03-21,NEFT,Ahmedabad,1,436.32,0,0.0,0.0,0,0,7.3
2026-03-21,NEFT,Bengaluru,1,3878.41,0,0.0,0.0,0,0,49.9
2026-03-21,NEFT,Chennai,3,10112.03,0,0.0,0.0,0,0,31.63
2026-03-21,NEFT,Delhi,4,9714.24,0,0.0,0.0,0,1,35.83
2026-03-21,NEFT,Hyderabad,1,1662.47,0,0.0,0.0,0,0,10.7
2026-03-21,NEFT,Jaipur,1,605.01,0,0.0,0.0,0,0,12.6
2026-03-21,NEFT,Kochi,2,4458.62,0,0.0,0.0,0,0,15.15
2026-03-21,NEFT,Kolkata,5,9489.69,0,0.0,0.0,0,0,28.38
2026-03-21,NEFT,Mumbai,3,5009.67,0,0.0,0.0,0,0,30.63
2026-03-21,NEFT,Pune,2,12027.9,0,0.0,0.0,0,0,20.5
2026-03-21,POS,Ahmedabad,5,8991.91,0,0.0,0.0,0,0,27.84
2026-03-21,POS,Bengaluru,3,14689.8,1,7865.42,33.333,1,0,40.0
2026-03-21,POS,Chennai,3,12471.88,0,0.0,0.0,0,0,21.93
2026-03-21,POS,Delhi,2,1929.13,0,0.0,0.0,0,0,18.8
2026-03-21,POS,Hyderabad,3,10115.56,0,0.0,0.0,0,0,32.93
2026-03-21,POS,Jaipur,4,3756.26,0,0.0,0.0,0,0,11.73
2026-03-21,POS,Kochi,4,21201.25,0,0.0,0.0,0,1,40.5
2026-03-21,POS,Kolkata,2,14780.82,0,0.0,0.0,0,0,33.55
2026-03-21,POS,Mumbai,4,9660.23,0,0.0,0.0,0,0,45.3
2026-03-21,POS,Pune,3,4844.31,0,0.0,0.0,0,0,26.33
2026-03-21,RTGS,Ahmedabad,2,2180505.9,0,0.0,0.0,0,0,33.45
2026-03-21,RTGS,Bengaluru,2,1029753.07,0,0.0,0.0,0,0,30.6
2026-03-21,RTGS,Chennai,2,929056.39,0,0.0,0.0,0,0,40.75
2026-03-21,RTGS,Delhi,2,2432639.35,0,0.0,0.0,0,0,27.9
2026-03-21,RTGS,Hyderabad,2,2748368.53,0,0.0,0.0,0,0,33.8
2026-03-21,RTGS,Kochi,1,1245265.07,0,0.0,0.0,0,0,51.2
2026-03-21,RTGS,Kolkata,1,1380033.31,0,0.0,0.0,0,0,53.6
2026-03-21,RTGS,Mumbai,2,1683769.13,0,0.0,0.0,0,0,34.5
2026-03-21,RTGS,Pune,1,560521.94,0,0.0,0.0,0,0,47.8
2026-03-21,UPI,Ahmedabad,12,86756.37,0,0.0,0.0,0,1,35.27
2026-03-21,UPI,Bengaluru,4,4226.58,0,0.0,0.0,0,0,36.97
2026-03-21,UPI,Chennai,7,21404.29,0,0.0,0.0,0,0,34.99
2026-03-21,UPI,Delhi,10,25941.71,0,0.0,0.0,0,0,25.0
2026-03-21,UPI,Hyderabad,7,16599.48,0,0.0,0.0,0,0,33.04
2026-03-21,UPI,Jaipur,8,17342.85,0,0.0,0.0,0,0,25.98
2026-03-21,UPI,Kochi,7,10198.4,0,0.0,0.0,0,0,32.54
2026-03-21,UPI,Kolkata,9,19198.21,0,0.0,0.0,0,0,36.6
2026-03-21,UPI,Mumbai,2,8382.91,0,0.0,0.0,0,0,20.45
2026-03-21,UPI,Pune,11,54449.16,0,0.0,0.0,0,0,27.74
2026-03-22,ATM,Ahmedabad,4,3980.49,0,0.0,0.0,0,0,24.25
2026-03-22,ATM,Chennai,4,11219.31,0,0.0,0.0,0,0,38.78
2026-03-22,ATM,Delhi,3,18628.03,0,0.0,0.0,0,0,25.37
2026-03-22,ATM,Hyderabad,2,5563.55,0,0.0,0.0,0,0,22.9
2026-03-22,ATM,Kochi,1,1922.61,0,0.0,0.0,0,0,33.6
2026-03-22,ATM,Mumbai,3,12789.25,0,0.0,0.0,0,0,38.77
2026-03-22,ATM,Pune,1,974.24,0,0.0,0.0,0,0,14.3
2026-03-22,Branch,Ahmedabad,1,2332.12,0,0.0,0.0,0,0,18.3
2026-03-22,Branch,Chennai,2,1734.34,0,0.0,0.0,0,0,27.65
2026-03-22,Branch,Kochi,2,3710.11,0,0.0,0.0,0,0,51.85
2026-03-22,Branch,Mumbai,1,1025.3,0,0.0,0.0,0,0,33.7
2026-03-22,Branch,Pune,1,666.14,0,0.0,0.0,0,0,19.3
2026-03-22,IMPS,Ahmedabad,3,12910.11,0,0.0,0.0,0,0,21.47
2026-03-22,IMPS,Chennai,1,2113.37,0,0.0,0.0,0,0,25.8
2026-03-22,IMPS,Delhi,3,8607.48,0,0.0,0.0,0,0,35.97
2026-03-22,IMPS,Hyderabad,2,2105.08,0,0.0,0.0,0,0,22.6
2026-03-22,IMPS,Jaipur,2,507116.74,1,506197.52,50.0,1,0,57.65
2026-03-22,IMPS,Kochi,1,16236.79,0,0.0,0.0,0,0,54.2
2026-03-22,IMPS,Kolkata,1,1112.89,0,0.0,0.0,0,0,10.9
2026-03-22,IMPS,Mumbai,1,344.99,0,0.0,0.0,0,0,19.7
2026-03-22,IMPS,Pune,2,3400.09,0,0.0,0.0,0,0,24.4
2026-03-22,Internet Banking,Ahmedabad,3,6498.04,0,0.0,0.0,0,0,35.2
2026-03-22,Internet Banking,Bengaluru,4,6395.86,0,0.0,0.0,0,0,40.53
2026-03-22,Internet Banking,Chennai,2,5413.83,0,0.0,0.0,0,0,27.05
2026-03-22,Internet Banking,Delhi,1,1934.8,0,0.0,0.0,0,0,18.4
2026-03-22,Internet Banking,Hyderabad,5,12776.82,0,0.0,0.0,0,0,37.86
2026-03-22,Internet Banking,Jaipur,1,2282.88,0,0.0,0.0,0,0,31.7
2026-03-22,Internet Banking,Kochi,3,6411.78,0,0.0,0.0,0,0,26.9
2026-03-22,Internet Banking,Mumbai,1,617.77,0,0.0,0.0,0,0,40.9
2026-03-22,Internet Banking,Pune,2,5873.39,0,0.0,0.0,0,0,25.65
2026-03-22,Mobile Banking,Ahmedabad,2,14796.52,0,0.0,0.0,0,0,46.5
2026-03-22,Mobile Banking,Bengaluru,7,16612.17,0,0.0,0.0,0,0,21.16
2026-03-22,Mobile Banking,Chennai,7,19477.02,0,0.0,0.0,0,0,23.73
2026-03-22,Mobile Banking,Delhi,3,10836.71,0,0.0,0.0,0,0,19.03
2026-03-22,Mobile Banking,Hyderabad,6,33860.82,1,127.13,16.667,0,0,29.38
2026-03-22,Mobile Banking,Jaipur,4,13942.2,0,0.0,0.0,0,0,26.75
2026-03-22,Mobile Banking,Kochi,4,5467.07,0,0.0,0.0,0,0,33.03
2026-03-22,Mobile Banking,Kolkata,1,700.87,0,0.0,0.0,0,0,29.8
2026-03-22,Mobile Banking,Mumbai,4,3088.2,0,0.0,0.0,0,0,26.8
2026-03-22,Mobile Banking,Pune,4,9647.18,0,0.0,0.0,0,0,28.48
2026-03-22,NEFT,Ahmedabad,5,6106.93,0,0.0,0.0,0,0,16.3
2026-03-22,NEFT,Bengaluru,1,387.07,0,0.0,0.0,0,0,7.7
2026-03-22,NEFT,Chennai,2,5970.84,0,0.0,0.0,0,0,20.15
2026-03-22,NEFT,Delhi,3,17800.64,0,0.0,0.0,0,0,21.97
2026-03-22,NEFT,Hyderabad,2,484.77,0,0.0,0.0,0,0,15.85
2026-03-22,NEFT,Jaipur,1,1601.82,0,0.0,0.0,0,0,38.2
2026-03-22,NEFT,Mumbai,1,392.8,0,0.0,0.0,0,0,31.6
2026-03-22,NEFT,Pune,1,930.66,0,0.0,0.0,0,1,67.6
2026-03-22,POS,Ahmedabad,7,12277.91,0,0.0,0.0,0,0,30.94
2026-03-22,POS,Bengaluru,8,29196.38,0,0.0,0.0,0,0,24.7
2026-03-22,POS,Chennai,4,23002.33,0,0.0,0.0,0,0,34.38
2026-03-22,POS,Delhi,3,3004.41,0,0.0,0.0,0,0,25.7
2026-03-22,POS,Hyderabad,1,5431.83,0,0.0,0.0,0,0,39.4
2026-03-22,POS,Jaipur,4,11860.46,0,0.0,0.0,0,0,29.88
2026-03-22,POS,Kochi,4,12338.7,0,0.0,0.0,0,0,17.3
2026-03-22,POS,Kolkata,5,15396.4,0,0.0,0.0,0,0,31.86
2026-03-22,POS,Mumbai,1,6271.68,0,0.0,0.0,0,0,50.8
2026-03-22,POS,Pune,4,18047.66,0,0.0,0.0,0,1,29.93
2026-03-22,RTGS,Ahmedabad,2,955363.06,0,0.0,0.0,0,1,50.65
2026-03-22,RTGS,Bengaluru,1,1000861.82,0,0.0,0.0,0,0,34.8
2026-03-22,RTGS,Delhi,1,797660.48,0,0.0,0.0,0,0,47.8
2026-03-22,RTGS,Hyderabad,2,775353.78,0,0.0,0.0,0,0,44.7
2026-03-22,RTGS,Jaipur,1,1439605.32,0,0.0,0.0,0,0,53.7
2026-03-22,RTGS,Kochi,3,2398429.92,0,0.0,0.0,0,0,53.9
2026-03-22,RTGS,Kolkata,2,857105.77,0,0.0,0.0,0,0,43.15
2026-03-22,RTGS,Mumbai,1,288026.84,0,0.0,0.0,0,0,33.2
2026-03-22,RTGS,Pune,2,585128.3,0,0.0,0.0,0,0,28.35
2026-03-22,UPI,Ahmedabad,7,85268.04,1,51710.93,14.286,0,1,34.44
2026-03-22,UPI,Bengaluru,13,31279.23,0,0.0,0.0,0,1,30.22
2026-03-22,UPI,Chennai,9,16045.0,0,0.0,0.0,0,0,27.72
2026-03-22,UPI,Delhi,7,8332.28,0,0.0,0.0,0,0,24.96
2026-03-22,UPI,Hyderabad,11,37246.9,0,0.0,0.0,0,0,32.78
2026-03-22,UPI,Jaipur,6,23064.46,0,0.0,0.0,0,0,30.53
2026-03-22,UPI,Kochi,4,18492.09,0,0.0,0.0,0,0,21.47
2026-03-22,UPI,Kolkata,9,54175.14,0,0.0,0.0,0,0,32.31
2026-03-22,UPI,Mumbai,7,21122.68,0,0.0,0.0,0,0,26.19
2026-03-22,UPI,Pune,5,12280.63,0,0.0,0.0,0,0,28.74
2026-03-23,ATM,Ahmedabad,3,7347.87,0,0.0,0.0,0,0,23.37
2026-03-23,ATM,Bengaluru,2,4432.86,0,0.0,0.0,0,0,9.45
2026-03-23,ATM,Chennai,2,4942.4,0,0.0,0.0,0,0,31.85
2026-03-23,ATM,Delhi,3,6757.99,0,0.0,0.0,0,0,32.63
2026-03-23,ATM,Hyderabad,4,6052.0,0,0.0,0.0,0,0,26.7
2026-03-23,ATM,Jaipur,2,3673.45,0,0.0,0.0,0,0,20.05
2026-03-23,ATM,Kochi,1,536.83,0,0.0,0.0,0,0,17.6
2026-03-23,ATM,Pune,6,22288.04,0,0.0,0.0,0,0,31.93
2026-03-23,Branch,Chennai,1,4774.68,0,0.0,0.0,0,0,42.0
2026-03-23,Branch,Hyderabad,2,6710.09,0,0.0,0.0,0,0,44.15
2026-03-23,Branch,Jaipur,1,2230.75,0,0.0,0.0,0,0,40.0
2026-03-23,Branch,Kochi,1,9297.6,0,0.0,0.0,0,0,52.4
2026-03-23,Branch,Mumbai,1,1438.15,0,0.0,0.0,0,0,33.3
2026-03-23,Branch,Pune,3,2917.49,0,0.0,0.0,0,0,16.57
2026-03-23,IMPS,Ahmedabad,1,2264.33,0,0.0,0.0,0,0,28.5
2026-03-23,IMPS,Bengaluru,3,2112.7,0,0.0,0.0,0,0,14.2
2026-03-23,IMPS,Chennai,3,11781.58,0,0.0,0.0,0,0,23.97
2026-03-23,IMPS,Delhi,2,4122.31,0,0.0,0.0,0,0,17.35
2026-03-23,IMPS,Hyderabad,2,2272.21,0,0.0,0.0,0,0,37.65
2026-03-23,IMPS,Jaipur,2,15488.54,0,0.0,0.0,0,0,40.3
2026-03-23,IMPS,Kochi,1,3349.47,0,0.0,0.0,0,0,28.8
2026-03-23,IMPS,Kolkata,2,3227.92,0,0.0,0.0,0,0,33.05
2026-03-23,Internet Banking,Ahmedabad,1,2992.64,0,0.0,0.0,0,0,45.4
2026-03-23,Internet Banking,Bengaluru,5,6308.31,0,0.0,0.0,0,0,29.78
2026-03-23,Internet Banking,Delhi,1,6881.96,0,0.0,0.0,0,0,19.5
2026-03-23,Internet Banking,Hyderabad,3,9126.84,0,0.0,0.0,0,0,19.13
2026-03-23,Internet Banking,Jaipur,5,15795.06,0,0.0,0.0,0,0,24.92
2026-03-23,Internet Banking,Kochi,3,2784.8,0,0.0,0.0,0,0,19.6
2026-03-23,Internet Banking,Kolkata,2,1091.12,0,0.0,0.0,0,0,16.0
2026-03-23,Internet Banking,Mumbai,2,1964.29,0,0.0,0.0,0,0,31.55
2026-03-23,Internet Banking,Pune,3,2043.54,0,0.0,0.0,0,0,21.3
2026-03-23,Mobile Banking,Ahmedabad,10,77064.66,0,0.0,0.0,0,0,29.68
2026-03-23,Mobile Banking,Bengaluru,6,11167.12,0,0.0,0.0,0,0,24.38
2026-03-23,Mobile Banking,Chennai,6,153030.31,1,118857.18,16.667,0,0,35.37
2026-03-23,Mobile Banking,Delhi,7,33255.94,0,0.0,0.0,0,0,33.26
2026-03-23,Mobile Banking,Hyderabad,5,29779.03,0,0.0,0.0,0,0,29.94
2026-03-23,Mobile Banking,Jaipur,5,17712.9,0,0.0,0.0,0,0,36.2
2026-03-23,Mobile Banking,Kochi,3,1863.0,0,0.0,0.0,0,0,19.7
2026-03-23,Mobile Banking,Kolkata,5,7513.48,1,2.2,20.0,0,0,34.22
2026-03-23,Mobile Banking,Mumbai,1,4124.89,0,0.0,0.0,0,0,31.3
2026-03-23,Mobile Banking,Pune,8,31148.58,0,0.0,0.0,0,0,24.62
2026-03-23,NEFT,Ahmedabad,2,6895.95,0,0.0,0.0,0,0,39.0
2026-03-23,NEFT,Bengaluru,2,290619.76,1,290117.74,50.0,0,1,48.5
2026-03-23,NEFT,Chennai,4,5325.85,0,0.0,0.0,0,0,23.75
2026-03-23,NEFT,Delhi,2,11158.42,0,0.0,0.0,0,0,30.65
2026-03-23,NEFT,Hyderabad,1,5820.55,0,0.0,0.0,0,0,26.6
2026-03-23,NEFT,Kochi,2,3164.3,0,0.0,0.0,0,0,19.35
2026-03-23,NEFT,Kolkata,5,13619.11,0,0.0,0.0,0,0,38.58
2026-03-23,NEFT,Mumbai,1,296.56,0,0.0,0.0,0,0,16.3
2026-03-23,NEFT,Pune,1,3731.05,0,0.0,0.0,0,0,24.1
2026-03-23,POS,Ahmedabad,5,25300.29,0,0.0,0.0,0,1,36.74
2026-03-23,POS,Bengaluru,3,43322.73,0,0.0,0.0,0,0,34.43
2026-03-23,POS,Chennai,1,4565.14,0,0.0,0.0,0,1,70.4
2026-03-23,POS,Delhi,3,6142.45,0,0.0,0.0,0,0,33.87
2026-03-23,POS,Hyderabad,3,7097.09,0,0.0,0.0,0,1,43.57
2026-03-23,POS,Jaipur,4,9203.6,0,0.0,0.0,0,0,28.75
2026-03-23,POS,Kochi,3,9726.0,0,0.0,0.0,0,0,40.17
2026-03-23,POS,Kolkata,1,1158.64,0,0.0,0.0,0,0,43.0
2026-03-23,POS,Pune,7,49684.0,0,0.0,0.0,0,0,35.17
2026-03-23,RTGS,Bengaluru,3,1669992.36,0,0.0,0.0,0,0,34.63
2026-03-23,RTGS,Chennai,4,3425717.81,1,386523.4,25.0,0,0,41.77
2026-03-23,RTGS,Delhi,2,1412495.19,0,0.0,0.0,0,0,33.3
2026-03-23,RTGS,Hyderabad,3,2322370.72,0,0.0,0.0,0,0,40.43
2026-03-23,RTGS,Mumbai,3,1651667.34,0,0.0,0.0,0,0,48.1
2026-03-23,RTGS,Pune,1,1160379.98,0,0.0,0.0,0,0,31.0
2026-03-23,UPI,Ahmedabad,3,2494.77,0,0.0,0.0,0,1,26.97
2026-03-23,UPI,Bengaluru,4,7387.35,0,0.0,0.0,0,0,36.92
2026-03-23,UPI,Chennai,3,16811.49,0,0.0,0.0,0,0,25.7
2026-03-23,UPI,Delhi,10,30584.45,0,0.0,0.0,0,0,25.62
2026-03-23,UPI,Hyderabad,11,39042.94,0,0.0,0.0,0,1,38.03
2026-03-23,UPI,Jaipur,3,9592.94,0,0.0,0.0,0,0,25.13
2026-03-23,UPI,Kochi,11,27900.14,0,0.0,0.0,0,0,33.17
2026-03-23,UPI,Kolkata,5,6489.23,0,0.0,0.0,0,1,36.88
2026-03-23,UPI,Mumbai,3,2520.25,0,0.0,0.0,0,0,40.6
2026-03-23,UPI,Pune,6,614927.63,1,590226.69,16.667,0,0,30.85
2026-03-24,ATM,Ahmedabad,1,939.62,0,0.0,0.0,0,0,21.7
2026-03-24,ATM,Bengaluru,7,63073.09,0,0.0,0.0,0,0,30.13
2026-03-24,ATM,Chennai,1,1676.76,0,0.0,0.0,0,0,33.4
2026-03-24,ATM,Delhi,2,3256.72,0,0.0,0.0,0,0,16.55
2026-03-24,ATM,Hyderabad,2,7752.83,0,0.0,0.0,0,0,37.5
2026-03-24,ATM,Jaipur,1,4490.21,0,0.0,0.0,0,0,11.7
2026-03-24,ATM,Kochi,4,7366.8,0,0.0,0.0,0,0,32.43
2026-03-24,ATM,Kolkata,1,890.09,0,0.0,0.0,0,0,10.6
2026-03-24,ATM,Mumbai,6,14764.06,0,0.0,0.0,0,1,39.55
2026-03-24,ATM,Pune,6,18030.98,0,0.0,0.0,0,0,28.45
2026-03-24,Branch,Ahmedabad,2,3940.17,0,0.0,0.0,0,0,35.05
2026-03-24,Branch,Bengaluru,2,1458.07,0,0.0,0.0,0,0,26.05
2026-03-24,Branch,Delhi,2,9243.5,0,0.0,0.0,0,0,33.1
2026-03-24,Branch,Hyderabad,2,5453.29,0,0.0,0.0,0,0,31.0
2026-03-24,Branch,Jaipur,1,2460.81,0,0.0,0.0,0,0,25.3
2026-03-24,Branch,Kochi,2,5034.9,0,0.0,0.0,0,0,29.45
2026-03-24,Branch,Mumbai,1,6757.33,0,0.0,0.0,0,1,71.0
2026-03-24,IMPS,Ahmedabad,2,6917.72,0,0.0,0.0,0,0,25.75
2026-03-24,IMPS,Chennai,2,1360.05,0,0.0,0.0,0,0,35.35
2026-03-24,IMPS,Hyderabad,1,3076.54,0,0.0,0.0,0,0,48.2
2026-03-24,IMPS,Jaipur,1,1442.71,0,0.0,0.0,0,0,42.4
2026-03-24,IMPS,Kochi,2,13188.03,0,0.0,0.0,0,0,18.3
2026-03-24,IMPS,Kolkata,1,3164.68,0,0.0,0.0,0,0,34.9
2026-03-24,IMPS,Mumbai,4,5453.42,0,0.0,0.0,0,0,32.83
2026-03-24,IMPS,Pune,4,5840.93,0,0.0,0.0,0,1,46.15
2026-03-24,Internet Banking,Ahmedabad,1,5660.6,0,0.0,0.0,0,0,45.6
2026-03-24,Internet Banking,Bengaluru,4,3882.78,0,0.0,0.0,0,0,26.85
2026-03-24,Internet Banking,Chennai,8,22058.32,0,0.0,0.0,0,1,39.97
2026-03-24,Internet Banking,Delhi,1,10200.33,0,0.0,0.0,0,0,55.3
2026-03-24,Internet Banking,Hyderabad,5,23634.13,0,0.0,0.0,0,1,31.0
2026-03-24,Internet Banking,Jaipur,5,9441.02,0,0.0,0.0,0,0,39.66
2026-03-24,Internet Banking,Kochi,2,1670.52,0,0.0,0.0,0,0,17.85
2026-03-24,Internet Banking,Kolkata,2,4492.87,0,0.0,0.0,0,0,37.8
2026-03-24,Internet Banking,Mumbai,7,19939.28,0,0.0,0.0,0,0,22.57
2026-03-24,Internet Banking,Pune,3,3435.1,0,0.0,0.0,0,0,22.5
2026-03-24,Mobile Banking,Ahmedabad,7,16666.55,0,0.0,0.0,0,0,26.24
2026-03-24,Mobile Banking,Bengaluru,4,6567.3,0,0.0,0.0,0,0,22.1
2026-03-24,Mobile Banking,Chennai,2,2286.99,0,0.0,0.0,0,0,45.25
2026-03-24,Mobile Banking,Delhi,2,6633.75,0,0.0,0.0,0,0,25.65
2026-03-24,Mobile Banking,Hyderabad,4,6781.38,0,0.0,0.0,0,0,32.38
2026-03-24,Mobile Banking,Jaipur,5,8803.04,0,0.0,0.0,0,0,21.42
2026-03-24,Mobile Banking,Kochi,4,10221.88,0,0.0,0.0,0,0,19.12
2026-03-24,Mobile Banking,Kolkata,8,15091.08,0,0.0,0.0,0,0,25.46
2026-03-24,Mobile Banking,Mumbai,7,11833.93,0,0.0,0.0,0,0,30.03
2026-03-24,Mobile Banking,Pune,4,40957.35,1,34297.9,25.0,0,0,37.83
2026-03-24,NEFT,Bengaluru,1,4892.11,0,0.0,0.0,0,0,41.0
2026-03-24,NEFT,Chennai,4,3293.38,0,0.0,0.0,0,0,26.12
2026-03-24,NEFT,Hyderabad,1,7513.25,0,0.0,0.0,0,0,27.8
2026-03-24,NEFT,Jaipur,2,13445.29,0,0.0,0.0,0,0,25.8
2026-03-24,NEFT,Kochi,2,7522.99,0,0.0,0.0,0,0,33.75
2026-03-24,NEFT,Mumbai,1,1737.01,0,0.0,0.0,0,0,28.6
2026-03-24,NEFT,Pune,3,5486.25,0,0.0,0.0,0,0,31.13
2026-03-24,POS,Ahmedabad,7,9994.24,0,0.0,0.0,0,0,22.57
2026-03-24,POS,Bengaluru,2,4415.44,0,0.0,0.0,0,0,27.75
2026-03-24,POS,Chennai,2,2878.41,0,0.0,0.0,0,0,21.95
2026-03-24,POS,Delhi,2,5596.83,0,0.0,0.0,0,0,24.1
2026-03-24,POS,Hyderabad,4,4774.51,0,0.0,0.0,0,0,24.42
2026-03-24,POS,Jaipur,4,11500.16,0,0.0,0.0,0,0,18.52
2026-03-24,POS,Kochi,6,43130.54,0,0.0,0.0,0,0,31.15
2026-03-24,POS,Kolkata,2,9701.62,0,0.0,0.0,0,0,25.5
2026-03-24,POS,Mumbai,4,15598.56,0,0.0,0.0,0,0,31.35
2026-03-24,POS,Pune,3,11670.47,0,0.0,0.0,0,0,21.27
2026-03-24,RTGS,Ahmedabad,2,1950182.8,0,0.0,0.0,0,0,38.95
2026-03-24,RTGS,Bengaluru,1,895408.27,0,0.0,0.0,0,0,37.0
2026-03-24,RTGS,Hyderabad,1,709445.52,0,0.0,0.0,0,0,53.4
2026-03-24,RTGS,Kochi,1,1172460.54,0,0.0,0.0,0,0,24.0
2026-03-24,RTGS,Kolkata,2,2077646.01,0,0.0,0.0,0,0,29.3
2026-03-24,RTGS,Pune,2,1650472.72,0,0.0,0.0,0,1,53.6
2026-03-24,UPI,Ahmedabad,10,7715.82,0,0.0,0.0,0,0,19.98
2026-03-24,UPI,Bengaluru,5,4038.47,0,0.0,0.0,0,0,32.5
2026-03-24,UPI,Chennai,7,12403.18,0,0.0,0.0,0,0,19.5
2026-03-24,UPI,Delhi,5,13741.73,0,0.0,0.0,0,0,28.32
2026-03-24,UPI,Hyderabad,5,20391.62,0,0.0,0.0,0,0,33.28
2026-03-24,UPI,Jaipur,5,51798.99,0,0.0,0.0,0,0,31.24
2026-03-24,UPI,Kochi,4,11181.44,0,0.0,0.0,0,0,24.72
2026-03-24,UPI,Kolkata,2,4468.75,0,0.0,0.0,0,0,29.6
2026-03-24,UPI,Mumbai,9,26383.97,0,0.0,0.0,0,0,33.83
2026-03-24,UPI,Pune,10,17369.35,0,0.0,0.0,0,0,26.32
2026-03-25,ATM,Ahmedabad,5,10744.09,0,0.0,0.0,0,0,36.58
2026-03-25,ATM,Bengaluru,1,1768.68,0,0.0,0.0,0,0,18.1
2026-03-25,ATM,Chennai,1,2227.6,0,0.0,0.0,0,0,58.7
2026-03-25,ATM,Delhi,5,12479.24,0,0.0,0.0,0,0,23.12
2026-03-25,ATM,Hyderabad,7,15061.94,0,0.0,0.0,0,0,26.8
2026-03-25,ATM,Jaipur,4,46308.87,0,0.0,0.0,0,0,36.08
2026-03-25,ATM,Kochi,1,1304.21,0,0.0,0.0,0,0,22.0
2026-03-25,ATM,Pune,3,3654.65,0,0.0,0.0,0,0,16.57
2026-03-25,Branch,Ahmedabad,1,5027.45,0,0.0,0.0,0,0,20.2
2026-03-25,Branch,Chennai,3,15218.94,0,0.0,0.0,0,0,32.7
2026-03-25,Branch,Delhi,2,6846.69,0,0.0,0.0,0,0,25.5
2026-03-25,Branch,Hyderabad,2,5488.91,0,0.0,0.0,0,0,32.85
2026-03-25,Branch,Jaipur,1,1256.08,0,0.0,0.0,0,0,19.5
2026-03-25,Branch,Mumbai,1,1339.66,0,0.0,0.0,0,0,26.4
2026-03-25,IMPS,Bengaluru,1,554.66,0,0.0,0.0,0,0,37.4
2026-03-25,IMPS,Chennai,2,5036.59,0,0.0,0.0,0,0,37.55
2026-03-25,IMPS,Delhi,2,2507.85,0,0.0,0.0,0,0,17.6
2026-03-25,IMPS,Jaipur,2,1725.61,0,0.0,0.0,0,0,48.8
2026-03-25,IMPS,Kochi,3,12974.22,0,0.0,0.0,0,0,26.77
2026-03-25,IMPS,Kolkata,2,343090.57,1,341883.32,50.0,1,0,68.1
2026-03-25,IMPS,Pune,3,6073.08,0,0.0,0.0,0,0,23.6
2026-03-25,Internet Banking,Ahmedabad,5,6742.25,0,0.0,0.0,0,0,19.14
2026-03-25,Internet Banking,Bengaluru,1,4709.42,0,0.0,0.0,0,0,55.9
2026-03-25,Internet Banking,Chennai,5,7113.81,0,0.0,0.0,0,0,30.08
2026-03-25,Internet Banking,Delhi,4,3626.31,0,0.0,0.0,0,0,26.7
2026-03-25,Internet Banking,Hyderabad,5,13324.73,0,0.0,0.0,0,0,33.54
2026-03-25,Internet Banking,Jaipur,3,7178.12,0,0.0,0.0,0,0,28.7
2026-03-25,Internet Banking,Kochi,3,9498.67,0,0.0,0.0,0,0,19.2
2026-03-25,Internet Banking,Kolkata,4,21841.79,0,0.0,0.0,0,0,32.5
2026-03-25,Internet Banking,Mumbai,7,10075.48,0,0.0,0.0,0,0,23.27
2026-03-25,Internet Banking,Pune,3,7287.6,0,0.0,0.0,0,0,26.57
2026-03-25,Mobile Banking,Ahmedabad,8,36407.55,0,0.0,0.0,0,0,43.99
2026-03-25,Mobile Banking,Bengaluru,4,3161.06,0,0.0,0.0,0,0,28.17
2026-03-25,Mobile Banking,Chennai,3,4339.15,0,0.0,0.0,0,0,37.67
2026-03-25,Mobile Banking,Delhi,6,9040.34,0,0.0,0.0,0,0,35.47
2026-03-25,Mobile Banking,Hyderabad,5,5362.28,0,0.0,0.0,0,0,26.38
2026-03-25,Mobile Banking,Jaipur,7,89844.36,0,0.0,0.0,0,1,35.19
2026-03-25,Mobile Banking,Kochi,2,20292.72,0,0.0,0.0,0,0,44.7
2026-03-25,Mobile Banking,Kolkata,5,9251.9,0,0.0,0.0,0,0,22.24
2026-03-25,Mobile Banking,Mumbai,5,8847.15,0,0.0,0.0,0,0,28.16
2026-03-25,Mobile Banking,Pune,3,3047.74,0,0.0,0.0,0,0,27.03
2026-03-25,NEFT,Ahmedabad,3,4203.29,0,0.0,0.0,0,0,33.6
2026-03-25,NEFT,Bengaluru,3,2499.32,0,0.0,0.0,0,0,26.27
2026-03-25,NEFT,Chennai,2,6544.29,0,0.0,0.0,0,0,18.25
2026-03-25,NEFT,Delhi,1,1132.05,0,0.0,0.0,0,0,49.8
2026-03-25,NEFT,Hyderabad,6,11218.59,0,0.0,0.0,0,0,28.45
2026-03-25,NEFT,Kochi,1,584.05,0,0.0,0.0,0,0,10.2
2026-03-25,NEFT,Kolkata,2,8695.81,0,0.0,0.0,0,0,34.35
2026-03-25,NEFT,Mumbai,2,22120.5,0,0.0,0.0,0,0,22.8
2026-03-25,NEFT,Pune,4,6666.38,0,0.0,0.0,0,0,22.93
2026-03-25,POS,Ahmedabad,7,15788.09,0,0.0,0.0,0,1,32.53
2026-03-25,POS,Bengaluru,4,11716.85,0,0.0,0.0,0,0,26.1
2026-03-25,POS,Chennai,4,10102.66,0,0.0,0.0,0,0,29.48
2026-03-25,POS,Delhi,4,6470.66,0,0.0,0.0,0,0,40.53
2026-03-25,POS,Hyderabad,2,4983.58,0,0.0,0.0,0,0,26.65
2026-03-25,POS,Jaipur,3,18761.12,0,0.0,0.0,0,0,26.4
2026-03-25,POS,Kochi,3,2892.88,0,0.0,0.0,0,0,37.47
2026-03-25,POS,Kolkata,4,11003.96,0,0.0,0.0,0,1,40.38
2026-03-25,POS,Mumbai,1,1193.97,0,0.0,0.0,0,0,11.7
2026-03-25,POS,Pune,2,5131.3,0,0.0,0.0,0,0,26.25
2026-03-25,RTGS,Ahmedabad,1,484587.99,0,0.0,0.0,0,0,36.9
2026-03-25,RTGS,Chennai,1,454371.25,0,0.0,0.0,0,0,33.2
2026-03-25,RTGS,Delhi,1,630719.09,0,0.0,0.0,0,0,36.4
2026-03-25,RTGS,Jaipur,3,4127327.28,0,0.0,0.0,0,0,38.7
2026-03-25,RTGS,Kochi,4,3484377.35,0,0.0,0.0,0,0,41.73
2026-03-25,RTGS,Kolkata,1,1322306.6,0,0.0,0.0,0,0,45.6
2026-03-25,RTGS,Mumbai,3,844825.56,1,130552.86,33.333,0,0,45.57
2026-03-25,RTGS,Pune,2,632991.35,0,0.0,0.0,0,0,44.2
2026-03-25,UPI,Ahmedabad,6,40398.39,0,0.0,0.0,0,0,42.23
2026-03-25,UPI,Bengaluru,6,14204.91,1,4954.28,16.667,0,0,33.2
2026-03-25,UPI,Chennai,4,13706.05,0,0.0,0.0,0,0,30.02
2026-03-25,UPI,Delhi,1,1675.24,0,0.0,0.0,0,0,19.7
2026-03-25,UPI,Hyderabad,7,14322.65,1,368.5,14.286,0,0,35.11
2026-03-25,UPI,Jaipur,7,19399.28,0,0.0,0.0,0,0,28.51
2026-03-25,UPI,Kochi,10,13805.74,1,1735.4,10.0,0,1,37.49
2026-03-25,UPI,Kolkata,2,17392.88,0,0.0,0.0,0,0,40.8
2026-03-25,UPI,Mumbai,4,5646.52,0,0.0,0.0,0,0,27.68
2026-03-25,UPI,Pune,6,154223.54,1,148225.07,16.667,0,0,35.95
2026-03-26,ATM,Ahmedabad,4,4294.59,0,0.0,0.0,0,0,30.15
2026-03-26,ATM,Bengaluru,5,40008.34,0,0.0,0.0,0,0,25.78
2026-03-26,ATM,Chennai,1,1888.43,0,0.0,0.0,0,0,39.3
2026-03-26,ATM,Delhi,2,2524.75,0,0.0,0.0,0,0,25.85
2026-03-26,ATM,Hyderabad,3,5869.25,0,0.0,0.0,0,1,39.67
2026-03-26,ATM,Jaipur,1,789.77,0,0.0,0.0,0,0,29.0
2026-03-26,ATM,Kochi,2,4143.73,0,0.0,0.0,0,0,24.1
2026-03-26,ATM,Kolkata,6,12624.99,0,0.0,0.0,0,0,23.58
2026-03-26,ATM,Mumbai,3,9784.11,0,0.0,0.0,0,1,42.0
2026-03-26,ATM,Pune,4,19163.72,0,0.0,0.0,0,0,27.15
2026-03-26,Branch,Ahmedabad,1,624.94,0,0.0,0.0,0,0,22.2
2026-03-26,Branch,Bengaluru,3,6815.75,0,0.0,0.0,0,0,25.93
2026-03-26,Branch,Chennai,1,1960.0,0,0.0,0.0,0,0,23.9
2026-03-26,Branch,Delhi,1,6638.64,0,0.0,0.0,0,0,40.6
2026-03-26,Branch,Hyderabad,1,1037.68,0,0.0,0.0,0,0,52.0
2026-03-26,Branch,Kochi,2,4645.99,0,0.0,0.0,0,0,33.1
2026-03-26,Branch,Kolkata,1,2366.0,0,0.0,0.0,0,0,21.4
2026-03-26,Branch,Pune,1,4871.73,0,0.0,0.0,0,0,26.5
2026-03-26,IMPS,Ahmedabad,2,10828.07,0,0.0,0.0,0,0,33.15
2026-03-26,IMPS,Bengaluru,5,11480.37,0,0.0,0.0,0,0,28.04
2026-03-26,IMPS,Chennai,4,14018.58,0,0.0,0.0,0,1,41.5
2026-03-26,IMPS,Delhi,5,7361.64,0,0.0,0.0,0,0,20.46
2026-03-26,IMPS,Hyderabad,3,10618.17,0,0.0,0.0,0,1,43.97
2026-03-26,IMPS,Jaipur,4,9461.51,1,1063.34,25.0,0,2,42.98
2026-03-26,IMPS,Kochi,3,4654.86,0,0.0,0.0,0,0,15.5
2026-03-26,IMPS,Kolkata,2,3197.71,0,0.0,0.0,0,0,24.4
2026-03-26,IMPS,Mumbai,3,5324.82,0,0.0,0.0,0,0,25.67
2026-03-26,IMPS,Pune,4,11527.31,0,0.0,0.0,0,1,34.02
2026-03-26,Internet Banking,Ahmedabad,6,15113.89,0,0.0,0.0,0,0,24.62
2026-03-26,Internet Banking,Bengaluru,4,594843.87,1,589160.15,25.0,0,1,45.67
2026-03-26,Internet Banking,Chennai,3,28116.47,0,0.0,0.0,0,0,28.47
2026-03-26,Internet Banking,Delhi,3,12016.87,1,7885.33,33.333,1,0,57.6
2026-03-26,Internet Banking,Hyderabad,2,660.7,0,0.0,0.0,0,0,8.75
2026-03-26,Internet Banking,Jaipur,3,2470.36,0,0.0,0.0,0,0,17.27
2026-03-26,Internet Banking,Kochi,8,32865.57,1,921.02,12.5,1,0,46.57
2026-03-26,Internet Banking,Kolkata,5,12963.53,0,0.0,0.0,0,0,25.74
2026-03-26,Internet Banking,Mumbai,1,696.35,0,0.0,0.0,0,0,9.7
2026-03-26,Internet Banking,Pune,3,3820.98,0,0.0,0.0,0,0,29.77
2026-03-26,Mobile Banking,Ahmedabad,3,28326.16,0,0.0,0.0,0,0,19.6
2026-03-26,Mobile Banking,Bengaluru,4,15011.05,0,0.0,0.0,0,0,25.05
2026-03-26,Mobile Banking,Chennai,6,20130.87,0,0.0,0.0,0,1,37.27
2026-03-26,Mobile Banking,Delhi,5,16561.82,0,0.0,0.0,0,0,21.4
2026-03-26,Mobile Banking,Hyderabad,8,14674.18,0,0.0,0.0,0,0,33.61
2026-03-26,Mobile Banking,Jaipur,6,32543.2,0,0.0,0.0,0,0,23.68
2026-03-26,Mobile Banking,Kochi,4,5610.75,0,0.0,0.0,0,0,24.28
2026-03-26,Mobile Banking,Kolkata,2,2868.3,0,0.0,0.0,0,0,22.05
2026-03-26,Mobile Banking,Mumbai,6,13741.75,0,0.0,0.0,0,0,42.02
2026-03-26,Mobile Banking,Pune,8,41114.8,0,0.0,0.0,0,0,29.51
2026-03-26,NEFT,Ahmedabad,4,7035.18,0,0.0,0.0,0,0,24.2
2026-03-26,NEFT,Bengaluru,6,13097.02,0,0.0,0.0,0,0,29.58
2026-03-26,NEFT,Delhi,2,11959.74,0,0.0,0.0,0,0,30.85
2026-03-26,NEFT,Hyderabad,3,6501.38,0,0.0,0.0,0,1,34.67
2026-03-26,NEFT,Jaipur,3,6124.57,1,196.05,33.333,0,1,39.83
2026-03-26,NEFT,Kochi,4,4632.89,0,0.0,0.0,0,0,17.95
2026-03-26,NEFT,Kolkata,4,2018.07,0,0.0,0.0,0,0,17.98
2026-03-26,NEFT,Mumbai,1,1519.52,0,0.0,0.0,0,0,57.6
2026-03-26,NEFT,Pune,1,1987.45,0,0.0,0.0,0,0,6.9
2026-03-26,POS,Ahmedabad,4,4247.99,0,0.0,0.0,0,0,30.52
2026-03-26,POS,Bengaluru,3,6987.64,0,0.0,0.0,0,0,24.27
2026-03-26,POS,Chennai,3,2606.71,0,0.0,0.0,0,0,23.63
2026-03-26,POS,Delhi,2,1879.1,0,0.0,0.0,0,0,21.95
2026-03-26,POS,Hyderabad,5,25130.06,0,0.0,0.0,0,0,36.04
2026-03-26,POS,Jaipur,4,6166.9,0,0.0,0.0,0,0,28.93
2026-03-26,POS,Kochi,2,2335.6,0,0.0,0.0,0,0,23.45
2026-03-26,POS,Kolkata,6,8053.37,0,0.0,0.0,0,0,31.08
2026-03-26,POS,Mumbai,3,2075.13,1,91.78,33.333,0,0,38.2
2026-03-26,POS,Pune,2,5058.91,0,0.0,0.0,0,0,33.05
2026-03-26,RTGS,Ahmedabad,3,1305527.96,0,0.0,0.0,0,0,38.3
2026-03-26,RTGS,Bengaluru,1,405470.78,0,0.0,0.0,0,0,30.8
2026-03-26,RTGS,Chennai,1,980583.74,0,0.0,0.0,0,0,29.0
2026-03-26,RTGS,Hyderabad,4,2472351.23,0,0.0,0.0,0,0,50.73
2026-03-26,RTGS,Jaipur,2,1871084.0,0,0.0,0.0,0,0,50.0
2026-03-26,RTGS,Kochi,1,1063474.33,0,0.0,0.0,0,0,49.1
2026-03-26,RTGS,Kolkata,1,399408.66,0,0.0,0.0,0,0,31.9
2026-03-26,RTGS,Pune,2,2067455.23,0,0.0,0.0,0,0,31.25
2026-03-26,UPI,Ahmedabad,6,17509.37,0,0.0,0.0,0,1,29.37
2026-03-26,UPI,Bengaluru,8,205811.08,1,148731.58,12.5,0,0,37.99
2026-03-26,UPI,Chennai,3,3916.33,0,0.0,0.0,0,0,26.9
2026-03-26,UPI,Delhi,4,7643.51,0,0.0,0.0,0,0,28.47
2026-03-26,UPI,Hyderabad,8,44068.14,0,0.0,0.0,0,0,25.97
2026-03-26,UPI,Jaipur,3,2076.81,0,0.0,0.0,0,0,21.93
2026-03-26,UPI,Kochi,9,22500.91,0,0.0,0.0,0,0,29.9
2026-03-26,UPI,Kolkata,6,12963.84,0,0.0,0.0,0,0,37.07
2026-03-26,UPI,Mumbai,7,16058.38,0,0.0,0.0,0,0,24.99
2026-03-26,UPI,Pune,7,17937.77,0,0.0,0.0,0,0,31.01
2026-03-27,ATM,Ahmedabad,2,8693.0,0,0.0,0.0,0,0,22.5
2026-03-27,ATM,Bengaluru,3,7558.17,0,0.0,0.0,0,0,27.77
2026-03-27,ATM,Chennai,5,11489.9,0,0.0,0.0,0,0,28.32
2026-03-27,ATM,Delhi,4,16369.25,0,0.0,0.0,0,0,25.5
2026-03-27,ATM,Hyderabad,1,448.24,0,0.0,0.0,0,0,16.2
2026-03-27,ATM,Jaipur,2,2271.83,0,0.0,0.0,0,0,28.6
2026-03-27,ATM,Kochi,2,6730.83,0,0.0,0.0,0,0,41.4
2026-03-27,ATM,Kolkata,2,2226.17,0,0.0,0.0,0,0,16.9
2026-03-27,ATM,Mumbai,1,2672.6,0,0.0,0.0,0,0,41.2
2026-03-27,ATM,Pune,5,12022.99,0,0.0,0.0,0,0,21.44
2026-03-27,Branch,Ahmedabad,2,5381.88,0,0.0,0.0,0,0,31.75
2026-03-27,Branch,Chennai,1,168.99,0,0.0,0.0,0,0,35.9
2026-03-27,Branch,Delhi,1,1209.67,0,0.0,0.0,0,0,28.8
2026-03-27,Branch,Jaipur,2,8573.73,0,0.0,0.0,0,0,24.55
2026-03-27,Branch,Kochi,1,282.96,0,0.0,0.0,0,0,18.3
2026-03-27,Branch,Pune,1,800.32,0,0.0,0.0,0,0,29.4
2026-03-27,IMPS,Bengaluru,2,2900.8,0,0.0,0.0,0,0,35.35
2026-03-27,IMPS,Chennai,1,44891.72,0,0.0,0.0,0,0,49.8
2026-03-27,IMPS,Delhi,3,5022.46,0,0.0,0.0,0,0,23.7
2026-03-27,IMPS,Hyderabad,3,4080.42,0,0.0,0.0,0,0,24.47
2026-03-27,IMPS,Jaipur,4,8983.11,0,0.0,0.0,0,0,23.57
2026-03-27,IMPS,Kochi,4,7481.71,0,0.0,0.0,0,0,38.47
2026-03-27,IMPS,Mumbai,2,1613.72,0,0.0,0.0,0,0,31.55
2026-03-27,IMPS,Pune,2,12344.35,0,0.0,0.0,0,0,28.05
2026-03-27,Internet Banking,Ahmedabad,3,22111.39,0,0.0,0.0,0,0,37.43
2026-03-27,Internet Banking,Bengaluru,6,6153.81,0,0.0,0.0,0,0,33.17
2026-03-27,Internet Banking,Delhi,2,2081.17,0,0.0,0.0,0,0,33.9
2026-03-27,Internet Banking,Hyderabad,5,29746.87,0,0.0,0.0,0,0,25.78
2026-03-27,Internet Banking,Jaipur,2,1462.82,0,0.0,0.0,0,0,37.1
2026-03-27,Internet Banking,Kochi,3,6477.48,0,0.0,0.0,0,0,36.17
2026-03-27,Internet Banking,Kolkata,3,13254.7,0,0.0,0.0,0,0,36.83
2026-03-27,Mobile Banking,Ahmedabad,4,14952.42,0,0.0,0.0,0,0,31.37
2026-03-27,Mobile Banking,Bengaluru,8,15164.03,0,0.0,0.0,0,0,25.12
2026-03-27,Mobile Banking,Chennai,4,13139.34,0,0.0,0.0,0,0,27.02
2026-03-27,Mobile Banking,Delhi,3,8579.79,0,0.0,0.0,0,0,34.1
2026-03-27,Mobile Banking,Hyderabad,2,583.41,0,0.0,0.0,0,0,21.0
2026-03-27,Mobile Banking,Jaipur,5,11869.15,0,0.0,0.0,0,0,16.56
2026-03-27,Mobile Banking,Kochi,3,3359.03,0,0.0,0.0,0,0,26.87
2026-03-27,Mobile Banking,Kolkata,4,12821.71,0,0.0,0.0,0,0,36.58
2026-03-27,Mobile Banking,Mumbai,4,8077.0,0,0.0,0.0,0,0,41.23
2026-03-27,Mobile Banking,Pune,6,16972.03,0,0.0,0.0,0,1,30.35
2026-03-27,NEFT,Bengaluru,6,36213.18,0,0.0,0.0,0,0,30.5
2026-03-27,NEFT,Chennai,3,3285.18,0,0.0,0.0,0,0,24.97
2026-03-27,NEFT,Delhi,6,16424.43,0,0.0,0.0,0,0,21.25
2026-03-27,NEFT,Hyderabad,2,4335.05,0,0.0,0.0,0,0,24.75
2026-03-27,NEFT,Jaipur,1,2170.78,0,0.0,0.0,0,0,17.3
2026-03-27,NEFT,Kochi,1,774.37,1,774.37,100.0,0,0,49.3
2026-03-27,NEFT,Kolkata,7,18826.32,0,0.0,0.0,0,0,27.96
2026-03-27,NEFT,Mumbai,2,10557.96,0,0.0,0.0,0,0,26.05
2026-03-27,NEFT,Pune,1,2358.34,0,0.0,0.0,0,0,32.4
2026-03-27,POS,Ahmedabad,2,2545.83,0,0.0,0.0,0,0,33.5
2026-03-27,POS,Bengaluru,4,4948.48,0,0.0,0.0,0,0,22.45
2026-03-27,POS,Chennai,9,25822.7,0,0.0,0.0,0,0,28.94
2026-03-27,POS,Delhi,3,4573.66,0,0.0,0.0,0,0,27.13
2026-03-27,POS,Hyderabad,4,6554.38,0,0.0,0.0,0,0,27.02
2026-03-27,POS,Kochi,4,7509.55,0,0.0,0.0,0,0,38.58
2026-03-27,POS,Kolkata,8,10689.41,0,0.0,0.0,0,0,28.19
2026-03-27,POS,Mumbai,2,5150.21,0,0.0,0.0,0,0,36.1
2026-03-27,POS,Pune,3,2552.35,0,0.0,0.0,0,0,28.0
2026-03-27,RTGS,Ahmedabad,1,899186.61,0,0.0,0.0,0,0,52.6
2026-03-27,RTGS,Bengaluru,2,1612596.8,0,0.0,0.0,0,0,41.5
2026-03-27,RTGS,Chennai,1,566921.66,0,0.0,0.0,0,0,32.1
2026-03-27,RTGS,Delhi,1,942422.45,0,0.0,0.0,0,0,28.7
2026-03-27,RTGS,Hyderabad,1,892240.99,0,0.0,0.0,0,0,25.8
2026-03-27,RTGS,Kochi,1,819821.96,0,0.0,0.0,0,1,65.2
2026-03-27,RTGS,Kolkata,1,1324662.03,0,0.0,0.0,0,0,40.0
2026-03-27,RTGS,Mumbai,1,390186.81,0,0.0,0.0,0,0,51.9
2026-03-27,UPI,Ahmedabad,7,352137.03,1,333043.81,14.286,0,1,38.66
2026-03-27,UPI,Bengaluru,6,8396.27,0,0.0,0.0,0,0,20.93
2026-03-27,UPI,Chennai,9,21814.5,0,0.0,0.0,0,0,25.46
2026-03-27,UPI,Delhi,4,173475.16,1,158460.44,25.0,0,1,45.85
2026-03-27,UPI,Hyderabad,4,5996.45,0,0.0,0.0,0,0,30.32
2026-03-27,UPI,Kochi,7,29963.8,0,0.0,0.0,0,0,32.34
2026-03-27,UPI,Kolkata,10,22873.05,0,0.0,0.0,0,1,34.0
2026-03-27,UPI,Mumbai,2,1161.01,0,0.0,0.0,0,0,25.7
2026-03-27,UPI,Pune,5,11063.42,0,0.0,0.0,0,0,26.38
2026-03-28,ATM,Ahmedabad,1,798.02,0,0.0,0.0,0,0,40.6
2026-03-28,ATM,Bengaluru,3,4597.53,0,0.0,0.0,0,0,17.87
2026-03-28,ATM,Chennai,2,3889.62,0,0.0,0.0,0,0,28.55
2026-03-28,ATM,Delhi,2,3805.58,0,0.0,0.0,0,0,12.2
2026-03-28,ATM,Hyderabad,8,10510.08,0,0.0,0.0,0,0,21.21
2026-03-28,ATM,Jaipur,2,2685.75,0,0.0,0.0,0,0,16.4
2026-03-28,ATM,Kochi,2,5434.21,0,0.0,0.0,0,0,18.65
2026-03-28,ATM,Kolkata,1,783.27,0,0.0,0.0,0,0,37.2
2026-03-28,ATM,Mumbai,4,5194.31,0,0.0,0.0,0,0,31.73
2026-03-28,ATM,Pune,3,13238.66,0,0.0,0.0,0,0,23.53
2026-03-28,Branch,Bengaluru,2,14113.84,0,0.0,0.0,0,0,44.1
2026-03-28,Branch,Delhi,1,8843.73,0,0.0,0.0,0,1,71.8
2026-03-28,Branch,Hyderabad,2,8635.0,0,0.0,0.0,0,0,33.15
2026-03-28,Branch,Kochi,1,5097.21,0,0.0,0.0,0,0,26.0
2026-03-28,Branch,Kolkata,1,2325.71,0,0.0,0.0,0,0,53.3
2026-03-28,Branch,Mumbai,2,5900.9,0,0.0,0.0,0,0,38.85
2026-03-28,Branch,Pune,3,8981.61,0,0.0,0.0,0,0,26.6
2026-03-28,IMPS,Ahmedabad,1,832.13,0,0.0,0.0,0,0,30.0
2026-03-28,IMPS,Bengaluru,3,8206.38,0,0.0,0.0,0,0,24.03
2026-03-28,IMPS,Chennai,2,1300.79,0,0.0,0.0,0,0,33.9
2026-03-28,IMPS,Delhi,2,2523.63,1,1511.44,50.0,0,0,29.9
2026-03-28,IMPS,Hyderabad,2,9219.42,0,0.0,0.0,0,0,22.1
2026-03-28,IMPS,Jaipur,1,3250.27,0,0.0,0.0,0,0,56.3
2026-03-28,IMPS,Kolkata,4,8322.31,0,0.0,0.0,0,0,29.75
2026-03-28,IMPS,Mumbai,2,3825.24,1,1072.23,50.0,0,0,32.65
2026-03-28,IMPS,Pune,2,749.93,0,0.0,0.0,0,0,15.6
2026-03-28,Internet Banking,Ahmedabad,1,3564.8,0,0.0,0.0,0,0,31.1
2026-03-28,Internet Banking,Bengaluru,2,1870.4,0,0.0,0.0,0,1,42.75
2026-03-28,Internet Banking,Chennai,2,26636.51,0,0.0,0.0,0,0,54.2
2026-03-28,Internet Banking,Delhi,4,306164.73,1,302340.98,25.0,1,0,42.67
2026-03-28,Internet Banking,Hyderabad,5,11692.46,0,0.0,0.0,0,0,35.2
2026-03-28,Internet Banking,Jaipur,3,14072.57,0,0.0,0.0,0,0,25.93
2026-03-28,Internet Banking,Kochi,5,39432.73,0,0.0,0.0,0,0,28.14
2026-03-28,Internet Banking,Kolkata,4,8876.45,0,0.0,0.0,0,0,23.45
2026-03-28,Internet Banking,Pune,1,1898.14,0,0.0,0.0,0,0,8.3
2026-03-28,Mobile Banking,Ahmedabad,6,125692.5,1,119531.49,16.667,1,0,34.77
2026-03-28,Mobile Banking,Bengaluru,6,15820.49,0,0.0,0.0,0,0,30.13
2026-03-28,Mobile Banking,Chennai,3,4905.32,0,0.0,0.0,0,0,31.17
2026-03-28,Mobile Banking,Delhi,2,4591.0,0,0.0,0.0,0,0,43.05
2026-03-28,Mobile Banking,Hyderabad,5,10161.35,0,0.0,0.0,0,0,31.18
2026-03-28,Mobile Banking,Jaipur,3,6398.23,0,0.0,0.0,0,0,23.9
2026-03-28,Mobile Banking,Kochi,3,14983.56,0,0.0,0.0,0,0,33.37
2026-03-28,Mobile Banking,Kolkata,2,7116.99,0,0.0,0.0,0,0,25.55
2026-03-28,Mobile Banking,Mumbai,3,14876.35,0,0.0,0.0,0,0,42.47
2026-03-28,Mobile Banking,Pune,6,8248.72,0,0.0,0.0,0,0,30.8
2026-03-28,NEFT,Ahmedabad,3,3870.45,0,0.0,0.0,0,0,26.07
2026-03-28,NEFT,Bengaluru,3,8999.77,0,0.0,0.0,0,0,31.63
2026-03-28,NEFT,Chennai,3,27945.44,0,0.0,0.0,0,0,34.4
2026-03-28,NEFT,Delhi,6,20539.06,0,0.0,0.0,0,0,26.5
2026-03-28,NEFT,Hyderabad,3,3142.23,0,0.0,0.0,0,0,30.13
2026-03-28,NEFT,Kochi,1,3308.51,0,0.0,0.0,0,0,27.5
2026-03-28,NEFT,Kolkata,2,2689.08,0,0.0,0.0,0,0,31.8
2026-03-28,NEFT,Mumbai,2,5604.37,0,0.0,0.0,0,0,30.4
2026-03-28,NEFT,Pune,1,3124.99,0,0.0,0.0,0,0,23.1
2026-03-28,POS,Ahmedabad,6,21573.24,0,0.0,0.0,0,0,23.13
2026-03-28,POS,Bengaluru,6,6660.73,0,0.0,0.0,0,0,24.9
2026-03-28,POS,Chennai,5,36823.12,0,0.0,0.0,0,1,40.68
2026-03-28,POS,Delhi,3,12420.82,0,0.0,0.0,0,0,24.4
2026-03-28,POS,Jaipur,1,2485.26,0,0.0,0.0,0,0,27.9
2026-03-28,POS,Kochi,4,11469.71,1,958.5,25.0,0,0,35.45
2026-03-28,POS,Kolkata,5,13219.48,0,0.0,0.0,0,0,27.1
2026-03-28,POS,Mumbai,4,2495.94,0,0.0,0.0,0,0,29.4
2026-03-28,POS,Pune,1,29467.59,0,0.0,0.0,0,0,30.8
2026-03-28,RTGS,Ahmedabad,1,1336194.77,0,0.0,0.0,0,0,32.4
2026-03-28,RTGS,Bengaluru,3,1401478.44,0,0.0,0.0,0,1,40.7
2026-03-28,RTGS,Chennai,1,997361.83,0,0.0,0.0,0,0,38.6
2026-03-28,RTGS,Delhi,1,1123456.47,0,0.0,0.0,0,1,68.2
2026-03-28,RTGS,Hyderabad,1,749766.12,0,0.0,0.0,0,0,35.5
2026-03-28,RTGS,Jaipur,1,347408.64,0,0.0,0.0,0,0,27.6
2026-03-28,RTGS,Kochi,2,1504257.04,0,0.0,0.0,0,0,45.25
2026-03-28,RTGS,Kolkata,2,2218815.65,0,0.0,0.0,0,0,27.6
2026-03-28,RTGS,Mumbai,1,1159576.79,0,0.0,0.0,0,0,32.7
2026-03-28,RTGS,Pune,1,784389.85,0,0.0,0.0,0,0,54.7
2026-03-28,UPI,Ahmedabad,8,23489.84,0,0.0,0.0,0,0,24.09
2026-03-28,UPI,Bengaluru,8,20603.4,0,0.0,0.0,0,0,31.66
2026-03-28,UPI,Chennai,6,26368.67,0,0.0,0.0,0,0,37.38
2026-03-28,UPI,Delhi,1,2152.3,0,0.0,0.0,0,0,18.2
2026-03-28,UPI,Hyderabad,7,43414.85,0,0.0,0.0,0,1,42.04
2026-03-28,UPI,Jaipur,6,11727.74,0,0.0,0.0,0,0,27.6
2026-03-28,UPI,Kochi,2,4453.61,0,0.0,0.0,0,0,47.95
2026-03-28,UPI,Kolkata,8,20763.16,0,0.0,0.0,0,0,34.55
2026-03-28,UPI,Mumbai,5,11146.45,0,0.0,0.0,0,0,30.2
2026-03-28,UPI,Pune,6,35916.13,0,0.0,0.0,0,0,35.23
2026-03-29,ATM,Ahmedabad,2,5406.39,0,0.0,0.0,0,0,23.05
2026-03-29,ATM,Bengaluru,3,3893.87,0,0.0,0.0,0,0,34.83
2026-03-29,ATM,Chennai,4,10691.94,0,0.0,0.0,0,0,26.9
2026-03-29,ATM,Delhi,1,771.82,0,0.0,0.0,0,0,13.8
2026-03-29,ATM,Hyderabad,2,2417.57,0,0.0,0.0,0,0,39.75
2026-03-29,ATM,Jaipur,3,11391.67,0,0.0,0.0,0,0,29.03
2026-03-29,ATM,Kochi,1,2216.61,0,0.0,0.0,0,0,19.3
2026-03-29,ATM,Kolkata,2,1850.88,0,0.0,0.0,0,0,22.55
2026-03-29,ATM,Mumbai,1,1600.01,0,0.0,0.0,0,0,43.9
2026-03-29,ATM,Pune,3,8065.31,0,0.0,0.0,0,0,31.63
2026-03-29,Branch,Ahmedabad,1,846.86,0,0.0,0.0,0,0,15.3
2026-03-29,Branch,Bengaluru,2,8559.19,0,0.0,0.0,0,0,26.2
2026-03-29,Branch,Hyderabad,1,6046.7,0,0.0,0.0,0,0,36.1
2026-03-29,Branch,Jaipur,2,4107.96,0,0.0,0.0,0,0,27.3
2026-03-29,Branch,Kochi,1,1750.32,0,0.0,0.0,0,0,40.7
2026-03-29,Branch,Kolkata,2,5384.36,0,0.0,0.0,0,0,25.85
2026-03-29,Branch,Mumbai,1,922.72,0,0.0,0.0,0,0,32.0
2026-03-29,IMPS,Ahmedabad,1,2175.44,0,0.0,0.0,0,0,25.7
2026-03-29,IMPS,Bengaluru,1,1698.9,0,0.0,0.0,0,0,59.2
2026-03-29,IMPS,Chennai,6,15431.7,1,2918.42,16.667,0,1,38.52
2026-03-29,IMPS,Hyderabad,2,4494.7,0,0.0,0.0,0,0,42.0
2026-03-29,IMPS,Kochi,2,4861.35,0,0.0,0.0,0,0,39.35
2026-03-29,IMPS,Mumbai,3,11754.59,0,0.0,0.0,0,0,38.47
2026-03-29,IMPS,Pune,4,7102.25,0,0.0,0.0,0,0,27.6
2026-03-29,Internet Banking,Ahmedabad,6,103748.73,1,95168.99,16.667,0,1,30.07
2026-03-29,Internet Banking,Bengaluru,4,12706.2,0,0.0,0.0,0,0,24.78
2026-03-29,Internet Banking,Chennai,1,4291.23,0,0.0,0.0,0,0,38.7
2026-03-29,Internet Banking,Delhi,4,7561.44,0,0.0,0.0,0,0,28.05
2026-03-29,Internet Banking,Hyderabad,3,8274.51,0,0.0,0.0,0,1,36.1
2026-03-29,Internet Banking,Jaipur,4,4699.19,1,641.46,25.0,0,1,37.15
2026-03-29,Internet Banking,Kochi,1,432.09,0,0.0,0.0,0,0,36.4
2026-03-29,Internet Banking,Kolkata,4,6961.29,0,0.0,0.0,0,0,21.07
2026-03-29,Internet Banking,Mumbai,6,10196.83,0,0.0,0.0,0,0,21.33
2026-03-29,Internet Banking,Pune,3,7303.88,0,0.0,0.0,0,0,18.77
2026-03-29,Mobile Banking,Ahmedabad,4,4319.64,0,0.0,0.0,0,0,27.4
2026-03-29,Mobile Banking,Bengaluru,1,351.3,0,0.0,0.0,0,0,24.7
2026-03-29,Mobile Banking,Chennai,3,7001.8,0,0.0,0.0,0,0,28.7
2026-03-29,Mobile Banking,Delhi,3,5437.78,0,0.0,0.0,0,0,11.23
2026-03-29,Mobile Banking,Hyderabad,7,15221.56,0,0.0,0.0,0,0,27.33
2026-03-29,Mobile Banking,Jaipur,5,23609.95,0,0.0,0.0,0,0,29.26
2026-03-29,Mobile Banking,Kochi,6,12200.43,1,6352.02,16.667,1,0,47.02
2026-03-29,Mobile Banking,Kolkata,7,16739.73,0,0.0,0.0,0,0,31.6
2026-03-29,Mobile Banking,Mumbai,7,13388.57,0,0.0,0.0,0,0,21.77
2026-03-29,Mobile Banking,Pune,4,12106.97,0,0.0,0.0,0,0,26.12
2026-03-29,NEFT,Ahmedabad,3,7982.28,0,0.0,0.0,0,0,15.47
2026-03-29,NEFT,Bengaluru,1,2845.77,0,0.0,0.0,0,0,44.3
2026-03-29,NEFT,Chennai,6,11789.08,0,0.0,0.0,0,0,28.13
2026-03-29,NEFT,Delhi,3,13133.88,0,0.0,0.0,0,0,25.3
2026-03-29,NEFT,Hyderabad,3,16714.03,0,0.0,0.0,0,0,26.57
2026-03-29,NEFT,Jaipur,3,3160.51,0,0.0,0.0,0,0,14.47
2026-03-29,NEFT,Kochi,1,365.06,0,0.0,0.0,0,0,33.8
2026-03-29,NEFT,Kolkata,3,12383.56,0,0.0,0.0,0,0,23.93
2026-03-29,NEFT,Mumbai,2,713.51,0,0.0,0.0,0,0,25.05
2026-03-29,NEFT,Pune,3,7424.14,0,0.0,0.0,0,0,30.93
2026-03-29,POS,Ahmedabad,3,6876.21,0,0.0,0.0,0,0,32.13
2026-03-29,POS,Bengaluru,5,178137.0,1,175349.87,20.0,0,1,42.48
2026-03-29,POS,Chennai,5,22146.09,0,0.0,0.0,0,0,41.9
2026-03-29,POS,Delhi,4,7121.73,0,0.0,0.0,0,0,29.77
2026-03-29,POS,Hyderabad,7,20301.57,1,3858.28,14.286,0,0,33.67
2026-03-29,POS,Jaipur,5,86312.46,1,66845.48,20.0,0,0,30.24
2026-03-29,POS,Kochi,4,1638.6,0,0.0,0.0,0,0,36.12
2026-03-29,POS,Kolkata,4,18715.29,0,0.0,0.0,0,0,27.17
2026-03-29,POS,Mumbai,6,8387.55,0,0.0,0.0,0,0,21.93
2026-03-29,POS,Pune,8,18330.08,0,0.0,0.0,0,0,26.66
2026-03-29,RTGS,Ahmedabad,1,313632.36,0,0.0,0.0,0,0,44.7
2026-03-29,RTGS,Bengaluru,1,401397.26,0,0.0,0.0,0,0,28.6
2026-03-29,RTGS,Chennai,3,2580873.55,0,0.0,0.0,0,0,40.43
2026-03-29,RTGS,Hyderabad,2,1053249.58,0,0.0,0.0,0,0,43.75
2026-03-29,RTGS,Jaipur,1,202260.47,0,0.0,0.0,0,0,32.8
2026-03-29,RTGS,Kochi,1,1422423.9,0,0.0,0.0,0,0,31.8
2026-03-29,RTGS,Kolkata,2,584746.81,1,100876.19,50.0,0,1,52.5
2026-03-29,RTGS,Mumbai,2,1471721.43,1,1240898.87,50.0,0,1,50.65
2026-03-29,RTGS,Pune,2,1925507.11,0,0.0,0.0,0,0,41.4
2026-03-29,UPI,Ahmedabad,8,11495.33,0,0.0,0.0,0,0,25.66
2026-03-29,UPI,Bengaluru,6,8811.67,0,0.0,0.0,0,0,22.75
2026-03-29,UPI,Chennai,5,9306.66,0,0.0,0.0,0,0,25.54
2026-03-29,UPI,Delhi,6,24779.61,0,0.0,0.0,0,0,21.32
2026-03-29,UPI,Hyderabad,7,29134.13,0,0.0,0.0,0,0,40.84
2026-03-29,UPI,Jaipur,3,478156.55,1,471548.15,33.333,0,1,45.9
2026-03-29,UPI,Kochi,10,21235.39,0,0.0,0.0,0,0,24.29
2026-03-29,UPI,Kolkata,9,31139.69,0,0.0,0.0,0,0,34.78
2026-03-29,UPI,Mumbai,7,13715.99,0,0.0,0.0,0,0,26.31
2026-03-29,UPI,Pune,4,4300.95,1,833.66,25.0,0,1,35.38
2026-03-30,ATM,Ahmedabad,3,8538.81,0,0.0,0.0,0,0,23.8
2026-03-30,ATM,Bengaluru,4,32608.66,0,0.0,0.0,0,0,32.8
2026-03-30,ATM,Chennai,2,1626.9,0,0.0,0.0,0,0,38.7
2026-03-30,ATM,Delhi,4,3630.03,0,0.0,0.0,0,0,27.12
2026-03-30,ATM,Hyderabad,5,21062.46,0,0.0,0.0,0,0,31.16
2026-03-30,ATM,Jaipur,4,520370.8,1,515484.72,25.0,0,1,38.15
2026-03-30,ATM,Kochi,4,8410.1,0,0.0,0.0,0,0,32.55
2026-03-30,ATM,Mumbai,2,940.91,0,0.0,0.0,0,0,19.85
2026-03-30,ATM,Pune,3,1837.21,0,0.0,0.0,0,0,19.57
2026-03-30,Branch,Ahmedabad,1,1657.63,0,0.0,0.0,0,0,16.2
2026-03-30,Branch,Bengaluru,1,10341.13,0,0.0,0.0,0,0,28.1
2026-03-30,Branch,Delhi,1,612.99,0,0.0,0.0,0,0,39.6
2026-03-30,Branch,Hyderabad,1,517.7,0,0.0,0.0,0,0,10.9
2026-03-30,Branch,Jaipur,1,2771.64,0,0.0,0.0,0,0,9.4
2026-03-30,Branch,Kolkata,1,1433.63,0,0.0,0.0,0,0,22.1
2026-03-30,Branch,Pune,1,1332.22,0,0.0,0.0,0,0,32.0
2026-03-30,IMPS,Ahmedabad,3,13319.07,0,0.0,0.0,0,0,23.23
2026-03-30,IMPS,Bengaluru,2,2331.21,0,0.0,0.0,0,0,20.25
2026-03-30,IMPS,Chennai,2,10688.15,0,0.0,0.0,0,0,32.3
2026-03-30,IMPS,Delhi,1,1318.42,0,0.0,0.0,0,0,21.3
2026-03-30,IMPS,Hyderabad,3,1591.28,0,0.0,0.0,0,0,27.93
2026-03-30,IMPS,Jaipur,3,4752.05,0,0.0,0.0,0,0,18.33
2026-03-30,IMPS,Kochi,1,1401.48,0,0.0,0.0,0,0,37.3
2026-03-30,IMPS,Kolkata,1,2593.35,0,0.0,0.0,0,0,22.7
2026-03-30,IMPS,Mumbai,1,8454.11,0,0.0,0.0,0,0,44.6
2026-03-30,IMPS,Pune,5,5359.02,0,0.0,0.0,0,0,21.62
2026-03-30,Internet Banking,Ahmedabad,3,8305.47,1,671.91,33.333,0,1,41.3
2026-03-30,Internet Banking,Chennai,4,21595.1,0,0.0,0.0,0,1,49.0
2026-03-30,Internet Banking,Delhi,3,5293.35,0,0.0,0.0,0,0,28.3
2026-03-30,Internet Banking,Hyderabad,4,308692.86,1,300030.71,25.0,0,0,34.42
2026-03-30,Internet Banking,Jaipur,6,15472.1,0,0.0,0.0,0,0,29.15
2026-03-30,Internet Banking,Kochi,5,17823.5,0,0.0,0.0,0,0,33.86
2026-03-30,Internet Banking,Kolkata,7,294412.03,1,287696.05,14.286,1,0,27.67
2026-03-30,Internet Banking,Mumbai,2,598.49,0,0.0,0.0,0,0,29.8
2026-03-30,Internet Banking,Pune,6,20073.48,0,0.0,0.0,0,0,26.5
2026-03-30,Mobile Banking,Ahmedabad,4,9455.94,0,0.0,0.0,0,0,43.3
2026-03-30,Mobile Banking,Bengaluru,3,12621.31,0,0.0,0.0,0,0,44.03
2026-03-30,Mobile Banking,Chennai,7,28155.39,0,0.0,0.0,0,0,31.24
2026-03-30,Mobile Banking,Delhi,6,15689.14,0,0.0,0.0,0,0,36.68
2026-03-30,Mobile Banking,Hyderabad,9,29371.34,0,0.0,0.0,0,0,29.23
2026-03-30,Mobile Banking,Jaipur,2,1585.73,0,0.0,0.0,0,0,30.8
2026-03-30,Mobile Banking,Kochi,10,23181.19,0,0.0,0.0,0,0,26.29
2026-03-30,Mobile Banking,Kolkata,3,10044.31,0,0.0,0.0,0,0,42.07
2026-03-30,Mobile Banking,Mumbai,2,3220.97,0,0.0,0.0,0,0,33.1
2026-03-30,Mobile Banking,Pune,5,15898.74,0,0.0,0.0,0,0,31.38
2026-03-30,NEFT,Ahmedabad,2,1325.95,0,0.0,0.0,0,0,18.85
2026-03-30,NEFT,Bengaluru,3,6728.46,0,0.0,0.0,0,0,35.2
2026-03-30,NEFT,Chennai,2,16189.48,0,0.0,0.0,0,0,26.95
2026-03-30,NEFT,Delhi,1,1202.9,0,0.0,0.0,0,0,23.8
2026-03-30,NEFT,Hyderabad,1,3207.56,0,0.0,0.0,0,0,25.1
2026-03-30,NEFT,Jaipur,2,2326.71,0,0.0,0.0,0,0,42.15
2026-03-30,NEFT,Kochi,3,5712.32,0,0.0,0.0,0,0,18.0
2026-03-30,NEFT,Mumbai,3,4885.48,0,0.0,0.0,0,0,23.1
2026-03-30,POS,Ahmedabad,4,11092.37,0,0.0,0.0,0,0,26.85
2026-03-30,POS,Bengaluru,4,6993.67,0,0.0,0.0,0,0,30.48
2026-03-30,POS,Chennai,4,4296.33,0,0.0,0.0,0,0,17.47
2026-03-30,POS,Delhi,2,4722.96,0,0.0,0.0,0,0,37.65
2026-03-30,POS,Hyderabad,7,23508.27,0,0.0,0.0,0,0,32.14
2026-03-30,POS,Jaipur,3,8533.68,0,0.0,0.0,0,0,21.3
2026-03-30,POS,Kochi,2,2520.03,0,0.0,0.0,0,0,39.65
2026-03-30,POS,Kolkata,3,23878.23,0,0.0,0.0,0,0,21.93
2026-03-30,POS,Mumbai,5,5457.25,0,0.0,0.0,0,0,26.06
2026-03-30,POS,Pune,4,10562.92,0,0.0,0.0,0,0,32.27
2026-03-30,RTGS,Ahmedabad,3,2202494.67,0,0.0,0.0,0,0,46.53
2026-03-30,RTGS,Bengaluru,1,202829.82,0,0.0,0.0,0,0,34.5
2026-03-30,RTGS,Chennai,1,1179303.81,0,0.0,0.0,0,1,73.5
2026-03-30,RTGS,Delhi,1,1120679.48,0,0.0,0.0,0,0,30.3
2026-03-30,RTGS,Hyderabad,2,1707261.51,0,0.0,0.0,0,1,57.35
2026-03-30,RTGS,Jaipur,2,949647.63,0,0.0,0.0,0,0,45.2
2026-03-30,RTGS,Kochi,1,745913.98,0,0.0,0.0,0,0,25.8
2026-03-30,RTGS,Kolkata,2,1379552.86,0,0.0,0.0,0,0,37.85
2026-03-30,RTGS,Mumbai,1,680794.19,0,0.0,0.0,0,0,32.2
2026-03-30,UPI,Ahmedabad,7,14382.51,0,0.0,0.0,0,0,29.11
2026-03-30,UPI,Bengaluru,6,11965.72,0,0.0,0.0,0,0,24.43
2026-03-30,UPI,Chennai,5,7647.01,0,0.0,0.0,0,0,24.36
2026-03-30,UPI,Delhi,12,26252.82,0,0.0,0.0,0,0,27.74
2026-03-30,UPI,Hyderabad,10,27133.03,0,0.0,0.0,0,0,27.16
2026-03-30,UPI,Jaipur,4,2968.9,1,850.11,25.0,0,1,36.02
2026-03-30,UPI,Kochi,6,24999.31,0,0.0,0.0,0,0,38.7
2026-03-30,UPI,Kolkata,7,17373.95,0,0.0,0.0,0,0,25.16
2026-03-30,UPI,Mumbai,7,34908.09,0,0.0,0.0,0,1,41.99
2026-03-30,UPI,Pune,3,4929.07,0,0.0,0.0,0,0,25.03
2026-03-31,ATM,Ahmedabad,1,2869.41,0,0.0,0.0,0,0,38.8
2026-03-31,ATM,Bengaluru,3,10156.16,0,0.0,0.0,0,0,26.5
2026-03-31,ATM,Chennai,3,16471.0,1,11253.46,33.333,1,0,52.57
2026-03-31,ATM,Delhi,3,5803.95,0,0.0,0.0,0,0,34.7
2026-03-31,ATM,Hyderabad,3,7676.61,0,0.0,0.0,0,0,35.27
2026-03-31,ATM,Jaipur,2,2981.29,0,0.0,0.0,0,0,30.95
2026-03-31,ATM,Kochi,4,7686.23,0,0.0,0.0,0,0,31.45
2026-03-31,ATM,Kolkata,1,1872.73,0,0.0,0.0,0,0,53.1
2026-03-31,ATM,Mumbai,3,2793.5,0,0.0,0.0,0,0,22.57
2026-03-31,ATM,Pune,2,1274.93,0,0.0,0.0,0,0,32.35
2026-03-31,Branch,Ahmedabad,3,3061.99,0,0.0,0.0,0,0,30.73
2026-03-31,Branch,Delhi,1,1991.71,0,0.0,0.0,0,0,17.0
2026-03-31,Branch,Jaipur,1,1848.15,0,0.0,0.0,0,0,39.4
2026-03-31,Branch,Mumbai,1,5412.54,0,0.0,0.0,0,0,40.9
2026-03-31,IMPS,Ahmedabad,4,4681.38,0,0.0,0.0,0,0,24.0
2026-03-31,IMPS,Bengaluru,2,1440.71,0,0.0,0.0,0,0,8.0
2026-03-31,IMPS,Chennai,4,9244.61,0,0.0,0.0,0,0,26.38
2026-03-31,IMPS,Delhi,2,8984.98,0,0.0,0.0,0,1,49.9
2026-03-31,IMPS,Hyderabad,4,5986.45,0,0.0,0.0,0,0,33.7
2026-03-31,IMPS,Jaipur,1,2537.41,0,0.0,0.0,0,0,48.4
2026-03-31,IMPS,Kochi,2,5534.08,0,0.0,0.0,0,0,24.65
2026-03-31,IMPS,Kolkata,2,2044.41,0,0.0,0.0,0,0,28.75
2026-03-31,IMPS,Mumbai,3,6020.89,0,0.0,0.0,0,0,26.97
2026-03-31,IMPS,Pune,3,10917.28,0,0.0,0.0,0,0,43.43
2026-03-31,Internet Banking,Ahmedabad,5,9327.89,0,0.0,0.0,0,0,26.02
2026-03-31,Internet Banking,Bengaluru,5,6706.59,0,0.0,0.0,0,1,33.92
2026-03-31,Internet Banking,Chennai,2,3307.57,0,0.0,0.0,0,0,28.45
2026-03-31,Internet Banking,Delhi,1,1011.93,0,0.0,0.0,0,0,19.8
2026-03-31,Internet Banking,Hyderabad,2,7164.05,0,0.0,0.0,0,0,35.8
2026-03-31,Internet Banking,Jaipur,2,1673.42,0,0.0,0.0,0,0,37.7
2026-03-31,Internet Banking,Kochi,1,2606.65,0,0.0,0.0,0,0,7.3
2026-03-31,Internet Banking,Kolkata,4,10203.59,0,0.0,0.0,0,0,24.85
2026-03-31,Internet Banking,Mumbai,5,7938.57,0,0.0,0.0,0,0,36.6
2026-03-31,Internet Banking,Pune,2,1759.64,0,0.0,0.0,0,0,11.7
2026-03-31,Mobile Banking,Ahmedabad,2,1243.99,1,806.45,50.0,0,1,52.85
2026-03-31,Mobile Banking,Bengaluru,3,6807.54,0,0.0,0.0,0,0,28.67
2026-03-31,Mobile Banking,Chennai,2,2165.1,0,0.0,0.0,0,1,50.45
2026-03-31,Mobile Banking,Delhi,4,25103.6,0,0.0,0.0,0,0,31.5
2026-03-31,Mobile Banking,Hyderabad,4,22465.67,0,0.0,0.0,0,0,33.62
2026-03-31,Mobile Banking,Jaipur,4,10450.57,0,0.0,0.0,0,0,29.68
2026-03-31,Mobile Banking,Kochi,3,3412.35,0,0.0,0.0,0,0,24.03
2026-03-31,Mobile Banking,Kolkata,2,2259.49,0,0.0,0.0,0,1,39.5
2026-03-31,Mobile Banking,Mumbai,4,22683.28,0,0.0,0.0,0,0,25.57
2026-03-31,Mobile Banking,Pune,7,21050.81,0,0.0,0.0,0,0,23.79
2026-03-31,NEFT,Ahmedabad,5,39679.35,0,0.0,0.0,0,0,35.42
2026-03-31,NEFT,Bengaluru,1,341489.91,1,341489.91,100.0,0,0,48.0
2026-03-31,NEFT,Chennai,3,4240.12,0,0.0,0.0,0,0,21.67
2026-03-31,NEFT,Delhi,1,4147.72,0,0.0,0.0,0,0,19.5
2026-03-31,NEFT,Hyderabad,3,13545.9,0,0.0,0.0,0,0,28.2
2026-03-31,NEFT,Jaipur,2,2216.95,0,0.0,0.0,0,0,14.05
2026-03-31,NEFT,Kochi,3,4861.75,0,0.0,0.0,0,0,23.63
2026-03-31,NEFT,Kolkata,2,13412.89,0,0.0,0.0,0,0,43.8
2026-03-31,NEFT,Mumbai,1,18532.67,0,0.0,0.0,0,0,27.6
2026-03-31,NEFT,Pune,3,6019.42,0,0.0,0.0,0,0,31.03
2026-03-31,POS,Ahmedabad,3,6367.84,0,0.0,0.0,0,0,33.77
2026-03-31,POS,Bengaluru,3,4373.63,0,0.0,0.0,0,0,22.33
2026-03-31,POS,Chennai,9,26822.22,0,0.0,0.0,0,0,27.68
2026-03-31,POS,Delhi,4,14820.54,0,0.0,0.0,0,0,38.35
2026-03-31,POS,Hyderabad,4,5953.5,0,0.0,0.0,0,0,13.75
2026-03-31,POS,Jaipur,1,146.91,0,0.0,0.0,0,0,28.7
2026-03-31,POS,Kochi,6,24007.24,0,0.0,0.0,0,1,32.62
2026-03-31,POS,Kolkata,5,13429.72,0,0.0,0.0,0,0,31.56
2026-03-31,POS,Mumbai,4,15980.81,0,0.0,0.0,0,0,19.87
2026-03-31,POS,Pune,4,13156.5,0,0.0,0.0,0,0,15.18
2026-03-31,RTGS,Ahmedabad,1,1316634.45,0,0.0,0.0,0,0,31.1
2026-03-31,RTGS,Bengaluru,2,2300579.8,0,0.0,0.0,0,0,38.7
2026-03-31,RTGS,Chennai,1,258581.59,0,0.0,0.0,0,0,52.3
2026-03-31,RTGS,Delhi,2,1686603.88,0,0.0,0.0,0,0,33.05
2026-03-31,RTGS,Hyderabad,1,1438987.55,0,0.0,0.0,0,0,52.7
2026-03-31,RTGS,Jaipur,2,2561686.03,0,0.0,0.0,0,0,33.5
2026-03-31,RTGS,Kochi,1,1011495.67,0,0.0,0.0,0,0,26.1
2026-03-31,RTGS,Mumbai,3,3203480.25,0,0.0,0.0,0,0,39.5
2026-03-31,RTGS,Pune,1,250076.46,0,0.0,0.0,0,0,27.6
2026-03-31,UPI,Ahmedabad,5,10219.63,0,0.0,0.0,0,0,27.28
2026-03-31,UPI,Bengaluru,9,30714.52,0,0.0,0.0,0,0,35.94
2026-03-31,UPI,Chennai,10,18550.48,1,67.48,10.0,0,0,26.63
2026-03-31,UPI,Delhi,6,12010.11,0,0.0,0.0,0,0,21.78
2026-03-31,UPI,Hyderabad,3,9897.38,0,0.0,0.0,0,0,38.17
2026-03-31,UPI,Jaipur,4,8008.0,0,0.0,0.0,0,0,26.57
2026-03-31,UPI,Kochi,4,8292.95,0,0.0,0.0,0,0,27.62
2026-03-31,UPI,Kolkata,4,76292.62,1,71073.93,25.0,0,0,34.62
2026-03-31,UPI,Mumbai,6,46597.56,2,38676.49,33.333,0,0,39.67
2026-03-31,UPI,Pune,5,13765.21,0,0.0,0.0,0,0,35.02
2026-04-01,ATM,Ahmedabad,1,2139.47,0,0.0,0.0,0,0,21.9
2026-04-01,ATM,Bengaluru,3,3006.94,0,0.0,0.0,0,0,18.67
2026-04-01,ATM,Chennai,1,68100.71,0,0.0,0.0,0,0,37.0
2026-04-01,ATM,Delhi,4,10341.97,0,0.0,0.0,0,0,31.55
2026-04-01,ATM,Hyderabad,4,6487.55,0,0.0,0.0,0,0,21.3
2026-04-01,ATM,Jaipur,2,2501.73,0,0.0,0.0,0,1,42.95
2026-04-01,ATM,Kochi,6,13929.7,0,0.0,0.0,0,0,25.03
2026-04-01,ATM,Kolkata,1,1841.88,0,0.0,0.0,0,0,28.3
2026-04-01,ATM,Mumbai,5,8633.94,0,0.0,0.0,0,0,31.98
2026-04-01,ATM,Pune,3,21953.87,0,0.0,0.0,0,0,26.1
2026-04-01,Branch,Ahmedabad,2,10678.69,0,0.0,0.0,0,0,33.6
2026-04-01,Branch,Bengaluru,1,1416.7,0,0.0,0.0,0,0,34.4
2026-04-01,Branch,Chennai,1,1776.61,0,0.0,0.0,0,0,18.8
2026-04-01,Branch,Delhi,1,1077.93,0,0.0,0.0,0,0,13.3
2026-04-01,Branch,Jaipur,1,451.53,0,0.0,0.0,0,0,34.6
2026-04-01,Branch,Pune,2,4687.03,0,0.0,0.0,0,0,31.95
2026-04-01,IMPS,Ahmedabad,2,7502.02,0,0.0,0.0,0,0,28.55
2026-04-01,IMPS,Bengaluru,1,7332.95,0,0.0,0.0,0,0,29.1
2026-04-01,IMPS,Chennai,2,7517.35,0,0.0,0.0,0,0,21.0
2026-04-01,IMPS,Delhi,4,11775.91,0,0.0,0.0,0,0,21.6
2026-04-01,IMPS,Hyderabad,1,727.49,0,0.0,0.0,0,0,55.1
2026-04-01,IMPS,Jaipur,5,5230.0,0,0.0,0.0,0,0,18.74
2026-04-01,IMPS,Kochi,2,8976.78,0,0.0,0.0,0,0,29.35
2026-04-01,IMPS,Kolkata,2,8978.54,0,0.0,0.0,0,0,25.95
2026-04-01,IMPS,Mumbai,1,757.89,0,0.0,0.0,0,0,34.6
2026-04-01,IMPS,Pune,4,15679.42,0,0.0,0.0,0,1,37.95
2026-04-01,Internet Banking,Ahmedabad,2,4012.45,0,0.0,0.0,0,0,26.35
2026-04-01,Internet Banking,Bengaluru,1,1863.35,0,0.0,0.0,0,0,12.2
2026-04-01,Internet Banking,Chennai,3,7612.01,0,0.0,0.0,0,0,35.27
2026-04-01,Internet Banking,Delhi,4,8542.22,0,0.0,0.0,0,0,28.9
2026-04-01,Internet Banking,Hyderabad,5,14480.66,0,0.0,0.0,0,0,28.68
2026-04-01,Internet Banking,Jaipur,2,3731.7,0,0.0,0.0,0,0,22.3
2026-04-01,Internet Banking,Kochi,2,5285.57,0,0.0,0.0,0,0,30.4
2026-04-01,Internet Banking,Kolkata,5,17410.4,0,0.0,0.0,0,0,31.84
2026-04-01,Internet Banking,Pune,4,5890.73,0,0.0,0.0,0,0,33.22
2026-04-01,Mobile Banking,Ahmedabad,6,16380.24,0,0.0,0.0,0,0,27.15
2026-04-01,Mobile Banking,Bengaluru,8,12573.25,0,0.0,0.0,0,0,30.46
2026-04-01,Mobile Banking,Chennai,3,11239.76,0,0.0,0.0,0,0,28.97
2026-04-01,Mobile Banking,Delhi,5,7827.76,0,0.0,0.0,0,0,36.58
2026-04-01,Mobile Banking,Hyderabad,4,2777.65,2,1471.04,50.0,1,0,40.92
2026-04-01,Mobile Banking,Jaipur,7,38864.55,0,0.0,0.0,0,0,33.34
2026-04-01,Mobile Banking,Kochi,6,99958.69,1,80616.55,16.667,0,0,44.28
2026-04-01,Mobile Banking,Kolkata,6,13816.06,0,0.0,0.0,0,0,30.3
2026-04-01,Mobile Banking,Mumbai,6,21307.58,0,0.0,0.0,0,1,48.28
2026-04-01,Mobile Banking,Pune,7,18346.46,0,0.0,0.0,0,0,30.09
2026-04-01,NEFT,Ahmedabad,4,14402.14,0,0.0,0.0,0,0,23.68
2026-04-01,NEFT,Chennai,2,2572.75,0,0.0,0.0,0,0,17.8
2026-04-01,NEFT,Delhi,2,5068.19,0,0.0,0.0,0,0,38.2
2026-04-01,NEFT,Hyderabad,1,18258.8,0,0.0,0.0,0,1,76.4
2026-04-01,NEFT,Jaipur,4,3775.06,0,0.0,0.0,0,0,29.3
2026-04-01,NEFT,Kochi,4,52909.34,0,0.0,0.0,0,0,40.95
2026-04-01,NEFT,Kolkata,4,10262.69,0,0.0,0.0,0,0,38.1
2026-04-01,NEFT,Mumbai,1,322.25,0,0.0,0.0,0,0,8.6
2026-04-01,NEFT,Pune,3,8684.85,1,4364.67,33.333,0,0,48.03
2026-04-01,POS,Ahmedabad,5,129189.81,1,116421.71,20.0,0,0,40.7
2026-04-01,POS,Bengaluru,6,10241.19,0,0.0,0.0,0,1,36.47
2026-04-01,POS,Chennai,3,2670.09,0,0.0,0.0,0,0,28.57
2026-04-01,POS,Delhi,5,11755.61,0,0.0,0.0,0,0,28.82
2026-04-01,POS,Hyderabad,2,3357.33,0,0.0,0.0,0,0,41.3
2026-04-01,POS,Jaipur,7,10307.42,0,0.0,0.0,0,0,24.57
2026-04-01,POS,Kochi,7,36876.41,0,0.0,0.0,0,0,29.14
2026-04-01,POS,Kolkata,2,6068.69,0,0.0,0.0,0,0,34.8
2026-04-01,POS,Mumbai,7,17971.03,0,0.0,0.0,0,0,29.2
2026-04-01,POS,Pune,7,17822.38,0,0.0,0.0,0,0,32.76
2026-04-01,RTGS,Ahmedabad,4,2936171.13,0,0.0,0.0,0,0,43.22
2026-04-01,RTGS,Bengaluru,2,1651210.48,0,0.0,0.0,0,0,35.35
2026-04-01,RTGS,Chennai,2,682001.84,0,0.0,0.0,0,1,50.45
2026-04-01,RTGS,Delhi,2,786924.25,0,0.0,0.0,0,0,42.85
2026-04-01,RTGS,Kochi,1,897092.13,0,0.0,0.0,0,0,52.4
2026-04-01,RTGS,Kolkata,1,1022961.69,0,0.0,0.0,0,0,34.1
2026-04-01,RTGS,Pune,1,963619.78,0,0.0,0.0,0,0,40.1
2026-04-01,UPI,Ahmedabad,5,7992.86,0,0.0,0.0,0,0,21.5
2026-04-01,UPI,Bengaluru,3,4434.49,0,0.0,0.0,0,0,32.6
2026-04-01,UPI,Chennai,5,15077.06,0,0.0,0.0,0,0,32.98
2026-04-01,UPI,Delhi,6,20492.62,0,0.0,0.0,0,0,29.58
2026-04-01,UPI,Hyderabad,8,589786.75,2,582848.45,25.0,0,0,35.67
2026-04-01,UPI,Jaipur,6,20424.59,0,0.0,0.0,0,0,31.5
2026-04-01,UPI,Kochi,4,7109.97,0,0.0,0.0,0,0,25.52
2026-04-01,UPI,Kolkata,6,11463.42,0,0.0,0.0,0,0,30.57
2026-04-01,UPI,Mumbai,11,29186.19,0,0.0,0.0,0,0,24.15
2026-04-01,UPI,Pune,10,55480.73,0,0.0,0.0,0,1,29.37
2026-04-02,ATM,Ahmedabad,3,11298.1,0,0.0,0.0,0,0,34.3
2026-04-02,ATM,Bengaluru,2,8756.1,0,0.0,0.0,0,0,33.85
2026-04-02,ATM,Chennai,4,8284.62,0,0.0,0.0,0,0,33.92
2026-04-02,ATM,Delhi,6,17258.92,0,0.0,0.0,0,0,28.08
2026-04-02,ATM,Hyderabad,3,8640.83,0,0.0,0.0,0,0,15.83
2026-04-02,ATM,Kochi,2,3449.97,0,0.0,0.0,0,0,16.7
2026-04-02,ATM,Kolkata,1,1201.94,0,0.0,0.0,0,0,12.9
2026-04-02,ATM,Mumbai,4,9329.36,0,0.0,0.0,0,0,23.57
2026-04-02,ATM,Pune,3,4803.28,0,0.0,0.0,0,0,24.63
2026-04-02,Branch,Bengaluru,2,2440.93,0,0.0,0.0,0,0,21.05
2026-04-02,Branch,Hyderabad,2,3118.88,0,0.0,0.0,0,0,33.7
2026-04-02,Branch,Kochi,3,1023.29,0,0.0,0.0,0,0,18.0
2026-04-02,Branch,Kolkata,1,982.34,0,0.0,0.0,0,0,31.7
2026-04-02,Branch,Mumbai,1,1146.97,0,0.0,0.0,0,0,32.8
2026-04-02,Branch,Pune,1,2482.6,0,0.0,0.0,0,0,58.8
2026-04-02,IMPS,Ahmedabad,1,691.12,0,0.0,0.0,0,0,14.2
2026-04-02,IMPS,Bengaluru,1,2095.54,0,0.0,0.0,0,0,15.7
2026-04-02,IMPS,Chennai,2,4980.84,0,0.0,0.0,0,0,29.2
2026-04-02,IMPS,Delhi,2,4597.36,0,0.0,0.0,0,0,31.15
2026-04-02,IMPS,Hyderabad,2,2562.78,0,0.0,0.0,0,0,43.15
2026-04-02,IMPS,Kochi,2,1060.19,0,0.0,0.0,0,0,16.9
2026-04-02,IMPS,Kolkata,1,2783.84,0,0.0,0.0,0,0,30.7
2026-04-02,IMPS,Mumbai,3,1467.97,0,0.0,0.0,0,0,15.8
2026-04-02,IMPS,Pune,4,8822.75,1,1814.49,25.0,0,1,37.35
2026-04-02,Internet Banking,Ahmedabad,4,21242.9,0,0.0,0.0,0,0,26.6
2026-04-02,Internet Banking,Bengaluru,2,34493.48,1,30918.51,50.0,0,1,43.95
2026-04-02,Internet Banking,Chennai,5,16695.0,0,0.0,0.0,0,0,35.28
2026-04-02,Internet Banking,Hyderabad,6,12348.57,0,0.0,0.0,0,0,25.7
2026-04-02,Internet Banking,Jaipur,3,1343.5,0,0.0,0.0,0,0,40.43
2026-04-02,Internet Banking,Kolkata,3,216939.56,1,207011.22,33.333,1,0,66.17
2026-04-02,Internet Banking,Mumbai,2,22726.37,0,0.0,0.0,0,0,40.1
2026-04-02,Internet Banking,Pune,2,9254.74,0,0.0,0.0,0,0,25.45
2026-04-02,Mobile Banking,Ahmedabad,5,7580.5,0,0.0,0.0,0,0,20.72
2026-04-02,Mobile Banking,Bengaluru,3,3045.01,0,0.0,0.0,0,0,25.03
2026-04-02,Mobile Banking,Chennai,8,17066.42,0,0.0,0.0,0,0,27.35
2026-04-02,Mobile Banking,Delhi,4,3710.01,0,0.0,0.0,0,0,24.02
2026-04-02,Mobile Banking,Hyderabad,7,34086.24,1,7364.22,14.286,0,1,40.29
2026-04-02,Mobile Banking,Jaipur,2,7131.41,0,0.0,0.0,0,0,20.35
2026-04-02,Mobile Banking,Kochi,7,42849.36,0,0.0,0.0,0,0,29.93
2026-04-02,Mobile Banking,Kolkata,4,21920.78,0,0.0,0.0,0,0,38.9
2026-04-02,Mobile Banking,Mumbai,3,12600.48,0,0.0,0.0,0,0,25.43
2026-04-02,Mobile Banking,Pune,5,8296.18,0,0.0,0.0,0,0,25.84
2026-04-02,NEFT,Ahmedabad,2,250902.1,1,249769.67,50.0,1,0,49.75
2026-04-02,NEFT,Bengaluru,2,2749.29,0,0.0,0.0,0,0,26.55
2026-04-02,NEFT,Chennai,5,18972.38,0,0.0,0.0,0,1,44.12
2026-04-02,NEFT,Delhi,1,552.7,0,0.0,0.0,0,0,14.7
2026-04-02,NEFT,Hyderabad,2,15375.86,0,0.0,0.0,0,0,23.0
2026-04-02,NEFT,Kochi,4,15951.56,0,0.0,0.0,0,0,45.7
2026-04-02,NEFT,Kolkata,3,4746.92,0,0.0,0.0,0,0,21.63
2026-04-02,NEFT,Mumbai,4,6808.67,0,0.0,0.0,0,0,24.15
2026-04-02,NEFT,Pune,1,3400.18,0,0.0,0.0,0,0,11.9
2026-04-02,POS,Ahmedabad,2,14634.08,0,0.0,0.0,0,0,23.25
2026-04-02,POS,Bengaluru,5,25746.3,0,0.0,0.0,0,0,31.72
2026-04-02,POS,Chennai,1,18741.15,0,0.0,0.0,0,0,54.8
2026-04-02,POS,Delhi,2,3375.03,0,0.0,0.0,0,0,24.3
2026-04-02,POS,Hyderabad,1,580.17,0,0.0,0.0,0,0,46.4
2026-04-02,POS,Jaipur,4,5547.44,0,0.0,0.0,0,0,26.65
2026-04-02,POS,Kochi,7,14253.59,0,0.0,0.0,0,0,20.19
2026-04-02,POS,Kolkata,1,1849.01,0,0.0,0.0,0,0,7.7
2026-04-02,POS,Mumbai,6,6139.12,0,0.0,0.0,0,0,21.0
2026-04-02,POS,Pune,1,7999.82,0,0.0,0.0,0,0,33.3
2026-04-02,RTGS,Ahmedabad,1,397818.43,0,0.0,0.0,0,0,35.6
2026-04-02,RTGS,Chennai,1,1236183.2,0,0.0,0.0,0,0,30.5
2026-04-02,RTGS,Delhi,2,1670121.81,0,0.0,0.0,0,0,35.7
2026-04-02,RTGS,Hyderabad,3,1511863.5,0,0.0,0.0,0,0,37.4
2026-04-02,RTGS,Jaipur,1,1205332.71,0,0.0,0.0,0,0,46.7
2026-04-02,RTGS,Kochi,1,938773.34,0,0.0,0.0,0,0,32.1
2026-04-02,RTGS,Pune,2,2052629.88,0,0.0,0.0,0,0,29.6
2026-04-02,UPI,Ahmedabad,10,17292.62,0,0.0,0.0,0,0,25.9
2026-04-02,UPI,Bengaluru,13,22769.54,0,0.0,0.0,0,0,29.62
2026-04-02,UPI,Chennai,9,36673.23,0,0.0,0.0,0,0,27.38
2026-04-02,UPI,Delhi,8,17985.55,0,0.0,0.0,0,0,30.06
2026-04-02,UPI,Hyderabad,6,10066.5,0,0.0,0.0,0,0,32.27
2026-04-02,UPI,Jaipur,5,142172.58,1,133262.14,20.0,0,0,38.04
2026-04-02,UPI,Kochi,3,10105.59,0,0.0,0.0,0,0,40.23
2026-04-02,UPI,Kolkata,6,15914.84,0,0.0,0.0,0,0,28.92
2026-04-02,UPI,Mumbai,4,24200.83,0,0.0,0.0,0,0,26.68
2026-04-02,UPI,Pune,11,106618.17,1,88867.05,9.091,1,0,30.73
2026-04-03,ATM,Ahmedabad,3,9524.2,0,0.0,0.0,0,0,27.03
2026-04-03,ATM,Bengaluru,5,5174.39,0,0.0,0.0,0,0,39.16
2026-04-03,ATM,Chennai,1,2542.45,0,0.0,0.0,0,0,12.5
2026-04-03,ATM,Delhi,1,1065.81,0,0.0,0.0,0,0,28.9
2026-04-03,ATM,Hyderabad,2,1147.83,0,0.0,0.0,0,0,16.45
2026-04-03,ATM,Jaipur,6,8226.17,0,0.0,0.0,0,0,18.85
2026-04-03,ATM,Kochi,3,2189.47,0,0.0,0.0,0,0,24.5
2026-04-03,ATM,Kolkata,5,15483.08,0,0.0,0.0,0,0,30.42
2026-04-03,ATM,Mumbai,4,2414.66,0,0.0,0.0,0,0,22.9
2026-04-03,Branch,Bengaluru,1,1532.5,0,0.0,0.0,0,0,12.6
2026-04-03,Branch,Chennai,1,2187.89,0,0.0,0.0,0,0,5.7
2026-04-03,Branch,Jaipur,1,884.84,0,0.0,0.0,0,0,12.5
2026-04-03,IMPS,Chennai,4,8189.89,0,0.0,0.0,0,0,24.1
2026-04-03,IMPS,Delhi,1,2367.58,0,0.0,0.0,0,0,32.4
2026-04-03,IMPS,Hyderabad,1,2954.95,0,0.0,0.0,0,0,5.0
2026-04-03,IMPS,Jaipur,3,10378.91,0,0.0,0.0,0,0,40.37
2026-04-03,IMPS,Kochi,2,7930.73,1,2473.33,50.0,0,1,50.2
2026-04-03,IMPS,Kolkata,1,1572.57,0,0.0,0.0,0,0,14.9
2026-04-03,IMPS,Mumbai,3,2341.45,0,0.0,0.0,0,0,22.47
2026-04-03,IMPS,Pune,3,6329.64,0,0.0,0.0,0,0,18.67
2026-04-03,Internet Banking,Ahmedabad,3,7603.6,0,0.0,0.0,0,0,27.27
2026-04-03,Internet Banking,Bengaluru,7,27909.38,1,271.83,14.286,0,1,42.27
2026-04-03,Internet Banking,Chennai,3,7335.97,0,0.0,0.0,0,0,28.77
2026-04-03,Internet Banking,Delhi,5,20271.2,0,0.0,0.0,0,0,35.2
2026-04-03,Internet Banking,Hyderabad,5,20613.6,0,0.0,0.0,0,0,35.92
2026-04-03,Internet Banking,Jaipur,2,6833.48,0,0.0,0.0,0,0,27.2
2026-04-03,Internet Banking,Kochi,2,20278.74,0,0.0,0.0,0,0,42.15
2026-04-03,Internet Banking,Kolkata,4,8675.78,0,0.0,0.0,0,0,29.12
2026-04-03,Internet Banking,Pune,4,3356.65,0,0.0,0.0,0,0,27.15
2026-04-03,Mobile Banking,Ahmedabad,9,419038.45,1,385505.69,11.111,0,0,31.33
2026-04-03,Mobile Banking,Bengaluru,5,8713.6,0,0.0,0.0,0,0,21.28
2026-04-03,Mobile Banking,Chennai,6,13008.09,1,2154.3,16.667,1,0,49.12
2026-04-03,Mobile Banking,Delhi,2,3987.07,0,0.0,0.0,0,0,21.25
2026-04-03,Mobile Banking,Hyderabad,7,15906.92,0,0.0,0.0,0,0,24.86
2026-04-03,Mobile Banking,Jaipur,3,6493.72,0,0.0,0.0,0,0,23.47
2026-04-03,Mobile Banking,Kochi,8,10253.97,0,0.0,0.0,0,0,32.88
2026-04-03,Mobile Banking,Kolkata,5,15344.37,0,0.0,0.0,0,0,20.18
2026-04-03,Mobile Banking,Mumbai,4,8156.45,0,0.0,0.0,0,0,20.58
2026-04-03,Mobile Banking,Pune,5,13822.53,0,0.0,0.0,0,0,29.24
2026-04-03,NEFT,Ahmedabad,3,7915.81,0,0.0,0.0,0,0,31.87
2026-04-03,NEFT,Bengaluru,3,11160.71,0,0.0,0.0,0,0,37.53
2026-04-03,NEFT,Chennai,4,11297.57,0,0.0,0.0,0,0,30.38
2026-04-03,NEFT,Delhi,2,2496.89,0,0.0,0.0,0,0,19.55
2026-04-03,NEFT,Hyderabad,2,7870.57,0,0.0,0.0,0,0,19.65
2026-04-03,NEFT,Jaipur,3,3648.26,0,0.0,0.0,0,0,13.73
2026-04-03,NEFT,Kochi,2,2717.4,0,0.0,0.0,0,0,17.15
2026-04-03,NEFT,Kolkata,2,9691.35,0,0.0,0.0,0,0,44.3
2026-04-03,NEFT,Mumbai,3,11211.12,0,0.0,0.0,0,0,42.07
2026-04-03,NEFT,Pune,2,1909.49,0,0.0,0.0,0,0,37.1
2026-04-03,POS,Ahmedabad,3,4449.68,0,0.0,0.0,0,0,28.4
2026-04-03,POS,Bengaluru,2,5338.28,0,0.0,0.0,0,0,37.55
2026-04-03,POS,Chennai,3,1794.53,0,0.0,0.0,0,0,41.07
2026-04-03,POS,Delhi,3,5622.39,0,0.0,0.0,0,0,21.03
2026-04-03,POS,Hyderabad,5,6195.02,0,0.0,0.0,0,0,26.92
2026-04-03,POS,Jaipur,3,15459.85,0,0.0,0.0,0,0,18.27
2026-04-03,POS,Kochi,2,9276.75,0,0.0,0.0,0,0,44.1
2026-04-03,POS,Kolkata,2,3842.0,0,0.0,0.0,0,0,19.85
2026-04-03,POS,Mumbai,6,14761.22,0,0.0,0.0,0,0,26.18
2026-04-03,POS,Pune,3,3096.86,0,0.0,0.0,0,0,10.57
2026-04-03,RTGS,Ahmedabad,1,554529.19,0,0.0,0.0,0,0,51.5
2026-04-03,RTGS,Bengaluru,2,2108168.02,0,0.0,0.0,0,0,42.25
2026-04-03,RTGS,Chennai,1,847792.45,0,0.0,0.0,0,0,25.0
2026-04-03,RTGS,Delhi,2,1703982.47,0,0.0,0.0,0,0,42.3
2026-04-03,RTGS,Hyderabad,1,385642.96,0,0.0,0.0,0,0,34.7
2026-04-03,RTGS,Kochi,2,1729546.97,0,0.0,0.0,0,0,30.4
2026-04-03,RTGS,Mumbai,3,3406235.29,0,0.0,0.0,0,0,50.4
2026-04-03,UPI,Ahmedabad,8,100429.89,0,0.0,0.0,0,0,34.42
2026-04-03,UPI,Bengaluru,4,20670.73,0,0.0,0.0,0,0,45.95
2026-04-03,UPI,Chennai,9,22986.83,0,0.0,0.0,0,0,28.67
2026-04-03,UPI,Delhi,4,4918.39,0,0.0,0.0,0,0,17.95
2026-04-03,UPI,Hyderabad,8,24825.94,0,0.0,0.0,0,0,34.49
2026-04-03,UPI,Jaipur,6,4298.88,0,0.0,0.0,0,0,16.1
2026-04-03,UPI,Kochi,4,7569.84,0,0.0,0.0,0,0,22.95
2026-04-03,UPI,Kolkata,5,15285.19,0,0.0,0.0,0,0,28.92
2026-04-03,UPI,Mumbai,6,15089.74,0,0.0,0.0,0,0,25.78
2026-04-03,UPI,Pune,7,11339.58,0,0.0,0.0,0,0,23.59
2026-04-04,ATM,Bengaluru,1,537.27,0,0.0,0.0,0,0,8.7
2026-04-04,ATM,Chennai,1,1712.03,0,0.0,0.0,0,0,21.6
2026-04-04,ATM,Delhi,5,5459.39,0,0.0,0.0,0,0,26.52
2026-04-04,ATM,Hyderabad,5,35112.48,0,0.0,0.0,0,0,39.9
2026-04-04,ATM,Jaipur,1,1748.29,0,0.0,0.0,0,0,37.9
2026-04-04,ATM,Kochi,4,10402.17,0,0.0,0.0,0,0,15.23
2026-04-04,ATM,Kolkata,2,11082.94,0,0.0,0.0,0,0,32.1
2026-04-04,ATM,Mumbai,2,1565.29,0,0.0,0.0,0,0,35.45
2026-04-04,ATM,Pune,1,3234.58,0,0.0,0.0,0,0,30.7
2026-04-04,Branch,Ahmedabad,1,4532.13,0,0.0,0.0,0,0,44.5
2026-04-04,Branch,Bengaluru,1,833.11,0,0.0,0.0,0,0,7.1
2026-04-04,Branch,Chennai,2,5704.62,0,0.0,0.0,0,0,36.65
2026-04-04,Branch,Delhi,1,5416.27,0,0.0,0.0,0,0,30.6
2026-04-04,Branch,Jaipur,1,6459.49,0,0.0,0.0,0,0,44.8
2026-04-04,Branch,Kochi,1,742.84,0,0.0,0.0,0,0,38.5
2026-04-04,IMPS,Ahmedabad,1,2203.03,0,0.0,0.0,0,0,41.5
2026-04-04,IMPS,Chennai,2,3889.01,0,0.0,0.0,0,0,32.0
2026-04-04,IMPS,Hyderabad,2,3505.02,0,0.0,0.0,0,1,45.05
2026-04-04,IMPS,Jaipur,2,6013.62,0,0.0,0.0,0,0,12.65
2026-04-04,IMPS,Kochi,1,710.08,0,0.0,0.0,0,0,7.1
2026-04-04,IMPS,Pune,2,6489.08,0,0.0,0.0,0,0,41.3
2026-04-04,Internet Banking,Ahmedabad,5,9092.45,0,0.0,0.0,0,0,33.62
2026-04-04,Internet Banking,Bengaluru,2,1112.98,0,0.0,0.0,0,0,24.8
2026-04-04,Internet Banking,Chennai,3,8642.13,0,0.0,0.0,0,0,23.1
2026-04-04,Internet Banking,Delhi,2,5598.66,0,0.0,0.0,0,0,39.15
2026-04-04,Internet Banking,Hyderabad,4,8939.44,0,0.0,0.0,0,0,31.88
2026-04-04,Internet Banking,Jaipur,6,14527.29,0,0.0,0.0,0,0,29.32
2026-04-04,Internet Banking,Kochi,4,21952.26,0,0.0,0.0,0,0,32.17
2026-04-04,Internet Banking,Kolkata,3,7481.05,0,0.0,0.0,0,0,21.0
2026-04-04,Internet Banking,Mumbai,3,12391.27,0,0.0,0.0,0,0,23.03
2026-04-04,Internet Banking,Pune,6,20757.14,0,0.0,0.0,0,0,34.4
2026-04-04,Mobile Banking,Ahmedabad,8,11987.88,0,0.0,0.0,0,0,27.94
2026-04-04,Mobile Banking,Bengaluru,5,56792.8,0,0.0,0.0,0,0,32.24
2026-04-04,Mobile Banking,Chennai,3,3703.32,0,0.0,0.0,0,0,23.83
2026-04-04,Mobile Banking,Delhi,1,2671.02,0,0.0,0.0,0,0,43.3
2026-04-04,Mobile Banking,Hyderabad,9,12306.11,0,0.0,0.0,0,0,28.23
2026-04-04,Mobile Banking,Jaipur,2,3436.37,0,0.0,0.0,0,0,52.55
2026-04-04,Mobile Banking,Kochi,10,21741.73,0,0.0,0.0,0,0,27.96
2026-04-04,Mobile Banking,Kolkata,2,1092.53,0,0.0,0.0,0,0,12.85
2026-04-04,Mobile Banking,Mumbai,7,32848.25,0,0.0,0.0,0,0,33.14
2026-04-04,Mobile Banking,Pune,4,7748.21,0,0.0,0.0,0,0,35.6
2026-04-04,NEFT,Ahmedabad,4,7072.55,0,0.0,0.0,0,0,26.12
2026-04-04,NEFT,Bengaluru,1,1605.38,0,0.0,0.0,0,0,46.2
2026-04-04,NEFT,Chennai,1,1483.87,0,0.0,0.0,0,0,36.9
2026-04-04,NEFT,Delhi,2,1722.41,0,0.0,0.0,0,0,27.55
2026-04-04,NEFT,Hyderabad,2,1526.8,0,0.0,0.0,0,0,24.55
2026-04-04,NEFT,Jaipur,3,4573.02,0,0.0,0.0,0,0,18.83
2026-04-04,NEFT,Kolkata,3,3023.87,0,0.0,0.0,0,0,33.67
2026-04-04,NEFT,Mumbai,5,44961.94,0,0.0,0.0,0,0,38.04
2026-04-04,NEFT,Pune,1,106.09,0,0.0,0.0,0,0,35.3
2026-04-04,POS,Ahmedabad,6,14605.18,0,0.0,0.0,0,0,27.45
2026-04-04,POS,Bengaluru,6,20417.17,0,0.0,0.0,0,0,19.2
2026-04-04,POS,Chennai,3,19727.11,0,0.0,0.0,0,0,37.9
2026-04-04,POS,Delhi,6,12863.33,0,0.0,0.0,0,0,35.85
2026-04-04,POS,Hyderabad,2,6296.66,0,0.0,0.0,0,0,30.95
2026-04-04,POS,Kochi,5,17908.89,0,0.0,0.0,0,0,29.42
2026-04-04,POS,Kolkata,5,18184.75,0,0.0,0.0,0,0,23.46
2026-04-04,POS,Mumbai,6,115260.71,1,103852.67,16.667,0,0,29.28
2026-04-04,POS,Pune,3,4042.65,0,0.0,0.0,0,0,44.47
2026-04-04,RTGS,Ahmedabad,1,530184.5,0,0.0,0.0,0,0,27.5
2026-04-04,RTGS,Chennai,2,2480070.14,0,0.0,0.0,0,0,36.05
2026-04-04,RTGS,Delhi,1,1465005.01,0,0.0,0.0,0,0,40.4
2026-04-04,RTGS,Hyderabad,1,648155.04,0,0.0,0.0,0,0,33.1
2026-04-04,RTGS,Kochi,2,341953.92,1,94758.42,50.0,0,0,42.25
2026-04-04,RTGS,Kolkata,4,3742461.72,0,0.0,0.0,0,0,38.5
2026-04-04,RTGS,Pune,1,582315.06,1,582315.06,100.0,0,0,48.0
2026-04-04,UPI,Ahmedabad,5,12084.12,0,0.0,0.0,0,0,26.68
2026-04-04,UPI,Bengaluru,9,26982.62,0,0.0,0.0,0,0,27.66
2026-04-04,UPI,Chennai,4,17780.29,1,1336.05,25.0,0,1,43.05
2026-04-04,UPI,Delhi,10,19365.52,0,0.0,0.0,0,0,25.94
2026-04-04,UPI,Hyderabad,6,13799.03,0,0.0,0.0,0,0,25.15
2026-04-04,UPI,Jaipur,11,628094.11,1,571304.04,9.091,0,2,41.27
2026-04-04,UPI,Kochi,10,338539.38,1,326762.55,10.0,0,0,25.38
2026-04-04,UPI,Kolkata,7,12766.08,0,0.0,0.0,0,0,20.43
2026-04-04,UPI,Mumbai,2,885.72,0,0.0,0.0,0,0,20.65
2026-04-04,UPI,Pune,12,30170.57,0,0.0,0.0,0,0,26.5
2026-04-05,ATM,Ahmedabad,2,9129.8,0,0.0,0.0,0,0,20.45
2026-04-05,ATM,Bengaluru,2,3237.92,0,0.0,0.0,0,0,44.55
2026-04-05,ATM,Chennai,4,6608.1,0,0.0,0.0,0,0,22.12
2026-04-05,ATM,Delhi,2,1764.21,0,0.0,0.0,0,0,18.85
2026-04-05,ATM,Hyderabad,4,6144.67,0,0.0,0.0,0,0,26.57
2026-04-05,ATM,Jaipur,3,14436.77,0,0.0,0.0,0,0,42.8
2026-04-05,ATM,Kochi,4,17778.48,0,0.0,0.0,0,0,30.88
2026-04-05,ATM,Kolkata,2,9321.82,0,0.0,0.0,0,0,24.95
2026-04-05,ATM,Mumbai,4,6713.27,0,0.0,0.0,0,0,31.23
2026-04-05,ATM,Pune,4,6765.21,0,0.0,0.0,0,0,24.35
2026-04-05,Branch,Ahmedabad,1,3519.82,0,0.0,0.0,0,0,10.6
2026-04-05,Branch,Bengaluru,1,8388.99,0,0.0,0.0,0,0,29.2
2026-04-05,Branch,Chennai,1,4857.9,0,0.0,0.0,0,0,38.7
2026-04-05,Branch,Delhi,2,5307.19,0,0.0,0.0,0,0,26.95
2026-04-05,Branch,Kochi,1,1218.75,0,0.0,0.0,0,0,18.7
2026-04-05,Branch,Mumbai,1,3147.98,0,0.0,0.0,0,0,60.8
2026-04-05,IMPS,Ahmedabad,1,1970.43,0,0.0,0.0,0,0,13.9
2026-04-05,IMPS,Chennai,1,3377.28,0,0.0,0.0,0,0,18.2
2026-04-05,IMPS,Delhi,2,11518.5,0,0.0,0.0,0,0,27.1
2026-04-05,IMPS,Hyderabad,5,15268.14,0,0.0,0.0,0,0,26.18
2026-04-05,IMPS,Jaipur,2,3447.63,0,0.0,0.0,0,0,20.2
2026-04-05,IMPS,Kochi,2,3070.39,0,0.0,0.0,0,0,18.2
2026-04-05,IMPS,Kolkata,1,4735.63,0,0.0,0.0,0,0,33.9
2026-04-05,IMPS,Mumbai,3,506732.89,1,491978.93,33.333,1,1,64.17
2026-04-05,IMPS,Pune,1,3333.37,0,0.0,0.0,0,0,35.4
2026-04-05,Internet Banking,Ahmedabad,3,3579.64,0,0.0,0.0,0,0,24.6
2026-04-05,Internet Banking,Bengaluru,5,6308.73,0,0.0,0.0,0,0,34.1
2026-04-05,Internet Banking,Chennai,2,7233.55,0,0.0,0.0,0,0,24.15
2026-04-05,Internet Banking,Delhi,1,1483.62,0,0.0,0.0,0,0,31.8
2026-04-05,Internet Banking,Hyderabad,2,4827.43,0,0.0,0.0,0,0,30.8
2026-04-05,Internet Banking,Jaipur,4,4871.81,0,0.0,0.0,0,0,40.6
2026-04-05,Internet Banking,Kochi,5,8253.4,0,0.0,0.0,0,0,32.04
2026-04-05,Internet Banking,Kolkata,5,2459.56,0,0.0,0.0,0,0,19.22
2026-04-05,Internet Banking,Mumbai,2,6548.85,0,0.0,0.0,0,0,32.6
2026-04-05,Internet Banking,Pune,6,14012.63,0,0.0,0.0,0,1,37.62
2026-04-05,Mobile Banking,Ahmedabad,6,19965.08,0,0.0,0.0,0,0,29.37
2026-04-05,Mobile Banking,Bengaluru,4,17441.7,0,0.0,0.0,0,0,49.45
2026-04-05,Mobile Banking,Chennai,4,14208.8,0,0.0,0.0,0,0,36.85
2026-04-05,Mobile Banking,Delhi,2,2523.3,0,0.0,0.0,0,0,32.85
2026-04-05,Mobile Banking,Hyderabad,9,27998.65,0,0.0,0.0,0,0,28.96
2026-04-05,Mobile Banking,Jaipur,2,3144.92,0,0.0,0.0,0,0,35.9
2026-04-05,Mobile Banking,Kochi,7,14047.51,0,0.0,0.0,0,0,26.76
2026-04-05,Mobile Banking,Mumbai,9,28233.99,0,0.0,0.0,0,0,27.69
2026-04-05,NEFT,Ahmedabad,2,931.75,0,0.0,0.0,0,0,26.7
2026-04-05,NEFT,Bengaluru,3,6080.37,0,0.0,0.0,0,0,20.23
2026-04-05,NEFT,Chennai,2,2857.64,0,0.0,0.0,0,0,28.85
2026-04-05,NEFT,Delhi,1,2737.77,0,0.0,0.0,0,0,15.8
2026-04-05,NEFT,Hyderabad,6,459847.08,1,446406.03,16.667,0,0,38.12
2026-04-05,NEFT,Jaipur,1,380.49,0,0.0,0.0,0,0,54.7
2026-04-05,NEFT,Kochi,2,5497.68,0,0.0,0.0,0,0,21.85
2026-04-05,NEFT,Kolkata,3,6945.7,0,0.0,0.0,0,0,32.4
2026-04-05,NEFT,Mumbai,1,2409.95,0,0.0,0.0,0,0,27.5
2026-04-05,NEFT,Pune,2,2140.22,0,0.0,0.0,0,0,16.7
2026-04-05,POS,Ahmedabad,4,5729.06,0,0.0,0.0,0,0,18.1
2026-04-05,POS,Bengaluru,2,2838.55,0,0.0,0.0,0,0,39.4
2026-04-05,POS,Chennai,8,8263.57,0,0.0,0.0,0,0,25.93
2026-04-05,POS,Hyderabad,4,9565.87,0,0.0,0.0,0,0,21.55
2026-04-05,POS,Jaipur,3,3576.16,0,0.0,0.0,0,1,40.13
2026-04-05,POS,Kochi,5,12031.2,0,0.0,0.0,0,0,28.3
2026-04-05,POS,Kolkata,3,4110.96,0,0.0,0.0,0,0,37.23
2026-04-05,POS,Mumbai,8,13027.44,0,0.0,0.0,0,0,28.64
2026-04-05,POS,Pune,9,29539.94,0,0.0,0.0,0,0,32.72
2026-04-05,RTGS,Ahmedabad,2,1112534.14,0,0.0,0.0,0,0,54.5
2026-04-05,RTGS,Bengaluru,7,6877316.08,0,0.0,0.0,0,0,36.39
2026-04-05,RTGS,Delhi,1,455299.8,1,455299.8,100.0,0,1,68.0
2026-04-05,RTGS,Hyderabad,1,268296.96,0,0.0,0.0,0,0,32.6
2026-04-05,RTGS,Jaipur,3,1939410.68,1,424575.81,33.333,1,0,64.93
2026-04-05,RTGS,Kochi,2,2297770.19,0,0.0,0.0,0,0,46.95
2026-04-05,RTGS,Kolkata,1,1129483.7,0,0.0,0.0,0,0,32.1
2026-04-05,RTGS,Mumbai,5,2426515.99,0,0.0,0.0,0,0,39.12
2026-04-05,RTGS,Pune,1,1313109.27,0,0.0,0.0,0,0,31.0
2026-04-05,UPI,Ahmedabad,2,4693.61,0,0.0,0.0,0,0,46.35
2026-04-05,UPI,Bengaluru,8,23386.07,0,0.0,0.0,0,1,40.27
2026-04-05,UPI,Chennai,3,14510.25,0,0.0,0.0,0,0,39.9
2026-04-05,UPI,Delhi,1,3322.39,0,0.0,0.0,0,0,35.0
2026-04-05,UPI,Hyderabad,6,21883.42,0,0.0,0.0,0,0,32.85
2026-04-05,UPI,Jaipur,7,17337.17,0,0.0,0.0,0,0,31.81
2026-04-05,UPI,Kochi,6,6658.13,0,0.0,0.0,0,0,19.6
2026-04-05,UPI,Kolkata,2,3512.66,0,0.0,0.0,0,0,26.8
2026-04-05,UPI,Mumbai,1,6891.03,0,0.0,0.0,0,0,52.2
2026-04-05,UPI,Pune,10,38481.08,0,0.0,0.0,0,0,27.81
2026-04-06,ATM,Ahmedabad,7,14085.63,0,0.0,0.0,0,0,24.3
2026-04-06,ATM,Bengaluru,5,20363.16,0,0.0,0.0,0,0,30.68
2026-04-06,ATM,Chennai,1,837.17,0,0.0,0.0,0,0,17.9
2026-04-06,ATM,Delhi,3,4658.11,0,0.0,0.0,0,0,31.13
2026-04-06,ATM,Hyderabad,5,15609.57,0,0.0,0.0,0,0,33.22
2026-04-06,ATM,Jaipur,4,11898.89,0,0.0,0.0,0,0,28.98
2026-04-06,ATM,Kochi,2,2828.34,0,0.0,0.0,0,0,19.1
2026-04-06,ATM,Kolkata,3,11279.26,0,0.0,0.0,0,0,49.03
2026-04-06,ATM,Pune,5,8568.61,0,0.0,0.0,0,0,21.36
2026-04-06,Branch,Ahmedabad,1,287.3,0,0.0,0.0,0,0,14.5
2026-04-06,Branch,Bengaluru,2,7041.66,0,0.0,0.0,0,0,20.2
2026-04-06,Branch,Pune,2,5489.55,0,0.0,0.0,0,0,39.25
2026-04-06,IMPS,Ahmedabad,2,25529.0,0,0.0,0.0,0,0,29.0
2026-04-06,IMPS,Bengaluru,1,540.76,0,0.0,0.0,0,0,53.8
2026-04-06,IMPS,Chennai,5,8325.15,0,0.0,0.0,0,0,23.86
2026-04-06,IMPS,Delhi,3,8577.9,0,0.0,0.0,0,0,47.23
2026-04-06,IMPS,Hyderabad,2,5363.46,0,0.0,0.0,0,0,30.8
2026-04-06,IMPS,Jaipur,2,4698.51,0,0.0,0.0,0,0,37.95
2026-04-06,IMPS,Kochi,2,1023.62,0,0.0,0.0,0,0,24.2
2026-04-06,IMPS,Kolkata,2,1948.52,0,0.0,0.0,0,0,42.0
2026-04-06,IMPS,Pune,1,244.86,0,0.0,0.0,0,0,57.9
2026-04-06,Internet Banking,Ahmedabad,4,7711.55,0,0.0,0.0,0,0,18.12
2026-04-06,Internet Banking,Bengaluru,2,2829.39,0,0.0,0.0,0,0,37.6
2026-04-06,Internet Banking,Chennai,3,4325.16,0,0.0,0.0,0,0,28.3
2026-04-06,Internet Banking,Delhi,4,4989.18,0,0.0,0.0,0,0,41.27
2026-04-06,Internet Banking,Hyderabad,5,7356.36,0,0.0,0.0,0,0,24.86
2026-04-06,Internet Banking,Jaipur,5,26058.33,0,0.0,0.0,0,0,24.68
2026-04-06,Internet Banking,Kolkata,3,5678.68,0,0.0,0.0,0,0,41.73
2026-04-06,Internet Banking,Mumbai,1,913.75,0,0.0,0.0,0,0,17.8
2026-04-06,Internet Banking,Pune,4,15269.8,0,0.0,0.0,0,0,31.32
2026-04-06,Mobile Banking,Ahmedabad,3,3801.48,0,0.0,0.0,0,0,25.2
2026-04-06,Mobile Banking,Bengaluru,6,11642.38,0,0.0,0.0,0,0,42.45
2026-04-06,Mobile Banking,Chennai,2,2254.1,0,0.0,0.0,0,0,38.15
2026-04-06,Mobile Banking,Delhi,5,12669.64,0,0.0,0.0,0,0,32.34
2026-04-06,Mobile Banking,Hyderabad,4,12528.55,0,0.0,0.0,0,0,33.35
2026-04-06,Mobile Banking,Jaipur,7,16504.63,0,0.0,0.0,0,1,41.29
2026-04-06,Mobile Banking,Kochi,1,9291.69,0,0.0,0.0,0,1,69.9
2026-04-06,Mobile Banking,Kolkata,5,22057.29,0,0.0,0.0,0,0,39.36
2026-04-06,Mobile Banking,Mumbai,10,27885.72,0,0.0,0.0,0,0,25.01
2026-04-06,Mobile Banking,Pune,2,9192.82,0,0.0,0.0,0,0,23.0
2026-04-06,NEFT,Ahmedabad,6,34426.09,0,0.0,0.0,0,0,29.18
2026-04-06,NEFT,Chennai,1,532.57,0,0.0,0.0,0,0,27.1
2026-04-06,NEFT,Delhi,1,486.05,0,0.0,0.0,0,0,17.8
2026-04-06,NEFT,Hyderabad,3,20744.45,0,0.0,0.0,0,0,22.67
2026-04-06,NEFT,Jaipur,1,1570.21,0,0.0,0.0,0,0,20.2
2026-04-06,NEFT,Kochi,4,5091.41,0,0.0,0.0,0,0,36.68
2026-04-06,NEFT,Kolkata,1,3215.49,0,0.0,0.0,0,0,16.7
2026-04-06,NEFT,Mumbai,6,6910.28,0,0.0,0.0,0,0,27.87
2026-04-06,NEFT,Pune,1,2117.09,0,0.0,0.0,0,0,14.7
2026-04-06,POS,Ahmedabad,3,14174.18,0,0.0,0.0,0,0,43.1
2026-04-06,POS,Bengaluru,2,1035.34,0,0.0,0.0,0,0,23.75
2026-04-06,POS,Chennai,5,226818.61,1,221566.63,20.0,0,0,29.46
2026-04-06,POS,Delhi,1,875.63,0,0.0,0.0,0,0,12.8
2026-04-06,POS,Hyderabad,2,3984.93,0,0.0,0.0,0,0,18.5
2026-04-06,POS,Jaipur,2,2627.43,0,0.0,0.0,0,0,35.3
2026-04-06,POS,Kochi,8,29813.74,0,0.0,0.0,0,0,27.26
2026-04-06,POS,Kolkata,3,4219.53,0,0.0,0.0,0,0,26.63
2026-04-06,POS,Mumbai,6,30243.49,0,0.0,0.0,0,0,36.25
2026-04-06,POS,Pune,3,3718.02,0,0.0,0.0,0,0,24.0
2026-04-06,RTGS,Ahmedabad,3,1667857.7,0,0.0,0.0,0,0,39.83
2026-04-06,RTGS,Bengaluru,1,417445.16,0,0.0,0.0,0,0,41.0
2026-04-06,RTGS,Chennai,2,2364123.2,0,0.0,0.0,0,1,57.75
2026-04-06,RTGS,Delhi,2,2051969.53,0,0.0,0.0,0,0,34.3
2026-04-06,RTGS,Hyderabad,1,125394.25,1,125394.25,100.0,0,1,66.0
2026-04-06,RTGS,Jaipur,1,897479.22,0,0.0,0.0,0,0,30.5
2026-04-06,RTGS,Kolkata,1,248173.33,0,0.0,0.0,0,0,39.4
2026-04-06,RTGS,Mumbai,1,218336.61,0,0.0,0.0,0,1,74.3
2026-04-06,UPI,Ahmedabad,9,11056.46,1,74.27,11.111,0,0,28.2
2026-04-06,UPI,Bengaluru,4,8064.52,0,0.0,0.0,0,0,31.75
2026-04-06,UPI,Chennai,8,32777.73,0,0.0,0.0,0,1,34.56
2026-04-06,UPI,Delhi,2,7541.95,0,0.0,0.0,0,0,15.15
2026-04-06,UPI,Hyderabad,7,23515.43,0,0.0,0.0,0,0,30.13
2026-04-06,UPI,Jaipur,4,4457.26,0,0.0,0.0,0,0,19.75
2026-04-06,UPI,Kochi,8,148131.27,1,120475.31,12.5,1,0,38.08
2026-04-06,UPI,Kolkata,5,13226.44,0,0.0,0.0,0,0,36.04
2026-04-06,UPI,Mumbai,4,6556.4,0,0.0,0.0,0,0,28.0
2026-04-06,UPI,Pune,4,18351.65,0,0.0,0.0,0,0,40.02
2026-04-07,ATM,Ahmedabad,2,4889.04,0,0.0,0.0,0,1,62.8
2026-04-07,ATM,Bengaluru,2,6001.97,0,0.0,0.0,0,0,28.1
2026-04-07,ATM,Chennai,6,11402.19,1,13.13,16.667,0,0,28.73
2026-04-07,ATM,Delhi,3,5125.56,0,0.0,0.0,0,0,29.97
2026-04-07,ATM,Hyderabad,1,2133.76,0,0.0,0.0,0,0,15.1
2026-04-07,ATM,Jaipur,1,2189.45,0,0.0,0.0,0,0,28.5
2026-04-07,ATM,Kochi,3,936.11,0,0.0,0.0,0,0,19.03
2026-04-07,ATM,Kolkata,1,1814.16,0,0.0,0.0,0,0,53.9
2026-04-07,ATM,Mumbai,4,10808.41,0,0.0,0.0,0,0,27.42
2026-04-07,ATM,Pune,4,7502.99,0,0.0,0.0,0,0,18.27
2026-04-07,Branch,Ahmedabad,1,1039.55,0,0.0,0.0,0,0,20.0
2026-04-07,Branch,Chennai,1,7095.32,0,0.0,0.0,0,0,53.9
2026-04-07,Branch,Delhi,1,828.85,0,0.0,0.0,0,0,30.0
2026-04-07,Branch,Kochi,1,2620.38,0,0.0,0.0,0,0,21.0
2026-04-07,Branch,Kolkata,1,5202.26,0,0.0,0.0,0,0,55.3
2026-04-07,Branch,Pune,2,3880.32,0,0.0,0.0,0,0,36.15
2026-04-07,IMPS,Ahmedabad,2,2957.03,0,0.0,0.0,0,0,45.55
2026-04-07,IMPS,Bengaluru,2,1900.02,0,0.0,0.0,0,0,20.4
2026-04-07,IMPS,Chennai,2,1275.71,0,0.0,0.0,0,0,29.2
2026-04-07,IMPS,Delhi,2,1529.66,0,0.0,0.0,0,0,26.65
2026-04-07,IMPS,Hyderabad,3,2810.29,0,0.0,0.0,0,0,23.53
2026-04-07,IMPS,Jaipur,1,291.56,0,0.0,0.0,0,0,51.0
2026-04-07,IMPS,Kochi,5,18611.3,0,0.0,0.0,0,0,24.84
2026-04-07,IMPS,Kolkata,3,9067.36,0,0.0,0.0,0,0,29.73
2026-04-07,IMPS,Mumbai,2,7120.54,0,0.0,0.0,0,0,42.35
2026-04-07,IMPS,Pune,1,4443.48,0,0.0,0.0,0,0,30.0
2026-04-07,Internet Banking,Ahmedabad,5,23214.16,0,0.0,0.0,0,0,32.46
2026-04-07,Internet Banking,Bengaluru,4,5683.17,0,0.0,0.0,0,0,33.45
2026-04-07,Internet Banking,Delhi,8,14645.95,0,0.0,0.0,0,0,33.08
2026-04-07,Internet Banking,Hyderabad,7,8319.67,0,0.0,0.0,0,0,19.31
2026-04-07,Internet Banking,Jaipur,1,1203.96,0,0.0,0.0,0,0,20.9
2026-04-07,Internet Banking,Kochi,6,255758.65,1,244816.46,16.667,0,1,40.78
2026-04-07,Internet Banking,Kolkata,8,19348.89,0,0.0,0.0,0,0,32.65
2026-04-07,Internet Banking,Mumbai,2,2132.35,0,0.0,0.0,0,0,35.75
2026-04-07,Internet Banking,Pune,1,1019.9,0,0.0,0.0,0,0,30.9
2026-04-07,Mobile Banking,Ahmedabad,8,34808.08,1,2067.13,12.5,1,1,45.4
2026-04-07,Mobile Banking,Bengaluru,5,12034.2,0,0.0,0.0,0,0,33.12
2026-04-07,Mobile Banking,Chennai,3,5718.15,0,0.0,0.0,0,0,28.27
2026-04-07,Mobile Banking,Delhi,9,23232.25,0,0.0,0.0,0,0,28.53
2026-04-07,Mobile Banking,Hyderabad,3,9325.16,0,0.0,0.0,0,0,25.23
2026-04-07,Mobile Banking,Jaipur,4,5192.78,0,0.0,0.0,0,1,32.83
2026-04-07,Mobile Banking,Kochi,2,2801.06,0,0.0,0.0,0,0,35.25
2026-04-07,Mobile Banking,Kolkata,7,24780.02,0,0.0,0.0,0,0,29.09
2026-04-07,Mobile Banking,Mumbai,6,12188.61,0,0.0,0.0,0,0,34.38
2026-04-07,Mobile Banking,Pune,5,22219.86,0,0.0,0.0,0,0,44.28
2026-04-07,NEFT,Bengaluru,2,1377.69,0,0.0,0.0,0,0,17.9
2026-04-07,NEFT,Chennai,3,178264.94,1,174997.69,33.333,1,0,51.23
2026-04-07,NEFT,Delhi,3,28374.37,0,0.0,0.0,0,0,30.97
2026-04-07,NEFT,Hyderabad,5,11569.06,0,0.0,0.0,0,0,27.84
2026-04-07,NEFT,Jaipur,2,2331.41,0,0.0,0.0,0,0,16.75
2026-04-07,NEFT,Kochi,3,3223.31,0,0.0,0.0,0,0,10.33
2026-04-07,NEFT,Kolkata,3,5695.81,0,0.0,0.0,0,0,19.07
2026-04-07,NEFT,Mumbai,3,22668.64,0,0.0,0.0,0,0,41.87
2026-04-07,NEFT,Pune,5,9551.35,0,0.0,0.0,0,0,29.82
2026-04-07,POS,Ahmedabad,6,31491.15,0,0.0,0.0,0,0,30.75
2026-04-07,POS,Bengaluru,3,7398.54,0,0.0,0.0,0,0,25.17
2026-04-07,POS,Chennai,4,8748.19,0,0.0,0.0,0,0,31.35
2026-04-07,POS,Hyderabad,9,29937.11,0,0.0,0.0,0,0,35.33
2026-04-07,POS,Jaipur,3,350091.65,1,345037.36,33.333,1,0,47.23
2026-04-07,POS,Kochi,2,11586.94,0,0.0,0.0,0,0,28.05
2026-04-07,POS,Kolkata,7,22441.98,0,0.0,0.0,0,0,29.59
2026-04-07,POS,Mumbai,2,4436.76,0,0.0,0.0,0,0,26.85
2026-04-07,POS,Pune,5,8726.81,0,0.0,0.0,0,0,31.18
2026-04-07,RTGS,Bengaluru,1,1418534.46,0,0.0,0.0,0,1,65.4
2026-04-07,RTGS,Chennai,1,238114.19,0,0.0,0.0,0,0,52.5
2026-04-07,RTGS,Delhi,1,503866.91,0,0.0,0.0,0,0,38.0
2026-04-07,RTGS,Hyderabad,3,2961054.3,0,0.0,0.0,0,1,53.3
2026-04-07,RTGS,Jaipur,1,1336911.02,0,0.0,0.0,0,0,36.3
2026-04-07,RTGS,Kochi,1,876161.91,0,0.0,0.0,0,0,30.8
2026-04-07,UPI,Ahmedabad,1,1187.65,0,0.0,0.0,0,0,21.9
2026-04-07,UPI,Bengaluru,5,16913.31,0,0.0,0.0,0,0,39.14
2026-04-07,UPI,Chennai,8,35570.7,0,0.0,0.0,0,0,41.01
2026-04-07,UPI,Delhi,7,12208.97,0,0.0,0.0,0,0,25.93
2026-04-07,UPI,Hyderabad,4,9636.3,0,0.0,0.0,0,0,24.23
2026-04-07,UPI,Jaipur,4,6901.12,0,0.0,0.0,0,0,39.7
2026-04-07,UPI,Kochi,7,14232.36,0,0.0,0.0,0,0,34.4
2026-04-07,UPI,Kolkata,3,16245.48,0,0.0,0.0,0,0,45.73
2026-04-07,UPI,Mumbai,5,8043.42,0,0.0,0.0,0,0,39.18
2026-04-07,UPI,Pune,7,17878.34,0,0.0,0.0,0,0,26.11
2026-04-08,ATM,Bengaluru,2,4022.29,0,0.0,0.0,0,0,34.6
2026-04-08,ATM,Chennai,3,4764.36,0,0.0,0.0,0,0,21.67
2026-04-08,ATM,Delhi,2,4963.56,0,0.0,0.0,0,0,14.7
2026-04-08,ATM,Hyderabad,1,9441.34,0,0.0,0.0,0,0,29.6
2026-04-08,ATM,Jaipur,1,4578.85,0,0.0,0.0,0,0,27.5
2026-04-08,ATM,Kochi,3,10200.25,0,0.0,0.0,0,1,41.0
2026-04-08,ATM,Kolkata,2,11956.27,0,0.0,0.0,0,0,39.35
2026-04-08,ATM,Mumbai,3,8214.22,0,0.0,0.0,0,0,37.57
2026-04-08,ATM,Pune,4,6709.55,0,0.0,0.0,0,0,36.33
2026-04-08,Branch,Ahmedabad,1,3629.28,0,0.0,0.0,0,0,29.8
2026-04-08,Branch,Bengaluru,1,1463.45,0,0.0,0.0,0,0,47.6
2026-04-08,Branch,Delhi,1,1162.0,0,0.0,0.0,0,0,37.1
2026-04-08,Branch,Hyderabad,1,2126.96,0,0.0,0.0,0,0,13.7
2026-04-08,Branch,Jaipur,2,3602.31,0,0.0,0.0,0,0,26.1
2026-04-08,Branch,Kochi,1,1197.75,0,0.0,0.0,0,0,22.0
2026-04-08,Branch,Kolkata,2,5844.51,0,0.0,0.0,0,0,35.4
2026-04-08,Branch,Mumbai,1,609.3,0,0.0,0.0,0,0,38.9
2026-04-08,Branch,Pune,1,1035.07,0,0.0,0.0,0,0,38.4
2026-04-08,IMPS,Ahmedabad,4,16557.04,0,0.0,0.0,0,0,21.35
2026-04-08,IMPS,Bengaluru,3,11553.81,0,0.0,0.0,0,1,44.67
2026-04-08,IMPS,Chennai,3,11428.29,0,0.0,0.0,0,0,32.8
2026-04-08,IMPS,Delhi,5,14982.94,0,0.0,0.0,0,0,31.58
2026-04-08,IMPS,Hyderabad,2,1480.87,0,0.0,0.0,0,0,32.45
2026-04-08,IMPS,Jaipur,3,3761.8,0,0.0,0.0,0,0,22.17
2026-04-08,IMPS,Kochi,4,15046.98,0,0.0,0.0,0,0,30.95
2026-04-08,IMPS,Kolkata,1,816.47,0,0.0,0.0,0,0,47.6
2026-04-08,IMPS,Mumbai,3,3887.12,0,0.0,0.0,0,0,38.33
2026-04-08,Internet Banking,Ahmedabad,4,5392.37,0,0.0,0.0,0,0,34.28
2026-04-08,Internet Banking,Bengaluru,4,12088.88,0,0.0,0.0,0,0,42.12
2026-04-08,Internet Banking,Chennai,2,2229.0,0,0.0,0.0,0,0,20.4
2026-04-08,Internet Banking,Delhi,2,2947.26,0,0.0,0.0,0,0,20.9
2026-04-08,Internet Banking,Hyderabad,4,7200.95,0,0.0,0.0,0,0,31.73
2026-04-08,Internet Banking,Jaipur,3,11298.9,0,0.0,0.0,0,0,26.87
2026-04-08,Internet Banking,Kochi,2,7877.36,0,0.0,0.0,0,0,32.45
2026-04-08,Internet Banking,Kolkata,2,3811.66,0,0.0,0.0,0,0,25.05
2026-04-08,Internet Banking,Mumbai,4,5755.57,0,0.0,0.0,0,0,29.48
2026-04-08,Internet Banking,Pune,5,8627.54,0,0.0,0.0,0,0,27.98
2026-04-08,Mobile Banking,Ahmedabad,5,15078.23,0,0.0,0.0,0,0,38.94
2026-04-08,Mobile Banking,Bengaluru,3,16634.55,0,0.0,0.0,0,0,46.8
2026-04-08,Mobile Banking,Chennai,5,15126.82,0,0.0,0.0,0,0,40.4
2026-04-08,Mobile Banking,Delhi,6,8799.91,0,0.0,0.0,0,0,30.77
2026-04-08,Mobile Banking,Hyderabad,2,2016.88,0,0.0,0.0,0,0,38.6
2026-04-08,Mobile Banking,Jaipur,6,9155.45,0,0.0,0.0,0,0,32.57
2026-04-08,Mobile Banking,Kochi,2,4896.14,0,0.0,0.0,0,0,29.1
2026-04-08,Mobile Banking,Kolkata,7,12730.63,0,0.0,0.0,0,0,24.91
2026-04-08,Mobile Banking,Mumbai,2,10730.12,0,0.0,0.0,0,0,30.7
2026-04-08,Mobile Banking,Pune,6,12666.21,0,0.0,0.0,0,0,32.63
2026-04-08,NEFT,Ahmedabad,3,8930.58,0,0.0,0.0,0,0,33.63
2026-04-08,NEFT,Bengaluru,2,2468.79,0,0.0,0.0,0,0,24.0
2026-04-08,NEFT,Chennai,3,5351.06,0,0.0,0.0,0,0,51.0
2026-04-08,NEFT,Delhi,2,2495.56,0,0.0,0.0,0,0,20.2
2026-04-08,NEFT,Hyderabad,3,3870.05,0,0.0,0.0,0,0,12.6
2026-04-08,NEFT,Jaipur,3,3376.95,0,0.0,0.0,0,0,23.67
2026-04-08,NEFT,Kochi,2,16861.69,0,0.0,0.0,0,0,31.5
2026-04-08,NEFT,Kolkata,2,3100.81,0,0.0,0.0,0,0,21.4
2026-04-08,NEFT,Mumbai,3,7808.71,0,0.0,0.0,0,0,18.03
2026-04-08,POS,Ahmedabad,4,18202.38,0,0.0,0.0,0,0,29.88
2026-04-08,POS,Bengaluru,4,3839.78,0,0.0,0.0,0,0,17.65
2026-04-08,POS,Chennai,4,8245.52,0,0.0,0.0,0,0,36.0
2026-04-08,POS,Delhi,5,9302.52,0,0.0,0.0,0,0,23.48
2026-04-08,POS,Hyderabad,5,4595.24,0,0.0,0.0,0,0,27.04
2026-04-08,POS,Jaipur,5,12332.92,0,0.0,0.0,0,0,25.02
2026-04-08,POS,Kochi,1,3223.92,0,0.0,0.0,0,0,29.2
2026-04-08,POS,Kolkata,4,14196.84,0,0.0,0.0,0,0,30.52
2026-04-08,POS,Mumbai,7,13779.74,0,0.0,0.0,0,0,30.31
2026-04-08,POS,Pune,5,19469.85,0,0.0,0.0,0,1,41.1
2026-04-08,RTGS,Ahmedabad,1,961583.61,0,0.0,0.0,0,0,33.7
2026-04-08,RTGS,Bengaluru,1,1480663.53,0,0.0,0.0,0,0,54.4
2026-04-08,RTGS,Jaipur,1,790912.91,0,0.0,0.0,0,0,46.4
2026-04-08,RTGS,Kolkata,1,755636.88,0,0.0,0.0,0,0,54.6
2026-04-08,RTGS,Mumbai,1,271285.64,0,0.0,0.0,0,0,25.1
2026-04-08,RTGS,Pune,1,523617.73,0,0.0,0.0,0,0,31.1
2026-04-08,UPI,Ahmedabad,9,22250.61,0,0.0,0.0,0,1,37.98
2026-04-08,UPI,Bengaluru,7,17387.99,0,0.0,0.0,0,0,34.29
2026-04-08,UPI,Chennai,2,1303.55,0,0.0,0.0,0,0,38.25
2026-04-08,UPI,Delhi,6,320538.68,1,309716.83,16.667,0,1,34.58
2026-04-08,UPI,Hyderabad,6,9528.05,0,0.0,0.0,0,0,37.0
2026-04-08,UPI,Jaipur,3,4007.6,0,0.0,0.0,0,0,17.27
2026-04-08,UPI,Kochi,5,16331.45,0,0.0,0.0,0,0,45.1
2026-04-08,UPI,Kolkata,2,3798.79,0,0.0,0.0,0,0,23.75
2026-04-08,UPI,Mumbai,5,8951.07,0,0.0,0.0,0,1,33.54
2026-04-08,UPI,Pune,3,6116.37,0,0.0,0.0,0,0,22.9
2026-04-09,ATM,Ahmedabad,3,3750.01,0,0.0,0.0,0,0,33.5
2026-04-09,ATM,Bengaluru,2,15584.88,0,0.0,0.0,0,0,39.2
2026-04-09,ATM,Chennai,5,15168.56,0,0.0,0.0,0,1,42.86
2026-04-09,ATM,Delhi,3,8630.84,0,0.0,0.0,0,0,36.73
2026-04-09,ATM,Hyderabad,3,8009.11,0,0.0,0.0,0,0,36.27
2026-04-09,ATM,Jaipur,4,6361.37,0,0.0,0.0,0,0,21.62
2026-04-09,ATM,Kochi,7,13341.22,0,0.0,0.0,0,0,25.41
2026-04-09,ATM,Kolkata,3,3239.62,0,0.0,0.0,0,0,30.3
2026-04-09,ATM,Mumbai,6,18230.39,0,0.0,0.0,0,0,34.55
2026-04-09,ATM,Pune,6,17171.7,0,0.0,0.0,0,0,30.67
2026-04-09,Branch,Bengaluru,1,2427.08,0,0.0,0.0,0,0,38.0
2026-04-09,Branch,Chennai,2,6630.58,0,0.0,0.0,0,0,19.15
2026-04-09,Branch,Delhi,3,6580.59,0,0.0,0.0,0,0,24.4
2026-04-09,Branch,Hyderabad,1,2849.78,0,0.0,0.0,0,0,36.7
2026-04-09,Branch,Kolkata,1,1529.59,0,0.0,0.0,0,0,22.4
2026-04-09,Branch,Pune,1,2275.41,0,0.0,0.0,0,0,22.0
2026-04-09,IMPS,Bengaluru,5,6226.52,0,0.0,0.0,0,0,32.24
2026-04-09,IMPS,Chennai,5,7363.37,0,0.0,0.0,0,0,18.4
2026-04-09,IMPS,Delhi,4,5284.44,0,0.0,0.0,0,0,15.47
2026-04-09,IMPS,Hyderabad,2,435.13,0,0.0,0.0,0,0,35.75
2026-04-09,IMPS,Kochi,4,5683.73,0,0.0,0.0,0,0,33.33
2026-04-09,IMPS,Kolkata,2,4690.2,0,0.0,0.0,0,0,35.3
2026-04-09,IMPS,Mumbai,3,11161.12,0,0.0,0.0,0,0,23.23
2026-04-09,IMPS,Pune,1,569.79,0,0.0,0.0,0,0,34.8
2026-04-09,Internet Banking,Ahmedabad,3,2844.53,0,0.0,0.0,0,0,32.23
2026-04-09,Internet Banking,Bengaluru,3,5187.96,0,0.0,0.0,0,0,22.0
2026-04-09,Internet Banking,Chennai,3,8604.87,0,0.0,0.0,0,1,36.63
2026-04-09,Internet Banking,Delhi,3,9035.16,0,0.0,0.0,0,0,21.17
2026-04-09,Internet Banking,Hyderabad,4,14602.36,0,0.0,0.0,0,0,36.52
2026-04-09,Internet Banking,Jaipur,3,6082.66,0,0.0,0.0,0,0,33.0
2026-04-09,Internet Banking,Kochi,8,16866.57,0,0.0,0.0,0,1,28.95
2026-04-09,Internet Banking,Kolkata,4,15273.14,0,0.0,0.0,0,0,40.15
2026-04-09,Internet Banking,Mumbai,2,1413.56,0,0.0,0.0,0,0,25.7
2026-04-09,Internet Banking,Pune,4,3175.25,0,0.0,0.0,0,0,24.25
2026-04-09,Mobile Banking,Ahmedabad,5,11323.05,1,42.14,20.0,0,0,27.18
2026-04-09,Mobile Banking,Bengaluru,8,15292.89,0,0.0,0.0,0,0,27.2
2026-04-09,Mobile Banking,Chennai,7,14662.02,0,0.0,0.0,0,1,24.19
2026-04-09,Mobile Banking,Delhi,7,12579.6,0,0.0,0.0,0,0,22.99
2026-04-09,Mobile Banking,Hyderabad,10,25996.55,0,0.0,0.0,0,0,29.96
2026-04-09,Mobile Banking,Jaipur,5,10151.9,0,0.0,0.0,0,0,17.94
2026-04-09,Mobile Banking,Kochi,8,21764.95,0,0.0,0.0,0,0,32.35
2026-04-09,Mobile Banking,Kolkata,7,20033.81,0,0.0,0.0,0,0,26.0
2026-04-09,Mobile Banking,Mumbai,2,8943.49,0,0.0,0.0,0,1,61.35
2026-04-09,Mobile Banking,Pune,4,5202.0,0,0.0,0.0,0,0,28.0
2026-04-09,NEFT,Ahmedabad,2,2734.19,0,0.0,0.0,0,0,16.7
2026-04-09,NEFT,Bengaluru,1,3208.05,0,0.0,0.0,0,0,16.1
2026-04-09,NEFT,Chennai,4,2739.98,0,0.0,0.0,0,0,32.67
2026-04-09,NEFT,Delhi,1,9721.51,0,0.0,0.0,0,0,36.9
2026-04-09,NEFT,Hyderabad,1,2127.06,0,0.0,0.0,0,0,20.0
2026-04-09,NEFT,Jaipur,2,38663.33,0,0.0,0.0,0,1,42.6
2026-04-09,NEFT,Kochi,2,1488.28,0,0.0,0.0,0,0,23.3
2026-04-09,NEFT,Mumbai,2,15848.14,0,0.0,0.0,0,0,48.55
2026-04-09,NEFT,Pune,3,20207.94,0,0.0,0.0,0,0,28.83
2026-04-09,POS,Ahmedabad,7,6430.96,0,0.0,0.0,0,0,28.14
2026-04-09,POS,Bengaluru,3,3961.13,0,0.0,0.0,0,0,13.9
2026-04-09,POS,Chennai,9,10895.75,0,0.0,0.0,0,0,28.84
2026-04-09,POS,Delhi,5,8050.08,0,0.0,0.0,0,0,27.32
2026-04-09,POS,Hyderabad,6,16634.04,0,0.0,0.0,0,1,42.25
2026-04-09,POS,Jaipur,8,16936.03,0,0.0,0.0,0,0,24.54
2026-04-09,POS,Kochi,3,4827.51,0,0.0,0.0,0,0,15.57
2026-04-09,POS,Kolkata,4,14158.54,0,0.0,0.0,0,0,28.18
2026-04-09,POS,Mumbai,4,14213.21,0,0.0,0.0,0,0,25.2
2026-04-09,POS,Pune,9,19090.72,0,0.0,0.0,0,0,26.46
2026-04-09,RTGS,Ahmedabad,1,708369.05,0,0.0,0.0,0,0,24.8
2026-04-09,RTGS,Chennai,2,1164674.75,1,352449.82,50.0,1,1,78.75
2026-04-09,RTGS,Delhi,2,821579.99,0,0.0,0.0,0,1,53.9
2026-04-09,RTGS,Hyderabad,1,821460.75,0,0.0,0.0,0,1,72.8
2026-04-09,RTGS,Jaipur,1,779749.98,0,0.0,0.0,0,0,26.4
2026-04-09,RTGS,Kochi,2,1592737.93,0,0.0,0.0,0,0,30.55
2026-04-09,RTGS,Kolkata,2,1791011.32,0,0.0,0.0,0,0,44.0
2026-04-09,RTGS,Mumbai,2,1870933.59,0,0.0,0.0,0,0,41.4
2026-04-09,RTGS,Pune,1,758456.16,0,0.0,0.0,0,0,33.2
2026-04-09,UPI,Ahmedabad,6,18521.11,0,0.0,0.0,0,0,27.3
2026-04-09,UPI,Bengaluru,4,10275.94,0,0.0,0.0,0,0,37.5
2026-04-09,UPI,Chennai,4,21031.17,0,0.0,0.0,0,0,35.58
2026-04-09,UPI,Delhi,11,20598.99,1,199.04,9.091,0,1,29.64
2026-04-09,UPI,Hyderabad,7,9558.51,0,0.0,0.0,0,0,20.56
2026-04-09,UPI,Jaipur,10,24227.28,0,0.0,0.0,0,0,28.42
2026-04-09,UPI,Kochi,10,44027.89,0,0.0,0.0,0,0,32.29
2026-04-09,UPI,Kolkata,5,8046.82,0,0.0,0.0,0,0,22.2
2026-04-09,UPI,Mumbai,8,17461.78,0,0.0,0.0,0,0,25.92
2026-04-09,UPI,Pune,9,27145.95,0,0.0,0.0,0,0,28.31
2026-04-10,ATM,Ahmedabad,3,18062.81,0,0.0,0.0,0,0,37.87
2026-04-10,ATM,Bengaluru,5,119700.75,1,106419.73,20.0,0,0,36.58
2026-04-10,ATM,Chennai,7,12335.23,0,0.0,0.0,0,0,31.6
2026-04-10,ATM,Delhi,3,8842.89,0,0.0,0.0,0,0,40.2
2026-04-10,ATM,Hyderabad,2,5012.06,0,0.0,0.0,0,0,20.25
2026-04-10,ATM,Jaipur,5,4123.0,0,0.0,0.0,0,0,21.24
2026-04-10,ATM,Kolkata,4,16716.29,1,6635.26,25.0,0,0,34.65
2026-04-10,ATM,Mumbai,3,5144.22,0,0.0,0.0,0,0,25.6
2026-04-10,ATM,Pune,2,1911.21,0,0.0,0.0,0,0,13.2
2026-04-10,Branch,Bengaluru,1,936.22,0,0.0,0.0,0,0,22.0
2026-04-10,Branch,Chennai,1,3771.17,0,0.0,0.0,0,0,53.8
2026-04-10,Branch,Hyderabad,1,3393.65,0,0.0,0.0,0,0,29.6
2026-04-10,Branch,Jaipur,2,5163.26,0,0.0,0.0,0,0,34.4
2026-04-10,Branch,Kolkata,1,584.49,0,0.0,0.0,0,0,8.5
2026-04-10,Branch,Pune,1,533.07,0,0.0,0.0,0,0,19.7
2026-04-10,IMPS,Ahmedabad,2,1538.19,0,0.0,0.0,0,0,15.55
2026-04-10,IMPS,Chennai,1,849.99,0,0.0,0.0,0,0,63.6
2026-04-10,IMPS,Delhi,1,437.74,0,0.0,0.0,0,0,17.5
2026-04-10,IMPS,Hyderabad,3,12131.52,0,0.0,0.0,0,0,39.67
2026-04-10,IMPS,Jaipur,2,6669.59,0,0.0,0.0,0,0,43.5
2026-04-10,IMPS,Kochi,5,8171.36,0,0.0,0.0,0,0,27.68
2026-04-10,IMPS,Kolkata,2,1607.13,0,0.0,0.0,0,0,35.6
2026-04-10,IMPS,Mumbai,3,10962.46,0,0.0,0.0,0,0,34.0
2026-04-10,IMPS,Pune,2,3493.63,0,0.0,0.0,0,0,24.7
2026-04-10,Internet Banking,Ahmedabad,4,20838.64,0,0.0,0.0,0,0,30.22
2026-04-10,Internet Banking,Bengaluru,4,5147.45,0,0.0,0.0,0,0,24.4
2026-04-10,Internet Banking,Chennai,4,6075.91,0,0.0,0.0,0,0,22.65
2026-04-10,Internet Banking,Hyderabad,5,16388.53,0,0.0,0.0,0,0,34.82
2026-04-10,Internet Banking,Jaipur,5,33706.46,0,0.0,0.0,0,0,29.46
2026-04-10,Internet Banking,Kochi,2,9750.33,0,0.0,0.0,0,0,38.4
2026-04-10,Internet Banking,Kolkata,1,869.15,0,0.0,0.0,0,0,11.2
2026-04-10,Internet Banking,Pune,2,8727.27,0,0.0,0.0,0,0,38.9
2026-04-10,Mobile Banking,Ahmedabad,4,19806.21,0,0.0,0.0,0,0,37.67
2026-04-10,Mobile Banking,Bengaluru,2,1713.26,0,0.0,0.0,0,0,45.9
2026-04-10,Mobile Banking,Chennai,2,9040.07,0,0.0,0.0,0,0,22.65
2026-04-10,Mobile Banking,Delhi,5,19661.12,0,0.0,0.0,0,0,33.08
2026-04-10,Mobile Banking,Hyderabad,8,17498.17,0,0.0,0.0,0,0,30.23
2026-04-10,Mobile Banking,Jaipur,4,5245.4,0,0.0,0.0,0,0,21.88
2026-04-10,Mobile Banking,Kochi,1,1197.66,0,0.0,0.0,0,0,11.9
2026-04-10,Mobile Banking,Kolkata,7,32029.86,0,0.0,0.0,0,0,35.54
2026-04-10,Mobile Banking,Mumbai,3,3880.08,0,0.0,0.0,0,0,39.47
2026-04-10,Mobile Banking,Pune,3,2088.84,0,0.0,0.0,0,0,13.8
2026-04-10,NEFT,Ahmedabad,5,570159.46,1,554530.33,20.0,0,0,40.62
2026-04-10,NEFT,Bengaluru,4,17735.55,0,0.0,0.0,0,0,28.33
2026-04-10,NEFT,Chennai,5,7233.55,0,0.0,0.0,0,0,30.82
2026-04-10,NEFT,Delhi,4,7963.38,0,0.0,0.0,0,0,29.8
2026-04-10,NEFT,Hyderabad,3,14951.74,0,0.0,0.0,0,0,37.07
2026-04-10,NEFT,Jaipur,2,10743.81,0,0.0,0.0,0,0,49.55
2026-04-10,NEFT,Kochi,2,3157.1,0,0.0,0.0,0,0,26.25
2026-04-10,NEFT,Kolkata,1,564.96,0,0.0,0.0,0,0,26.4
2026-04-10,NEFT,Mumbai,3,3809.12,0,0.0,0.0,0,0,27.1
2026-04-10,NEFT,Pune,5,303234.57,1,286010.47,20.0,1,0,35.96
2026-04-10,POS,Ahmedabad,8,8779.0,0,0.0,0.0,0,0,20.69
2026-04-10,POS,Bengaluru,5,14583.22,0,0.0,0.0,0,0,28.64
2026-04-10,POS,Chennai,6,89620.94,1,53526.77,16.667,1,0,43.15
2026-04-10,POS,Delhi,4,23154.18,0,0.0,0.0,0,0,34.97
2026-04-10,POS,Hyderabad,5,10043.65,0,0.0,0.0,0,0,29.0
2026-04-10,POS,Jaipur,1,304.46,0,0.0,0.0,0,0,38.4
2026-04-10,POS,Kochi,2,4846.14,0,0.0,0.0,0,0,48.8
2026-04-10,POS,Kolkata,4,4646.96,0,0.0,0.0,0,0,26.25
2026-04-10,POS,Mumbai,2,18794.93,0,0.0,0.0,0,0,25.15
2026-04-10,POS,Pune,7,10192.61,0,0.0,0.0,0,0,31.37
2026-04-10,RTGS,Bengaluru,3,2839514.0,0,0.0,0.0,0,0,39.5
2026-04-10,RTGS,Chennai,3,3990979.68,0,0.0,0.0,0,0,50.2
2026-04-10,RTGS,Hyderabad,3,3326472.44,0,0.0,0.0,0,0,40.1
2026-04-10,RTGS,Jaipur,1,222432.58,0,0.0,0.0,0,0,55.4
2026-04-10,RTGS,Kochi,3,2762491.82,0,0.0,0.0,0,0,36.47
2026-04-10,RTGS,Kolkata,2,1585421.75,0,0.0,0.0,0,0,45.65
2026-04-10,RTGS,Mumbai,3,3318717.98,0,0.0,0.0,0,0,29.53
2026-04-10,RTGS,Pune,3,2341219.2,0,0.0,0.0,0,0,32.93
2026-04-10,UPI,Ahmedabad,7,30964.4,0,0.0,0.0,0,0,32.03
2026-04-10,UPI,Bengaluru,8,17473.09,0,0.0,0.0,0,2,37.48
2026-04-10,UPI,Chennai,4,4126.25,0,0.0,0.0,0,1,45.27
2026-04-10,UPI,Delhi,4,7334.63,0,0.0,0.0,0,0,20.1
2026-04-10,UPI,Hyderabad,3,10191.84,0,0.0,0.0,0,0,17.37
2026-04-10,UPI,Jaipur,9,19216.78,0,0.0,0.0,0,0,24.43
2026-04-10,UPI,Kochi,7,342235.96,1,333391.81,14.286,1,0,35.16
2026-04-10,UPI,Kolkata,8,24293.55,0,0.0,0.0,0,0,26.3
2026-04-10,UPI,Mumbai,9,76435.38,1,53233.06,11.111,0,1,43.19
2026-04-10,UPI,Pune,4,12591.22,0,0.0,0.0,0,0,32.48
2026-04-11,ATM,Ahmedabad,4,8562.76,0,0.0,0.0,0,0,29.25
2026-04-11,ATM,Bengaluru,3,31598.32,0,0.0,0.0,0,0,30.93
2026-04-11,ATM,Chennai,1,497.54,0,0.0,0.0,0,0,16.0
2026-04-11,ATM,Delhi,3,2906.08,0,0.0,0.0,0,0,16.63
2026-04-11,ATM,Hyderabad,8,26329.61,0,0.0,0.0,0,0,34.98
2026-04-11,ATM,Jaipur,3,5022.98,0,0.0,0.0,0,0,18.83
2026-04-11,ATM,Kochi,2,4933.72,0,0.0,0.0,0,0,29.05
2026-04-11,ATM,Kolkata,3,10420.88,0,0.0,0.0,0,0,28.43
2026-04-11,ATM,Mumbai,3,7159.34,0,0.0,0.0,0,0,24.9
2026-04-11,ATM,Pune,5,9485.4,0,0.0,0.0,0,0,29.84
2026-04-11,Branch,Ahmedabad,2,5319.86,0,0.0,0.0,0,0,22.3
2026-04-11,Branch,Chennai,1,815.08,0,0.0,0.0,0,0,15.0
2026-04-11,Branch,Hyderabad,1,1180.59,0,0.0,0.0,0,0,18.1
2026-04-11,Branch,Pune,1,924.0,0,0.0,0.0,0,0,41.4
2026-04-11,IMPS,Ahmedabad,4,4668.65,0,0.0,0.0,0,0,19.57
2026-04-11,IMPS,Bengaluru,2,6095.13,0,0.0,0.0,0,0,23.25
2026-04-11,IMPS,Chennai,2,1023.79,0,0.0,0.0,0,0,26.25
2026-04-11,IMPS,Delhi,4,138179.33,1,131045.2,25.0,0,2,45.4
2026-04-11,IMPS,Hyderabad,2,10800.94,0,0.0,0.0,0,0,23.6
2026-04-11,IMPS,Jaipur,2,875.29,0,0.0,0.0,0,0,27.75
2026-04-11,IMPS,Kochi,3,10041.53,0,0.0,0.0,0,0,46.9
2026-04-11,IMPS,Kolkata,2,5638.6,0,0.0,0.0,0,0,20.55
2026-04-11,IMPS,Mumbai,2,11190.63,0,0.0,0.0,0,0,46.25
2026-04-11,IMPS,Pune,3,6319.66,0,0.0,0.0,0,0,31.43
2026-04-11,Internet Banking,Ahmedabad,3,26801.7,0,0.0,0.0,0,0,32.47
2026-04-11,Internet Banking,Bengaluru,7,11954.83,0,0.0,0.0,0,0,26.71
2026-04-11,Internet Banking,Chennai,3,15698.73,0,0.0,0.0,0,0,33.13
2026-04-11,Internet Banking,Delhi,3,6833.43,0,0.0,0.0,0,0,20.03
2026-04-11,Internet Banking,Hyderabad,5,10709.12,0,0.0,0.0,0,0,29.4
2026-04-11,Internet Banking,Jaipur,3,4052.98,0,0.0,0.0,0,0,17.63
2026-04-11,Internet Banking,Kochi,2,5910.83,0,0.0,0.0,0,0,27.35
2026-04-11,Internet Banking,Kolkata,5,10993.73,0,0.0,0.0,0,0,25.74
2026-04-11,Internet Banking,Mumbai,4,21221.55,0,0.0,0.0,0,0,26.73
2026-04-11,Internet Banking,Pune,1,1931.83,0,0.0,0.0,0,0,15.3
2026-04-11,Mobile Banking,Ahmedabad,8,20726.6,0,0.0,0.0,0,0,41.76
2026-04-11,Mobile Banking,Bengaluru,6,20004.48,0,0.0,0.0,0,0,35.95
2026-04-11,Mobile Banking,Chennai,6,17129.95,0,0.0,0.0,0,0,23.6
2026-04-11,Mobile Banking,Delhi,4,9068.11,0,0.0,0.0,0,0,23.25
2026-04-11,Mobile Banking,Hyderabad,5,22992.3,0,0.0,0.0,0,0,25.1
2026-04-11,Mobile Banking,Jaipur,2,3713.31,0,0.0,0.0,0,0,25.95
2026-04-11,Mobile Banking,Kochi,4,29936.02,0,0.0,0.0,0,0,32.95
2026-04-11,Mobile Banking,Kolkata,5,14402.06,0,0.0,0.0,0,0,29.86
2026-04-11,Mobile Banking,Mumbai,1,4147.66,0,0.0,0.0,0,0,51.2
2026-04-11,Mobile Banking,Pune,4,4958.46,0,0.0,0.0,0,0,27.02
2026-04-11,NEFT,Ahmedabad,3,6404.04,0,0.0,0.0,0,0,34.9
2026-04-11,NEFT,Bengaluru,2,30115.33,0,0.0,0.0,0,0,40.4
2026-04-11,NEFT,Chennai,1,3460.86,0,0.0,0.0,0,0,55.6
2026-04-11,NEFT,Hyderabad,2,5671.33,0,0.0,0.0,0,0,29.3
2026-04-11,NEFT,Jaipur,1,1025.75,0,0.0,0.0,0,0,28.1
2026-04-11,NEFT,Kochi,1,650.04,0,0.0,0.0,0,0,14.0
2026-04-11,NEFT,Kolkata,1,687.0,0,0.0,0.0,0,0,15.2
2026-04-11,NEFT,Mumbai,6,27472.01,0,0.0,0.0,0,0,29.5
2026-04-11,NEFT,Pune,4,23695.37,0,0.0,0.0,0,1,49.25
2026-04-11,POS,Ahmedabad,6,3949.27,0,0.0,0.0,0,0,24.93
2026-04-11,POS,Bengaluru,3,5340.56,0,0.0,0.0,0,0,31.1
2026-04-11,POS,Chennai,3,6040.59,0,0.0,0.0,0,0,26.4
2026-04-11,POS,Delhi,3,15511.9,0,0.0,0.0,0,0,26.93
2026-04-11,POS,Hyderabad,3,7047.32,0,0.0,0.0,0,0,29.13
2026-04-11,POS,Jaipur,6,12176.25,0,0.0,0.0,0,0,24.45
2026-04-11,POS,Kochi,5,5273.8,0,0.0,0.0,0,0,32.3
2026-04-11,POS,Kolkata,7,37820.45,0,0.0,0.0,0,0,38.46
2026-04-11,POS,Mumbai,5,9482.42,0,0.0,0.0,0,0,29.26
2026-04-11,POS,Pune,9,17764.41,0,0.0,0.0,0,1,30.77
2026-04-11,RTGS,Bengaluru,2,1442342.7,0,0.0,0.0,0,1,57.0
2026-04-11,RTGS,Delhi,1,695853.31,0,0.0,0.0,0,0,34.9
2026-04-11,RTGS,Hyderabad,1,884053.8,0,0.0,0.0,0,0,32.8
2026-04-11,RTGS,Jaipur,1,881387.49,0,0.0,0.0,0,0,47.8
2026-04-11,RTGS,Kochi,2,1606784.3,0,0.0,0.0,0,0,53.0
2026-04-11,RTGS,Kolkata,4,3206208.18,0,0.0,0.0,0,0,37.85
2026-04-11,RTGS,Mumbai,1,1316147.85,0,0.0,0.0,0,0,31.2
2026-04-11,RTGS,Pune,2,2195047.67,0,0.0,0.0,0,0,42.05
2026-04-11,UPI,Ahmedabad,8,21639.49,0,0.0,0.0,0,0,20.79
2026-04-11,UPI,Bengaluru,10,42513.19,0,0.0,0.0,0,0,40.03
2026-04-11,UPI,Chennai,6,14266.64,0,0.0,0.0,0,0,36.3
2026-04-11,UPI,Delhi,8,27243.92,0,0.0,0.0,0,0,26.69
2026-04-11,UPI,Hyderabad,3,10684.26,0,0.0,0.0,0,0,24.9
2026-04-11,UPI,Jaipur,4,3829.49,0,0.0,0.0,0,0,20.22
2026-04-11,UPI,Kochi,5,7354.88,0,0.0,0.0,0,0,36.46
2026-04-11,UPI,Kolkata,5,13925.68,0,0.0,0.0,0,0,32.92
2026-04-11,UPI,Mumbai,11,23562.82,1,2006.28,9.091,0,0,35.65
2026-04-11,UPI,Pune,9,83546.99,1,57047.52,11.111,0,0,23.09
2026-04-12,ATM,Ahmedabad,4,7710.94,0,0.0,0.0,0,0,25.67
2026-04-12,ATM,Bengaluru,1,4017.28,0,0.0,0.0,0,0,47.2
2026-04-12,ATM,Chennai,5,7344.21,1,2014.82,20.0,0,1,41.4
2026-04-12,ATM,Delhi,3,5860.33,0,0.0,0.0,0,0,32.23
2026-04-12,ATM,Hyderabad,3,2888.29,0,0.0,0.0,0,0,29.3
2026-04-12,ATM,Jaipur,3,3721.85,0,0.0,0.0,0,0,31.83
2026-04-12,ATM,Kochi,3,5355.17,0,0.0,0.0,0,0,36.67
2026-04-12,ATM,Mumbai,1,4801.35,0,0.0,0.0,0,0,53.4
2026-04-12,ATM,Pune,3,9252.47,0,0.0,0.0,0,0,32.87
2026-04-12,Branch,Ahmedabad,1,707.39,0,0.0,0.0,0,0,40.1
2026-04-12,Branch,Bengaluru,1,854.92,0,0.0,0.0,0,0,16.6
2026-04-12,Branch,Chennai,1,1139.15,0,0.0,0.0,0,0,34.7
2026-04-12,Branch,Delhi,1,4786.58,0,0.0,0.0,0,0,34.5
2026-04-12,Branch,Jaipur,1,494.18,0,0.0,0.0,0,0,14.4
2026-04-12,Branch,Kochi,1,1509.28,0,0.0,0.0,0,0,13.4
2026-04-12,Branch,Mumbai,1,516.53,0,0.0,0.0,0,0,32.0
2026-04-12,IMPS,Ahmedabad,2,937.63,0,0.0,0.0,0,0,26.35
2026-04-12,IMPS,Bengaluru,6,30066.49,0,0.0,0.0,0,0,19.05
2026-04-12,IMPS,Chennai,3,8199.95,0,0.0,0.0,0,1,48.47
2026-04-12,IMPS,Delhi,1,2916.36,0,0.0,0.0,0,0,39.8
2026-04-12,IMPS,Hyderabad,2,1712.43,0,0.0,0.0,0,0,15.7
2026-04-12,IMPS,Jaipur,3,599450.12,1,597446.96,33.333,0,0,41.33
2026-04-12,IMPS,Kochi,2,2326.09,0,0.0,0.0,0,0,17.05
2026-04-12,IMPS,Kolkata,2,6446.55,0,0.0,0.0,0,1,44.5
2026-04-12,IMPS,Mumbai,1,3157.3,0,0.0,0.0,0,0,20.9
2026-04-12,IMPS,Pune,2,2601.76,0,0.0,0.0,0,0,15.4
2026-04-12,Internet Banking,Ahmedabad,2,1168.29,0,0.0,0.0,0,0,29.2
2026-04-12,Internet Banking,Bengaluru,3,11308.97,0,0.0,0.0,0,0,38.03
2026-04-12,Internet Banking,Chennai,4,5449.68,0,0.0,0.0,0,0,35.02
2026-04-12,Internet Banking,Delhi,1,1424.58,0,0.0,0.0,0,0,29.1
2026-04-12,Internet Banking,Hyderabad,5,4536.61,0,0.0,0.0,0,0,35.54
2026-04-12,Internet Banking,Jaipur,6,21712.6,0,0.0,0.0,0,0,41.68
2026-04-12,Internet Banking,Kochi,7,31192.49,0,0.0,0.0,0,0,35.49
2026-04-12,Internet Banking,Kolkata,2,2483.7,0,0.0,0.0,0,0,32.7
2026-04-12,Internet Banking,Mumbai,4,8969.76,1,1483.89,25.0,0,1,36.95
2026-04-12,Internet Banking,Pune,2,2521.99,0,0.0,0.0,0,0,16.9
2026-04-12,Mobile Banking,Ahmedabad,4,17659.73,0,0.0,0.0,0,0,18.38
2026-04-12,Mobile Banking,Bengaluru,5,8146.77,0,0.0,0.0,0,0,30.82
2026-04-12,Mobile Banking,Chennai,6,17818.17,0,0.0,0.0,0,0,26.08
2026-04-12,Mobile Banking,Delhi,2,7549.06,0,0.0,0.0,0,0,29.55
2026-04-12,Mobile Banking,Hyderabad,5,10358.17,0,0.0,0.0,0,0,22.98
2026-04-12,Mobile Banking,Jaipur,4,4828.52,0,0.0,0.0,0,0,21.8
2026-04-12,Mobile Banking,Kochi,5,15609.58,0,0.0,0.0,0,0,33.3
2026-04-12,Mobile Banking,Kolkata,2,1420.79,0,0.0,0.0,0,0,19.35
2026-04-12,Mobile Banking,Mumbai,5,5688.85,0,0.0,0.0,0,0,19.0
2026-04-12,Mobile Banking,Pune,2,1143.74,0,0.0,0.0,0,0,16.35
2026-04-12,NEFT,Ahmedabad,3,4017.8,0,0.0,0.0,0,0,31.9
2026-04-12,NEFT,Bengaluru,2,1983.59,0,0.0,0.0,0,0,43.45
2026-04-12,NEFT,Chennai,1,741.36,0,0.0,0.0,0,0,6.5
2026-04-12,NEFT,Delhi,1,15778.2,0,0.0,0.0,0,0,50.2
2026-04-12,NEFT,Hyderabad,2,2885.81,0,0.0,0.0,0,0,32.0
2026-04-12,NEFT,Kochi,4,11166.85,0,0.0,0.0,0,0,30.52
2026-04-12,NEFT,Kolkata,7,17157.82,0,0.0,0.0,0,0,33.33
2026-04-12,NEFT,Mumbai,2,280008.35,1,279221.27,50.0,0,1,55.7
2026-04-12,NEFT,Pune,3,5755.68,0,0.0,0.0,0,0,23.53
2026-04-12,POS,Ahmedabad,1,944.91,0,0.0,0.0,0,0,26.4
2026-04-12,POS,Bengaluru,1,4301.19,0,0.0,0.0,0,0,11.9
2026-04-12,POS,Chennai,2,2990.87,0,0.0,0.0,0,0,24.45
2026-04-12,POS,Delhi,3,1894.74,0,0.0,0.0,0,0,16.2
2026-04-12,POS,Hyderabad,8,39874.78,0,0.0,0.0,0,1,32.99
2026-04-12,POS,Jaipur,3,19988.84,0,0.0,0.0,0,0,39.37
2026-04-12,POS,Kochi,5,53564.04,0,0.0,0.0,0,0,23.28
2026-04-12,POS,Kolkata,4,25793.95,0,0.0,0.0,0,0,25.93
2026-04-12,POS,Mumbai,1,2494.61,0,0.0,0.0,0,0,18.1
2026-04-12,POS,Pune,7,16402.75,0,0.0,0.0,0,0,29.11
2026-04-12,RTGS,Chennai,3,2531826.84,0,0.0,0.0,0,0,36.63
2026-04-12,RTGS,Hyderabad,2,1936818.48,0,0.0,0.0,0,0,32.2
2026-04-12,RTGS,Jaipur,1,1154977.28,0,0.0,0.0,0,0,28.5
2026-04-12,RTGS,Kochi,1,1297211.26,0,0.0,0.0,0,0,27.7
2026-04-12,RTGS,Kolkata,1,1017467.25,0,0.0,0.0,0,0,26.7
2026-04-12,RTGS,Mumbai,1,544653.35,0,0.0,0.0,0,0,46.9
2026-04-12,UPI,Ahmedabad,9,25301.56,0,0.0,0.0,0,0,20.67
2026-04-12,UPI,Bengaluru,9,14981.81,0,0.0,0.0,0,1,32.21
2026-04-12,UPI,Chennai,6,57703.3,1,34853.49,16.667,0,0,38.28
2026-04-12,UPI,Delhi,4,27238.96,0,0.0,0.0,0,0,25.62
2026-04-12,UPI,Hyderabad,7,18195.04,0,0.0,0.0,0,0,28.0
2026-04-12,UPI,Jaipur,4,7932.6,0,0.0,0.0,0,0,23.82
2026-04-12,UPI,Kochi,6,32162.42,0,0.0,0.0,0,0,30.28
2026-04-12,UPI,Kolkata,5,14729.21,0,0.0,0.0,0,0,14.68
2026-04-12,UPI,Mumbai,9,236984.56,1,214628.72,11.111,0,0,29.93
2026-04-12,UPI,Pune,8,26626.75,0,0.0,0.0,0,0,32.89
2026-04-13,ATM,Ahmedabad,2,10215.46,0,0.0,0.0,0,0,46.3
2026-04-13,ATM,Bengaluru,3,6128.7,0,0.0,0.0,0,0,20.63
2026-04-13,ATM,Chennai,4,22889.86,0,0.0,0.0,0,0,31.52
2026-04-13,ATM,Delhi,2,4364.15,0,0.0,0.0,0,0,33.5
2026-04-13,ATM,Hyderabad,4,6463.4,0,0.0,0.0,0,0,22.0
2026-04-13,ATM,Jaipur,4,20999.03,0,0.0,0.0,0,0,26.58
2026-04-13,ATM,Kochi,3,3796.67,0,0.0,0.0,0,0,18.77
2026-04-13,ATM,Kolkata,4,9591.22,0,0.0,0.0,0,0,28.25
2026-04-13,ATM,Mumbai,5,27586.15,0,0.0,0.0,0,0,40.98
2026-04-13,ATM,Pune,3,4098.84,0,0.0,0.0,0,0,21.97
2026-04-13,Branch,Ahmedabad,2,3739.19,0,0.0,0.0,0,0,27.15
2026-04-13,Branch,Bengaluru,1,1408.77,0,0.0,0.0,0,0,34.1
2026-04-13,Branch,Chennai,2,5120.19,0,0.0,0.0,0,0,16.15
2026-04-13,Branch,Delhi,1,2033.95,0,0.0,0.0,0,0,24.4
2026-04-13,Branch,Kolkata,1,1224.01,0,0.0,0.0,0,0,47.9
2026-04-13,Branch,Mumbai,2,2897.52,0,0.0,0.0,0,0,33.65
2026-04-13,Branch,Pune,2,7070.67,0,0.0,0.0,0,0,22.65
2026-04-13,IMPS,Bengaluru,5,4464.54,0,0.0,0.0,0,1,35.4
2026-04-13,IMPS,Chennai,3,5878.61,1,1800.14,33.333,1,0,46.33
2026-04-13,IMPS,Delhi,4,12580.07,0,0.0,0.0,0,0,27.18
2026-04-13,IMPS,Hyderabad,1,7121.68,0,0.0,0.0,0,0,26.1
2026-04-13,IMPS,Jaipur,3,14100.33,0,0.0,0.0,0,0,35.33
2026-04-13,IMPS,Kochi,1,272.52,0,0.0,0.0,0,0,13.4
2026-04-13,IMPS,Kolkata,1,1069.21,0,0.0,0.0,0,0,14.8
2026-04-13,IMPS,Mumbai,4,22755.08,0,0.0,0.0,0,0,38.73
2026-04-13,IMPS,Pune,5,13135.66,0,0.0,0.0,0,0,25.34
2026-04-13,Internet Banking,Ahmedabad,2,9957.88,0,0.0,0.0,0,0,36.7
2026-04-13,Internet Banking,Bengaluru,2,34064.62,0,0.0,0.0,0,0,28.95
2026-04-13,Internet Banking,Chennai,5,590777.52,1,583164.29,20.0,1,0,45.76
2026-04-13,Internet Banking,Delhi,2,2627.05,0,0.0,0.0,0,0,22.45
2026-04-13,Internet Banking,Hyderabad,3,7318.32,0,0.0,0.0,0,0,34.87
2026-04-13,Internet Banking,Jaipur,3,18777.57,0,0.0,0.0,0,0,33.0
2026-04-13,Internet Banking,Kochi,4,12207.28,0,0.0,0.0,0,0,34.0
2026-04-13,Internet Banking,Kolkata,2,2096.93,0,0.0,0.0,0,0,21.65
2026-04-13,Internet Banking,Mumbai,5,8705.76,0,0.0,0.0,0,1,35.36
2026-04-13,Internet Banking,Pune,5,7343.45,0,0.0,0.0,0,0,29.22
2026-04-13,Mobile Banking,Ahmedabad,6,10131.27,0,0.0,0.0,0,0,16.18
2026-04-13,Mobile Banking,Bengaluru,11,40751.24,0,0.0,0.0,0,1,38.23
2026-04-13,Mobile Banking,Chennai,5,5843.11,0,0.0,0.0,0,0,29.54
2026-04-13,Mobile Banking,Delhi,1,3180.71,0,0.0,0.0,0,0,24.3
2026-04-13,Mobile Banking,Hyderabad,6,23389.08,0,0.0,0.0,0,0,24.2
2026-04-13,Mobile Banking,Jaipur,2,5740.18,0,0.0,0.0,0,0,31.3
2026-04-13,Mobile Banking,Kochi,3,2206.26,0,0.0,0.0,0,0,29.83
2026-04-13,Mobile Banking,Kolkata,6,10719.29,0,0.0,0.0,0,0,25.42
2026-04-13,Mobile Banking,Mumbai,4,5981.7,0,0.0,0.0,0,0,26.12
2026-04-13,Mobile Banking,Pune,5,13331.66,0,0.0,0.0,0,0,41.3
2026-04-13,NEFT,Ahmedabad,2,5273.68,0,0.0,0.0,0,0,21.95
2026-04-13,NEFT,Bengaluru,7,10120.42,0,0.0,0.0,0,0,26.46
2026-04-13,NEFT,Chennai,5,190049.17,1,180284.55,20.0,0,0,24.1
2026-04-13,NEFT,Jaipur,5,13998.22,0,0.0,0.0,0,0,28.0
2026-04-13,NEFT,Kochi,3,12876.23,0,0.0,0.0,0,0,34.13
2026-04-13,NEFT,Kolkata,1,1066.57,0,0.0,0.0,0,0,17.6
2026-04-13,NEFT,Mumbai,3,3149.62,0,0.0,0.0,0,0,42.07
2026-04-13,NEFT,Pune,1,2902.03,0,0.0,0.0,0,0,39.0
2026-04-13,POS,Ahmedabad,4,7579.73,0,0.0,0.0,0,0,48.23
2026-04-13,POS,Bengaluru,4,14584.34,0,0.0,0.0,0,0,27.28
2026-04-13,POS,Chennai,4,8944.79,0,0.0,0.0,0,0,31.43
2026-04-13,POS,Delhi,3,6004.19,0,0.0,0.0,0,0,25.23
2026-04-13,POS,Hyderabad,2,877.12,0,0.0,0.0,0,0,12.5
2026-04-13,POS,Kochi,4,5439.46,0,0.0,0.0,0,0,18.55
2026-04-13,POS,Kolkata,5,18491.28,0,0.0,0.0,0,0,25.38
2026-04-13,POS,Mumbai,7,17153.89,0,0.0,0.0,0,0,32.37
2026-04-13,POS,Pune,9,16141.32,0,0.0,0.0,0,0,25.48
2026-04-13,RTGS,Ahmedabad,1,203944.23,0,0.0,0.0,0,0,23.5
2026-04-13,RTGS,Bengaluru,3,3287073.67,0,0.0,0.0,0,1,50.5
2026-04-13,RTGS,Chennai,1,953338.06,0,0.0,0.0,0,0,58.7
2026-04-13,RTGS,Delhi,1,1377575.13,0,0.0,0.0,0,0,28.3
2026-04-13,RTGS,Hyderabad,3,1406325.6,0,0.0,0.0,0,0,45.23
2026-04-13,RTGS,Jaipur,1,951882.52,0,0.0,0.0,0,0,54.8
2026-04-13,RTGS,Kochi,1,1087295.8,0,0.0,0.0,0,0,56.3
2026-04-13,RTGS,Mumbai,3,1541994.67,1,129.96,33.333,0,0,31.4
2026-04-13,RTGS,Pune,1,1044456.09,0,0.0,0.0,0,0,52.7
2026-04-13,UPI,Ahmedabad,4,18248.33,0,0.0,0.0,0,0,30.0
2026-04-13,UPI,Bengaluru,10,20750.97,0,0.0,0.0,0,0,20.65
2026-04-13,UPI,Chennai,6,20978.89,0,0.0,0.0,0,0,43.37
2026-04-13,UPI,Delhi,3,1989.67,0,0.0,0.0,0,0,28.07
2026-04-13,UPI,Hyderabad,6,21809.93,0,0.0,0.0,0,0,22.2
2026-04-13,UPI,Jaipur,8,12285.44,0,0.0,0.0,0,0,30.55
2026-04-13,UPI,Kochi,10,10813.18,1,48.96,10.0,0,0,24.19
2026-04-13,UPI,Kolkata,7,27790.23,0,0.0,0.0,0,0,27.67
2026-04-13,UPI,Mumbai,5,8107.15,0,0.0,0.0,0,0,23.7
2026-04-13,UPI,Pune,6,38685.25,0,0.0,0.0,0,0,30.8
2026-04-14,ATM,Ahmedabad,3,18907.83,0,0.0,0.0,0,0,20.87
2026-04-14,ATM,Bengaluru,4,11605.4,0,0.0,0.0,0,0,21.82
2026-04-14,ATM,Chennai,1,1079.4,0,0.0,0.0,0,0,31.3
2026-04-14,ATM,Delhi,4,21072.35,0,0.0,0.0,0,0,21.05
2026-04-14,ATM,Hyderabad,1,2934.81,0,0.0,0.0,0,0,24.6
2026-04-14,ATM,Kochi,8,30557.57,0,0.0,0.0,0,0,17.52
2026-04-14,ATM,Kolkata,4,6981.26,0,0.0,0.0,0,0,31.6
2026-04-14,ATM,Mumbai,3,5125.24,0,0.0,0.0,0,0,35.13
2026-04-14,ATM,Pune,3,4050.84,0,0.0,0.0,0,0,20.2
2026-04-14,Branch,Ahmedabad,3,2536.73,0,0.0,0.0,0,0,12.27
2026-04-14,Branch,Bengaluru,3,36382.38,0,0.0,0.0,0,0,29.47
2026-04-14,Branch,Kochi,1,9430.8,0,0.0,0.0,0,0,45.8
2026-04-14,Branch,Kolkata,3,9750.62,0,0.0,0.0,0,0,50.2
2026-04-14,Branch,Mumbai,2,2999.68,0,0.0,0.0,0,0,10.7
2026-04-14,IMPS,Ahmedabad,3,2123.3,0,0.0,0.0,0,0,23.63
2026-04-14,IMPS,Bengaluru,3,2747.9,0,0.0,0.0,0,0,24.97
2026-04-14,IMPS,Chennai,2,4916.8,0,0.0,0.0,0,0,32.2
2026-04-14,IMPS,Delhi,1,748.38,0,0.0,0.0,0,0,19.6
2026-04-14,IMPS,Hyderabad,7,24333.1,0,0.0,0.0,0,0,29.1
2026-04-14,IMPS,Jaipur,2,12036.86,0,0.0,0.0,0,0,18.7
2026-04-14,IMPS,Kochi,1,1473.64,0,0.0,0.0,0,0,38.6
2026-04-14,IMPS,Kolkata,2,6357.52,0,0.0,0.0,0,0,46.2
2026-04-14,IMPS,Mumbai,1,1474.76,0,0.0,0.0,0,0,11.5
2026-04-14,IMPS,Pune,1,1171.84,0,0.0,0.0,0,0,41.6
2026-04-14,Internet Banking,Ahmedabad,2,2034.88,0,0.0,0.0,0,0,30.8
2026-04-14,Internet Banking,Bengaluru,5,22555.75,0,0.0,0.0,0,0,29.96
2026-04-14,Internet Banking,Chennai,3,7672.49,0,0.0,0.0,0,0,29.23
2026-04-14,Internet Banking,Delhi,4,13813.29,0,0.0,0.0,0,0,28.97
2026-04-14,Internet Banking,Hyderabad,4,6280.8,0,0.0,0.0,0,0,25.2
2026-04-14,Internet Banking,Jaipur,3,6675.84,0,0.0,0.0,0,0,36.73
2026-04-14,Internet Banking,Kochi,2,10254.55,0,0.0,0.0,0,0,41.65
2026-04-14,Internet Banking,Kolkata,4,11799.73,0,0.0,0.0,0,0,42.8
2026-04-14,Internet Banking,Mumbai,4,3161.49,0,0.0,0.0,0,0,25.32
2026-04-14,Internet Banking,Pune,4,19347.13,0,0.0,0.0,0,0,30.25
2026-04-14,Mobile Banking,Ahmedabad,5,6719.14,0,0.0,0.0,0,0,18.7
2026-04-14,Mobile Banking,Bengaluru,4,6006.92,0,0.0,0.0,0,1,37.12
2026-04-14,Mobile Banking,Chennai,2,10482.15,0,0.0,0.0,0,0,41.85
2026-04-14,Mobile Banking,Delhi,5,6534.67,0,0.0,0.0,0,1,39.56
2026-04-14,Mobile Banking,Hyderabad,8,28306.15,0,0.0,0.0,0,0,28.69
2026-04-14,Mobile Banking,Jaipur,3,14049.79,0,0.0,0.0,0,0,27.0
2026-04-14,Mobile Banking,Kochi,4,4493.88,0,0.0,0.0,0,0,16.82
2026-04-14,Mobile Banking,Kolkata,10,19392.2,0,0.0,0.0,0,0,23.53
2026-04-14,Mobile Banking,Mumbai,4,20322.34,0,0.0,0.0,0,0,34.02
2026-04-14,Mobile Banking,Pune,7,16758.49,1,108.92,14.286,0,0,25.23
2026-04-14,NEFT,Ahmedabad,4,4337.68,0,0.0,0.0,0,0,25.05
2026-04-14,NEFT,Bengaluru,4,290536.6,1,285986.21,25.0,1,0,39.5
2026-04-14,NEFT,Delhi,2,2168.3,0,0.0,0.0,0,0,13.8
2026-04-14,NEFT,Hyderabad,2,3407.9,0,0.0,0.0,0,0,47.55
2026-04-14,NEFT,Jaipur,4,8312.63,0,0.0,0.0,0,0,35.52
2026-04-14,NEFT,Kochi,2,12050.5,0,0.0,0.0,0,0,32.15
2026-04-14,NEFT,Kolkata,4,4644.41,0,0.0,0.0,0,0,24.92
2026-04-14,NEFT,Mumbai,1,792.05,0,0.0,0.0,0,0,23.6
2026-04-14,NEFT,Pune,4,10833.49,0,0.0,0.0,0,0,27.02
2026-04-14,POS,Ahmedabad,4,5828.42,0,0.0,0.0,0,0,19.1
2026-04-14,POS,Bengaluru,4,4410.87,0,0.0,0.0,0,0,35.0
2026-04-14,POS,Chennai,6,9745.36,0,0.0,0.0,0,0,13.23
2026-04-14,POS,Delhi,3,8564.75,0,0.0,0.0,0,0,27.67
2026-04-14,POS,Hyderabad,3,8778.16,0,0.0,0.0,0,0,32.67
2026-04-14,POS,Jaipur,3,9797.07,0,0.0,0.0,0,0,30.93
2026-04-14,POS,Kochi,7,9904.76,0,0.0,0.0,0,0,25.61
2026-04-14,POS,Kolkata,2,1754.17,0,0.0,0.0,0,0,31.75
2026-04-14,POS,Mumbai,2,2195.96,0,0.0,0.0,0,0,26.5
2026-04-14,POS,Pune,3,6242.69,0,0.0,0.0,0,0,26.27
2026-04-14,RTGS,Bengaluru,1,676159.76,0,0.0,0.0,0,0,35.9
2026-04-14,RTGS,Chennai,1,1237606.14,0,0.0,0.0,0,0,53.6
2026-04-14,RTGS,Delhi,1,790872.94,0,0.0,0.0,0,0,25.6
2026-04-14,RTGS,Jaipur,2,686516.48,0,0.0,0.0,0,0,33.15
2026-04-14,RTGS,Kochi,2,1313329.72,0,0.0,0.0,0,0,42.7
2026-04-14,RTGS,Kolkata,2,682386.81,0,0.0,0.0,0,0,26.55
2026-04-14,RTGS,Pune,2,2513772.23,0,0.0,0.0,0,0,31.15
2026-04-14,UPI,Ahmedabad,16,51018.82,0,0.0,0.0,0,0,31.58
2026-04-14,UPI,Bengaluru,3,3407.24,0,0.0,0.0,0,0,38.27
2026-04-14,UPI,Chennai,6,14200.66,1,831.9,16.667,0,1,39.23
2026-04-14,UPI,Delhi,3,8259.57,0,0.0,0.0,0,0,29.57
2026-04-14,UPI,Hyderabad,8,19063.46,0,0.0,0.0,0,0,29.1
2026-04-14,UPI,Jaipur,6,8696.58,0,0.0,0.0,0,0,31.63
2026-04-14,UPI,Kochi,6,21124.47,0,0.0,0.0,0,0,29.3
2026-04-14,UPI,Kolkata,7,39662.5,0,0.0,0.0,0,1,41.44
2026-04-14,UPI,Mumbai,5,34747.4,0,0.0,0.0,0,0,23.36
2026-04-14,UPI,Pune,6,8947.83,0,0.0,0.0,0,0,24.42
2026-04-15,ATM,Ahmedabad,2,6898.53,0,0.0,0.0,0,0,25.1
2026-04-15,ATM,Bengaluru,7,14714.41,0,0.0,0.0,0,0,30.54
2026-04-15,ATM,Chennai,1,3437.12,0,0.0,0.0,0,0,32.6
2026-04-15,ATM,Delhi,2,4064.64,0,0.0,0.0,0,0,26.3
2026-04-15,ATM,Hyderabad,1,2829.97,0,0.0,0.0,0,0,36.5
2026-04-15,ATM,Jaipur,1,22226.08,0,0.0,0.0,0,0,34.7
2026-04-15,ATM,Kochi,5,5259.68,0,0.0,0.0,0,0,28.44
2026-04-15,ATM,Kolkata,3,21150.4,0,0.0,0.0,0,1,52.67
2026-04-15,ATM,Mumbai,5,24847.02,0,0.0,0.0,0,0,27.92
2026-04-15,ATM,Pune,2,5265.35,0,0.0,0.0,0,0,34.1
2026-04-15,Branch,Ahmedabad,1,2831.92,0,0.0,0.0,0,0,38.2
2026-04-15,Branch,Hyderabad,1,1281.51,0,0.0,0.0,0,0,19.0
2026-04-15,Branch,Jaipur,1,1023.92,0,0.0,0.0,0,0,12.6
2026-04-15,Branch,Kochi,2,1808.74,0,0.0,0.0,0,0,18.95
2026-04-15,Branch,Kolkata,3,6981.06,0,0.0,0.0,0,1,46.5
2026-04-15,IMPS,Ahmedabad,3,5631.72,0,0.0,0.0,0,0,24.33
2026-04-15,IMPS,Chennai,2,1974.07,0,0.0,0.0,0,0,37.6
2026-04-15,IMPS,Delhi,3,10773.11,0,0.0,0.0,0,1,43.53
2026-04-15,IMPS,Hyderabad,1,2966.71,0,0.0,0.0,0,0,54.7
2026-04-15,IMPS,Kochi,4,19016.74,0,0.0,0.0,0,0,31.75
2026-04-15,IMPS,Kolkata,1,6405.0,0,0.0,0.0,0,0,50.0
2026-04-15,IMPS,Mumbai,3,3468.1,0,0.0,0.0,0,0,13.1
2026-04-15,IMPS,Pune,1,3544.41,0,0.0,0.0,0,0,41.9
2026-04-15,Internet Banking,Ahmedabad,4,2595.55,0,0.0,0.0,0,0,18.98
2026-04-15,Internet Banking,Bengaluru,3,14140.64,0,0.0,0.0,0,0,35.53
2026-04-15,Internet Banking,Chennai,1,1175.72,0,0.0,0.0,0,0,22.9
2026-04-15,Internet Banking,Delhi,6,15372.36,0,0.0,0.0,0,0,23.9
2026-04-15,Internet Banking,Hyderabad,5,20233.31,0,0.0,0.0,0,0,37.08
2026-04-15,Internet Banking,Jaipur,2,3153.24,0,0.0,0.0,0,0,36.8
2026-04-15,Internet Banking,Kochi,1,3082.34,1,3082.34,100.0,0,1,66.0
2026-04-15,Internet Banking,Kolkata,3,5080.74,0,0.0,0.0,0,0,32.63
2026-04-15,Internet Banking,Mumbai,3,7576.98,0,0.0,0.0,0,0,22.37
2026-04-15,Mobile Banking,Ahmedabad,7,19490.46,0,0.0,0.0,0,0,34.39
2026-04-15,Mobile Banking,Bengaluru,5,20632.23,0,0.0,0.0,0,0,40.26
2026-04-15,Mobile Banking,Chennai,5,7843.95,0,0.0,0.0,0,0,20.9
2026-04-15,Mobile Banking,Delhi,6,40936.61,0,0.0,0.0,0,0,24.47
2026-04-15,Mobile Banking,Hyderabad,5,32336.43,0,0.0,0.0,0,0,33.66
2026-04-15,Mobile Banking,Jaipur,6,202057.61,1,189593.54,16.667,1,0,36.2
2026-04-15,Mobile Banking,Kochi,5,15946.37,0,0.0,0.0,0,0,34.54
2026-04-15,Mobile Banking,Kolkata,5,8906.96,0,0.0,0.0,0,0,23.7
2026-04-15,Mobile Banking,Mumbai,5,9218.27,0,0.0,0.0,0,0,30.92
2026-04-15,Mobile Banking,Pune,3,43676.04,0,0.0,0.0,0,0,38.13
2026-04-15,NEFT,Ahmedabad,2,2881.36,0,0.0,0.0,0,0,42.5
2026-04-15,NEFT,Bengaluru,3,11723.67,0,0.0,0.0,0,0,33.07
2026-04-15,NEFT,Chennai,2,11163.05,0,0.0,0.0,0,0,36.55
2026-04-15,NEFT,Delhi,2,8499.89,0,0.0,0.0,0,0,21.9
2026-04-15,NEFT,Hyderabad,1,3967.61,0,0.0,0.0,0,0,5.2
2026-04-15,NEFT,Jaipur,2,11530.96,0,0.0,0.0,0,0,37.25
2026-04-15,NEFT,Kochi,3,1918.11,0,0.0,0.0,0,0,23.47
2026-04-15,NEFT,Kolkata,4,5626.07,0,0.0,0.0,0,0,22.35
2026-04-15,NEFT,Mumbai,1,3329.72,0,0.0,0.0,0,0,25.2
2026-04-15,NEFT,Pune,2,663.12,0,0.0,0.0,0,0,11.95
2026-04-15,POS,Ahmedabad,7,7548.77,0,0.0,0.0,0,0,19.03
2026-04-15,POS,Bengaluru,3,3050.93,0,0.0,0.0,0,0,27.77
2026-04-15,POS,Chennai,3,12371.57,0,0.0,0.0,0,1,53.7
2026-04-15,POS,Delhi,3,16646.51,0,0.0,0.0,0,0,25.17
2026-04-15,POS,Hyderabad,3,5729.44,0,0.0,0.0,0,0,25.67
2026-04-15,POS,Jaipur,5,55379.1,0,0.0,0.0,0,0,32.96
2026-04-15,POS,Kochi,2,3576.01,0,0.0,0.0,0,0,12.25
2026-04-15,POS,Kolkata,4,6429.63,0,0.0,0.0,0,0,28.4
2026-04-15,POS,Mumbai,3,16690.96,0,0.0,0.0,0,1,30.7
2026-04-15,POS,Pune,1,1448.51,0,0.0,0.0,0,0,47.6
2026-04-15,RTGS,Ahmedabad,1,367205.87,0,0.0,0.0,0,0,35.7
2026-04-15,RTGS,Bengaluru,1,1151043.56,0,0.0,0.0,0,0,57.9
2026-04-15,RTGS,Delhi,2,1312996.39,0,0.0,0.0,0,0,53.0
2026-04-15,RTGS,Hyderabad,2,2000838.02,0,0.0,0.0,0,0,39.8
2026-04-15,RTGS,Jaipur,4,3130765.37,0,0.0,0.0,0,1,56.4
2026-04-15,RTGS,Kochi,4,3255908.64,0,0.0,0.0,0,0,38.38
2026-04-15,RTGS,Mumbai,1,854497.03,0,0.0,0.0,0,0,28.9
2026-04-15,UPI,Ahmedabad,9,24326.47,0,0.0,0.0,0,0,24.66
2026-04-15,UPI,Bengaluru,3,3939.72,0,0.0,0.0,0,0,41.77
2026-04-15,UPI,Chennai,11,15377.82,0,0.0,0.0,0,0,28.84
2026-04-15,UPI,Delhi,4,14197.24,0,0.0,0.0,0,0,25.45
2026-04-15,UPI,Hyderabad,7,9892.46,0,0.0,0.0,0,0,32.14
2026-04-15,UPI,Jaipur,4,35391.77,0,0.0,0.0,0,0,31.88
2026-04-15,UPI,Kochi,5,10576.32,0,0.0,0.0,0,0,29.96
2026-04-15,UPI,Kolkata,5,6039.24,0,0.0,0.0,0,0,16.78
2026-04-15,UPI,Mumbai,5,12768.14,0,0.0,0.0,0,0,29.08
2026-04-15,UPI,Pune,6,23399.53,0,0.0,0.0,0,0,28.9
2026-04-16,ATM,Ahmedabad,4,6206.12,0,0.0,0.0,0,0,35.38
2026-04-16,ATM,Bengaluru,5,30526.14,0,0.0,0.0,0,0,31.78
2026-04-16,ATM,Chennai,2,5965.28,0,0.0,0.0,0,0,36.9
2026-04-16,ATM,Delhi,1,2524.62,0,0.0,0.0,0,0,33.0
2026-04-16,ATM,Hyderabad,1,2927.4,0,0.0,0.0,0,0,28.9
2026-04-16,ATM,Jaipur,3,11039.69,0,0.0,0.0,0,0,17.2
2026-04-16,ATM,Kochi,6,8307.18,0,0.0,0.0,0,0,33.7
2026-04-16,ATM,Kolkata,7,10540.39,0,0.0,0.0,0,0,33.26
2026-04-16,ATM,Mumbai,2,5271.57,0,0.0,0.0,0,0,18.7
2026-04-16,ATM,Pune,4,30072.12,0,0.0,0.0,0,0,34.02
2026-04-16,Branch,Delhi,1,757.64,0,0.0,0.0,0,0,12.3
2026-04-16,Branch,Kochi,1,2405.68,0,0.0,0.0,0,0,33.9
2026-04-16,IMPS,Ahmedabad,1,3512.82,0,0.0,0.0,0,0,25.7
2026-04-16,IMPS,Bengaluru,4,5030.58,0,0.0,0.0,0,0,28.4
2026-04-16,IMPS,Chennai,4,13067.98,0,0.0,0.0,0,0,38.08
2026-04-16,IMPS,Delhi,1,1444.8,0,0.0,0.0,0,0,35.8
2026-04-16,IMPS,Hyderabad,4,8315.83,0,0.0,0.0,0,0,33.12
2026-04-16,IMPS,Jaipur,2,1299.45,0,0.0,0.0,0,0,22.95
2026-04-16,IMPS,Kochi,3,7792.43,0,0.0,0.0,0,0,27.7
2026-04-16,IMPS,Kolkata,2,1949.62,0,0.0,0.0,0,0,25.35
2026-04-16,IMPS,Pune,1,3548.97,0,0.0,0.0,0,0,39.1
2026-04-16,Internet Banking,Ahmedabad,2,2156.78,0,0.0,0.0,0,0,15.25
2026-04-16,Internet Banking,Bengaluru,4,12707.0,0,0.0,0.0,0,0,44.83
2026-04-16,Internet Banking,Chennai,2,17021.74,0,0.0,0.0,0,0,29.0
2026-04-16,Internet Banking,Delhi,3,10570.87,1,1029.44,33.333,0,1,44.1
2026-04-16,Internet Banking,Hyderabad,5,8541.62,0,0.0,0.0,0,0,23.62
2026-04-16,Internet Banking,Jaipur,2,486.43,0,0.0,0.0,0,0,11.2
2026-04-16,Internet Banking,Kochi,3,9667.88,0,0.0,0.0,0,0,27.23
2026-04-16,Internet Banking,Kolkata,4,10844.26,0,0.0,0.0,0,1,34.58
2026-04-16,Internet Banking,Mumbai,2,1846.73,0,0.0,0.0,0,0,18.15
2026-04-16,Internet Banking,Pune,6,29784.25,0,0.0,0.0,0,0,30.13
2026-04-16,Mobile Banking,Ahmedabad,3,7385.77,0,0.0,0.0,0,0,29.53
2026-04-16,Mobile Banking,Bengaluru,7,13747.63,0,0.0,0.0,0,0,30.4
2026-04-16,Mobile Banking,Chennai,4,11728.51,0,0.0,0.0,0,0,33.95
2026-04-16,Mobile Banking,Delhi,6,13540.52,0,0.0,0.0,0,0,27.18
2026-04-16,Mobile Banking,Hyderabad,8,24603.12,0,0.0,0.0,0,0,24.24
2026-04-16,Mobile Banking,Jaipur,3,12906.2,1,145.0,33.333,0,0,39.27
2026-04-16,Mobile Banking,Kochi,4,12400.64,0,0.0,0.0,0,0,33.5
2026-04-16,Mobile Banking,Kolkata,4,7356.72,0,0.0,0.0,0,0,24.48
2026-04-16,Mobile Banking,Mumbai,3,2967.98,0,0.0,0.0,0,0,31.83
2026-04-16,Mobile Banking,Pune,10,33034.45,0,0.0,0.0,0,0,25.23
2026-04-16,NEFT,Ahmedabad,1,4334.58,0,0.0,0.0,0,0,31.0
2026-04-16,NEFT,Bengaluru,1,3821.25,0,0.0,0.0,0,0,42.2
2026-04-16,NEFT,Chennai,2,3462.74,0,0.0,0.0,0,0,34.45
2026-04-16,NEFT,Delhi,1,3089.52,0,0.0,0.0,0,0,41.3
2026-04-16,NEFT,Hyderabad,3,6069.26,0,0.0,0.0,0,0,20.8
2026-04-16,NEFT,Jaipur,3,4056.93,0,0.0,0.0,0,0,44.23
2026-04-16,NEFT,Kochi,5,6885.79,0,0.0,0.0,0,0,30.0
2026-04-16,NEFT,Kolkata,1,1953.83,0,0.0,0.0,0,0,18.7
2026-04-16,NEFT,Mumbai,4,20489.94,0,0.0,0.0,0,0,29.75
2026-04-16,NEFT,Pune,4,7964.8,0,0.0,0.0,0,0,32.0
2026-04-16,POS,Ahmedabad,5,14624.06,0,0.0,0.0,0,0,36.22
2026-04-16,POS,Bengaluru,5,11354.67,0,0.0,0.0,0,0,22.16
2026-04-16,POS,Chennai,4,14086.97,0,0.0,0.0,0,0,32.4
2026-04-16,POS,Delhi,5,25100.7,0,0.0,0.0,0,0,23.8
2026-04-16,POS,Hyderabad,4,20975.11,0,0.0,0.0,0,0,47.83
2026-04-16,POS,Jaipur,3,19389.07,0,0.0,0.0,0,0,28.9
2026-04-16,POS,Kochi,5,10634.03,1,3119.46,20.0,0,1,34.36
2026-04-16,POS,Kolkata,3,3854.27,0,0.0,0.0,0,0,36.43
2026-04-16,POS,Mumbai,6,5917.07,1,984.06,16.667,0,0,32.0
2026-04-16,POS,Pune,9,30840.04,0,0.0,0.0,0,0,23.61
2026-04-16,RTGS,Ahmedabad,1,631887.13,0,0.0,0.0,0,0,54.9
2026-04-16,RTGS,Bengaluru,1,1177043.11,0,0.0,0.0,0,0,27.1
2026-04-16,RTGS,Chennai,2,533298.9,0,0.0,0.0,0,0,41.6
2026-04-16,RTGS,Delhi,1,240880.81,0,0.0,0.0,0,0,57.0
2026-04-16,RTGS,Hyderabad,1,1125124.27,0,0.0,0.0,0,1,69.3
2026-04-16,RTGS,Jaipur,1,926299.62,0,0.0,0.0,0,0,41.0
2026-04-16,RTGS,Kochi,2,831725.05,0,0.0,0.0,0,0,31.9
2026-04-16,RTGS,Kolkata,3,1898950.99,0,0.0,0.0,0,1,60.83
2026-04-16,RTGS,Mumbai,3,3040933.03,0,0.0,0.0,0,0,40.77
2026-04-16,RTGS,Pune,3,3468389.74,0,0.0,0.0,0,0,41.43
2026-04-16,UPI,Ahmedabad,6,11726.98,0,0.0,0.0,0,0,30.98
2026-04-16,UPI,Bengaluru,4,12721.81,0,0.0,0.0,0,1,34.8
2026-04-16,UPI,Chennai,2,9271.36,0,0.0,0.0,0,0,21.75
2026-04-16,UPI,Delhi,8,28582.41,0,0.0,0.0,0,0,29.45
2026-04-16,UPI,Hyderabad,7,21516.38,0,0.0,0.0,0,1,28.83
2026-04-16,UPI,Jaipur,6,13259.18,0,0.0,0.0,0,0,21.9
2026-04-16,UPI,Kochi,4,27510.37,0,0.0,0.0,0,0,24.35
2026-04-16,UPI,Kolkata,7,22456.43,0,0.0,0.0,0,0,33.76
2026-04-16,UPI,Mumbai,4,7050.6,0,0.0,0.0,0,0,27.5
2026-04-16,UPI,Pune,6,5828.03,0,0.0,0.0,0,0,30.58
2026-04-17,ATM,Ahmedabad,1,519.33,0,0.0,0.0,0,0,15.0
2026-04-17,ATM,Bengaluru,5,184566.59,1,176590.94,20.0,1,0,35.7
2026-04-17,ATM,Chennai,5,12923.56,0,0.0,0.0,0,0,31.06
2026-04-17,ATM,Delhi,2,2996.28,0,0.0,0.0,0,0,55.8
2026-04-17,ATM,Hyderabad,4,585250.13,1,575201.0,25.0,0,0,41.05
2026-04-17,ATM,Kochi,3,21924.89,0,0.0,0.0,0,0,25.4
2026-04-17,ATM,Kolkata,3,22678.22,0,0.0,0.0,0,0,27.13
2026-04-17,ATM,Mumbai,4,5864.14,0,0.0,0.0,0,0,28.9
2026-04-17,ATM,Pune,2,4329.97,0,0.0,0.0,0,0,34.25
2026-04-17,Branch,Bengaluru,1,2477.85,0,0.0,0.0,0,0,16.5
2026-04-17,Branch,Chennai,1,1328.26,0,0.0,0.0,0,0,34.7
2026-04-17,Branch,Delhi,1,853.95,0,0.0,0.0,0,0,29.8
2026-04-17,Branch,Hyderabad,1,379.31,0,0.0,0.0,0,0,31.9
2026-04-17,Branch,Kolkata,3,12153.68,0,0.0,0.0,0,0,33.43
2026-04-17,Branch,Pune,1,1584.06,0,0.0,0.0,0,0,36.5
2026-04-17,IMPS,Ahmedabad,1,273.36,0,0.0,0.0,0,0,33.0
2026-04-17,IMPS,Chennai,4,15385.47,0,0.0,0.0,0,0,25.62
2026-04-17,IMPS,Hyderabad,2,2494.06,0,0.0,0.0,0,0,36.05
2026-04-17,IMPS,Kolkata,3,3287.78,0,0.0,0.0,0,0,12.8
2026-04-17,IMPS,Mumbai,2,1112.04,0,0.0,0.0,0,0,27.4
2026-04-17,IMPS,Pune,2,4187.35,0,0.0,0.0,0,0,23.15
2026-04-17,Internet Banking,Ahmedabad,2,4634.36,0,0.0,0.0,0,0,36.3
2026-04-17,Internet Banking,Bengaluru,2,3434.25,0,0.0,0.0,0,0,49.3
2026-04-17,Internet Banking,Chennai,1,895.64,0,0.0,0.0,0,0,34.0
2026-04-17,Internet Banking,Delhi,4,303629.5,1,301033.09,25.0,0,1,42.5
2026-04-17,Internet Banking,Hyderabad,3,377596.74,1,375824.69,33.333,0,1,56.77
2026-04-17,Internet Banking,Jaipur,2,1436.93,0,0.0,0.0,0,0,11.6
2026-04-17,Internet Banking,Kochi,3,3831.49,0,0.0,0.0,0,0,28.77
2026-04-17,Internet Banking,Kolkata,2,1974.22,0,0.0,0.0,0,0,35.75
2026-04-17,Internet Banking,Mumbai,2,5290.63,0,0.0,0.0,0,0,29.6
2026-04-17,Internet Banking,Pune,3,4932.75,0,0.0,0.0,0,0,25.87
2026-04-17,Mobile Banking,Ahmedabad,6,13260.96,0,0.0,0.0,0,0,29.73
2026-04-17,Mobile Banking,Bengaluru,6,12096.63,1,739.35,16.667,0,0,36.48
2026-04-17,Mobile Banking,Chennai,7,16618.25,0,0.0,0.0,0,0,27.1
2026-04-17,Mobile Banking,Delhi,2,12210.28,0,0.0,0.0,0,0,48.65
2026-04-17,Mobile Banking,Hyderabad,5,8615.55,0,0.0,0.0,0,0,19.36
2026-04-17,Mobile Banking,Jaipur,7,28646.61,0,0.0,0.0,0,0,30.16
2026-04-17,Mobile Banking,Kochi,9,23513.01,0,0.0,0.0,0,0,35.5
2026-04-17,Mobile Banking,Kolkata,5,8202.42,0,0.0,0.0,0,1,26.96
2026-04-17,Mobile Banking,Mumbai,9,29755.25,0,0.0,0.0,0,0,27.14
2026-04-17,Mobile Banking,Pune,4,12141.45,0,0.0,0.0,0,0,28.02
2026-04-17,NEFT,Ahmedabad,1,669.4,0,0.0,0.0,0,0,34.2
2026-04-17,NEFT,Bengaluru,4,9985.01,0,0.0,0.0,0,0,17.6
2026-04-17,NEFT,Chennai,1,266.42,0,0.0,0.0,0,0,29.2
2026-04-17,NEFT,Delhi,2,1573.82,0,0.0,0.0,0,0,49.7
2026-04-17,NEFT,Hyderabad,5,3477.37,0,0.0,0.0,0,0,17.74
2026-04-17,NEFT,Jaipur,1,270.23,0,0.0,0.0,0,0,32.4
2026-04-17,NEFT,Kochi,3,3944.05,0,0.0,0.0,0,0,31.03
2026-04-17,NEFT,Kolkata,3,7659.55,0,0.0,0.0,0,0,27.83
2026-04-17,POS,Ahmedabad,2,995.8,0,0.0,0.0,0,0,26.45
2026-04-17,POS,Bengaluru,2,2475.69,0,0.0,0.0,0,0,22.6
2026-04-17,POS,Chennai,3,12445.45,0,0.0,0.0,0,0,39.77
2026-04-17,POS,Delhi,3,2268.16,0,0.0,0.0,0,0,12.6
2026-04-17,POS,Hyderabad,3,5289.4,0,0.0,0.0,0,0,39.9
2026-04-17,POS,Jaipur,5,7371.62,0,0.0,0.0,0,0,23.96
2026-04-17,POS,Kochi,6,24282.84,1,306.26,16.667,0,0,40.98
2026-04-17,POS,Kolkata,2,3307.57,0,0.0,0.0,0,0,16.65
2026-04-17,POS,Mumbai,3,27658.2,0,0.0,0.0,0,0,38.37
2026-04-17,POS,Pune,3,47883.11,0,0.0,0.0,0,0,31.33
2026-04-17,RTGS,Bengaluru,3,2338331.68,0,0.0,0.0,0,0,38.47
2026-04-17,RTGS,Hyderabad,1,949822.26,0,0.0,0.0,0,0,24.0
2026-04-17,RTGS,Jaipur,1,547478.58,0,0.0,0.0,0,0,31.3
2026-04-17,RTGS,Kochi,3,3679554.48,0,0.0,0.0,0,0,41.67
2026-04-17,RTGS,Kolkata,1,1328417.21,0,0.0,0.0,0,0,35.2
2026-04-17,RTGS,Mumbai,4,2736681.71,0,0.0,0.0,0,1,48.22
2026-04-17,RTGS,Pune,3,2490157.31,0,0.0,0.0,0,0,33.67
2026-04-17,UPI,Ahmedabad,11,52797.58,0,0.0,0.0,0,0,28.98
2026-04-17,UPI,Bengaluru,5,12844.97,0,0.0,0.0,0,0,21.3
2026-04-17,UPI,Chennai,14,22581.28,0,0.0,0.0,0,0,22.63
2026-04-17,UPI,Delhi,11,22059.36,0,0.0,0.0,0,0,26.7
2026-04-17,UPI,Hyderabad,5,13394.57,0,0.0,0.0,0,0,20.72
2026-04-17,UPI,Jaipur,6,7093.72,0,0.0,0.0,0,0,29.75
2026-04-17,UPI,Kochi,6,25581.56,0,0.0,0.0,0,2,41.15
2026-04-17,UPI,Kolkata,8,157998.76,1,143287.65,12.5,0,0,27.72
2026-04-17,UPI,Mumbai,8,538081.7,1,523244.64,12.5,0,1,35.95
2026-04-17,UPI,Pune,6,8050.27,0,0.0,0.0,0,0,29.68
2026-04-18,ATM,Ahmedabad,1,760.96,0,0.0,0.0,0,0,17.2
2026-04-18,ATM,Bengaluru,4,7184.33,0,0.0,0.0,0,0,31.73
2026-04-18,ATM,Delhi,3,9565.16,0,0.0,0.0,0,0,22.1
2026-04-18,ATM,Hyderabad,3,11450.12,0,0.0,0.0,0,0,33.43
2026-04-18,ATM,Jaipur,1,3082.11,0,0.0,0.0,0,0,28.7
2026-04-18,ATM,Kochi,2,581.33,0,0.0,0.0,0,0,8.4
2026-04-18,ATM,Kolkata,2,6244.57,0,0.0,0.0,0,0,22.95
2026-04-18,ATM,Mumbai,2,3830.07,0,0.0,0.0,0,0,30.5
2026-04-18,ATM,Pune,4,9940.4,0,0.0,0.0,0,0,27.77
2026-04-18,Branch,Chennai,1,309.85,0,0.0,0.0,0,0,7.8
2026-04-18,Branch,Delhi,1,840.28,0,0.0,0.0,0,0,28.7
2026-04-18,Branch,Jaipur,1,2184.02,0,0.0,0.0,0,0,48.5
2026-04-18,IMPS,Ahmedabad,2,3994.07,0,0.0,0.0,0,0,36.85
2026-04-18,IMPS,Bengaluru,5,13938.76,0,0.0,0.0,0,0,20.22
2026-04-18,IMPS,Chennai,5,9290.84,0,0.0,0.0,0,0,24.52
2026-04-18,IMPS,Delhi,3,7378.54,0,0.0,0.0,0,0,25.6
2026-04-18,IMPS,Hyderabad,1,232511.2,1,232511.2,100.0,0,1,82.7
2026-04-18,IMPS,Jaipur,1,818.2,0,0.0,0.0,0,0,11.0
2026-04-18,IMPS,Kochi,5,12190.52,0,0.0,0.0,0,0,23.32
2026-04-18,IMPS,Kolkata,2,8178.82,1,6337.2,50.0,0,0,48.15
2026-04-18,IMPS,Mumbai,1,2602.43,0,0.0,0.0,0,0,32.6
2026-04-18,IMPS,Pune,2,2163.51,0,0.0,0.0,0,0,25.45
2026-04-18,Internet Banking,Ahmedabad,3,4910.89,0,0.0,0.0,0,0,23.4
2026-04-18,Internet Banking,Bengaluru,2,18097.36,0,0.0,0.0,0,0,33.05
2026-04-18,Internet Banking,Chennai,4,6486.78,0,0.0,0.0,0,0,36.38
2026-04-18,Internet Banking,Delhi,2,39771.95,0,0.0,0.0,0,0,34.65
2026-04-18,Internet Banking,Hyderabad,1,3007.1,0,0.0,0.0,0,0,19.6
2026-04-18,Internet Banking,Jaipur,2,2357.41,0,0.0,0.0,0,0,19.05
2026-04-18,Internet Banking,Kochi,2,2110.44,0,0.0,0.0,0,0,23.45
2026-04-18,Internet Banking,Kolkata,1,869.38,0,0.0,0.0,0,0,13.3
2026-04-18,Internet Banking,Mumbai,6,9601.36,0,0.0,0.0,0,0,36.52
2026-04-18,Internet Banking,Pune,2,1349.88,0,0.0,0.0,0,0,28.65
2026-04-18,Mobile Banking,Ahmedabad,4,10073.22,0,0.0,0.0,0,0,38.05
2026-04-18,Mobile Banking,Bengaluru,2,2112.25,0,0.0,0.0,0,0,28.8
2026-04-18,Mobile Banking,Chennai,7,9049.8,0,0.0,0.0,0,0,29.44
2026-04-18,Mobile Banking,Delhi,7,9148.0,0,0.0,0.0,0,1,31.87
2026-04-18,Mobile Banking,Hyderabad,7,22207.0,0,0.0,0.0,0,0,27.17
2026-04-18,Mobile Banking,Jaipur,4,16298.96,0,0.0,0.0,0,0,31.38
2026-04-18,Mobile Banking,Kochi,2,9587.74,0,0.0,0.0,0,0,50.2
2026-04-18,Mobile Banking,Kolkata,6,35172.65,0,0.0,0.0,0,0,33.2
2026-04-18,Mobile Banking,Mumbai,3,11262.37,0,0.0,0.0,0,0,34.63
2026-04-18,Mobile Banking,Pune,4,3997.6,0,0.0,0.0,0,0,16.5
2026-04-18,NEFT,Ahmedabad,1,911.13,0,0.0,0.0,0,0,21.1
2026-04-18,NEFT,Bengaluru,2,6401.6,0,0.0,0.0,0,0,27.9
2026-04-18,NEFT,Chennai,1,534.51,0,0.0,0.0,0,0,13.5
2026-04-18,NEFT,Delhi,2,5767.71,0,0.0,0.0,0,0,19.9
2026-04-18,NEFT,Hyderabad,3,11996.43,0,0.0,0.0,0,0,33.77
2026-04-18,NEFT,Jaipur,1,1863.47,0,0.0,0.0,0,0,13.7
2026-04-18,NEFT,Kochi,2,9084.98,0,0.0,0.0,0,0,38.8
2026-04-18,NEFT,Kolkata,1,2183.14,0,0.0,0.0,0,0,34.6
2026-04-18,NEFT,Mumbai,3,8862.13,0,0.0,0.0,0,0,33.83
2026-04-18,NEFT,Pune,2,7944.93,0,0.0,0.0,0,0,34.9
2026-04-18,POS,Ahmedabad,5,11658.23,1,121.7,20.0,0,1,41.02
2026-04-18,POS,Bengaluru,5,13370.79,0,0.0,0.0,0,0,32.14
2026-04-18,POS,Chennai,3,11938.16,0,0.0,0.0,0,0,36.3
2026-04-18,POS,Delhi,1,2434.59,0,0.0,0.0,0,0,14.4
2026-04-18,POS,Hyderabad,9,24054.49,0,0.0,0.0,0,0,24.46
2026-04-18,POS,Jaipur,1,1512.0,0,0.0,0.0,0,0,7.9
2026-04-18,POS,Kochi,6,20701.41,0,0.0,0.0,0,0,31.03
2026-04-18,POS,Kolkata,1,1713.53,0,0.0,0.0,0,0,15.6
2026-04-18,POS,Mumbai,6,11525.01,0,0.0,0.0,0,0,24.13
2026-04-18,POS,Pune,6,21130.98,0,0.0,0.0,0,0,31.93
2026-04-18,RTGS,Bengaluru,1,786218.82,0,0.0,0.0,0,1,74.2
2026-04-18,RTGS,Chennai,1,532361.63,0,0.0,0.0,0,0,35.5
2026-04-18,RTGS,Delhi,3,2058064.64,0,0.0,0.0,0,0,31.4
2026-04-18,RTGS,Hyderabad,1,1473017.66,0,0.0,0.0,0,0,28.7
2026-04-18,RTGS,Jaipur,2,1324822.12,0,0.0,0.0,0,0,38.8
2026-04-18,RTGS,Kolkata,1,1220858.19,0,0.0,0.0,0,0,54.6
2026-04-18,UPI,Ahmedabad,7,25886.68,0,0.0,0.0,0,0,31.74
2026-04-18,UPI,Bengaluru,5,8434.41,0,0.0,0.0,0,0,25.46
2026-04-18,UPI,Chennai,3,12331.04,0,0.0,0.0,0,0,37.17
2026-04-18,UPI,Delhi,2,3582.51,0,0.0,0.0,0,0,40.5
2026-04-18,UPI,Hyderabad,4,4507.75,0,0.0,0.0,0,0,26.35
2026-04-18,UPI,Jaipur,3,15867.31,0,0.0,0.0,0,0,34.53
2026-04-18,UPI,Kochi,8,16915.15,0,0.0,0.0,0,0,30.0
2026-04-18,UPI,Kolkata,8,17086.39,0,0.0,0.0,0,0,21.41
2026-04-18,UPI,Mumbai,9,22186.31,0,0.0,0.0,0,1,33.69
2026-04-18,UPI,Pune,5,8952.89,0,0.0,0.0,0,0,34.18
2026-04-19,ATM,Ahmedabad,2,16111.32,0,0.0,0.0,0,0,27.5
2026-04-19,ATM,Bengaluru,3,31161.92,0,0.0,0.0,0,1,41.83
2026-04-19,ATM,Chennai,1,1383.96,0,0.0,0.0,0,0,55.8
2026-04-19,ATM,Delhi,2,1668.42,0,0.0,0.0,0,0,25.4
2026-04-19,ATM,Hyderabad,3,382354.17,1,380608.21,33.333,1,0,50.43
2026-04-19,ATM,Jaipur,1,448.13,0,0.0,0.0,0,0,12.2
2026-04-19,ATM,Mumbai,3,22173.51,0,0.0,0.0,0,0,25.8
2026-04-19,ATM,Pune,5,10608.73,0,0.0,0.0,0,1,41.3
2026-04-19,Branch,Ahmedabad,2,5765.53,0,0.0,0.0,0,0,46.45
2026-04-19,Branch,Bengaluru,1,5274.06,0,0.0,0.0,0,0,51.5
2026-04-19,Branch,Jaipur,3,6640.86,0,0.0,0.0,0,0,25.87
2026-04-19,Branch,Kochi,3,5933.08,0,0.0,0.0,0,0,41.8
2026-04-19,Branch,Kolkata,1,987.97,0,0.0,0.0,0,0,18.7
2026-04-19,IMPS,Ahmedabad,1,502.92,0,0.0,0.0,0,0,7.1
2026-04-19,IMPS,Bengaluru,4,16803.43,0,0.0,0.0,0,0,37.52
2026-04-19,IMPS,Chennai,3,3609.83,0,0.0,0.0,0,0,30.8
2026-04-19,IMPS,Delhi,3,10570.07,0,0.0,0.0,0,0,36.53
2026-04-19,IMPS,Hyderabad,3,6503.81,0,0.0,0.0,0,0,21.93
2026-04-19,IMPS,Jaipur,3,18150.01,0,0.0,0.0,0,0,30.73
2026-04-19,IMPS,Mumbai,2,6439.2,0,0.0,0.0,0,0,23.2
2026-04-19,IMPS,Pune,3,12914.23,0,0.0,0.0,0,0,24.07
2026-04-19,Internet Banking,Ahmedabad,3,12175.08,0,0.0,0.0,0,0,35.53
2026-04-19,Internet Banking,Bengaluru,2,244136.01,1,243556.67,50.0,0,0,38.25
2026-04-19,Internet Banking,Chennai,6,21874.67,0,0.0,0.0,0,1,37.37
2026-04-19,Internet Banking,Delhi,1,3268.38,0,0.0,0.0,0,0,26.6
2026-04-19,Internet Banking,Hyderabad,4,2637.89,0,0.0,0.0,0,0,16.88
2026-04-19,Internet Banking,Jaipur,3,7757.53,0,0.0,0.0,0,0,12.77
2026-04-19,Internet Banking,Kochi,7,13908.01,0,0.0,0.0,0,0,32.76
2026-04-19,Internet Banking,Kolkata,3,11881.4,0,0.0,0.0,0,0,38.43
2026-04-19,Internet Banking,Mumbai,10,29744.89,0,0.0,0.0,0,1,33.84
2026-04-19,Internet Banking,Pune,4,7723.41,0,0.0,0.0,0,0,29.72
2026-04-19,Mobile Banking,Ahmedabad,6,10344.22,0,0.0,0.0,0,0,26.37
2026-04-19,Mobile Banking,Bengaluru,4,525297.69,1,522250.59,25.0,0,0,31.98
2026-04-19,Mobile Banking,Chennai,9,39080.17,0,0.0,0.0,0,0,35.98
2026-04-19,Mobile Banking,Delhi,2,1195.21,0,0.0,0.0,0,0,42.0
2026-04-19,Mobile Banking,Hyderabad,5,12542.66,0,0.0,0.0,0,0,28.4
2026-04-19,Mobile Banking,Jaipur,1,9193.48,0,0.0,0.0,0,0,47.3
2026-04-19,Mobile Banking,Kochi,3,195006.2,1,190361.82,33.333,0,1,42.93
2026-04-19,Mobile Banking,Kolkata,3,12760.73,0,0.0,0.0,0,0,37.03
2026-04-19,Mobile Banking,Mumbai,8,13192.0,0,0.0,0.0,0,0,27.51
2026-04-19,Mobile Banking,Pune,4,7640.82,0,0.0,0.0,0,0,39.03
2026-04-19,NEFT,Ahmedabad,3,9053.13,0,0.0,0.0,0,0,38.53
2026-04-19,NEFT,Chennai,2,9747.53,0,0.0,0.0,0,0,55.05
2026-04-19,NEFT,Delhi,3,7249.64,0,0.0,0.0,0,0,22.9
2026-04-19,NEFT,Hyderabad,1,324.47,0,0.0,0.0,0,0,35.1
2026-04-19,NEFT,Jaipur,3,12824.05,0,0.0,0.0,0,0,35.2
2026-04-19,NEFT,Kochi,1,988.25,0,0.0,0.0,0,0,30.1
2026-04-19,NEFT,Kolkata,2,22291.72,0,0.0,0.0,0,0,36.4
2026-04-19,NEFT,Mumbai,2,6280.43,0,0.0,0.0,0,0,34.65
2026-04-19,NEFT,Pune,3,2451.78,0,0.0,0.0,0,0,15.2
2026-04-19,POS,Ahmedabad,8,11859.55,0,0.0,0.0,0,0,22.79
2026-04-19,POS,Bengaluru,6,30887.47,0,0.0,0.0,0,0,31.97
2026-04-19,POS,Chennai,2,11180.44,0,0.0,0.0,0,0,31.55
2026-04-19,POS,Delhi,2,5406.22,0,0.0,0.0,0,0,16.8
2026-04-19,POS,Hyderabad,6,12879.0,0,0.0,0.0,0,0,26.48
2026-04-19,POS,Jaipur,8,45803.78,0,0.0,0.0,0,0,29.4
2026-04-19,POS,Kochi,5,7083.83,0,0.0,0.0,0,0,21.92
2026-04-19,POS,Kolkata,4,15384.62,0,0.0,0.0,0,1,40.85
2026-04-19,POS,Mumbai,3,5907.93,1,83.01,33.333,0,0,34.0
2026-04-19,POS,Pune,3,10655.34,0,0.0,0.0,0,0,33.87
2026-04-19,RTGS,Ahmedabad,1,600233.93,0,0.0,0.0,0,0,49.0
2026-04-19,RTGS,Bengaluru,2,1182901.72,0,0.0,0.0,0,0,33.35
2026-04-19,RTGS,Chennai,2,1456010.11,0,0.0,0.0,0,0,48.55
2026-04-19,RTGS,Delhi,2,1425310.27,0,0.0,0.0,0,0,41.75
2026-04-19,RTGS,Hyderabad,1,1415917.27,0,0.0,0.0,0,0,53.7
2026-04-19,RTGS,Jaipur,2,1664783.5,0,0.0,0.0,0,0,29.1
2026-04-19,RTGS,Kochi,2,1703359.01,0,0.0,0.0,0,0,47.9
2026-04-19,RTGS,Mumbai,3,3008376.37,0,0.0,0.0,0,0,45.63
2026-04-19,RTGS,Pune,2,1409643.28,0,0.0,0.0,0,0,54.0
2026-04-19,UPI,Ahmedabad,7,19840.23,0,0.0,0.0,0,0,34.96
2026-04-19,UPI,Bengaluru,11,29079.71,0,0.0,0.0,0,0,27.43
2026-04-19,UPI,Chennai,6,9195.38,0,0.0,0.0,0,0,33.92
2026-04-19,UPI,Delhi,8,9509.66,0,0.0,0.0,0,0,26.69
2026-04-19,UPI,Hyderabad,4,12342.48,0,0.0,0.0,0,0,28.27
2026-04-19,UPI,Jaipur,4,7574.74,0,0.0,0.0,0,0,25.2
2026-04-19,UPI,Kochi,7,18317.34,0,0.0,0.0,0,0,28.16
2026-04-19,UPI,Kolkata,5,8489.97,0,0.0,0.0,0,0,23.04
2026-04-19,UPI,Mumbai,9,164700.56,1,141444.29,11.111,1,0,38.27
2026-04-19,UPI,Pune,10,59842.61,0,0.0,0.0,0,2,37.12
2026-04-20,ATM,Ahmedabad,4,16223.56,0,0.0,0.0,0,0,31.68
2026-04-20,ATM,Bengaluru,1,2029.45,0,0.0,0.0,0,0,27.4
2026-04-20,ATM,Chennai,3,4085.56,0,0.0,0.0,0,0,24.2
2026-04-20,ATM,Delhi,2,5545.8,0,0.0,0.0,0,0,27.9
2026-04-20,ATM,Hyderabad,6,26432.64,0,0.0,0.0,0,0,28.93
2026-04-20,ATM,Jaipur,5,301854.43,1,284426.28,20.0,0,1,35.7
2026-04-20,ATM,Kochi,5,9018.05,0,0.0,0.0,0,0,21.22
2026-04-20,ATM,Kolkata,2,1731.85,0,0.0,0.0,0,0,20.45
2026-04-20,ATM,Mumbai,7,11504.91,0,0.0,0.0,0,0,25.16
2026-04-20,ATM,Pune,5,5993.54,0,0.0,0.0,0,0,26.58
2026-04-20,Branch,Ahmedabad,3,2741.1,0,0.0,0.0,0,0,24.17
2026-04-20,Branch,Kochi,2,10049.67,0,0.0,0.0,0,0,15.8
2026-04-20,Branch,Kolkata,1,7265.97,0,0.0,0.0,0,0,53.2
2026-04-20,Branch,Mumbai,1,4689.16,0,0.0,0.0,0,0,13.4
2026-04-20,Branch,Pune,1,3862.28,0,0.0,0.0,0,0,22.5
2026-04-20,IMPS,Ahmedabad,1,4650.23,0,0.0,0.0,0,0,33.5
2026-04-20,IMPS,Bengaluru,1,661.57,0,0.0,0.0,0,0,20.9
2026-04-20,IMPS,Chennai,5,23277.29,0,0.0,0.0,0,0,39.26
2026-04-20,IMPS,Delhi,1,1867.62,0,0.0,0.0,0,0,36.0
2026-04-20,IMPS,Hyderabad,4,12019.44,0,0.0,0.0,0,0,36.1
2026-04-20,IMPS,Jaipur,3,8951.71,0,0.0,0.0,0,0,26.03
2026-04-20,IMPS,Kochi,1,2058.66,0,0.0,0.0,0,0,10.9
2026-04-20,IMPS,Kolkata,2,5030.65,0,0.0,0.0,0,0,18.45
2026-04-20,IMPS,Mumbai,5,20312.47,0,0.0,0.0,0,0,29.14
2026-04-20,IMPS,Pune,1,1233.0,0,0.0,0.0,0,0,14.6
2026-04-20,Internet Banking,Ahmedabad,4,7690.08,1,3992.45,25.0,1,0,46.17
2026-04-20,Internet Banking,Bengaluru,4,5863.55,0,0.0,0.0,0,0,25.62
2026-04-20,Internet Banking,Chennai,4,10026.72,0,0.0,0.0,0,0,41.47
2026-04-20,Internet Banking,Delhi,2,3334.08,0,0.0,0.0,0,0,16.75
2026-04-20,Internet Banking,Hyderabad,2,2341.66,0,0.0,0.0,0,0,20.5
2026-04-20,Internet Banking,Jaipur,2,3427.24,0,0.0,0.0,0,0,34.1
2026-04-20,Internet Banking,Kochi,2,9203.69,0,0.0,0.0,0,0,36.75
2026-04-20,Internet Banking,Mumbai,6,20696.44,0,0.0,0.0,0,0,31.65
2026-04-20,Internet Banking,Pune,2,2913.44,0,0.0,0.0,0,0,24.6
2026-04-20,Mobile Banking,Ahmedabad,8,18391.94,0,0.0,0.0,0,0,29.73
2026-04-20,Mobile Banking,Bengaluru,6,17512.65,0,0.0,0.0,0,0,20.83
2026-04-20,Mobile Banking,Chennai,6,5346.9,1,11.9,16.667,0,0,30.13
2026-04-20,Mobile Banking,Delhi,1,331.42,0,0.0,0.0,0,0,27.8
2026-04-20,Mobile Banking,Hyderabad,8,29268.24,0,0.0,0.0,0,0,30.1
2026-04-20,Mobile Banking,Jaipur,3,8962.3,0,0.0,0.0,0,0,40.23
2026-04-20,Mobile Banking,Kochi,8,25864.54,0,0.0,0.0,0,0,25.09
2026-04-20,Mobile Banking,Kolkata,7,10918.83,0,0.0,0.0,0,0,18.14
2026-04-20,Mobile Banking,Mumbai,7,16385.68,0,0.0,0.0,0,0,23.94
2026-04-20,Mobile Banking,Pune,9,24869.96,0,0.0,0.0,0,0,31.38
2026-04-20,NEFT,Ahmedabad,2,4413.73,0,0.0,0.0,0,0,31.15
2026-04-20,NEFT,Bengaluru,1,447.82,0,0.0,0.0,0,0,7.4
2026-04-20,NEFT,Delhi,4,18106.01,0,0.0,0.0,0,0,40.92
2026-04-20,NEFT,Hyderabad,3,25322.05,0,0.0,0.0,0,0,32.13
2026-04-20,NEFT,Kochi,1,515.73,0,0.0,0.0,0,0,30.0
2026-04-20,NEFT,Kolkata,4,19514.52,0,0.0,0.0,0,0,37.12
2026-04-20,NEFT,Mumbai,1,4460.24,0,0.0,0.0,0,0,52.1
2026-04-20,NEFT,Pune,1,3622.05,0,0.0,0.0,0,0,50.6
2026-04-20,POS,Ahmedabad,3,13842.36,0,0.0,0.0,0,0,19.4
2026-04-20,POS,Bengaluru,5,4307.88,0,0.0,0.0,0,0,29.34
2026-04-20,POS,Chennai,2,5557.0,0,0.0,0.0,0,0,25.15
2026-04-20,POS,Delhi,8,9582.92,0,0.0,0.0,0,0,33.01
2026-04-20,POS,Hyderabad,2,3193.63,0,0.0,0.0,0,0,11.4
2026-04-20,POS,Jaipur,1,3201.16,0,0.0,0.0,0,0,15.2
2026-04-20,POS,Kochi,6,22412.85,0,0.0,0.0,0,0,21.33
2026-04-20,POS,Kolkata,3,5667.46,0,0.0,0.0,0,0,18.57
2026-04-20,POS,Mumbai,5,172995.88,1,161507.04,20.0,1,0,50.56
2026-04-20,POS,Pune,6,16229.44,0,0.0,0.0,0,1,29.78
2026-04-20,RTGS,Bengaluru,2,2157355.83,0,0.0,0.0,0,0,55.8
2026-04-20,RTGS,Delhi,2,1373581.71,0,0.0,0.0,0,0,42.8
2026-04-20,RTGS,Hyderabad,2,2276346.93,0,0.0,0.0,0,0,38.5
2026-04-20,RTGS,Kochi,1,1268964.6,0,0.0,0.0,0,0,30.8
2026-04-20,RTGS,Mumbai,2,790688.63,0,0.0,0.0,0,0,33.1
2026-04-20,RTGS,Pune,1,698385.99,0,0.0,0.0,0,0,47.6
2026-04-20,UPI,Ahmedabad,3,5047.31,0,0.0,0.0,0,0,27.63
2026-04-20,UPI,Bengaluru,9,23818.09,0,0.0,0.0,0,0,29.06
2026-04-20,UPI,Chennai,4,304708.78,1,293575.21,25.0,1,0,61.73
2026-04-20,UPI,Delhi,6,8879.3,0,0.0,0.0,0,0,26.42
2026-04-20,UPI,Hyderabad,5,29523.34,0,0.0,0.0,0,1,41.88
2026-04-20,UPI,Jaipur,8,38916.73,0,0.0,0.0,0,1,36.02
2026-04-20,UPI,Kochi,5,8721.39,0,0.0,0.0,0,0,22.74
2026-04-20,UPI,Kolkata,7,17527.79,0,0.0,0.0,0,0,29.56
2026-04-20,UPI,Mumbai,3,6495.15,0,0.0,0.0,0,0,36.67
2026-04-20,UPI,Pune,2,14260.04,0,0.0,0.0,0,0,29.55
2026-04-21,ATM,Ahmedabad,1,7853.89,0,0.0,0.0,0,0,58.9
2026-04-21,ATM,Bengaluru,3,5542.19,0,0.0,0.0,0,0,29.03
2026-04-21,ATM,Chennai,2,2442.33,0,0.0,0.0,0,0,20.05
2026-04-21,ATM,Delhi,2,4342.07,0,0.0,0.0,0,0,46.25
2026-04-21,ATM,Hyderabad,2,3031.31,0,0.0,0.0,0,0,19.3
2026-04-21,ATM,Jaipur,6,23093.98,0,0.0,0.0,0,0,28.22
2026-04-21,ATM,Kolkata,4,11250.68,0,0.0,0.0,0,0,33.72
2026-04-21,ATM,Mumbai,4,5284.6,0,0.0,0.0,0,0,28.35
2026-04-21,ATM,Pune,1,3522.04,0,0.0,0.0,0,0,32.8
2026-04-21,Branch,Chennai,1,1072.45,0,0.0,0.0,0,0,24.0
2026-04-21,Branch,Delhi,1,2799.36,0,0.0,0.0,0,0,19.2
2026-04-21,Branch,Kolkata,1,1309.16,0,0.0,0.0,0,0,42.9
2026-04-21,Branch,Mumbai,1,4122.45,0,0.0,0.0,0,0,19.4
2026-04-21,IMPS,Ahmedabad,5,8391.65,0,0.0,0.0,0,0,24.8
2026-04-21,IMPS,Bengaluru,6,8240.09,0,0.0,0.0,0,0,25.2
2026-04-21,IMPS,Chennai,4,5284.79,0,0.0,0.0,0,0,21.2
2026-04-21,IMPS,Delhi,2,7733.83,0,0.0,0.0,0,0,29.85
2026-04-21,IMPS,Hyderabad,4,11253.79,0,0.0,0.0,0,0,27.45
2026-04-21,IMPS,Jaipur,3,88198.49,1,86414.79,33.333,1,0,42.3
2026-04-21,IMPS,Kochi,3,2561.09,0,0.0,0.0,0,0,22.63
2026-04-21,IMPS,Kolkata,1,1230.13,0,0.0,0.0,0,0,12.5
2026-04-21,IMPS,Mumbai,3,4142.98,0,0.0,0.0,0,0,15.43
2026-04-21,IMPS,Pune,2,1600.7,0,0.0,0.0,0,0,23.4
2026-04-21,Internet Banking,Ahmedabad,3,5351.68,0,0.0,0.0,0,0,17.97
2026-04-21,Internet Banking,Bengaluru,2,1064.93,0,0.0,0.0,0,0,35.6
2026-04-21,Internet Banking,Chennai,3,9437.21,0,0.0,0.0,0,0,37.03
2026-04-21,Internet Banking,Delhi,3,8519.87,0,0.0,0.0,0,0,44.33
2026-04-21,Internet Banking,Hyderabad,1,4674.69,0,0.0,0.0,0,0,56.9
2026-04-21,Internet Banking,Jaipur,4,17349.74,0,0.0,0.0,0,0,41.22
2026-04-21,Internet Banking,Kochi,6,68767.7,1,60596.05,16.667,0,1,44.92
2026-04-21,Internet Banking,Kolkata,1,9953.17,0,0.0,0.0,0,0,34.5
2026-04-21,Internet Banking,Mumbai,2,3964.42,0,0.0,0.0,0,0,14.7
2026-04-21,Internet Banking,Pune,4,30428.17,0,0.0,0.0,0,0,30.93
2026-04-21,Mobile Banking,Ahmedabad,2,2975.66,0,0.0,0.0,0,0,16.8
2026-04-21,Mobile Banking,Bengaluru,4,13418.86,0,0.0,0.0,0,0,21.35
2026-04-21,Mobile Banking,Chennai,5,12876.7,0,0.0,0.0,0,0,28.3
2026-04-21,Mobile Banking,Delhi,4,14037.66,0,0.0,0.0,0,0,40.25
2026-04-21,Mobile Banking,Hyderabad,4,6406.28,0,0.0,0.0,0,0,24.25
2026-04-21,Mobile Banking,Jaipur,2,27136.86,0,0.0,0.0,0,0,27.45
2026-04-21,Mobile Banking,Kochi,10,15571.55,0,0.0,0.0,0,0,23.36
2026-04-21,Mobile Banking,Kolkata,2,1375.64,0,0.0,0.0,0,0,32.2
2026-04-21,Mobile Banking,Mumbai,3,19497.08,0,0.0,0.0,0,0,21.37
2026-04-21,Mobile Banking,Pune,4,7723.83,0,0.0,0.0,0,0,24.18
2026-04-21,NEFT,Ahmedabad,2,4839.38,0,0.0,0.0,0,0,32.7
2026-04-21,NEFT,Bengaluru,3,10362.54,0,0.0,0.0,0,0,30.73
2026-04-21,NEFT,Chennai,5,14988.3,0,0.0,0.0,0,0,21.7
2026-04-21,NEFT,Delhi,2,1528.02,0,0.0,0.0,0,0,20.2
2026-04-21,NEFT,Hyderabad,2,4217.08,0,0.0,0.0,0,0,24.75
2026-04-21,NEFT,Jaipur,2,5318.02,0,0.0,0.0,0,0,34.7
2026-04-21,NEFT,Kochi,2,8502.21,0,0.0,0.0,0,0,23.65
2026-04-21,NEFT,Kolkata,2,2800.89,0,0.0,0.0,0,0,28.05
2026-04-21,NEFT,Mumbai,2,3850.07,0,0.0,0.0,0,0,16.7
2026-04-21,NEFT,Pune,2,864.97,0,0.0,0.0,0,0,23.85
2026-04-21,POS,Ahmedabad,3,13462.24,0,0.0,0.0,0,0,19.53
2026-04-21,POS,Bengaluru,5,87873.53,0,0.0,0.0,0,0,29.02
2026-04-21,POS,Chennai,2,11038.46,0,0.0,0.0,0,0,46.0
2026-04-21,POS,Delhi,6,15681.92,0,0.0,0.0,0,0,24.68
2026-04-21,POS,Hyderabad,6,12922.42,0,0.0,0.0,0,0,28.12
2026-04-21,POS,Jaipur,4,7116.49,0,0.0,0.0,0,0,29.02
2026-04-21,POS,Kochi,5,12320.68,0,0.0,0.0,0,0,27.4
2026-04-21,POS,Kolkata,4,10309.75,0,0.0,0.0,0,0,36.55
2026-04-21,POS,Mumbai,4,571553.12,1,545774.38,25.0,0,1,42.17
2026-04-21,POS,Pune,5,11338.89,0,0.0,0.0,0,0,27.74
2026-04-21,RTGS,Ahmedabad,1,1187380.26,0,0.0,0.0,0,0,52.5
2026-04-21,RTGS,Bengaluru,1,328355.07,0,0.0,0.0,0,0,54.9
2026-04-21,RTGS,Hyderabad,2,2089320.84,0,0.0,0.0,0,0,31.35
2026-04-21,RTGS,Jaipur,1,316167.91,0,0.0,0.0,0,0,32.6
2026-04-21,RTGS,Kolkata,1,499117.34,0,0.0,0.0,0,0,29.7
2026-04-21,RTGS,Mumbai,2,1048825.41,0,0.0,0.0,0,0,39.1
2026-04-21,RTGS,Pune,1,286252.62,0,0.0,0.0,0,0,34.2
2026-04-21,UPI,Ahmedabad,7,39976.02,0,0.0,0.0,0,0,35.57
2026-04-21,UPI,Bengaluru,10,15552.79,0,0.0,0.0,0,0,29.5
2026-04-21,UPI,Chennai,6,18487.53,0,0.0,0.0,0,0,28.15
2026-04-21,UPI,Delhi,6,11823.28,0,0.0,0.0,0,0,29.75
2026-04-21,UPI,Hyderabad,4,5956.67,1,142.86,25.0,0,0,27.7
2026-04-21,UPI,Jaipur,7,7807.07,0,0.0,0.0,0,1,36.27
2026-04-21,UPI,Kochi,5,9427.55,0,0.0,0.0,0,0,15.46
2026-04-21,UPI,Kolkata,3,15618.4,0,0.0,0.0,0,0,46.1
2026-04-21,UPI,Mumbai,7,9725.14,0,0.0,0.0,0,0,29.81
2026-04-21,UPI,Pune,7,24546.68,0,0.0,0.0,0,0,33.73
2026-04-22,ATM,Ahmedabad,3,8390.13,0,0.0,0.0,0,0,35.2
2026-04-22,ATM,Bengaluru,6,9006.21,0,0.0,0.0,0,0,30.12
2026-04-22,ATM,Chennai,2,1341.92,0,0.0,0.0,0,0,26.5
2026-04-22,ATM,Delhi,3,11379.68,0,0.0,0.0,0,0,34.03
2026-04-22,ATM,Hyderabad,2,13871.8,0,0.0,0.0,0,0,40.8
2026-04-22,ATM,Kochi,3,9324.13,0,0.0,0.0,0,0,39.73
2026-04-22,ATM,Mumbai,2,7562.37,0,0.0,0.0,0,0,23.5
2026-04-22,ATM,Pune,1,474.45,0,0.0,0.0,0,0,31.8
2026-04-22,Branch,Ahmedabad,1,3501.16,0,0.0,0.0,0,0,39.7
2026-04-22,Branch,Chennai,1,1755.69,0,0.0,0.0,0,0,15.3
2026-04-22,Branch,Jaipur,1,528.53,0,0.0,0.0,0,0,17.0
2026-04-22,Branch,Kochi,2,2807.99,1,434.7,50.0,0,2,71.3
2026-04-22,Branch,Kolkata,1,437.24,0,0.0,0.0,0,0,11.8
2026-04-22,Branch,Pune,1,4336.84,0,0.0,0.0,0,0,12.1
2026-04-22,IMPS,Ahmedabad,3,19408.69,0,0.0,0.0,0,0,38.77
2026-04-22,IMPS,Bengaluru,4,22052.98,0,0.0,0.0,0,0,30.1
2026-04-22,IMPS,Chennai,1,842.51,0,0.0,0.0,0,0,16.2
2026-04-22,IMPS,Jaipur,1,7597.8,0,0.0,0.0,0,0,27.9
2026-04-22,IMPS,Mumbai,2,5628.64,0,0.0,0.0,0,0,37.1
2026-04-22,IMPS,Pune,3,4989.57,0,0.0,0.0,0,0,34.57
2026-04-22,Internet Banking,Ahmedabad,5,20620.62,0,0.0,0.0,0,0,39.88
2026-04-22,Internet Banking,Bengaluru,2,3019.45,0,0.0,0.0,0,0,25.5
2026-04-22,Internet Banking,Chennai,6,6178.65,0,0.0,0.0,0,0,27.73
2026-04-22,Internet Banking,Delhi,1,898.76,0,0.0,0.0,0,0,17.4
2026-04-22,Internet Banking,Hyderabad,4,7805.98,0,0.0,0.0,0,0,30.18
2026-04-22,Internet Banking,Jaipur,4,4119.38,0,0.0,0.0,0,0,30.83
2026-04-22,Internet Banking,Kochi,4,21938.02,0,0.0,0.0,0,0,31.95
2026-04-22,Internet Banking,Kolkata,3,25673.21,0,0.0,0.0,0,0,30.27
2026-04-22,Internet Banking,Mumbai,2,2843.52,0,0.0,0.0,0,0,37.5
2026-04-22,Internet Banking,Pune,5,8345.72,0,0.0,0.0,0,0,24.62
2026-04-22,Mobile Banking,Ahmedabad,2,6192.62,0,0.0,0.0,0,0,33.95
2026-04-22,Mobile Banking,Bengaluru,2,4100.69,0,0.0,0.0,0,0,25.7
2026-04-22,Mobile Banking,Chennai,6,11375.46,0,0.0,0.0,0,1,30.1
2026-04-22,Mobile Banking,Delhi,2,2392.82,0,0.0,0.0,0,0,17.45
2026-04-22,Mobile Banking,Hyderabad,2,2992.57,0,0.0,0.0,0,0,20.1
2026-04-22,Mobile Banking,Jaipur,1,5297.15,0,0.0,0.0,0,0,38.9
2026-04-22,Mobile Banking,Kochi,4,15960.77,0,0.0,0.0,0,0,32.92
2026-04-22,Mobile Banking,Mumbai,6,15622.17,0,0.0,0.0,0,0,21.28
2026-04-22,Mobile Banking,Pune,5,13103.47,0,0.0,0.0,0,0,29.6
2026-04-22,NEFT,Bengaluru,3,8211.76,0,0.0,0.0,0,0,38.67
2026-04-22,NEFT,Chennai,6,8634.41,0,0.0,0.0,0,0,24.77
2026-04-22,NEFT,Delhi,5,16901.26,0,0.0,0.0,0,1,33.22
2026-04-22,NEFT,Hyderabad,2,1730.8,0,0.0,0.0,0,0,34.55
2026-04-22,NEFT,Jaipur,1,304.58,0,0.0,0.0,0,0,12.0
2026-04-22,NEFT,Kochi,3,7415.89,0,0.0,0.0,0,0,41.6
2026-04-22,NEFT,Kolkata,3,18120.59,0,0.0,0.0,0,0,36.47
2026-04-22,NEFT,Mumbai,2,2796.35,0,0.0,0.0,0,0,29.3
2026-04-22,NEFT,Pune,4,24985.05,0,0.0,0.0,0,0,20.2
2026-04-22,POS,Ahmedabad,7,25662.72,0,0.0,0.0,0,0,30.57
2026-04-22,POS,Bengaluru,4,5744.91,0,0.0,0.0,0,0,25.0
2026-04-22,POS,Chennai,4,15927.79,0,0.0,0.0,0,0,37.08
2026-04-22,POS,Delhi,5,17902.42,0,0.0,0.0,0,0,20.58
2026-04-22,POS,Hyderabad,4,9827.08,0,0.0,0.0,0,0,31.77
2026-04-22,POS,Jaipur,1,1070.16,0,0.0,0.0,0,0,18.4
2026-04-22,POS,Kochi,5,7581.73,0,0.0,0.0,0,0,29.56
2026-04-22,POS,Kolkata,2,4061.35,0,0.0,0.0,0,0,26.55
2026-04-22,POS,Mumbai,1,4825.35,0,0.0,0.0,0,0,27.4
2026-04-22,POS,Pune,3,132333.22,1,129765.31,33.333,0,1,34.87
2026-04-22,RTGS,Delhi,2,1475805.08,0,0.0,0.0,0,0,46.05
2026-04-22,RTGS,Jaipur,1,1216577.59,0,0.0,0.0,0,0,48.6
2026-04-22,RTGS,Mumbai,2,1098710.78,0,0.0,0.0,0,1,62.6
2026-04-22,RTGS,Pune,2,1606747.42,0,0.0,0.0,0,0,44.05
2026-04-22,UPI,Ahmedabad,11,29168.82,1,38.81,9.091,0,0,34.83
2026-04-22,UPI,Bengaluru,8,12750.18,0,0.0,0.0,0,0,29.87
2026-04-22,UPI,Chennai,4,29112.67,0,0.0,0.0,0,0,21.25
2026-04-22,UPI,Delhi,9,21752.46,0,0.0,0.0,0,0,32.78
2026-04-22,UPI,Hyderabad,11,18871.05,0,0.0,0.0,0,0,30.05
2026-04-22,UPI,Jaipur,7,12447.4,0,0.0,0.0,0,1,35.33
2026-04-22,UPI,Kochi,5,6277.07,0,0.0,0.0,0,0,32.1
2026-04-22,UPI,Kolkata,3,3152.08,0,0.0,0.0,0,0,31.17
2026-04-22,UPI,Mumbai,4,2729.87,0,0.0,0.0,0,0,20.95
2026-04-22,UPI,Pune,4,10108.58,0,0.0,0.0,0,1,33.85
2026-04-23,ATM,Ahmedabad,2,11664.51,0,0.0,0.0,0,0,35.3
2026-04-23,ATM,Bengaluru,4,4738.08,0,0.0,0.0,0,0,22.55
2026-04-23,ATM,Chennai,1,1327.22,0,0.0,0.0,0,0,42.8
2026-04-23,ATM,Delhi,4,10878.83,0,0.0,0.0,0,0,26.17
2026-04-23,ATM,Hyderabad,1,2311.04,0,0.0,0.0,0,0,18.7
2026-04-23,ATM,Kochi,3,5027.65,0,0.0,0.0,0,0,29.8
2026-04-23,ATM,Kolkata,3,387009.13,1,383364.21,33.333,0,0,37.83
2026-04-23,ATM,Mumbai,3,8605.06,0,0.0,0.0,0,0,32.5
2026-04-23,ATM,Pune,2,3981.43,0,0.0,0.0,0,0,17.05
2026-04-23,Branch,Ahmedabad,1,3902.54,0,0.0,0.0,0,0,25.2
2026-04-23,Branch,Jaipur,1,470.6,0,0.0,0.0,0,0,17.4
2026-04-23,Branch,Kolkata,1,1574.21,0,0.0,0.0,0,0,20.6
2026-04-23,IMPS,Ahmedabad,2,4830.27,0,0.0,0.0,0,0,20.6
2026-04-23,IMPS,Bengaluru,2,12385.77,0,0.0,0.0,0,0,43.7
2026-04-23,IMPS,Chennai,1,984.19,0,0.0,0.0,0,0,31.8
2026-04-23,IMPS,Delhi,3,10302.94,0,0.0,0.0,0,0,27.67
2026-04-23,IMPS,Hyderabad,1,4376.77,0,0.0,0.0,0,0,24.9
2026-04-23,IMPS,Jaipur,1,427.06,0,0.0,0.0,0,0,41.1
2026-04-23,IMPS,Kolkata,3,30920.11,0,0.0,0.0,0,1,46.0
2026-04-23,IMPS,Mumbai,1,944.48,0,0.0,0.0,0,0,12.8
2026-04-23,Internet Banking,Ahmedabad,3,8246.94,0,0.0,0.0,0,0,18.13
2026-04-23,Internet Banking,Bengaluru,2,4741.84,0,0.0,0.0,0,0,30.4
2026-04-23,Internet Banking,Chennai,4,12849.91,0,0.0,0.0,0,0,30.25
2026-04-23,Internet Banking,Delhi,5,13820.23,0,0.0,0.0,0,0,23.2
2026-04-23,Internet Banking,Hyderabad,3,1183.24,0,0.0,0.0,0,0,21.53
2026-04-23,Internet Banking,Jaipur,4,9729.24,0,0.0,0.0,0,0,24.82
2026-04-23,Internet Banking,Kochi,1,1631.8,0,0.0,0.0,0,0,19.6
2026-04-23,Internet Banking,Kolkata,2,1712.15,0,0.0,0.0,0,0,18.85
2026-04-23,Internet Banking,Mumbai,5,12266.39,0,0.0,0.0,0,0,26.86
2026-04-23,Internet Banking,Pune,4,6958.58,0,0.0,0.0,0,0,30.45
2026-04-23,Mobile Banking,Ahmedabad,9,258643.74,1,235608.9,11.111,1,0,33.37
2026-04-23,Mobile Banking,Bengaluru,5,17070.46,0,0.0,0.0,0,0,29.96
2026-04-23,Mobile Banking,Chennai,6,16357.01,0,0.0,0.0,0,0,24.37
2026-04-23,Mobile Banking,Delhi,6,16473.07,0,0.0,0.0,0,0,23.0
2026-04-23,Mobile Banking,Hyderabad,5,15051.59,0,0.0,0.0,0,0,25.2
2026-04-23,Mobile Banking,Jaipur,3,4691.02,0,0.0,0.0,0,0,29.07
2026-04-23,Mobile Banking,Kochi,2,1101.45,0,0.0,0.0,0,0,13.3
2026-04-23,Mobile Banking,Kolkata,3,2414.03,0,0.0,0.0,0,0,18.9
2026-04-23,Mobile Banking,Mumbai,5,6268.12,1,1739.92,20.0,1,0,40.58
2026-04-23,Mobile Banking,Pune,9,25173.78,0,0.0,0.0,0,0,31.78
2026-04-23,NEFT,Ahmedabad,1,827.54,0,0.0,0.0,0,0,22.4
2026-04-23,NEFT,Bengaluru,3,3077.12,0,0.0,0.0,0,0,51.0
2026-04-23,NEFT,Delhi,2,3485.57,0,0.0,0.0,0,0,19.15
2026-04-23,NEFT,Hyderabad,1,635.62,0,0.0,0.0,0,0,33.4
2026-04-23,NEFT,Jaipur,3,9452.49,1,1543.62,33.333,0,0,42.53
2026-04-23,NEFT,Kolkata,1,352.22,0,0.0,0.0,0,0,17.1
2026-04-23,NEFT,Mumbai,2,16559.88,0,0.0,0.0,0,0,24.5
2026-04-23,NEFT,Pune,1,724.87,0,0.0,0.0,0,0,19.8
2026-04-23,POS,Ahmedabad,6,8223.34,0,0.0,0.0,0,0,30.28
2026-04-23,POS,Bengaluru,2,7026.52,0,0.0,0.0,0,0,37.6
2026-04-23,POS,Chennai,4,10588.02,0,0.0,0.0,0,0,23.75
2026-04-23,POS,Delhi,4,24761.03,0,0.0,0.0,0,0,27.8
2026-04-23,POS,Hyderabad,8,20662.76,0,0.0,0.0,0,0,32.4
2026-04-23,POS,Jaipur,2,1810.19,0,0.0,0.0,0,0,31.3
2026-04-23,POS,Kolkata,3,5210.07,0,0.0,0.0,0,0,24.8
2026-04-23,POS,Mumbai,6,18412.55,0,0.0,0.0,0,0,24.0
2026-04-23,POS,Pune,7,10593.1,0,0.0,0.0,0,0,25.21
2026-04-23,RTGS,Ahmedabad,1,1003915.92,0,0.0,0.0,0,0,35.2
2026-04-23,RTGS,Bengaluru,1,339646.5,0,0.0,0.0,0,0,34.5
2026-04-23,RTGS,Hyderabad,2,933077.14,0,0.0,0.0,0,0,38.9
2026-04-23,RTGS,Jaipur,1,353919.06,0,0.0,0.0,0,0,49.3
2026-04-23,RTGS,Pune,2,1704352.56,0,0.0,0.0,0,0,34.0
2026-04-23,UPI,Ahmedabad,5,9100.19,0,0.0,0.0,0,0,26.0
2026-04-23,UPI,Bengaluru,11,29343.97,0,0.0,0.0,0,0,24.13
2026-04-23,UPI,Chennai,14,33812.45,0,0.0,0.0,0,0,28.32
2026-04-23,UPI,Delhi,5,7591.15,0,0.0,0.0,0,0,18.4
2026-04-23,UPI,Hyderabad,7,22628.39,0,0.0,0.0,0,0,25.4
2026-04-23,UPI,Jaipur,8,15115.52,0,0.0,0.0,0,1,27.56
2026-04-23,UPI,Kochi,8,13063.32,0,0.0,0.0,0,0,28.77
2026-04-23,UPI,Kolkata,5,10550.63,0,0.0,0.0,0,0,26.14
2026-04-23,UPI,Mumbai,3,4795.81,0,0.0,0.0,0,0,31.67
2026-04-23,UPI,Pune,5,9913.65,0,0.0,0.0,0,0,25.06
2026-04-24,ATM,Ahmedabad,3,3408.28,0,0.0,0.0,0,0,22.27
2026-04-24,ATM,Bengaluru,2,2800.59,0,0.0,0.0,0,0,32.3
2026-04-24,ATM,Chennai,1,763.34,0,0.0,0.0,0,0,51.6
2026-04-24,ATM,Delhi,2,12490.78,0,0.0,0.0,0,0,41.9
2026-04-24,ATM,Hyderabad,2,13877.46,0,0.0,0.0,0,0,35.8
2026-04-24,ATM,Kochi,2,1744.59,0,0.0,0.0,0,0,35.1
2026-04-24,ATM,Kolkata,5,36953.16,1,8295.32,20.0,0,2,46.82
2026-04-24,ATM,Mumbai,3,2558.05,0,0.0,0.0,0,0,28.27
2026-04-24,ATM,Pune,2,1494.6,1,143.88,50.0,0,0,41.25
2026-04-24,Branch,Chennai,1,1825.23,0,0.0,0.0,0,0,47.2
2026-04-24,Branch,Delhi,1,993.77,0,0.0,0.0,0,0,17.8
2026-04-24,Branch,Jaipur,1,1788.26,0,0.0,0.0,0,0,18.5
2026-04-24,Branch,Kochi,1,2368.66,0,0.0,0.0,0,0,23.4
2026-04-24,Branch,Mumbai,1,3749.7,0,0.0,0.0,0,0,42.7
2026-04-24,Branch,Pune,1,5081.22,0,0.0,0.0,0,0,29.5
2026-04-24,IMPS,Ahmedabad,4,23334.93,0,0.0,0.0,0,1,42.05
2026-04-24,IMPS,Bengaluru,6,16063.07,0,0.0,0.0,0,1,42.8
2026-04-24,IMPS,Chennai,4,10273.1,0,0.0,0.0,0,0,35.98
2026-04-24,IMPS,Delhi,1,3796.64,0,0.0,0.0,0,0,24.3
2026-04-24,IMPS,Hyderabad,3,15637.91,0,0.0,0.0,0,0,38.03
2026-04-24,IMPS,Jaipur,1,1018.21,0,0.0,0.0,0,0,14.8
2026-04-24,IMPS,Kochi,1,331.49,0,0.0,0.0,0,0,11.5
2026-04-24,IMPS,Kolkata,1,2847.46,0,0.0,0.0,0,0,34.6
2026-04-24,IMPS,Mumbai,2,4456.68,0,0.0,0.0,0,0,26.3
2026-04-24,IMPS,Pune,2,5803.32,0,0.0,0.0,0,0,33.0
2026-04-24,Internet Banking,Ahmedabad,6,23253.5,0,0.0,0.0,0,0,25.0
2026-04-24,Internet Banking,Bengaluru,4,6535.17,0,0.0,0.0,0,0,27.2
2026-04-24,Internet Banking,Chennai,7,43587.84,0,0.0,0.0,0,1,51.51
2026-04-24,Internet Banking,Delhi,3,4796.34,0,0.0,0.0,0,0,10.57
2026-04-24,Internet Banking,Hyderabad,3,4487.34,0,0.0,0.0,0,0,29.77
2026-04-24,Internet Banking,Jaipur,4,24768.97,0,0.0,0.0,0,0,36.78
2026-04-24,Internet Banking,Kochi,2,2313.42,0,0.0,0.0,0,0,20.8
2026-04-24,Internet Banking,Kolkata,1,3142.53,0,0.0,0.0,0,0,35.4
2026-04-24,Internet Banking,Mumbai,1,142.93,0,0.0,0.0,0,0,12.0
2026-04-24,Internet Banking,Pune,4,11835.69,0,0.0,0.0,0,0,25.67
2026-04-24,Mobile Banking,Ahmedabad,6,10705.56,0,0.0,0.0,0,0,27.0
2026-04-24,Mobile Banking,Bengaluru,7,19175.67,0,0.0,0.0,0,0,37.57
2026-04-24,Mobile Banking,Chennai,7,527705.94,1,515540.15,14.286,0,1,34.47
2026-04-24,Mobile Banking,Delhi,3,6570.75,0,0.0,0.0,0,0,23.97
2026-04-24,Mobile Banking,Hyderabad,9,43229.42,0,0.0,0.0,0,0,27.27
2026-04-24,Mobile Banking,Jaipur,2,1202.77,0,0.0,0.0,0,0,21.05
2026-04-24,Mobile Banking,Kochi,7,15171.98,0,0.0,0.0,0,0,29.73
2026-04-24,Mobile Banking,Kolkata,3,3389.89,0,0.0,0.0,0,0,22.73
2026-04-24,Mobile Banking,Mumbai,4,8018.07,0,0.0,0.0,0,0,41.35
2026-04-24,Mobile Banking,Pune,7,10502.0,1,3646.44,14.286,0,2,44.41
2026-04-24,NEFT,Ahmedabad,3,11027.05,0,0.0,0.0,0,1,36.07
2026-04-24,NEFT,Bengaluru,2,3176.6,0,0.0,0.0,0,0,24.5
2026-04-24,NEFT,Chennai,3,1523.26,0,0.0,0.0,0,0,20.2
2026-04-24,NEFT,Delhi,3,3719.8,0,0.0,0.0,0,0,26.87
2026-04-24,NEFT,Hyderabad,1,1021.7,0,0.0,0.0,0,0,14.2
2026-04-24,NEFT,Jaipur,5,22543.47,0,0.0,0.0,0,1,34.8
2026-04-24,NEFT,Kochi,3,12163.94,0,0.0,0.0,0,0,46.53
2026-04-24,NEFT,Kolkata,3,11528.88,0,0.0,0.0,0,0,28.7
2026-04-24,NEFT,Pune,1,3167.92,0,0.0,0.0,0,0,19.9
2026-04-24,POS,Ahmedabad,1,1659.59,0,0.0,0.0,0,0,39.8
2026-04-24,POS,Bengaluru,8,20422.04,0,0.0,0.0,0,0,31.25
2026-04-24,POS,Chennai,7,18595.69,0,0.0,0.0,0,0,27.56
2026-04-24,POS,Delhi,4,5023.43,0,0.0,0.0,0,0,19.45
2026-04-24,POS,Hyderabad,4,16164.26,0,0.0,0.0,0,0,34.6
2026-04-24,POS,Jaipur,5,8552.27,0,0.0,0.0,0,0,30.38
2026-04-24,POS,Kochi,4,8975.54,0,0.0,0.0,0,0,37.03
2026-04-24,POS,Kolkata,2,10073.39,0,0.0,0.0,0,0,46.5
2026-04-24,POS,Mumbai,3,5454.85,0,0.0,0.0,0,0,21.13
2026-04-24,POS,Pune,10,425247.71,1,409956.98,10.0,0,1,33.53
2026-04-24,RTGS,Ahmedabad,1,892029.13,0,0.0,0.0,0,0,31.8
2026-04-24,RTGS,Delhi,2,1381288.95,0,0.0,0.0,0,0,44.3
2026-04-24,RTGS,Hyderabad,2,733995.71,0,0.0,0.0,0,2,71.05
2026-04-24,RTGS,Jaipur,1,805702.51,0,0.0,0.0,0,0,52.2
2026-04-24,RTGS,Mumbai,2,1539582.54,0,0.0,0.0,0,0,51.4
2026-04-24,RTGS,Pune,2,1775882.42,0,0.0,0.0,0,0,39.15
2026-04-24,UPI,Ahmedabad,7,17123.88,0,0.0,0.0,0,0,29.01
2026-04-24,UPI,Bengaluru,5,9543.82,0,0.0,0.0,0,0,18.08
2026-04-24,UPI,Chennai,7,11077.29,1,398.36,14.286,0,0,36.16
2026-04-24,UPI,Delhi,3,8559.8,0,0.0,0.0,0,0,28.87
2026-04-24,UPI,Hyderabad,3,6524.76,0,0.0,0.0,0,0,21.63
2026-04-24,UPI,Jaipur,5,10509.8,0,0.0,0.0,0,0,41.46
2026-04-24,UPI,Kochi,3,941.76,0,0.0,0.0,0,0,27.57
2026-04-24,UPI,Kolkata,6,7895.76,1,59.68,16.667,0,0,34.4
2026-04-24,UPI,Mumbai,8,14989.78,0,0.0,0.0,0,0,30.12
2026-04-24,UPI,Pune,9,46706.46,0,0.0,0.0,0,0,32.24
2026-04-25,ATM,Ahmedabad,3,14741.4,0,0.0,0.0,0,0,30.6
2026-04-25,ATM,Bengaluru,5,11099.24,0,0.0,0.0,0,0,18.66
2026-04-25,ATM,Chennai,2,6526.89,0,0.0,0.0,0,0,44.5
2026-04-25,ATM,Hyderabad,5,28953.32,0,0.0,0.0,0,0,34.44
2026-04-25,ATM,Jaipur,1,819.59,0,0.0,0.0,0,0,7.5
2026-04-25,ATM,Kochi,4,7190.45,0,0.0,0.0,0,0,27.15
2026-04-25,ATM,Kolkata,4,6704.16,0,0.0,0.0,0,0,29.68
2026-04-25,ATM,Pune,1,605.67,0,0.0,0.0,0,0,17.4
2026-04-25,Branch,Ahmedabad,1,499.98,0,0.0,0.0,0,0,25.6
2026-04-25,Branch,Bengaluru,3,8061.06,0,0.0,0.0,0,0,29.07
2026-04-25,Branch,Hyderabad,2,171897.63,1,171310.77,50.0,0,0,28.2
2026-04-25,Branch,Kochi,2,13084.53,0,0.0,0.0,0,0,39.0
2026-04-25,Branch,Pune,1,6818.64,0,0.0,0.0,0,0,47.3
2026-04-25,IMPS,Bengaluru,1,328.15,0,0.0,0.0,0,0,14.2
2026-04-25,IMPS,Chennai,3,10182.65,0,0.0,0.0,0,0,44.97
2026-04-25,IMPS,Delhi,1,717.28,0,0.0,0.0,0,0,15.5
2026-04-25,IMPS,Hyderabad,1,616.75,0,0.0,0.0,0,0,14.5
2026-04-25,IMPS,Jaipur,1,1033.95,0,0.0,0.0,0,0,38.9
2026-04-25,IMPS,Kochi,2,2241.5,0,0.0,0.0,0,0,24.05
2026-04-25,IMPS,Kolkata,3,13995.45,0,0.0,0.0,0,0,38.33
2026-04-25,IMPS,Mumbai,3,3648.9,0,0.0,0.0,0,0,13.03
2026-04-25,IMPS,Pune,2,5120.27,0,0.0,0.0,0,0,37.7
2026-04-25,Internet Banking,Ahmedabad,6,9294.41,0,0.0,0.0,0,0,19.63
2026-04-25,Internet Banking,Bengaluru,3,2619.27,1,840.64,33.333,0,1,50.47
2026-04-25,Internet Banking,Chennai,1,4627.59,0,0.0,0.0,0,0,19.9
2026-04-25,Internet Banking,Delhi,3,2650.7,0,0.0,0.0,0,0,24.97
2026-04-25,Internet Banking,Hyderabad,6,17674.86,0,0.0,0.0,0,0,32.93
2026-04-25,Internet Banking,Jaipur,3,9899.39,0,0.0,0.0,0,0,29.0
2026-04-25,Internet Banking,Kochi,8,25231.72,0,0.0,0.0,0,0,30.9
2026-04-25,Internet Banking,Kolkata,2,4650.83,0,0.0,0.0,0,0,24.1
2026-04-25,Internet Banking,Mumbai,3,10925.4,0,0.0,0.0,0,0,44.67
2026-04-25,Internet Banking,Pune,1,564.9,0,0.0,0.0,0,0,16.5
2026-04-25,Mobile Banking,Ahmedabad,6,32794.7,0,0.0,0.0,0,0,35.23
2026-04-25,Mobile Banking,Bengaluru,9,19599.34,0,0.0,0.0,0,0,26.11
2026-04-25,Mobile Banking,Chennai,2,5696.84,0,0.0,0.0,0,0,32.3
2026-04-25,Mobile Banking,Delhi,3,7653.54,0,0.0,0.0,0,0,37.17
2026-04-25,Mobile Banking,Hyderabad,6,9141.26,0,0.0,0.0,0,0,27.55
2026-04-25,Mobile Banking,Jaipur,2,2609.66,0,0.0,0.0,0,0,23.85
2026-04-25,Mobile Banking,Kochi,5,26508.73,0,0.0,0.0,0,0,19.78
2026-04-25,Mobile Banking,Mumbai,2,2860.78,0,0.0,0.0,0,0,29.25
2026-04-25,Mobile Banking,Pune,7,21786.31,0,0.0,0.0,0,0,31.51
2026-04-25,NEFT,Ahmedabad,3,18948.51,0,0.0,0.0,0,0,36.73
2026-04-25,NEFT,Bengaluru,3,3558.53,0,0.0,0.0,0,0,25.47
2026-04-25,NEFT,Chennai,5,14875.91,0,0.0,0.0,0,0,27.42
2026-04-25,NEFT,Delhi,6,23618.84,0,0.0,0.0,0,0,34.87
2026-04-25,NEFT,Hyderabad,3,21346.24,1,1700.8,33.333,0,0,31.93
2026-04-25,NEFT,Jaipur,4,6735.12,0,0.0,0.0,0,0,22.6
2026-04-25,NEFT,Kochi,1,1411.76,0,0.0,0.0,0,0,16.5
2026-04-25,NEFT,Kolkata,3,2549.95,0,0.0,0.0,0,0,33.83
2026-04-25,NEFT,Pune,1,231.86,0,0.0,0.0,0,0,15.0
2026-04-25,POS,Ahmedabad,2,1364.99,0,0.0,0.0,0,0,34.3
2026-04-25,POS,Bengaluru,4,14897.94,0,0.0,0.0,0,0,34.83
2026-04-25,POS,Chennai,3,11079.0,0,0.0,0.0,0,1,40.7
2026-04-25,POS,Delhi,3,7696.0,0,0.0,0.0,0,0,24.3
2026-04-25,POS,Hyderabad,5,11715.19,0,0.0,0.0,0,0,24.88
2026-04-25,POS,Jaipur,3,8991.72,0,0.0,0.0,0,0,33.03
2026-04-25,POS,Kochi,5,21254.24,0,0.0,0.0,0,0,25.3
2026-04-25,POS,Kolkata,5,6653.37,0,0.0,0.0,0,0,31.98
2026-04-25,POS,Mumbai,3,6667.79,0,0.0,0.0,0,0,32.03
2026-04-25,POS,Pune,2,9893.32,0,0.0,0.0,0,0,34.1
2026-04-25,RTGS,Chennai,4,3283679.73,0,0.0,0.0,0,1,45.75
2026-04-25,RTGS,Delhi,1,1187087.17,0,0.0,0.0,0,1,71.4
2026-04-25,RTGS,Hyderabad,1,782313.44,0,0.0,0.0,0,0,32.4
2026-04-25,RTGS,Jaipur,2,1893970.36,0,0.0,0.0,0,1,50.5
2026-04-25,RTGS,Kolkata,1,835324.57,0,0.0,0.0,0,0,53.1
2026-04-25,RTGS,Mumbai,2,1512928.91,0,0.0,0.0,0,0,29.45
2026-04-25,UPI,Ahmedabad,8,20045.8,0,0.0,0.0,0,0,31.62
2026-04-25,UPI,Bengaluru,6,16950.94,0,0.0,0.0,0,0,25.78
2026-04-25,UPI,Chennai,9,25082.73,0,0.0,0.0,0,0,27.27
2026-04-25,UPI,Delhi,5,9404.77,0,0.0,0.0,0,0,31.4
2026-04-25,UPI,Jaipur,13,22372.21,0,0.0,0.0,0,1,31.94
2026-04-25,UPI,Kochi,4,3805.09,0,0.0,0.0,0,0,28.8
2026-04-25,UPI,Kolkata,5,22228.97,0,0.0,0.0,0,0,22.64
2026-04-25,UPI,Mumbai,5,17547.62,0,0.0,0.0,0,0,34.68
2026-04-25,UPI,Pune,6,8126.48,0,0.0,0.0,0,0,20.48
2026-04-26,ATM,Ahmedabad,1,24299.91,0,0.0,0.0,0,0,47.3
2026-04-26,ATM,Bengaluru,2,4323.94,0,0.0,0.0,0,0,14.9
2026-04-26,ATM,Delhi,4,10779.8,0,0.0,0.0,0,0,32.33
2026-04-26,ATM,Hyderabad,2,15306.54,0,0.0,0.0,0,0,40.75
2026-04-26,ATM,Jaipur,2,1286.01,0,0.0,0.0,0,0,16.6
2026-04-26,ATM,Kochi,3,4856.62,0,0.0,0.0,0,0,38.9
2026-04-26,ATM,Mumbai,1,489.08,0,0.0,0.0,0,0,7.2
2026-04-26,ATM,Pune,6,244062.7,0,0.0,0.0,0,1,28.23
2026-04-26,Branch,Bengaluru,1,406.56,0,0.0,0.0,0,0,39.8
2026-04-26,Branch,Hyderabad,1,508.8,0,0.0,0.0,0,0,34.3
2026-04-26,Branch,Jaipur,1,716.76,0,0.0,0.0,0,0,41.9
2026-04-26,Branch,Kolkata,2,10567.01,0,0.0,0.0,0,0,44.85
2026-04-26,Branch,Mumbai,1,23258.77,0,0.0,0.0,0,0,49.1
2026-04-26,Branch,Pune,1,2444.36,0,0.0,0.0,0,0,47.4
2026-04-26,IMPS,Ahmedabad,3,6770.1,0,0.0,0.0,0,0,20.77
2026-04-26,IMPS,Bengaluru,4,7220.11,0,0.0,0.0,0,0,25.73
2026-04-26,IMPS,Chennai,1,15670.98,0,0.0,0.0,0,0,32.5
2026-04-26,IMPS,Delhi,2,4511.64,0,0.0,0.0,0,0,22.75
2026-04-26,IMPS,Hyderabad,4,27455.17,0,0.0,0.0,0,0,28.77
2026-04-26,IMPS,Jaipur,1,3952.71,0,0.0,0.0,0,0,14.9
2026-04-26,IMPS,Kochi,3,4241.61,0,0.0,0.0,0,0,40.17
2026-04-26,IMPS,Kolkata,2,5865.95,0,0.0,0.0,0,0,36.15
2026-04-26,IMPS,Mumbai,2,7557.61,0,0.0,0.0,0,0,25.6
2026-04-26,IMPS,Pune,2,6331.63,0,0.0,0.0,0,0,24.4
2026-04-26,Internet Banking,Ahmedabad,5,11857.01,0,0.0,0.0,0,0,35.76
2026-04-26,Internet Banking,Bengaluru,4,14361.72,0,0.0,0.0,0,0,17.0
2026-04-26,Internet Banking,Chennai,1,5638.56,0,0.0,0.0,0,0,19.4
2026-04-26,Internet Banking,Delhi,3,11582.65,0,0.0,0.0,0,0,33.7
2026-04-26,Internet Banking,Hyderabad,3,3383.43,0,0.0,0.0,0,0,32.0
2026-04-26,Internet Banking,Jaipur,7,106445.14,1,80952.5,14.286,0,1,41.61
2026-04-26,Internet Banking,Kochi,3,6904.62,0,0.0,0.0,0,0,29.1
2026-04-26,Internet Banking,Mumbai,6,29646.7,0,0.0,0.0,0,0,30.77
2026-04-26,Internet Banking,Pune,7,29968.76,0,0.0,0.0,0,0,28.43
2026-04-26,Mobile Banking,Ahmedabad,5,9192.36,0,0.0,0.0,0,0,28.92
2026-04-26,Mobile Banking,Bengaluru,5,11700.5,0,0.0,0.0,0,0,30.54
2026-04-26,Mobile Banking,Chennai,6,17575.88,0,0.0,0.0,0,0,25.65
2026-04-26,Mobile Banking,Delhi,4,12758.02,0,0.0,0.0,0,0,28.42
2026-04-26,Mobile Banking,Hyderabad,5,14754.66,0,0.0,0.0,0,0,25.86
2026-04-26,Mobile Banking,Jaipur,8,13011.54,0,0.0,0.0,0,0,39.51
2026-04-26,Mobile Banking,Kochi,4,16030.72,0,0.0,0.0,0,0,44.67
2026-04-26,Mobile Banking,Kolkata,7,24691.72,0,0.0,0.0,0,0,26.73
2026-04-26,Mobile Banking,Mumbai,5,11728.58,0,0.0,0.0,0,0,24.22
2026-04-26,Mobile Banking,Pune,4,8196.24,0,0.0,0.0,0,0,35.17
2026-04-26,NEFT,Bengaluru,3,5220.45,0,0.0,0.0,0,0,27.87
2026-04-26,NEFT,Chennai,2,5098.71,0,0.0,0.0,0,0,40.7
2026-04-26,NEFT,Delhi,3,7036.73,0,0.0,0.0,0,0,21.7
2026-04-26,NEFT,Hyderabad,2,3534.52,0,0.0,0.0,0,0,20.75
2026-04-26,NEFT,Jaipur,1,1724.08,0,0.0,0.0,0,0,32.3
2026-04-26,NEFT,Kochi,1,15853.12,0,0.0,0.0,0,1,71.7
2026-04-26,NEFT,Kolkata,4,6452.01,0,0.0,0.0,0,0,27.15
2026-04-26,NEFT,Mumbai,1,1020.46,0,0.0,0.0,0,0,7.1
2026-04-26,NEFT,Pune,4,20828.69,0,0.0,0.0,0,0,23.2
2026-04-26,POS,Ahmedabad,2,3378.79,0,0.0,0.0,0,0,33.75
2026-04-26,POS,Bengaluru,6,36164.27,0,0.0,0.0,0,0,28.77
2026-04-26,POS,Chennai,3,2302.52,0,0.0,0.0,0,0,18.6
2026-04-26,POS,Delhi,2,3268.18,0,0.0,0.0,0,0,18.95
2026-04-26,POS,Hyderabad,2,4778.92,0,0.0,0.0,0,0,30.95
2026-04-26,POS,Jaipur,3,7948.38,0,0.0,0.0,0,0,22.6
2026-04-26,POS,Kochi,3,2941.82,0,0.0,0.0,0,0,35.97
2026-04-26,POS,Kolkata,3,3701.7,0,0.0,0.0,0,0,28.23
2026-04-26,POS,Mumbai,4,13735.49,0,0.0,0.0,0,0,22.5
2026-04-26,POS,Pune,4,11295.93,0,0.0,0.0,0,0,29.38
2026-04-26,RTGS,Bengaluru,1,222359.59,0,0.0,0.0,0,0,45.1
2026-04-26,RTGS,Chennai,1,1498160.94,0,0.0,0.0,0,0,25.8
2026-04-26,RTGS,Delhi,2,1588451.39,0,0.0,0.0,0,0,45.1
2026-04-26,RTGS,Hyderabad,1,441622.98,0,0.0,0.0,0,0,32.5
2026-04-26,RTGS,Jaipur,3,2170656.6,0,0.0,0.0,0,0,38.03
2026-04-26,RTGS,Kochi,3,2129076.19,0,0.0,0.0,0,0,41.33
2026-04-26,RTGS,Kolkata,1,263119.39,0,0.0,0.0,0,0,45.9
2026-04-26,RTGS,Mumbai,2,1569356.0,0,0.0,0.0,0,0,27.6
2026-04-26,RTGS,Pune,3,1939218.99,0,0.0,0.0,0,0,40.93
2026-04-26,UPI,Ahmedabad,9,53519.24,1,39325.28,11.111,0,0,34.18
2026-04-26,UPI,Bengaluru,7,130722.04,1,117071.84,14.286,1,0,34.29
2026-04-26,UPI,Chennai,4,18933.74,0,0.0,0.0,0,0,33.28
2026-04-26,UPI,Delhi,5,6383.03,0,0.0,0.0,0,0,16.92
2026-04-26,UPI,Hyderabad,10,24006.16,0,0.0,0.0,0,0,24.15
2026-04-26,UPI,Jaipur,11,17972.44,0,0.0,0.0,0,0,25.07
2026-04-26,UPI,Kochi,6,27614.7,0,0.0,0.0,0,0,34.15
2026-04-26,UPI,Kolkata,1,1838.1,0,0.0,0.0,0,0,4.2
2026-04-26,UPI,Mumbai,4,8912.3,0,0.0,0.0,0,0,32.9
2026-04-26,UPI,Pune,9,42868.35,0,0.0,0.0,0,0,33.74
2026-04-27,ATM,Ahmedabad,3,9651.87,0,0.0,0.0,0,0,34.93
2026-04-27,ATM,Bengaluru,1,3517.07,0,0.0,0.0,0,0,17.9
2026-04-27,ATM,Chennai,4,31188.55,0,0.0,0.0,0,0,33.3
2026-04-27,ATM,Delhi,5,8509.4,0,0.0,0.0,0,0,30.32
2026-04-27,ATM,Hyderabad,7,20514.12,0,0.0,0.0,0,0,31.07
2026-04-27,ATM,Jaipur,4,7581.33,0,0.0,0.0,0,0,28.57
2026-04-27,ATM,Kochi,7,8739.49,0,0.0,0.0,0,0,29.23
2026-04-27,ATM,Kolkata,2,3543.81,0,0.0,0.0,0,0,23.05
2026-04-27,ATM,Mumbai,4,11937.25,0,0.0,0.0,0,0,18.58
2026-04-27,ATM,Pune,6,11827.25,0,0.0,0.0,0,0,29.87
2026-04-27,Branch,Ahmedabad,1,257.45,0,0.0,0.0,0,0,13.1
2026-04-27,Branch,Bengaluru,1,571.94,0,0.0,0.0,0,0,8.3
2026-04-27,Branch,Kochi,1,3810.31,0,0.0,0.0,0,0,56.9
2026-04-27,Branch,Kolkata,1,3908.82,0,0.0,0.0,0,0,64.9
2026-04-27,Branch,Pune,2,8784.52,0,0.0,0.0,0,0,34.9
2026-04-27,IMPS,Ahmedabad,1,1380.29,0,0.0,0.0,0,0,29.2
2026-04-27,IMPS,Chennai,2,2421.22,0,0.0,0.0,0,0,23.65
2026-04-27,IMPS,Delhi,1,1254.02,0,0.0,0.0,0,0,17.3
2026-04-27,IMPS,Hyderabad,4,9369.54,0,0.0,0.0,0,0,41.45
2026-04-27,IMPS,Jaipur,3,5436.17,0,0.0,0.0,0,0,17.23
2026-04-27,IMPS,Kolkata,2,1595.5,0,0.0,0.0,0,0,26.85
2026-04-27,IMPS,Mumbai,3,9584.96,0,0.0,0.0,0,0,34.7
2026-04-27,IMPS,Pune,1,1313.79,0,0.0,0.0,0,0,61.9
2026-04-27,Internet Banking,Ahmedabad,3,10033.42,0,0.0,0.0,0,0,56.4
2026-04-27,Internet Banking,Bengaluru,3,8373.53,0,0.0,0.0,0,1,43.1
2026-04-27,Internet Banking,Chennai,1,18562.35,0,0.0,0.0,0,0,34.6
2026-04-27,Internet Banking,Delhi,5,15824.73,0,0.0,0.0,0,0,30.86
2026-04-27,Internet Banking,Hyderabad,2,10724.74,0,0.0,0.0,0,1,46.85
2026-04-27,Internet Banking,Jaipur,1,1164.12,0,0.0,0.0,0,0,13.5
2026-04-27,Internet Banking,Kochi,6,6184.1,0,0.0,0.0,0,0,26.73
2026-04-27,Internet Banking,Kolkata,4,383418.75,1,365708.19,25.0,0,0,39.78
2026-04-27,Internet Banking,Mumbai,2,6356.08,0,0.0,0.0,0,0,18.1
2026-04-27,Internet Banking,Pune,2,1597.43,0,0.0,0.0,0,0,17.0
2026-04-27,Mobile Banking,Ahmedabad,2,4310.5,0,0.0,0.0,0,0,34.65
2026-04-27,Mobile Banking,Bengaluru,4,10171.98,0,0.0,0.0,0,0,33.3
2026-04-27,Mobile Banking,Chennai,3,7150.7,0,0.0,0.0,0,0,21.47
2026-04-27,Mobile Banking,Delhi,8,16260.73,0,0.0,0.0,0,0,25.39
2026-04-27,Mobile Banking,Hyderabad,4,2830.15,0,0.0,0.0,0,0,22.6
2026-04-27,Mobile Banking,Jaipur,8,38798.93,1,29487.81,12.5,0,1,40.15
2026-04-27,Mobile Banking,Kochi,1,1144.12,0,0.0,0.0,0,0,36.3
2026-04-27,Mobile Banking,Kolkata,6,139319.94,1,127809.98,16.667,0,0,37.57
2026-04-27,Mobile Banking,Mumbai,6,9812.62,0,0.0,0.0,0,0,29.97
2026-04-27,Mobile Banking,Pune,6,5559.43,0,0.0,0.0,0,0,31.5
2026-04-27,NEFT,Ahmedabad,3,5306.86,0,0.0,0.0,0,0,23.9
2026-04-27,NEFT,Bengaluru,1,5033.11,0,0.0,0.0,0,0,26.7
2026-04-27,NEFT,Chennai,2,6316.63,0,0.0,0.0,0,0,45.15
2026-04-27,NEFT,Delhi,2,15637.4,0,0.0,0.0,0,0,46.65
2026-04-27,NEFT,Hyderabad,2,5650.82,0,0.0,0.0,0,0,39.7
2026-04-27,NEFT,Jaipur,4,24680.89,0,0.0,0.0,0,0,32.62
2026-04-27,NEFT,Kochi,1,2112.68,0,0.0,0.0,0,0,37.1
2026-04-27,NEFT,Kolkata,4,6365.34,0,0.0,0.0,0,1,45.8
2026-04-27,NEFT,Mumbai,1,2010.86,0,0.0,0.0,0,0,12.0
2026-04-27,NEFT,Pune,2,1720.55,0,0.0,0.0,0,0,18.7
2026-04-27,POS,Ahmedabad,5,6245.77,0,0.0,0.0,0,0,25.3
2026-04-27,POS,Bengaluru,10,20399.97,0,0.0,0.0,0,1,31.32
2026-04-27,POS,Chennai,2,1444.57,0,0.0,0.0,0,0,20.2
2026-04-27,POS,Delhi,4,10621.45,0,0.0,0.0,0,0,20.02
2026-04-27,POS,Hyderabad,6,9058.23,0,0.0,0.0,0,0,29.75
2026-04-27,POS,Jaipur,3,2409.29,0,0.0,0.0,0,0,22.2
2026-04-27,POS,Kochi,7,10875.63,0,0.0,0.0,0,0,36.51
2026-04-27,POS,Kolkata,2,562.95,0,0.0,0.0,0,0,25.6
2026-04-27,POS,Mumbai,3,33844.62,0,0.0,0.0,0,0,32.67
2026-04-27,RTGS,Ahmedabad,1,352201.66,0,0.0,0.0,0,0,33.1
2026-04-27,RTGS,Bengaluru,1,1370491.99,0,0.0,0.0,0,0,37.6
2026-04-27,RTGS,Chennai,2,963345.62,0,0.0,0.0,0,0,57.95
2026-04-27,RTGS,Hyderabad,1,219075.95,0,0.0,0.0,0,0,23.4
2026-04-27,RTGS,Jaipur,1,589141.32,0,0.0,0.0,0,0,52.8
2026-04-27,RTGS,Kolkata,2,1658732.24,0,0.0,0.0,0,1,59.55
2026-04-27,RTGS,Mumbai,1,232149.39,0,0.0,0.0,0,0,50.5
2026-04-27,RTGS,Pune,1,1377509.28,0,0.0,0.0,0,0,30.2
2026-04-27,UPI,Ahmedabad,7,11461.41,0,0.0,0.0,0,0,24.21
2026-04-27,UPI,Bengaluru,7,8184.59,0,0.0,0.0,0,0,30.43
2026-04-27,UPI,Chennai,10,20141.22,0,0.0,0.0,0,0,25.67
2026-04-27,UPI,Delhi,7,294156.11,1,285221.62,14.286,0,0,29.64
2026-04-27,UPI,Hyderabad,11,163876.5,1,113141.4,9.091,0,1,41.37
2026-04-27,UPI,Jaipur,7,14658.32,0,0.0,0.0,0,0,27.93
2026-04-27,UPI,Kochi,8,30396.14,0,0.0,0.0,0,0,27.69
2026-04-27,UPI,Kolkata,3,5090.8,0,0.0,0.0,0,0,38.4
2026-04-27,UPI,Mumbai,5,4285.08,0,0.0,0.0,0,0,22.0
2026-04-27,UPI,Pune,9,37973.21,0,0.0,0.0,0,0,31.78
2026-04-28,ATM,Ahmedabad,2,4662.61,0,0.0,0.0,0,0,24.8
2026-04-28,ATM,Bengaluru,2,2550.0,0,0.0,0.0,0,1,47.5
2026-04-28,ATM,Hyderabad,1,1041.06,0,0.0,0.0,0,0,32.7
2026-04-28,ATM,Jaipur,3,3174.63,0,0.0,0.0,0,0,16.1
2026-04-28,ATM,Kochi,3,8689.13,0,0.0,0.0,0,0,30.93
2026-04-28,ATM,Kolkata,3,1337.35,0,0.0,0.0,0,0,28.43
2026-04-28,ATM,Mumbai,5,13929.58,0,0.0,0.0,0,0,27.44
2026-04-28,ATM,Pune,2,7022.48,0,0.0,0.0,0,0,40.35
2026-04-28,Branch,Ahmedabad,1,823.98,0,0.0,0.0,0,0,52.8
2026-04-28,Branch,Chennai,2,2540.5,0,0.0,0.0,0,0,27.7
2026-04-28,Branch,Delhi,2,3166.22,0,0.0,0.0,0,0,34.75
2026-04-28,Branch,Hyderabad,1,459.73,0,0.0,0.0,0,0,13.4
2026-04-28,Branch,Mumbai,2,11222.84,0,0.0,0.0,0,0,28.4
2026-04-28,Branch,Pune,2,5000.38,0,0.0,0.0,0,0,17.05
2026-04-28,IMPS,Ahmedabad,1,543.38,0,0.0,0.0,0,0,15.7
2026-04-28,IMPS,Bengaluru,4,5492.12,0,0.0,0.0,0,0,36.85
2026-04-28,IMPS,Delhi,2,4286.97,0,0.0,0.0,0,0,24.4
2026-04-28,IMPS,Hyderabad,3,6984.25,0,0.0,0.0,0,0,20.07
2026-04-28,IMPS,Kochi,2,6335.76,0,0.0,0.0,0,0,25.85
2026-04-28,IMPS,Kolkata,6,10402.76,0,0.0,0.0,0,0,28.78
2026-04-28,IMPS,Mumbai,5,7453.54,0,0.0,0.0,0,0,32.5
2026-04-28,IMPS,Pune,1,332.61,0,0.0,0.0,0,0,15.9
2026-04-28,Internet Banking,Ahmedabad,7,16422.0,0,0.0,0.0,0,0,28.36
2026-04-28,Internet Banking,Bengaluru,4,14324.41,0,0.0,0.0,0,0,31.45
2026-04-28,Internet Banking,Chennai,3,4515.0,0,0.0,0.0,0,0,32.17
2026-04-28,Internet Banking,Delhi,7,6667.94,0,0.0,0.0,0,0,25.9
2026-04-28,Internet Banking,Hyderabad,3,4286.45,0,0.0,0.0,0,0,37.93
2026-04-28,Internet Banking,Jaipur,4,23208.22,0,0.0,0.0,0,0,21.85
2026-04-28,Internet Banking,Kochi,3,10827.08,0,0.0,0.0,0,0,35.6
2026-04-28,Internet Banking,Kolkata,5,14585.8,0,0.0,0.0,0,0,31.56
2026-04-28,Internet Banking,Mumbai,2,4065.04,0,0.0,0.0,0,0,32.2
2026-04-28,Internet Banking,Pune,5,9793.49,0,0.0,0.0,0,0,24.52
2026-04-28,Mobile Banking,Ahmedabad,5,18041.48,0,0.0,0.0,0,0,32.22
2026-04-28,Mobile Banking,Bengaluru,3,19218.65,0,0.0,0.0,0,0,32.03
2026-04-28,Mobile Banking,Chennai,3,40376.03,0,0.0,0.0,0,0,33.47
2026-04-28,Mobile Banking,Delhi,4,5084.27,0,0.0,0.0,0,0,40.07
2026-04-28,Mobile Banking,Hyderabad,8,41804.09,0,0.0,0.0,0,0,29.4
2026-04-28,Mobile Banking,Jaipur,2,975.06,0,0.0,0.0,0,0,11.35
2026-04-28,Mobile Banking,Kochi,2,5462.73,0,0.0,0.0,0,0,45.5
2026-04-28,Mobile Banking,Kolkata,5,14023.07,0,0.0,0.0,0,0,31.02
2026-04-28,Mobile Banking,Mumbai,1,1600.93,0,0.0,0.0,0,0,11.4
2026-04-28,Mobile Banking,Pune,3,4444.47,0,0.0,0.0,0,0,17.23
2026-04-28,NEFT,Ahmedabad,2,15573.99,0,0.0,0.0,0,0,22.2
2026-04-28,NEFT,Bengaluru,1,1281.58,0,0.0,0.0,0,0,37.5
2026-04-28,NEFT,Chennai,2,4929.76,0,0.0,0.0,0,0,51.4
2026-04-28,NEFT,Delhi,3,2134.49,0,0.0,0.0,0,0,32.6
2026-04-28,NEFT,Hyderabad,3,16240.4,0,0.0,0.0,0,0,38.93
2026-04-28,NEFT,Jaipur,2,878.25,0,0.0,0.0,0,0,25.0
2026-04-28,NEFT,Kochi,6,21542.72,0,0.0,0.0,0,0,24.05
2026-04-28,NEFT,Kolkata,5,9350.18,0,0.0,0.0,0,0,26.48
2026-04-28,NEFT,Mumbai,1,3331.03,0,0.0,0.0,0,0,23.6
2026-04-28,NEFT,Pune,2,2026.78,0,0.0,0.0,0,0,29.4
2026-04-28,POS,Ahmedabad,2,8225.87,0,0.0,0.0,0,0,33.65
2026-04-28,POS,Bengaluru,4,15956.49,0,0.0,0.0,0,0,23.48
2026-04-28,POS,Chennai,4,10138.64,0,0.0,0.0,0,0,21.45
2026-04-28,POS,Delhi,7,8577.35,0,0.0,0.0,0,0,23.83
2026-04-28,POS,Hyderabad,5,27805.05,0,0.0,0.0,0,0,33.14
2026-04-28,POS,Jaipur,6,10088.04,0,0.0,0.0,0,0,22.28
2026-04-28,POS,Kochi,3,4167.31,0,0.0,0.0,0,0,34.47
2026-04-28,POS,Kolkata,3,8090.95,0,0.0,0.0,0,0,30.27
2026-04-28,POS,Mumbai,6,566305.79,1,554119.65,16.667,1,0,37.77
2026-04-28,POS,Pune,2,7302.54,0,0.0,0.0,0,0,22.6
2026-04-28,RTGS,Ahmedabad,2,947281.34,0,0.0,0.0,0,0,51.15
2026-04-28,RTGS,Bengaluru,2,2049656.74,0,0.0,0.0,0,0,38.5
2026-04-28,RTGS,Chennai,2,1999695.18,0,0.0,0.0,0,0,39.0
2026-04-28,RTGS,Delhi,2,1794272.97,0,0.0,0.0,0,0,32.35
2026-04-28,RTGS,Hyderabad,3,3056777.65,0,0.0,0.0,0,0,38.27
2026-04-28,RTGS,Jaipur,2,1238248.71,0,0.0,0.0,0,1,57.45
2026-04-28,RTGS,Kochi,1,737224.27,0,0.0,0.0,0,0,32.9
2026-04-28,RTGS,Kolkata,4,3096933.59,0,0.0,0.0,0,1,47.38
2026-04-28,RTGS,Mumbai,1,1195527.23,0,0.0,0.0,0,1,72.5
2026-04-28,RTGS,Pune,1,274678.28,0,0.0,0.0,0,0,23.6
2026-04-28,UPI,Ahmedabad,4,4906.83,0,0.0,0.0,0,0,20.25
2026-04-28,UPI,Bengaluru,7,8738.23,0,0.0,0.0,0,0,20.73
2026-04-28,UPI,Chennai,5,16090.31,0,0.0,0.0,0,0,25.88
2026-04-28,UPI,Delhi,3,35799.67,0,0.0,0.0,0,0,37.9
2026-04-28,UPI,Hyderabad,12,47541.55,0,0.0,0.0,0,0,28.81
2026-04-28,UPI,Jaipur,2,3720.28,0,0.0,0.0,0,0,42.55
2026-04-28,UPI,Kochi,6,17388.34,0,0.0,0.0,0,0,26.97
2026-04-28,UPI,Kolkata,3,4962.25,1,3900.6,33.333,0,1,43.17
2026-04-28,UPI,Mumbai,8,23375.53,0,0.0,0.0,0,0,21.02
2026-04-28,UPI,Pune,7,456130.64,1,441915.52,14.286,0,0,37.7
2026-04-29,ATM,Ahmedabad,1,179240.29,1,179240.29,100.0,0,0,52.0
2026-04-29,ATM,Bengaluru,3,7716.98,0,0.0,0.0,0,0,26.17
2026-04-29,ATM,Chennai,1,3895.12,0,0.0,0.0,0,0,49.0
2026-04-29,ATM,Delhi,3,13695.75,0,0.0,0.0,0,0,29.43
2026-04-29,ATM,Hyderabad,3,7082.71,0,0.0,0.0,0,0,42.23
2026-04-29,ATM,Jaipur,5,13135.31,0,0.0,0.0,0,0,31.86
2026-04-29,ATM,Kochi,2,1006.6,0,0.0,0.0,0,0,30.55
2026-04-29,ATM,Kolkata,2,24822.12,0,0.0,0.0,0,0,34.35
2026-04-29,ATM,Mumbai,1,1022.54,0,0.0,0.0,0,0,34.4
2026-04-29,ATM,Pune,3,11315.41,0,0.0,0.0,0,0,38.47
2026-04-29,Branch,Ahmedabad,2,3356.69,0,0.0,0.0,0,0,30.6
2026-04-29,Branch,Bengaluru,2,2898.53,0,0.0,0.0,0,0,24.45
2026-04-29,Branch,Chennai,2,2567.13,0,0.0,0.0,0,0,28.7
2026-04-29,Branch,Kochi,1,1869.17,0,0.0,0.0,0,0,15.9
2026-04-29,Branch,Kolkata,1,724.44,0,0.0,0.0,0,0,14.5
2026-04-29,Branch,Pune,3,14442.68,0,0.0,0.0,0,0,25.27
2026-04-29,IMPS,Ahmedabad,1,3467.42,0,0.0,0.0,0,0,14.5
2026-04-29,IMPS,Bengaluru,1,1435.96,0,0.0,0.0,0,0,50.1
2026-04-29,IMPS,Chennai,2,5468.36,0,0.0,0.0,0,0,31.55
2026-04-29,IMPS,Delhi,5,16374.53,0,0.0,0.0,0,0,51.54
2026-04-29,IMPS,Hyderabad,6,14449.64,0,0.0,0.0,0,0,27.23
2026-04-29,IMPS,Jaipur,2,2935.47,0,0.0,0.0,0,0,28.9
2026-04-29,IMPS,Kochi,2,20340.31,0,0.0,0.0,0,0,35.55
2026-04-29,IMPS,Kolkata,3,3408.26,0,0.0,0.0,0,0,24.9
2026-04-29,IMPS,Mumbai,1,13469.75,0,0.0,0.0,0,0,37.8
2026-04-29,IMPS,Pune,1,1571.42,0,0.0,0.0,0,0,26.6
2026-04-29,Internet Banking,Ahmedabad,3,10420.05,0,0.0,0.0,0,0,27.67
2026-04-29,Internet Banking,Bengaluru,4,8901.22,0,0.0,0.0,0,0,35.25
2026-04-29,Internet Banking,Chennai,3,4660.56,0,0.0,0.0,0,0,43.83
2026-04-29,Internet Banking,Delhi,2,2361.06,0,0.0,0.0,0,0,17.0
2026-04-29,Internet Banking,Hyderabad,6,8302.3,0,0.0,0.0,0,0,29.57
2026-04-29,Internet Banking,Jaipur,5,11942.13,0,0.0,0.0,0,0,23.92
2026-04-29,Internet Banking,Kochi,4,5857.49,0,0.0,0.0,0,0,24.55
2026-04-29,Internet Banking,Kolkata,1,506.54,0,0.0,0.0,0,0,16.9
2026-04-29,Internet Banking,Mumbai,7,8619.51,1,1111.13,14.286,0,0,35.04
2026-04-29,Mobile Banking,Ahmedabad,6,33489.04,1,6767.03,16.667,0,1,39.65
2026-04-29,Mobile Banking,Bengaluru,11,26133.05,0,0.0,0.0,0,0,28.55
2026-04-29,Mobile Banking,Chennai,4,17902.66,0,0.0,0.0,0,0,24.2
2026-04-29,Mobile Banking,Delhi,6,37482.78,0,0.0,0.0,0,0,31.92
2026-04-29,Mobile Banking,Hyderabad,4,10779.28,0,0.0,0.0,0,0,22.0
2026-04-29,Mobile Banking,Jaipur,7,10051.99,1,276.41,14.286,0,0,34.67
2026-04-29,Mobile Banking,Kochi,4,2967.93,0,0.0,0.0,0,0,25.23
2026-04-29,Mobile Banking,Kolkata,7,19030.78,0,0.0,0.0,0,1,30.57
2026-04-29,Mobile Banking,Mumbai,2,10876.62,0,0.0,0.0,0,0,25.6
2026-04-29,Mobile Banking,Pune,6,42619.58,0,0.0,0.0,0,0,33.98
2026-04-29,NEFT,Ahmedabad,1,198.8,0,0.0,0.0,0,0,11.5
2026-04-29,NEFT,Chennai,4,17039.57,0,0.0,0.0,0,0,34.6
2026-04-29,NEFT,Delhi,1,1713.67,0,0.0,0.0,0,0,17.4
2026-04-29,NEFT,Jaipur,2,3303.35,0,0.0,0.0,0,0,28.7
2026-04-29,NEFT,Kochi,6,22173.47,0,0.0,0.0,0,1,44.17
2026-04-29,NEFT,Kolkata,3,5625.0,0,0.0,0.0,0,1,47.3
2026-04-29,NEFT,Mumbai,3,7147.24,0,0.0,0.0,0,1,33.17
2026-04-29,NEFT,Pune,3,5446.53,0,0.0,0.0,0,0,22.8
2026-04-29,POS,Ahmedabad,3,2432.22,0,0.0,0.0,0,0,29.17
2026-04-29,POS,Bengaluru,8,34718.97,0,0.0,0.0,0,0,31.36
2026-04-29,POS,Chennai,4,8283.29,0,0.0,0.0,0,0,29.48
2026-04-29,POS,Delhi,2,4333.02,0,0.0,0.0,0,0,33.0
2026-04-29,POS,Hyderabad,8,36232.66,0,0.0,0.0,0,0,30.46
2026-04-29,POS,Jaipur,2,2420.82,0,0.0,0.0,0,0,18.6
2026-04-29,POS,Kochi,9,322662.15,1,305414.88,11.111,0,1,31.67
2026-04-29,POS,Kolkata,2,6687.06,0,0.0,0.0,0,0,47.35
2026-04-29,POS,Mumbai,2,3740.41,0,0.0,0.0,0,0,37.65
2026-04-29,POS,Pune,5,5923.15,1,547.89,20.0,0,0,39.94
2026-04-29,RTGS,Ahmedabad,3,1976115.92,0,0.0,0.0,0,0,36.9
2026-04-29,RTGS,Bengaluru,2,1906184.87,0,0.0,0.0,0,0,44.6
2026-04-29,RTGS,Chennai,1,445335.67,0,0.0,0.0,0,0,35.5
2026-04-29,RTGS,Hyderabad,3,2542598.16,0,0.0,0.0,0,0,39.6
2026-04-29,RTGS,Kochi,1,437665.13,0,0.0,0.0,0,0,26.9
2026-04-29,RTGS,Kolkata,3,3921756.48,0,0.0,0.0,0,0,30.9
2026-04-29,RTGS,Mumbai,3,2533856.16,0,0.0,0.0,0,0,35.17
2026-04-29,RTGS,Pune,1,472827.15,0,0.0,0.0,0,0,27.5
2026-04-29,UPI,Ahmedabad,6,16188.06,0,0.0,0.0,0,0,32.12
2026-04-29,UPI,Bengaluru,9,36859.55,1,1297.56,11.111,1,0,31.57
2026-04-29,UPI,Chennai,4,11215.45,0,0.0,0.0,0,0,29.05
2026-04-29,UPI,Delhi,4,14091.19,0,0.0,0.0,0,0,19.08
2026-04-29,UPI,Hyderabad,11,12201.17,0,0.0,0.0,0,0,26.2
2026-04-29,UPI,Jaipur,9,26823.19,0,0.0,0.0,0,0,27.6
2026-04-29,UPI,Kochi,5,7857.8,0,0.0,0.0,0,0,23.24
2026-04-29,UPI,Kolkata,4,9639.02,0,0.0,0.0,0,0,35.08
2026-04-29,UPI,Mumbai,6,23854.13,0,0.0,0.0,0,1,39.78
2026-04-29,UPI,Pune,6,17885.7,0,0.0,0.0,0,0,28.62
2026-04-30,ATM,Bengaluru,5,6940.76,0,0.0,0.0,0,1,41.92
2026-04-30,ATM,Chennai,3,3371.56,0,0.0,0.0,0,0,22.07
2026-04-30,ATM,Delhi,3,33623.4,1,31248.36,33.333,0,1,43.17
2026-04-30,ATM,Hyderabad,3,15854.62,0,0.0,0.0,0,0,30.53
2026-04-30,ATM,Jaipur,1,3917.65,0,0.0,0.0,0,0,41.6
2026-04-30,ATM,Kochi,1,809.41,0,0.0,0.0,0,0,37.3
2026-04-30,ATM,Kolkata,3,27900.26,0,0.0,0.0,0,0,38.8
2026-04-30,ATM,Mumbai,2,12969.21,0,0.0,0.0,0,0,33.75
2026-04-30,ATM,Pune,5,5184.67,0,0.0,0.0,0,0,21.76
2026-04-30,Branch,Ahmedabad,1,491.74,0,0.0,0.0,0,0,21.0
2026-04-30,Branch,Chennai,2,3748.02,0,0.0,0.0,0,0,25.25
2026-04-30,Branch,Delhi,1,2473.65,0,0.0,0.0,0,0,11.6
2026-04-30,Branch,Hyderabad,1,4605.55,0,0.0,0.0,0,0,12.0
2026-04-30,Branch,Kochi,1,1547.7,0,0.0,0.0,0,0,13.3
2026-04-30,Branch,Mumbai,2,3224.11,0,0.0,0.0,0,0,24.6
2026-04-30,Branch,Pune,1,18849.16,0,0.0,0.0,0,0,43.2
2026-04-30,IMPS,Ahmedabad,4,24314.43,0,0.0,0.0,0,0,35.6
2026-04-30,IMPS,Bengaluru,1,1945.99,0,0.0,0.0,0,0,43.5
2026-04-30,IMPS,Chennai,3,16915.91,0,0.0,0.0,0,0,26.13
2026-04-30,IMPS,Delhi,1,9122.56,0,0.0,0.0,0,0,40.0
2026-04-30,IMPS,Hyderabad,4,8534.94,0,0.0,0.0,0,0,28.6
2026-04-30,IMPS,Jaipur,1,556.96,0,0.0,0.0,0,0,55.5
2026-04-30,IMPS,Kochi,1,1517.92,0,0.0,0.0,0,0,29.6
2026-04-30,IMPS,Kolkata,4,84333.97,1,78123.4,25.0,0,0,26.15
2026-04-30,IMPS,Mumbai,2,7143.88,0,0.0,0.0,0,0,26.5
2026-04-30,IMPS,Pune,2,11503.07,0,0.0,0.0,0,0,30.85
2026-04-30,Internet Banking,Ahmedabad,3,120470.09,1,118726.31,33.333,0,1,27.47
2026-04-30,Internet Banking,Bengaluru,4,7489.48,0,0.0,0.0,0,0,21.97
2026-04-30,Internet Banking,Chennai,5,18918.64,0,0.0,0.0,0,0,36.0
2026-04-30,Internet Banking,Delhi,3,1489.13,0,0.0,0.0,0,0,14.63
2026-04-30,Internet Banking,Hyderabad,3,10627.92,0,0.0,0.0,0,0,18.1
2026-04-30,Internet Banking,Jaipur,6,19921.2,0,0.0,0.0,0,0,22.82
2026-04-30,Internet Banking,Kochi,1,1328.71,0,0.0,0.0,0,0,35.3
2026-04-30,Internet Banking,Kolkata,2,2362.71,0,0.0,0.0,0,0,23.6
2026-04-30,Internet Banking,Mumbai,3,3508.16,0,0.0,0.0,0,0,34.73
2026-04-30,Internet Banking,Pune,5,9463.57,0,0.0,0.0,0,0,34.44
2026-04-30,Mobile Banking,Ahmedabad,4,9386.3,0,0.0,0.0,0,0,20.22
2026-04-30,Mobile Banking,Bengaluru,9,46928.06,0,0.0,0.0,0,0,31.97
2026-04-30,Mobile Banking,Chennai,6,21662.78,0,0.0,0.0,0,0,36.58
2026-04-30,Mobile Banking,Delhi,5,28532.25,0,0.0,0.0,0,0,32.86
2026-04-30,Mobile Banking,Hyderabad,8,347907.73,1,337990.16,12.5,0,1,29.81
2026-04-30,Mobile Banking,Jaipur,4,181139.97,1,161769.9,25.0,0,1,51.57
2026-04-30,Mobile Banking,Kochi,5,13295.83,0,0.0,0.0,0,0,23.96
2026-04-30,Mobile Banking,Kolkata,2,3217.02,0,0.0,0.0,0,0,30.7
2026-04-30,Mobile Banking,Mumbai,2,2546.61,0,0.0,0.0,0,0,16.75
2026-04-30,Mobile Banking,Pune,1,2874.76,0,0.0,0.0,0,0,24.4
2026-04-30,NEFT,Ahmedabad,2,3706.24,0,0.0,0.0,0,0,37.6
2026-04-30,NEFT,Bengaluru,1,3511.58,0,0.0,0.0,0,0,52.6
2026-04-30,NEFT,Chennai,2,8279.81,0,0.0,0.0,0,0,40.9
2026-04-30,NEFT,Delhi,2,3239.12,0,0.0,0.0,0,0,47.6
2026-04-30,NEFT,Hyderabad,3,4192.85,0,0.0,0.0,0,0,30.93
2026-04-30,NEFT,Jaipur,1,9356.68,0,0.0,0.0,0,0,26.5
2026-04-30,NEFT,Kochi,4,6891.25,0,0.0,0.0,0,0,30.75
2026-04-30,NEFT,Kolkata,1,1078.01,0,0.0,0.0,0,0,36.2
2026-04-30,NEFT,Mumbai,1,5438.86,0,0.0,0.0,0,0,31.1
2026-04-30,NEFT,Pune,3,422294.29,1,419247.7,33.333,1,0,54.9
2026-04-30,POS,Ahmedabad,7,11758.29,0,0.0,0.0,0,0,25.13
2026-04-30,POS,Bengaluru,2,933.88,0,0.0,0.0,0,0,13.05
2026-04-30,POS,Chennai,4,6385.7,0,0.0,0.0,0,0,43.9
2026-04-30,POS,Hyderabad,3,7984.92,0,0.0,0.0,0,0,26.6
2026-04-30,POS,Jaipur,9,12275.7,0,0.0,0.0,0,0,30.17
2026-04-30,POS,Kochi,2,6355.95,0,0.0,0.0,0,0,34.4
2026-04-30,POS,Kolkata,6,8083.91,0,0.0,0.0,0,0,27.85
2026-04-30,POS,Mumbai,4,6233.14,0,0.0,0.0,0,0,30.9
2026-04-30,POS,Pune,5,12234.35,0,0.0,0.0,0,0,34.2
2026-04-30,RTGS,Bengaluru,2,1537077.66,0,0.0,0.0,0,0,41.8
2026-04-30,RTGS,Chennai,2,1026421.36,0,0.0,0.0,0,0,43.4
2026-04-30,RTGS,Kolkata,2,1773547.78,0,0.0,0.0,0,0,33.65
2026-04-30,RTGS,Pune,3,1990874.0,0,0.0,0.0,0,0,37.23
2026-04-30,UPI,Ahmedabad,6,6640.23,0,0.0,0.0,0,0,21.87
2026-04-30,UPI,Bengaluru,6,15576.56,0,0.0,0.0,0,0,35.45
2026-04-30,UPI,Chennai,8,12873.69,0,0.0,0.0,0,0,28.84
2026-04-30,UPI,Delhi,5,9287.36,0,0.0,0.0,0,0,16.4
2026-04-30,UPI,Hyderabad,5,24005.12,0,0.0,0.0,0,0,31.9
2026-04-30,UPI,Jaipur,7,11571.94,0,0.0,0.0,0,0,32.46
2026-04-30,UPI,Kochi,7,30350.57,1,5426.36,14.286,1,0,51.06
2026-04-30,UPI,Kolkata,11,47841.89,0,0.0,0.0,0,0,29.56
2026-04-30,UPI,Mumbai,9,35109.85,1,1809.0,11.111,0,1,31.81
2026-04-30,UPI,Pune,3,7441.95,0,0.0,0.0,0,0,24.77
2026-05-01,ATM,Ahmedabad,4,16547.95,0,0.0,0.0,0,0,31.83
2026-05-01,ATM,Bengaluru,3,8881.85,0,0.0,0.0,0,0,28.07
2026-05-01,ATM,Chennai,3,9484.72,0,0.0,0.0,0,0,23.27
2026-05-01,ATM,Delhi,2,2010.29,0,0.0,0.0,0,0,12.85
2026-05-01,ATM,Hyderabad,1,5046.0,0,0.0,0.0,0,0,33.4
2026-05-01,ATM,Jaipur,1,4094.62,0,0.0,0.0,0,0,34.0
2026-05-01,ATM,Kochi,1,779.97,0,0.0,0.0,0,0,36.7
2026-05-01,ATM,Kolkata,2,3957.54,0,0.0,0.0,0,0,34.6
2026-05-01,ATM,Mumbai,4,512547.81,1,506049.39,25.0,0,1,38.92
2026-05-01,ATM,Pune,6,17025.32,0,0.0,0.0,0,0,35.92
2026-05-01,Branch,Ahmedabad,1,17097.21,0,0.0,0.0,0,0,26.4
2026-05-01,Branch,Chennai,1,2999.67,0,0.0,0.0,0,0,38.0
2026-05-01,Branch,Hyderabad,2,1317.54,0,0.0,0.0,0,0,17.9
2026-05-01,Branch,Kolkata,2,1641.45,0,0.0,0.0,0,0,43.85
2026-05-01,Branch,Mumbai,1,1819.61,0,0.0,0.0,0,0,28.2
2026-05-01,IMPS,Ahmedabad,2,2575.19,0,0.0,0.0,0,0,21.6
2026-05-01,IMPS,Bengaluru,4,11574.93,0,0.0,0.0,0,0,29.45
2026-05-01,IMPS,Chennai,1,3342.25,0,0.0,0.0,0,0,56.7
2026-05-01,IMPS,Delhi,3,4573.48,0,0.0,0.0,0,0,21.43
2026-05-01,IMPS,Hyderabad,2,3298.31,0,0.0,0.0,0,0,24.85
2026-05-01,IMPS,Jaipur,2,9040.93,0,0.0,0.0,0,0,14.0
2026-05-01,IMPS,Kochi,1,4059.4,0,0.0,0.0,0,0,35.7
2026-05-01,IMPS,Kolkata,1,766.31,0,0.0,0.0,0,0,44.1
2026-05-01,IMPS,Mumbai,2,2387.88,0,0.0,0.0,0,0,31.3
2026-05-01,IMPS,Pune,2,2120.68,0,0.0,0.0,0,0,25.45
2026-05-01,Internet Banking,Ahmedabad,5,12266.88,0,0.0,0.0,0,1,42.04
2026-05-01,Internet Banking,Bengaluru,7,17469.53,0,0.0,0.0,0,0,31.06
2026-05-01,Internet Banking,Chennai,6,17397.67,0,0.0,0.0,0,0,29.63
2026-05-01,Internet Banking,Delhi,4,5148.12,0,0.0,0.0,0,0,25.68
2026-05-01,Internet Banking,Hyderabad,1,3812.76,0,0.0,0.0,0,0,17.7
2026-05-01,Internet Banking,Jaipur,4,4021.22,0,0.0,0.0,0,0,30.67
2026-05-01,Internet Banking,Kochi,3,15090.23,0,0.0,0.0,0,0,25.53
2026-05-01,Internet Banking,Kolkata,2,13640.99,0,0.0,0.0,0,0,31.9
2026-05-01,Internet Banking,Mumbai,2,5907.31,0,0.0,0.0,0,0,38.55
2026-05-01,Internet Banking,Pune,2,2357.5,0,0.0,0.0,0,0,41.7
2026-05-01,Mobile Banking,Ahmedabad,4,17695.28,0,0.0,0.0,0,0,35.92
2026-05-01,Mobile Banking,Bengaluru,6,9124.58,0,0.0,0.0,0,0,27.5
2026-05-01,Mobile Banking,Chennai,7,32794.15,0,0.0,0.0,0,0,34.2
2026-05-01,Mobile Banking,Delhi,3,5699.92,0,0.0,0.0,0,0,24.4
2026-05-01,Mobile Banking,Hyderabad,3,6187.06,0,0.0,0.0,0,0,17.87
2026-05-01,Mobile Banking,Jaipur,5,5998.71,0,0.0,0.0,0,0,27.1
2026-05-01,Mobile Banking,Kochi,8,50136.39,0,0.0,0.0,0,0,24.65
2026-05-01,Mobile Banking,Kolkata,5,10252.63,0,0.0,0.0,0,0,47.3
2026-05-01,Mobile Banking,Mumbai,7,17024.08,0,0.0,0.0,0,0,22.54
2026-05-01,Mobile Banking,Pune,3,5729.81,0,0.0,0.0,0,0,30.97
2026-05-01,NEFT,Ahmedabad,2,20600.62,0,0.0,0.0,0,0,52.05
2026-05-01,NEFT,Bengaluru,5,10921.93,1,980.17,20.0,1,0,38.52
2026-05-01,NEFT,Chennai,5,19251.75,0,0.0,0.0,0,0,35.18
2026-05-01,NEFT,Delhi,2,813458.68,2,813458.68,100.0,0,0,52.0
2026-05-01,NEFT,Hyderabad,3,5842.0,0,0.0,0.0,0,0,22.1
2026-05-01,NEFT,Jaipur,1,1497.89,0,0.0,0.0,0,0,34.9
2026-05-01,NEFT,Kochi,2,4759.58,0,0.0,0.0,0,0,26.05
2026-05-01,NEFT,Mumbai,2,5395.13,0,0.0,0.0,0,0,16.7
2026-05-01,NEFT,Pune,3,8214.74,0,0.0,0.0,0,0,22.83
2026-05-01,POS,Ahmedabad,2,2317.38,0,0.0,0.0,0,0,38.9
2026-05-01,POS,Bengaluru,4,14234.14,0,0.0,0.0,0,0,29.53
2026-05-01,POS,Chennai,1,4351.51,0,0.0,0.0,0,0,29.2
2026-05-01,POS,Delhi,3,4425.11,0,0.0,0.0,0,0,18.53
2026-05-01,POS,Hyderabad,4,5477.94,0,0.0,0.0,0,0,20.5
2026-05-01,POS,Jaipur,3,6391.98,0,0.0,0.0,0,0,33.57
2026-05-01,POS,Kochi,3,11255.27,0,0.0,0.0,0,0,34.1
2026-05-01,POS,Kolkata,4,6146.72,0,0.0,0.0,0,0,30.93
2026-05-01,POS,Mumbai,4,14406.28,0,0.0,0.0,0,0,36.6
2026-05-01,POS,Pune,4,21266.86,0,0.0,0.0,0,0,34.15
2026-05-01,RTGS,Bengaluru,1,1376096.73,0,0.0,0.0,0,0,37.2
2026-05-01,RTGS,Chennai,1,1422942.52,0,0.0,0.0,0,0,59.4
2026-05-01,RTGS,Delhi,1,422430.56,0,0.0,0.0,0,0,33.8
2026-05-01,RTGS,Jaipur,1,1289093.69,0,0.0,0.0,0,0,35.0
2026-05-01,RTGS,Kolkata,1,1199040.91,0,0.0,0.0,0,0,27.4
2026-05-01,RTGS,Mumbai,2,1360599.93,0,0.0,0.0,0,1,54.0
2026-05-01,RTGS,Pune,2,1522247.68,0,0.0,0.0,0,0,38.1
2026-05-01,UPI,Ahmedabad,8,17308.22,0,0.0,0.0,0,0,22.3
2026-05-01,UPI,Bengaluru,4,5884.28,0,0.0,0.0,0,0,36.25
2026-05-01,UPI,Chennai,5,14619.59,0,0.0,0.0,0,0,27.14
2026-05-01,UPI,Delhi,2,21368.21,0,0.0,0.0,0,0,33.2
2026-05-01,UPI,Hyderabad,4,8359.05,0,0.0,0.0,0,0,39.68
2026-05-01,UPI,Jaipur,5,8105.38,0,0.0,0.0,0,0,25.7
2026-05-01,UPI,Kochi,13,35386.75,0,0.0,0.0,0,0,30.26
2026-05-01,UPI,Kolkata,5,16997.93,1,11208.52,20.0,0,1,40.68
2026-05-01,UPI,Mumbai,3,7912.67,0,0.0,0.0,0,0,43.97
2026-05-01,UPI,Pune,4,8367.49,0,0.0,0.0,0,0,36.33
2026-05-02,ATM,Ahmedabad,2,18642.09,0,0.0,0.0,0,0,26.85
2026-05-02,ATM,Bengaluru,3,4578.5,0,0.0,0.0,0,0,28.9
2026-05-02,ATM,Chennai,4,10865.73,0,0.0,0.0,0,0,29.07
2026-05-02,ATM,Delhi,3,8654.87,0,0.0,0.0,0,0,23.1
2026-05-02,ATM,Hyderabad,3,2511.87,0,0.0,0.0,0,0,20.83
2026-05-02,ATM,Jaipur,1,182.4,0,0.0,0.0,0,0,29.8
2026-05-02,ATM,Kochi,2,2247.98,0,0.0,0.0,0,0,25.9
2026-05-02,ATM,Kolkata,1,1248.44,0,0.0,0.0,0,0,25.6
2026-05-02,ATM,Pune,1,1105.12,0,0.0,0.0,0,0,3.5
2026-05-02,Branch,Ahmedabad,1,1751.74,0,0.0,0.0,0,0,18.1
2026-05-02,Branch,Chennai,1,9265.34,0,0.0,0.0,0,1,71.2
2026-05-02,Branch,Hyderabad,1,1581.54,0,0.0,0.0,0,0,18.9
2026-05-02,Branch,Jaipur,2,5272.85,0,0.0,0.0,0,0,24.5
2026-05-02,Branch,Kochi,2,11476.99,0,0.0,0.0,0,0,56.25
2026-05-02,Branch,Mumbai,1,411.71,0,0.0,0.0,0,0,11.7
2026-05-02,Branch,Pune,2,3423.07,0,0.0,0.0,0,0,19.8
2026-05-02,IMPS,Ahmedabad,2,3264.36,0,0.0,0.0,0,0,29.95
2026-05-02,IMPS,Bengaluru,1,2586.54,0,0.0,0.0,0,0,16.3
2026-05-02,IMPS,Chennai,3,8607.36,0,0.0,0.0,0,0,30.57
2026-05-02,IMPS,Delhi,3,2327.75,0,0.0,0.0,0,0,28.93
2026-05-02,IMPS,Hyderabad,3,16516.92,0,0.0,0.0,0,0,29.57
2026-05-02,IMPS,Jaipur,4,3604.69,0,0.0,0.0,0,0,34.95
2026-05-02,IMPS,Kochi,1,328.38,0,0.0,0.0,0,0,29.9
2026-05-02,IMPS,Kolkata,1,380.01,0,0.0,0.0,0,0,9.5
2026-05-02,IMPS,Mumbai,1,4992.57,0,0.0,0.0,0,0,45.6
2026-05-02,IMPS,Pune,3,7138.53,0,0.0,0.0,0,0,27.77
2026-05-02,Internet Banking,Ahmedabad,2,5299.92,0,0.0,0.0,0,0,41.8
2026-05-02,Internet Banking,Bengaluru,2,1023.04,0,0.0,0.0,0,0,23.65
2026-05-02,Internet Banking,Chennai,5,26888.81,0,0.0,0.0,0,0,27.9
2026-05-02,Internet Banking,Hyderabad,3,540410.83,1,536682.38,33.333,0,0,26.63
2026-05-02,Internet Banking,Jaipur,1,683.55,0,0.0,0.0,0,0,12.1
2026-05-02,Internet Banking,Kochi,5,17082.3,0,0.0,0.0,0,0,24.2
2026-05-02,Internet Banking,Kolkata,4,5631.67,0,0.0,0.0,0,0,28.38
2026-05-02,Internet Banking,Mumbai,3,7200.77,0,0.0,0.0,0,0,31.0
2026-05-02,Internet Banking,Pune,2,3167.56,0,0.0,0.0,0,0,27.6
2026-05-02,Mobile Banking,Ahmedabad,9,19362.89,0,0.0,0.0,0,0,30.17
2026-05-02,Mobile Banking,Bengaluru,10,79832.87,0,0.0,0.0,0,0,36.51
2026-05-02,Mobile Banking,Chennai,5,17829.57,0,0.0,0.0,0,0,26.52
2026-05-02,Mobile Banking,Delhi,7,24330.45,0,0.0,0.0,0,0,34.13
2026-05-02,Mobile Banking,Hyderabad,4,7537.27,0,0.0,0.0,0,0,26.23
2026-05-02,Mobile Banking,Jaipur,3,4300.08,0,0.0,0.0,0,0,42.8
2026-05-02,Mobile Banking,Kochi,7,222450.75,1,214959.96,14.286,0,1,31.36
2026-05-02,Mobile Banking,Kolkata,5,22783.22,0,0.0,0.0,0,0,40.08
2026-05-02,Mobile Banking,Mumbai,3,7079.19,0,0.0,0.0,0,0,21.3
2026-05-02,Mobile Banking,Pune,10,78341.54,0,0.0,0.0,0,0,28.23
2026-05-02,NEFT,Ahmedabad,1,10514.91,0,0.0,0.0,0,0,46.2
2026-05-02,NEFT,Bengaluru,2,1293.72,0,0.0,0.0,0,0,25.25
2026-05-02,NEFT,Chennai,5,11274.26,0,0.0,0.0,0,0,29.56
2026-05-02,NEFT,Hyderabad,4,2885.36,0,0.0,0.0,0,0,26.38
2026-05-02,NEFT,Jaipur,2,1553.94,0,0.0,0.0,0,0,38.75
2026-05-02,NEFT,Kochi,4,12651.66,0,0.0,0.0,0,0,35.82
2026-05-02,NEFT,Kolkata,1,805.39,0,0.0,0.0,0,0,39.1
2026-05-02,NEFT,Pune,4,9544.22,0,0.0,0.0,0,0,31.5
2026-05-02,POS,Ahmedabad,8,40997.56,0,0.0,0.0,0,0,37.46
2026-05-02,POS,Bengaluru,7,10499.95,1,1191.12,14.286,0,1,36.1
2026-05-02,POS,Chennai,2,5142.04,0,0.0,0.0,0,0,35.45
2026-05-02,POS,Delhi,2,1669.41,0,0.0,0.0,0,0,11.0
2026-05-02,POS,Hyderabad,8,22209.02,0,0.0,0.0,0,0,19.71
2026-05-02,POS,Jaipur,2,1505.85,0,0.0,0.0,0,0,10.55
2026-05-02,POS,Kochi,2,3032.05,0,0.0,0.0,0,0,23.6
2026-05-02,POS,Kolkata,3,11537.93,0,0.0,0.0,0,0,34.03
2026-05-02,POS,Mumbai,5,38730.1,0,0.0,0.0,0,0,26.56
2026-05-02,POS,Pune,6,212411.47,1,201724.0,16.667,0,0,29.67
2026-05-02,RTGS,Ahmedabad,1,1322088.32,0,0.0,0.0,0,0,40.5
2026-05-02,RTGS,Bengaluru,2,2184496.6,0,0.0,0.0,0,0,39.5
2026-05-02,RTGS,Delhi,1,1030803.21,0,0.0,0.0,0,0,30.9
2026-05-02,RTGS,Hyderabad,2,1944163.73,0,0.0,0.0,0,1,66.2
2026-05-02,RTGS,Jaipur,1,498343.6,0,0.0,0.0,0,0,26.4
2026-05-02,RTGS,Kochi,1,320166.4,0,0.0,0.0,0,0,55.7
2026-05-02,RTGS,Mumbai,3,3563736.07,0,0.0,0.0,0,0,51.73
2026-05-02,RTGS,Pune,2,1883539.95,0,0.0,0.0,0,0,36.95
2026-05-02,UPI,Ahmedabad,5,5791.91,0,0.0,0.0,0,0,10.98
2026-05-02,UPI,Bengaluru,4,18702.04,0,0.0,0.0,0,1,43.4
2026-05-02,UPI,Chennai,7,14112.94,0,0.0,0.0,0,0,29.94
2026-05-02,UPI,Delhi,9,19424.22,0,0.0,0.0,0,0,30.06
2026-05-02,UPI,Hyderabad,8,22684.48,0,0.0,0.0,0,0,31.01
2026-05-02,UPI,Jaipur,5,34686.74,0,0.0,0.0,0,1,43.0
2026-05-02,UPI,Kochi,2,11096.3,0,0.0,0.0,0,0,43.85
2026-05-02,UPI,Kolkata,12,24281.44,1,1981.08,8.333,0,1,34.85
2026-05-02,UPI,Mumbai,6,14340.35,0,0.0,0.0,0,0,24.67
2026-05-02,UPI,Pune,9,24984.94,0,0.0,0.0,0,1,37.72
2026-05-03,ATM,Bengaluru,4,11018.62,0,0.0,0.0,0,0,20.2
2026-05-03,ATM,Chennai,4,3561.04,0,0.0,0.0,0,0,28.85
2026-05-03,ATM,Hyderabad,3,256230.38,1,247626.63,33.333,1,0,48.87
2026-05-03,ATM,Kochi,1,1946.06,0,0.0,0.0,0,0,20.2
2026-05-03,ATM,Kolkata,2,1549.39,0,0.0,0.0,0,0,22.2
2026-05-03,ATM,Mumbai,1,1035.27,0,0.0,0.0,0,0,12.8
2026-05-03,ATM,Pune,2,10459.39,0,0.0,0.0,0,0,16.1
2026-05-03,Branch,Ahmedabad,1,547.23,0,0.0,0.0,0,0,43.9
2026-05-03,Branch,Hyderabad,1,549.57,0,0.0,0.0,0,0,39.7
2026-05-03,Branch,Jaipur,1,4538.89,0,0.0,0.0,0,0,31.5
2026-05-03,Branch,Kolkata,1,228.29,0,0.0,0.0,0,0,29.8
2026-05-03,Branch,Mumbai,1,177.21,0,0.0,0.0,0,0,11.2
2026-05-03,Branch,Pune,1,3358.15,0,0.0,0.0,0,0,37.2
2026-05-03,IMPS,Bengaluru,6,187706.2,1,176042.54,16.667,0,1,39.32
2026-05-03,IMPS,Chennai,2,1214.69,1,329.59,50.0,0,0,50.3
2026-05-03,IMPS,Delhi,1,386.05,0,0.0,0.0,0,0,23.1
2026-05-03,IMPS,Hyderabad,3,15733.6,0,0.0,0.0,0,0,35.43
2026-05-03,IMPS,Jaipur,2,1839.05,0,0.0,0.0,0,0,26.9
2026-05-03,IMPS,Kochi,1,3235.15,0,0.0,0.0,0,0,25.6
2026-05-03,IMPS,Kolkata,3,3781.36,1,246.09,33.333,0,1,54.33
2026-05-03,IMPS,Mumbai,5,151597.76,2,145667.34,40.0,0,1,34.82
2026-05-03,IMPS,Pune,3,2164.04,0,0.0,0.0,0,0,23.6
2026-05-03,Internet Banking,Ahmedabad,3,8198.12,0,0.0,0.0,0,0,17.97
2026-05-03,Internet Banking,Bengaluru,6,16007.84,0,0.0,0.0,0,0,25.9
2026-05-03,Internet Banking,Chennai,2,2351.45,0,0.0,0.0,0,0,16.5
2026-05-03,Internet Banking,Delhi,2,20877.79,0,0.0,0.0,0,1,51.5
2026-05-03,Internet Banking,Hyderabad,3,4963.54,0,0.0,0.0,0,0,30.07
2026-05-03,Internet Banking,Kochi,4,4288.62,0,0.0,0.0,0,0,20.85
2026-05-03,Internet Banking,Kolkata,7,206443.28,1,191844.45,14.286,0,0,38.11
2026-05-03,Internet Banking,Mumbai,4,3253.11,0,0.0,0.0,0,0,22.42
2026-05-03,Internet Banking,Pune,4,6351.29,0,0.0,0.0,0,0,36.0
2026-05-03,Mobile Banking,Ahmedabad,6,10095.37,0,0.0,0.0,0,0,40.0
2026-05-03,Mobile Banking,Bengaluru,4,66087.0,1,58554.69,25.0,0,0,42.83
2026-05-03,Mobile Banking,Chennai,2,4716.43,0,0.0,0.0,0,0,29.65
2026-05-03,Mobile Banking,Delhi,2,1798.42,0,0.0,0.0,0,0,27.3
2026-05-03,Mobile Banking,Hyderabad,10,34429.45,0,0.0,0.0,0,0,32.4
2026-05-03,Mobile Banking,Jaipur,5,24601.18,0,0.0,0.0,0,0,29.14
2026-05-03,Mobile Banking,Kochi,5,20965.61,0,0.0,0.0,0,0,28.38
2026-05-03,Mobile Banking,Kolkata,3,20264.67,0,0.0,0.0,0,0,22.53
2026-05-03,Mobile Banking,Mumbai,4,9683.48,0,0.0,0.0,0,0,42.5
2026-05-03,Mobile Banking,Pune,4,10212.83,0,0.0,0.0,0,0,33.5
2026-05-03,NEFT,Ahmedabad,2,4459.95,0,0.0,0.0,0,0,50.0
2026-05-03,NEFT,Bengaluru,1,1825.47,0,0.0,0.0,0,0,48.7
2026-05-03,NEFT,Chennai,4,4409.65,0,0.0,0.0,0,0,27.78
2026-05-03,NEFT,Hyderabad,4,6055.1,1,316.58,25.0,0,0,40.55
2026-05-03,NEFT,Jaipur,2,1769.25,0,0.0,0.0,0,0,26.05
2026-05-03,NEFT,Kochi,4,8754.17,0,0.0,0.0,0,0,17.7
2026-05-03,NEFT,Kolkata,4,7152.23,0,0.0,0.0,0,0,38.08
2026-05-03,NEFT,Mumbai,2,11441.2,0,0.0,0.0,0,0,31.05
2026-05-03,NEFT,Pune,3,2244.82,0,0.0,0.0,0,0,15.0
2026-05-03,POS,Ahmedabad,3,5911.94,0,0.0,0.0,0,0,32.77
2026-05-03,POS,Bengaluru,1,599.45,0,0.0,0.0,0,0,32.0
2026-05-03,POS,Chennai,7,14602.17,0,0.0,0.0,0,0,19.33
2026-05-03,POS,Delhi,6,16937.22,0,0.0,0.0,0,0,28.78
2026-05-03,POS,Hyderabad,7,196685.35,1,178296.0,14.286,0,0,36.66
2026-05-03,POS,Jaipur,1,2153.8,0,0.0,0.0,0,0,33.1
2026-05-03,POS,Kochi,1,1422.56,0,0.0,0.0,0,0,36.4
2026-05-03,POS,Kolkata,7,11704.78,0,0.0,0.0,0,1,31.67
2026-05-03,POS,Mumbai,2,4555.12,0,0.0,0.0,0,0,31.85
2026-05-03,POS,Pune,5,51673.89,1,38565.65,20.0,0,0,36.18
2026-05-03,RTGS,Ahmedabad,2,1565220.52,0,0.0,0.0,0,1,50.65
2026-05-03,RTGS,Bengaluru,1,1272893.98,0,0.0,0.0,0,0,26.6
2026-05-03,RTGS,Chennai,1,1077769.84,0,0.0,0.0,0,0,49.4
2026-05-03,RTGS,Delhi,6,6361754.8,0,0.0,0.0,0,0,35.9
2026-05-03,RTGS,Hyderabad,3,2661790.35,0,0.0,0.0,0,0,39.47
2026-05-03,RTGS,Jaipur,2,671437.8,0,0.0,0.0,0,0,51.0
2026-05-03,RTGS,Mumbai,1,923327.69,0,0.0,0.0,0,0,32.2
2026-05-03,RTGS,Pune,3,2241494.48,0,0.0,0.0,0,0,41.6
2026-05-03,UPI,Ahmedabad,7,9944.54,0,0.0,0.0,0,0,20.27
2026-05-03,UPI,Bengaluru,8,21763.14,0,0.0,0.0,0,0,26.06
2026-05-03,UPI,Chennai,5,15662.11,0,0.0,0.0,0,0,30.96
2026-05-03,UPI,Delhi,6,19645.91,0,0.0,0.0,0,0,26.47
2026-05-03,UPI,Hyderabad,1,1740.42,0,0.0,0.0,0,0,35.6
2026-05-03,UPI,Jaipur,6,7530.0,0,0.0,0.0,0,1,28.17
2026-05-03,UPI,Kochi,6,18272.15,0,0.0,0.0,0,0,30.28
2026-05-03,UPI,Kolkata,7,15309.59,0,0.0,0.0,0,0,26.16
2026-05-03,UPI,Mumbai,9,21341.89,1,8907.23,11.111,1,0,32.09
2026-05-03,UPI,Pune,4,9596.22,0,0.0,0.0,0,0,32.1
2026-05-04,ATM,Ahmedabad,2,1198.96,0,0.0,0.0,0,0,15.7
2026-05-04,ATM,Bengaluru,4,29521.24,0,0.0,0.0,0,0,31.47
2026-05-04,ATM,Chennai,1,720.66,0,0.0,0.0,0,0,38.9
2026-05-04,ATM,Delhi,2,7451.33,0,0.0,0.0,0,0,29.65
2026-05-04,ATM,Hyderabad,2,3742.41,0,0.0,0.0,0,0,14.75
2026-05-04,ATM,Jaipur,5,17899.55,0,0.0,0.0,0,1,44.7
2026-05-04,ATM,Kochi,4,10415.24,0,0.0,0.0,0,0,33.43
2026-05-04,ATM,Mumbai,1,483.26,0,0.0,0.0,0,0,15.8
2026-05-04,ATM,Pune,1,410.07,0,0.0,0.0,0,0,50.1
2026-05-04,Branch,Ahmedabad,1,1709.14,0,0.0,0.0,0,0,37.3
2026-05-04,Branch,Bengaluru,2,3853.15,0,0.0,0.0,0,0,44.0
2026-05-04,Branch,Chennai,1,979.57,0,0.0,0.0,0,0,13.1
2026-05-04,Branch,Delhi,1,7769.66,0,0.0,0.0,0,0,43.5
2026-05-04,Branch,Hyderabad,4,9888.8,0,0.0,0.0,0,0,32.33
2026-05-04,Branch,Jaipur,1,1349.55,0,0.0,0.0,0,0,21.2
2026-05-04,Branch,Kolkata,1,1299.97,0,0.0,0.0,0,0,17.7
2026-05-04,Branch,Mumbai,1,312.47,0,0.0,0.0,0,0,32.7
2026-05-04,Branch,Pune,1,1457.82,0,0.0,0.0,0,0,17.7
2026-05-04,IMPS,Bengaluru,3,27209.96,0,0.0,0.0,0,0,35.4
2026-05-04,IMPS,Chennai,2,1664.32,0,0.0,0.0,0,0,14.8
2026-05-04,IMPS,Delhi,1,846.38,0,0.0,0.0,0,0,14.9
2026-05-04,IMPS,Hyderabad,1,241.68,0,0.0,0.0,0,0,34.4
2026-05-04,IMPS,Jaipur,1,547.64,0,0.0,0.0,0,0,14.3
2026-05-04,IMPS,Kochi,1,373.65,0,0.0,0.0,0,0,13.4
2026-05-04,IMPS,Kolkata,2,8684.77,0,0.0,0.0,0,0,45.95
2026-05-04,IMPS,Pune,1,193.06,0,0.0,0.0,0,0,33.0
2026-05-04,Internet Banking,Ahmedabad,2,1724.16,0,0.0,0.0,0,0,36.4
2026-05-04,Internet Banking,Bengaluru,2,2166.16,0,0.0,0.0,0,0,29.6
2026-05-04,Internet Banking,Chennai,1,2672.28,0,0.0,0.0,0,0,36.4
2026-05-04,Internet Banking,Delhi,3,5918.91,0,0.0,0.0,0,0,36.2
2026-05-04,Internet Banking,Hyderabad,3,3362.53,0,0.0,0.0,0,0,14.33
2026-05-04,Internet Banking,Jaipur,2,13981.98,0,0.0,0.0,0,0,20.25
2026-05-04,Internet Banking,Kochi,1,461.74,0,0.0,0.0,0,0,38.9
2026-05-04,Internet Banking,Mumbai,3,9113.92,0,0.0,0.0,0,0,29.47
2026-05-04,Internet Banking,Pune,2,4560.49,0,0.0,0.0,0,0,27.5
2026-05-04,Mobile Banking,Ahmedabad,6,23007.48,0,0.0,0.0,0,0,30.62
2026-05-04,Mobile Banking,Bengaluru,4,15806.09,0,0.0,0.0,0,0,30.52
2026-05-04,Mobile Banking,Chennai,8,15935.01,0,0.0,0.0,0,0,21.89
2026-05-04,Mobile Banking,Delhi,5,23696.8,0,0.0,0.0,0,0,45.78
2026-05-04,Mobile Banking,Hyderabad,4,3816.59,1,474.31,25.0,0,1,42.48
2026-05-04,Mobile Banking,Jaipur,4,25334.45,0,0.0,0.0,0,0,36.45
2026-05-04,Mobile Banking,Kochi,6,24318.54,0,0.0,0.0,0,0,29.27
2026-05-04,Mobile Banking,Kolkata,8,13107.2,0,0.0,0.0,0,0,28.5
2026-05-04,Mobile Banking,Mumbai,3,5514.32,0,0.0,0.0,0,0,37.37
2026-05-04,Mobile Banking,Pune,10,32284.22,0,0.0,0.0,0,0,26.7
2026-05-04,NEFT,Ahmedabad,3,6508.35,0,0.0,0.0,0,0,41.7
2026-05-04,NEFT,Bengaluru,2,1216.11,0,0.0,0.0,0,0,21.3
2026-05-04,NEFT,Chennai,1,1099.71,0,0.0,0.0,0,0,32.7
2026-05-04,NEFT,Delhi,1,618.25,0,0.0,0.0,0,0,29.6
2026-05-04,NEFT,Hyderabad,3,14094.94,0,0.0,0.0,0,0,36.97
2026-05-04,NEFT,Jaipur,1,344.23,0,0.0,0.0,0,0,34.8
2026-05-04,NEFT,Kochi,1,11412.59,0,0.0,0.0,0,0,53.9
2026-05-04,NEFT,Kolkata,2,5894.46,0,0.0,0.0,0,1,66.6
2026-05-04,NEFT,Mumbai,5,11954.67,0,0.0,0.0,0,0,32.04
2026-05-04,POS,Ahmedabad,5,11030.74,0,0.0,0.0,0,0,27.74
2026-05-04,POS,Bengaluru,6,32030.03,0,0.0,0.0,0,0,26.27
2026-05-04,POS,Chennai,5,39043.77,0,0.0,0.0,0,0,31.76
2026-05-04,POS,Delhi,5,38048.65,0,0.0,0.0,0,0,22.6
2026-05-04,POS,Hyderabad,4,8246.86,0,0.0,0.0,0,0,19.3
2026-05-04,POS,Jaipur,2,4747.91,0,0.0,0.0,0,0,19.45
2026-05-04,POS,Kochi,3,4687.81,0,0.0,0.0,0,0,38.63
2026-05-04,POS,Kolkata,5,27174.33,0,0.0,0.0,0,0,44.92
2026-05-04,POS,Mumbai,5,14148.74,0,0.0,0.0,0,0,25.92
2026-05-04,POS,Pune,3,14323.54,0,0.0,0.0,0,0,36.53
2026-05-04,RTGS,Ahmedabad,2,2011494.94,0,0.0,0.0,0,0,49.5
2026-05-04,RTGS,Bengaluru,2,1777628.91,0,0.0,0.0,0,0,46.5
2026-05-04,RTGS,Chennai,4,2964789.06,1,754976.83,25.0,1,0,51.67
2026-05-04,RTGS,Delhi,1,1144412.62,0,0.0,0.0,0,1,74.1
2026-05-04,RTGS,Hyderabad,1,1204981.44,0,0.0,0.0,0,0,31.2
2026-05-04,RTGS,Jaipur,3,3483252.52,0,0.0,0.0,0,0,41.9
2026-05-04,RTGS,Pune,2,2395923.08,0,0.0,0.0,0,0,35.9
2026-05-04,UPI,Ahmedabad,7,31603.4,0,0.0,0.0,0,0,32.71
2026-05-04,UPI,Bengaluru,5,10135.29,0,0.0,0.0,0,0,30.36
2026-05-04,UPI,Chennai,8,12212.66,0,0.0,0.0,0,0,24.96
2026-05-04,UPI,Delhi,5,27941.39,0,0.0,0.0,0,0,29.84
2026-05-04,UPI,Hyderabad,11,50942.61,0,0.0,0.0,0,0,25.16
2026-05-04,UPI,Jaipur,8,11750.33,0,0.0,0.0,0,0,20.88
2026-05-04,UPI,Kochi,7,21506.41,0,0.0,0.0,0,0,28.43
2026-05-04,UPI,Kolkata,7,34986.27,0,0.0,0.0,0,0,39.89
2026-05-04,UPI,Mumbai,11,27994.0,0,0.0,0.0,0,0,33.82
2026-05-04,UPI,Pune,9,19026.15,0,0.0,0.0,0,0,23.08
2026-05-05,ATM,Ahmedabad,1,5268.38,0,0.0,0.0,0,0,14.5
2026-05-05,ATM,Bengaluru,6,17418.55,0,0.0,0.0,0,0,24.37
2026-05-05,ATM,Chennai,3,19878.15,0,0.0,0.0,0,0,31.57
2026-05-05,ATM,Delhi,4,4957.54,1,563.76,25.0,0,1,36.2
2026-05-05,ATM,Hyderabad,1,827.31,0,0.0,0.0,0,0,37.5
2026-05-05,ATM,Jaipur,4,14243.57,0,0.0,0.0,0,0,43.6
2026-05-05,ATM,Kochi,2,3556.98,0,0.0,0.0,0,0,55.4
2026-05-05,ATM,Kolkata,5,8418.6,0,0.0,0.0,0,0,25.82
2026-05-05,ATM,Mumbai,2,2163.19,0,0.0,0.0,0,1,48.75
2026-05-05,ATM,Pune,4,6416.66,0,0.0,0.0,0,0,35.0
2026-05-05,Branch,Ahmedabad,1,2120.04,0,0.0,0.0,0,0,59.5
2026-05-05,Branch,Bengaluru,1,95.32,0,0.0,0.0,0,0,27.7
2026-05-05,Branch,Kochi,2,2234.15,0,0.0,0.0,0,0,21.65
2026-05-05,Branch,Kolkata,1,1969.65,0,0.0,0.0,0,0,33.4
2026-05-05,IMPS,Ahmedabad,3,11940.32,0,0.0,0.0,0,0,32.47
2026-05-05,IMPS,Bengaluru,1,1409.85,0,0.0,0.0,0,0,27.9
2026-05-05,IMPS,Chennai,1,2021.53,0,0.0,0.0,0,0,9.1
2026-05-05,IMPS,Hyderabad,3,3029.41,0,0.0,0.0,0,0,33.5
2026-05-05,IMPS,Jaipur,2,2160.9,0,0.0,0.0,0,0,26.45
2026-05-05,IMPS,Kochi,2,4324.92,0,0.0,0.0,0,0,36.75
2026-05-05,IMPS,Kolkata,3,2684.35,0,0.0,0.0,0,0,31.2
2026-05-05,IMPS,Mumbai,1,10302.12,0,0.0,0.0,0,0,50.3
2026-05-05,IMPS,Pune,2,1989.15,0,0.0,0.0,0,0,29.45
2026-05-05,Internet Banking,Bengaluru,2,7192.3,0,0.0,0.0,0,0,21.7
2026-05-05,Internet Banking,Chennai,1,2729.25,0,0.0,0.0,0,0,18.8
2026-05-05,Internet Banking,Hyderabad,3,15669.22,0,0.0,0.0,0,1,47.83
2026-05-05,Internet Banking,Jaipur,3,4649.85,0,0.0,0.0,0,0,21.13
2026-05-05,Internet Banking,Kochi,2,2699.09,0,0.0,0.0,0,0,31.6
2026-05-05,Internet Banking,Kolkata,3,6622.9,0,0.0,0.0,0,0,28.07
2026-05-05,Internet Banking,Mumbai,1,996.99,0,0.0,0.0,0,0,15.9
2026-05-05,Internet Banking,Pune,4,12662.33,0,0.0,0.0,0,0,36.75
2026-05-05,Mobile Banking,Ahmedabad,4,11454.74,0,0.0,0.0,0,0,35.5
2026-05-05,Mobile Banking,Bengaluru,2,2700.84,0,0.0,0.0,0,0,24.3
2026-05-05,Mobile Banking,Chennai,7,18845.67,0,0.0,0.0,0,0,28.03
2026-05-05,Mobile Banking,Delhi,5,42615.63,0,0.0,0.0,0,0,36.02
2026-05-05,Mobile Banking,Hyderabad,4,28786.49,0,0.0,0.0,0,0,30.77
2026-05-05,Mobile Banking,Jaipur,7,14412.46,0,0.0,0.0,0,1,34.1
2026-05-05,Mobile Banking,Kochi,2,8240.97,0,0.0,0.0,0,0,36.85
2026-05-05,Mobile Banking,Kolkata,5,12953.89,0,0.0,0.0,0,0,24.94
2026-05-05,Mobile Banking,Mumbai,7,4909.32,0,0.0,0.0,0,0,24.63
2026-05-05,Mobile Banking,Pune,4,5068.52,0,0.0,0.0,0,0,36.12
2026-05-05,NEFT,Ahmedabad,1,709.35,0,0.0,0.0,0,0,17.8
2026-05-05,NEFT,Bengaluru,2,3877.61,0,0.0,0.0,0,0,15.6
2026-05-05,NEFT,Chennai,3,10803.67,0,0.0,0.0,0,1,57.97
2026-05-05,NEFT,Delhi,5,11773.32,0,0.0,0.0,0,0,32.7
2026-05-05,NEFT,Hyderabad,3,22608.53,0,0.0,0.0,0,0,23.33
2026-05-05,NEFT,Jaipur,5,14032.56,0,0.0,0.0,0,0,37.5
2026-05-05,NEFT,Kochi,3,14454.5,0,0.0,0.0,0,1,46.57
2026-05-05,NEFT,Kolkata,1,1856.68,0,0.0,0.0,0,0,18.8
2026-05-05,NEFT,Mumbai,2,9993.74,0,0.0,0.0,0,0,40.45
2026-05-05,NEFT,Pune,5,13222.6,0,0.0,0.0,0,0,28.54
2026-05-05,POS,Ahmedabad,2,4872.85,0,0.0,0.0,0,0,47.1
2026-05-05,POS,Bengaluru,3,3942.76,0,0.0,0.0,0,0,28.0
2026-05-05,POS,Chennai,3,5618.63,0,0.0,0.0,0,0,39.77
2026-05-05,POS,Delhi,1,1852.05,0,0.0,0.0,0,0,16.7
2026-05-05,POS,Hyderabad,1,1079.56,0,0.0,0.0,0,0,32.5
2026-05-05,POS,Jaipur,6,91011.73,0,0.0,0.0,0,0,25.27
2026-05-05,POS,Kochi,3,2224.43,1,581.14,33.333,0,1,41.37
2026-05-05,POS,Kolkata,3,4812.12,0,0.0,0.0,0,1,44.53
2026-05-05,POS,Mumbai,5,9356.14,0,0.0,0.0,0,0,31.94
2026-05-05,POS,Pune,4,17962.06,0,0.0,0.0,0,0,41.92
2026-05-05,RTGS,Ahmedabad,1,224626.79,0,0.0,0.0,0,0,23.8
2026-05-05,RTGS,Bengaluru,1,548946.97,0,0.0,0.0,0,0,26.6
2026-05-05,RTGS,Chennai,1,1348529.62,0,0.0,0.0,0,0,28.0
2026-05-05,RTGS,Delhi,2,1502566.65,0,0.0,0.0,0,0,37.8
2026-05-05,RTGS,Hyderabad,2,1532089.21,0,0.0,0.0,0,0,25.95
2026-05-05,RTGS,Jaipur,1,520853.1,0,0.0,0.0,0,0,34.3
2026-05-05,RTGS,Kochi,1,1390845.5,0,0.0,0.0,0,0,40.6
2026-05-05,RTGS,Kolkata,2,2667559.15,0,0.0,0.0,0,0,38.55
2026-05-05,RTGS,Pune,2,2102964.06,0,0.0,0.0,0,0,44.6
2026-05-05,UPI,Ahmedabad,11,50962.6,0,0.0,0.0,0,0,33.95
2026-05-05,UPI,Bengaluru,7,13351.49,1,265.89,14.286,0,1,30.51
2026-05-05,UPI,Chennai,12,51093.26,0,0.0,0.0,0,0,28.83
2026-05-05,UPI,Delhi,9,39237.25,0,0.0,0.0,0,1,37.64
2026-05-05,UPI,Hyderabad,6,7317.64,0,0.0,0.0,0,0,21.73
2026-05-05,UPI,Jaipur,8,19561.63,0,0.0,0.0,0,0,22.99
2026-05-05,UPI,Kochi,13,59191.31,0,0.0,0.0,0,0,24.85
2026-05-05,UPI,Kolkata,8,15979.2,0,0.0,0.0,0,0,30.58
2026-05-05,UPI,Mumbai,5,11527.61,0,0.0,0.0,0,0,33.66
2026-05-05,UPI,Pune,7,18891.99,0,0.0,0.0,0,0,30.21
2026-05-06,ATM,Ahmedabad,5,8767.18,0,0.0,0.0,0,0,24.2
2026-05-06,ATM,Bengaluru,5,4874.59,0,0.0,0.0,0,0,22.66
2026-05-06,ATM,Chennai,2,2262.32,0,0.0,0.0,0,0,47.1
2026-05-06,ATM,Delhi,2,14992.41,0,0.0,0.0,0,0,32.65
2026-05-06,ATM,Hyderabad,3,14974.92,0,0.0,0.0,0,0,22.8
2026-05-06,ATM,Jaipur,4,2743.16,0,0.0,0.0,0,0,23.78
2026-05-06,ATM,Kochi,3,4353.65,0,0.0,0.0,0,1,35.73
2026-05-06,ATM,Kolkata,1,3571.98,0,0.0,0.0,0,0,55.3
2026-05-06,ATM,Mumbai,4,16877.81,0,0.0,0.0,0,0,28.3
2026-05-06,ATM,Pune,1,3167.27,0,0.0,0.0,0,0,17.2
2026-05-06,Branch,Ahmedabad,1,1076.83,0,0.0,0.0,0,0,30.3
2026-05-06,Branch,Bengaluru,1,2775.33,0,0.0,0.0,0,0,30.1
2026-05-06,Branch,Chennai,1,418.32,0,0.0,0.0,0,0,17.2
2026-05-06,Branch,Jaipur,1,1642.06,0,0.0,0.0,0,0,28.1
2026-05-06,Branch,Kochi,1,1165.89,0,0.0,0.0,0,0,46.8
2026-05-06,Branch,Kolkata,1,190.7,0,0.0,0.0,0,0,11.1
2026-05-06,Branch,Mumbai,1,945.55,0,0.0,0.0,0,0,29.8
2026-05-06,IMPS,Ahmedabad,3,4423.9,0,0.0,0.0,0,0,35.17
2026-05-06,IMPS,Bengaluru,1,2529.19,0,0.0,0.0,0,0,35.6
2026-05-06,IMPS,Chennai,2,1360.9,0,0.0,0.0,0,0,36.6
2026-05-06,IMPS,Delhi,3,14406.43,0,0.0,0.0,0,0,29.43
2026-05-06,IMPS,Hyderabad,8,13325.6,1,2776.48,12.5,0,1,32.26
2026-05-06,IMPS,Jaipur,1,1377.13,0,0.0,0.0,0,0,16.2
2026-05-06,IMPS,Kochi,8,12660.57,0,0.0,0.0,0,0,29.6
2026-05-06,IMPS,Kolkata,1,3411.97,0,0.0,0.0,0,0,51.5
2026-05-06,IMPS,Mumbai,2,1005.89,0,0.0,0.0,0,0,20.6
2026-05-06,Internet Banking,Ahmedabad,5,2916.59,0,0.0,0.0,0,0,21.0
2026-05-06,Internet Banking,Bengaluru,3,2665.53,0,0.0,0.0,0,0,14.07
2026-05-06,Internet Banking,Chennai,2,1927.03,0,0.0,0.0,0,0,13.65
2026-05-06,Internet Banking,Delhi,7,10268.03,0,0.0,0.0,0,0,31.11
2026-05-06,Internet Banking,Hyderabad,3,11966.86,0,0.0,0.0,0,0,44.0
2026-05-06,Internet Banking,Jaipur,1,1891.52,0,0.0,0.0,0,0,34.7
2026-05-06,Internet Banking,Kochi,2,3195.43,0,0.0,0.0,0,0,15.2
2026-05-06,Internet Banking,Kolkata,3,13984.5,0,0.0,0.0,0,0,31.87
2026-05-06,Internet Banking,Mumbai,2,2089.97,0,0.0,0.0,0,0,25.65
2026-05-06,Internet Banking,Pune,4,6461.51,0,0.0,0.0,0,0,34.67
2026-05-06,Mobile Banking,Ahmedabad,5,11878.97,0,0.0,0.0,0,0,32.7
2026-05-06,Mobile Banking,Bengaluru,7,20160.97,0,0.0,0.0,0,0,35.01
2026-05-06,Mobile Banking,Chennai,3,6694.34,0,0.0,0.0,0,0,26.0
2026-05-06,Mobile Banking,Delhi,4,30265.87,0,0.0,0.0,0,0,33.25
2026-05-06,Mobile Banking,Hyderabad,6,11733.73,0,0.0,0.0,0,0,27.75
2026-05-06,Mobile Banking,Jaipur,4,8231.47,0,0.0,0.0,0,0,30.13
2026-05-06,Mobile Banking,Kochi,3,3858.48,0,0.0,0.0,0,0,20.4
2026-05-06,Mobile Banking,Kolkata,2,1470.85,0,0.0,0.0,0,0,25.95
2026-05-06,Mobile Banking,Mumbai,5,19158.99,0,0.0,0.0,0,0,29.56
2026-05-06,Mobile Banking,Pune,7,23147.12,0,0.0,0.0,0,1,40.14
2026-05-06,NEFT,Ahmedabad,2,4370.48,0,0.0,0.0,0,0,35.95
2026-05-06,NEFT,Bengaluru,4,131046.61,1,123361.55,25.0,0,0,39.67
2026-05-06,NEFT,Chennai,3,2504.62,0,0.0,0.0,0,0,33.33
2026-05-06,NEFT,Delhi,1,451.55,0,0.0,0.0,0,0,7.9
2026-05-06,NEFT,Hyderabad,4,7707.25,0,0.0,0.0,0,0,17.05
2026-05-06,NEFT,Jaipur,1,840.95,0,0.0,0.0,0,0,30.2
2026-05-06,NEFT,Kochi,1,1009.54,0,0.0,0.0,0,0,26.6
2026-05-06,NEFT,Kolkata,1,2274.42,1,2274.42,100.0,0,0,60.0
2026-05-06,NEFT,Mumbai,3,4478.16,0,0.0,0.0,0,0,42.27
2026-05-06,POS,Ahmedabad,1,3554.81,0,0.0,0.0,0,0,49.4
2026-05-06,POS,Bengaluru,2,967.62,0,0.0,0.0,0,0,22.15
2026-05-06,POS,Chennai,5,7375.56,0,0.0,0.0,0,0,28.0
2026-05-06,POS,Delhi,3,2210.45,0,0.0,0.0,0,0,22.43
2026-05-06,POS,Hyderabad,5,6115.33,0,0.0,0.0,0,0,36.4
2026-05-06,POS,Jaipur,1,4857.4,0,0.0,0.0,0,0,26.7
2026-05-06,POS,Kochi,4,12186.15,0,0.0,0.0,0,0,40.17
2026-05-06,POS,Kolkata,3,10114.02,0,0.0,0.0,0,0,28.9
2026-05-06,POS,Mumbai,3,15046.79,0,0.0,0.0,0,0,33.17
2026-05-06,POS,Pune,3,3161.74,0,0.0,0.0,0,0,35.37
2026-05-06,RTGS,Ahmedabad,1,425761.33,0,0.0,0.0,0,0,37.8
2026-05-06,RTGS,Bengaluru,2,2352005.37,0,0.0,0.0,0,1,49.3
2026-05-06,RTGS,Delhi,2,2199310.38,0,0.0,0.0,0,0,40.55
2026-05-06,RTGS,Hyderabad,2,1015240.21,0,0.0,0.0,0,0,38.3
2026-05-06,RTGS,Jaipur,2,1430379.93,0,0.0,0.0,0,1,64.7
2026-05-06,RTGS,Mumbai,2,1379041.83,0,0.0,0.0,0,0,42.0
2026-05-06,RTGS,Pune,2,1734381.27,0,0.0,0.0,0,0,52.1
2026-05-06,UPI,Ahmedabad,3,3875.16,0,0.0,0.0,0,0,39.97
2026-05-06,UPI,Bengaluru,1,382.14,0,0.0,0.0,0,0,60.7
2026-05-06,UPI,Chennai,6,26407.48,0,0.0,0.0,0,0,27.95
2026-05-06,UPI,Delhi,3,5057.22,0,0.0,0.0,0,0,17.9
2026-05-06,UPI,Hyderabad,6,19054.91,0,0.0,0.0,0,0,32.05
2026-05-06,UPI,Jaipur,4,8657.82,0,0.0,0.0,0,0,25.25
2026-05-06,UPI,Kochi,7,31590.94,0,0.0,0.0,0,1,37.9
2026-05-06,UPI,Kolkata,6,25515.54,0,0.0,0.0,0,0,42.85
2026-05-06,UPI,Mumbai,3,10407.38,0,0.0,0.0,0,0,26.1
2026-05-06,UPI,Pune,11,43604.43,0,0.0,0.0,0,0,41.22
2026-05-07,ATM,Ahmedabad,4,8088.15,0,0.0,0.0,0,0,23.97
2026-05-07,ATM,Bengaluru,2,6090.06,0,0.0,0.0,0,0,36.6
2026-05-07,ATM,Chennai,2,3050.47,0,0.0,0.0,0,0,19.15
2026-05-07,ATM,Delhi,2,1040.1,0,0.0,0.0,0,0,30.55
2026-05-07,ATM,Hyderabad,4,3232.68,0,0.0,0.0,0,0,14.67
2026-05-07,ATM,Jaipur,1,2145.05,0,0.0,0.0,0,0,39.6
2026-05-07,ATM,Kochi,4,20042.16,0,0.0,0.0,0,0,23.52
2026-05-07,ATM,Kolkata,1,199.98,0,0.0,0.0,0,0,8.5
2026-05-07,ATM,Mumbai,1,9370.97,0,0.0,0.0,0,0,30.0
2026-05-07,ATM,Pune,1,2605.48,0,0.0,0.0,0,0,36.5
2026-05-07,Branch,Ahmedabad,1,1046.39,0,0.0,0.0,0,0,22.1
2026-05-07,Branch,Bengaluru,1,1793.3,0,0.0,0.0,0,0,63.7
2026-05-07,Branch,Delhi,1,753.79,0,0.0,0.0,0,0,11.5
2026-05-07,Branch,Hyderabad,2,2831.39,0,0.0,0.0,0,0,20.6
2026-05-07,IMPS,Bengaluru,2,6954.61,0,0.0,0.0,0,0,38.2
2026-05-07,IMPS,Chennai,3,4747.63,0,0.0,0.0,0,0,25.57
2026-05-07,IMPS,Delhi,3,3639.73,0,0.0,0.0,0,0,19.03
2026-05-07,IMPS,Hyderabad,1,2923.83,0,0.0,0.0,0,0,27.1
2026-05-07,IMPS,Jaipur,1,851.49,0,0.0,0.0,0,0,14.1
2026-05-07,IMPS,Kochi,1,12268.25,0,0.0,0.0,0,0,50.9
2026-05-07,IMPS,Kolkata,2,28960.09,0,0.0,0.0,0,0,35.8
2026-05-07,IMPS,Pune,1,1055.42,0,0.0,0.0,0,0,37.5
2026-05-07,Internet Banking,Ahmedabad,4,13073.16,0,0.0,0.0,0,0,20.32
2026-05-07,Internet Banking,Bengaluru,5,28180.34,0,0.0,0.0,0,0,25.34
2026-05-07,Internet Banking,Chennai,2,5200.64,0,0.0,0.0,0,0,33.85
2026-05-07,Internet Banking,Delhi,4,6874.45,0,0.0,0.0,0,0,24.95
2026-05-07,Internet Banking,Hyderabad,6,7839.65,0,0.0,0.0,0,0,28.33
2026-05-07,Internet Banking,Jaipur,4,9222.82,0,0.0,0.0,0,0,20.82
2026-05-07,Internet Banking,Mumbai,5,12389.2,0,0.0,0.0,0,0,33.8
2026-05-07,Internet Banking,Pune,4,10880.89,0,0.0,0.0,0,0,32.88
2026-05-07,Mobile Banking,Ahmedabad,7,26259.33,0,0.0,0.0,0,0,33.87
2026-05-07,Mobile Banking,Bengaluru,3,10706.66,0,0.0,0.0,0,0,27.3
2026-05-07,Mobile Banking,Chennai,1,2905.21,0,0.0,0.0,0,0,13.9
2026-05-07,Mobile Banking,Delhi,11,53835.96,0,0.0,0.0,0,1,27.94
2026-05-07,Mobile Banking,Hyderabad,2,4551.58,0,0.0,0.0,0,0,18.3
2026-05-07,Mobile Banking,Kochi,5,16231.89,0,0.0,0.0,0,0,31.74
2026-05-07,Mobile Banking,Kolkata,6,9660.58,0,0.0,0.0,0,0,27.5
2026-05-07,Mobile Banking,Mumbai,3,144785.69,1,140230.83,33.333,0,0,31.77
2026-05-07,Mobile Banking,Pune,2,10288.54,0,0.0,0.0,0,0,33.15
2026-05-07,NEFT,Ahmedabad,2,686.65,0,0.0,0.0,0,0,25.15
2026-05-07,NEFT,Bengaluru,1,3905.01,0,0.0,0.0,0,0,34.8
2026-05-07,NEFT,Chennai,4,13501.98,0,0.0,0.0,0,0,23.4
2026-05-07,NEFT,Delhi,3,4135.72,0,0.0,0.0,0,0,36.3
2026-05-07,NEFT,Hyderabad,4,7255.13,0,0.0,0.0,0,0,23.02
2026-05-07,NEFT,Kolkata,4,14254.8,0,0.0,0.0,0,0,19.6
2026-05-07,NEFT,Mumbai,3,5795.86,0,0.0,0.0,0,0,41.87
2026-05-07,NEFT,Pune,7,8922.54,0,0.0,0.0,0,0,22.5
2026-05-07,POS,Ahmedabad,8,14575.07,0,0.0,0.0,0,0,36.14
2026-05-07,POS,Bengaluru,4,4027.37,0,0.0,0.0,0,0,24.43
2026-05-07,POS,Chennai,5,12133.25,0,0.0,0.0,0,0,31.1
2026-05-07,POS,Delhi,6,39821.06,0,0.0,0.0,0,2,45.2
2026-05-07,POS,Hyderabad,5,13723.18,1,28.43,20.0,0,0,28.08
2026-05-07,POS,Jaipur,2,9845.58,0,0.0,0.0,0,0,21.0
2026-05-07,POS,Kochi,4,12431.37,0,0.0,0.0,0,1,43.2
2026-05-07,POS,Kolkata,2,1443.16,0,0.0,0.0,0,0,30.55
2026-05-07,POS,Mumbai,5,13773.05,0,0.0,0.0,0,0,22.86
2026-05-07,POS,Pune,4,2429.38,0,0.0,0.0,0,0,29.7
2026-05-07,RTGS,Ahmedabad,2,994121.32,0,0.0,0.0,0,0,34.1
2026-05-07,RTGS,Bengaluru,1,975795.23,0,0.0,0.0,0,0,46.9
2026-05-07,RTGS,Chennai,1,344421.81,0,0.0,0.0,0,0,30.4
2026-05-07,RTGS,Hyderabad,2,1767375.02,0,0.0,0.0,0,0,51.1
2026-05-07,RTGS,Kochi,2,1421520.73,0,0.0,0.0,0,0,32.85
2026-05-07,RTGS,Kolkata,1,881125.62,0,0.0,0.0,0,0,42.6
2026-05-07,RTGS,Mumbai,2,1733775.15,0,0.0,0.0,0,0,46.25
2026-05-07,UPI,Ahmedabad,8,23512.45,0,0.0,0.0,0,0,30.12
2026-05-07,UPI,Bengaluru,8,14552.28,0,0.0,0.0,0,0,25.4
2026-05-07,UPI,Chennai,6,136110.2,1,118600.92,16.667,0,1,38.62
2026-05-07,UPI,Delhi,1,1879.91,0,0.0,0.0,0,0,33.6
2026-05-07,UPI,Hyderabad,8,25084.73,0,0.0,0.0,0,0,30.3
2026-05-07,UPI,Jaipur,4,7930.6,0,0.0,0.0,0,0,25.73
2026-05-07,UPI,Kochi,5,13453.19,0,0.0,0.0,0,0,27.36
2026-05-07,UPI,Kolkata,3,7014.05,0,0.0,0.0,0,0,33.1
2026-05-07,UPI,Mumbai,5,423689.26,1,414310.26,20.0,0,0,24.26
2026-05-07,UPI,Pune,5,30321.05,0,0.0,0.0,0,1,35.28
2026-05-08,ATM,Ahmedabad,2,5885.27,0,0.0,0.0,0,0,40.4
2026-05-08,ATM,Bengaluru,2,4910.06,0,0.0,0.0,0,0,39.75
2026-05-08,ATM,Chennai,3,3763.59,0,0.0,0.0,0,0,30.57
2026-05-08,ATM,Delhi,3,8727.02,0,0.0,0.0,0,0,14.5
2026-05-08,ATM,Hyderabad,4,9380.02,0,0.0,0.0,0,0,34.25
2026-05-08,ATM,Jaipur,4,6132.91,0,0.0,0.0,0,0,31.65
2026-05-08,ATM,Kochi,2,4881.37,0,0.0,0.0,0,0,21.65
2026-05-08,ATM,Kolkata,1,699.97,0,0.0,0.0,0,0,41.7
2026-05-08,ATM,Mumbai,1,1533.75,0,0.0,0.0,0,0,15.0
2026-05-08,ATM,Pune,2,5982.79,0,0.0,0.0,0,0,23.1
2026-05-08,Branch,Bengaluru,3,290916.77,1,285972.57,33.333,0,0,36.93
2026-05-08,Branch,Chennai,1,1954.47,0,0.0,0.0,0,0,23.6
2026-05-08,Branch,Delhi,1,4395.08,0,0.0,0.0,0,0,23.0
2026-05-08,Branch,Hyderabad,2,3217.65,0,0.0,0.0,0,0,36.7
2026-05-08,IMPS,Ahmedabad,4,71871.45,1,64416.42,25.0,0,1,38.35
2026-05-08,IMPS,Bengaluru,4,7244.16,0,0.0,0.0,0,0,20.15
2026-05-08,IMPS,Chennai,4,9911.09,0,0.0,0.0,0,0,35.67
2026-05-08,IMPS,Delhi,5,11862.61,0,0.0,0.0,0,0,26.78
2026-05-08,IMPS,Hyderabad,1,12193.28,0,0.0,0.0,0,0,55.6
2026-05-08,IMPS,Jaipur,8,19171.34,0,0.0,0.0,0,0,34.51
2026-05-08,IMPS,Kochi,2,6874.27,1,612.18,50.0,0,0,47.5
2026-05-08,IMPS,Kolkata,4,10136.62,0,0.0,0.0,0,0,35.97
2026-05-08,IMPS,Mumbai,5,75512.26,2,70210.59,40.0,1,0,49.74
2026-05-08,IMPS,Pune,2,11329.79,0,0.0,0.0,0,0,29.15
2026-05-08,Internet Banking,Bengaluru,5,7900.25,0,0.0,0.0,0,0,33.76
2026-05-08,Internet Banking,Chennai,1,1126.33,0,0.0,0.0,0,0,21.3
2026-05-08,Internet Banking,Delhi,2,2145.76,0,0.0,0.0,0,0,19.95
2026-05-08,Internet Banking,Hyderabad,1,2820.99,0,0.0,0.0,0,0,31.7
2026-05-08,Internet Banking,Jaipur,4,8042.71,0,0.0,0.0,0,0,37.98
2026-05-08,Internet Banking,Kochi,5,13129.45,0,0.0,0.0,0,0,41.5
2026-05-08,Internet Banking,Kolkata,3,6466.67,0,0.0,0.0,0,0,35.7
2026-05-08,Internet Banking,Mumbai,4,14811.97,0,0.0,0.0,0,0,26.65
2026-05-08,Internet Banking,Pune,3,11173.4,0,0.0,0.0,0,0,26.53
2026-05-08,Mobile Banking,Ahmedabad,4,14808.87,0,0.0,0.0,0,0,26.57
2026-05-08,Mobile Banking,Bengaluru,2,4815.93,0,0.0,0.0,0,0,31.45
2026-05-08,Mobile Banking,Chennai,3,9914.54,0,0.0,0.0,0,0,32.07
2026-05-08,Mobile Banking,Delhi,5,9130.03,0,0.0,0.0,0,0,23.68
2026-05-08,Mobile Banking,Hyderabad,3,5735.33,0,0.0,0.0,0,0,25.3
2026-05-08,Mobile Banking,Jaipur,3,11389.17,0,0.0,0.0,0,0,31.27
2026-05-08,Mobile Banking,Kochi,5,25622.4,0,0.0,0.0,0,0,37.18
2026-05-08,Mobile Banking,Kolkata,6,16814.07,0,0.0,0.0,0,0,24.58
2026-05-08,Mobile Banking,Mumbai,2,3105.35,0,0.0,0.0,0,0,30.5
2026-05-08,Mobile Banking,Pune,2,9050.71,0,0.0,0.0,0,0,23.55
2026-05-08,NEFT,Ahmedabad,3,6373.05,0,0.0,0.0,0,0,11.7
2026-05-08,NEFT,Bengaluru,5,26783.22,0,0.0,0.0,0,0,41.3
2026-05-08,NEFT,Chennai,1,520.27,0,0.0,0.0,0,0,12.7
2026-05-08,NEFT,Delhi,6,34094.69,0,0.0,0.0,0,1,41.68
2026-05-08,NEFT,Hyderabad,2,4620.32,0,0.0,0.0,0,0,20.7
2026-05-08,NEFT,Jaipur,6,13757.94,0,0.0,0.0,0,1,35.52
2026-05-08,NEFT,Kochi,1,8681.16,0,0.0,0.0,0,0,53.7
2026-05-08,NEFT,Mumbai,3,5538.98,0,0.0,0.0,0,0,32.5
2026-05-08,NEFT,Pune,1,8749.55,0,0.0,0.0,0,0,31.8
2026-05-08,POS,Ahmedabad,4,8321.85,0,0.0,0.0,0,0,28.77
2026-05-08,POS,Bengaluru,6,13608.01,0,0.0,0.0,0,0,21.82
2026-05-08,POS,Chennai,7,19067.84,0,0.0,0.0,0,1,36.0
2026-05-08,POS,Delhi,3,4656.25,0,0.0,0.0,0,0,23.07
2026-05-08,POS,Hyderabad,2,6670.5,0,0.0,0.0,0,0,35.1
2026-05-08,POS,Jaipur,3,13542.84,0,0.0,0.0,0,0,26.47
2026-05-08,POS,Kochi,3,14929.67,0,0.0,0.0,0,0,37.17
2026-05-08,POS,Kolkata,5,14905.43,0,0.0,0.0,0,0,36.94
2026-05-08,POS,Mumbai,7,20833.97,0,0.0,0.0,0,0,32.59
2026-05-08,POS,Pune,1,4025.03,0,0.0,0.0,0,0,22.5
2026-05-08,RTGS,Ahmedabad,2,1695022.95,0,0.0,0.0,0,0,36.95
2026-05-08,RTGS,Bengaluru,1,386279.02,0,0.0,0.0,0,0,35.7
2026-05-08,RTGS,Chennai,1,525419.73,0,0.0,0.0,0,0,45.5
2026-05-08,RTGS,Delhi,1,1187079.5,0,0.0,0.0,0,0,36.2
2026-05-08,RTGS,Hyderabad,2,1980693.15,0,0.0,0.0,0,0,37.75
2026-05-08,RTGS,Jaipur,1,441056.33,0,0.0,0.0,0,0,23.2
2026-05-08,RTGS,Kochi,3,2467165.86,0,0.0,0.0,0,0,45.77
2026-05-08,RTGS,Mumbai,1,1145528.46,0,0.0,0.0,0,0,24.1
2026-05-08,UPI,Ahmedabad,3,3000.47,0,0.0,0.0,0,0,22.4
2026-05-08,UPI,Bengaluru,5,23116.35,0,0.0,0.0,0,0,29.02
2026-05-08,UPI,Chennai,10,45672.68,0,0.0,0.0,0,1,28.51
2026-05-08,UPI,Delhi,4,4138.75,0,0.0,0.0,0,0,28.68
2026-05-08,UPI,Hyderabad,10,40706.97,0,0.0,0.0,0,0,27.45
2026-05-08,UPI,Jaipur,9,183761.62,1,169986.16,11.111,0,1,28.37
2026-05-08,UPI,Kochi,6,6733.97,0,0.0,0.0,0,0,28.47
2026-05-08,UPI,Kolkata,1,3053.67,0,0.0,0.0,0,0,27.0
2026-05-08,UPI,Mumbai,6,448357.27,1,432768.18,16.667,0,0,28.02
2026-05-08,UPI,Pune,9,35388.22,0,0.0,0.0,0,1,30.07
2026-05-09,ATM,Ahmedabad,2,1830.43,0,0.0,0.0,0,0,25.35
2026-05-09,ATM,Bengaluru,3,24292.95,0,0.0,0.0,0,0,34.03
2026-05-09,ATM,Chennai,3,3128.73,0,0.0,0.0,0,0,33.13
2026-05-09,ATM,Delhi,3,6299.21,0,0.0,0.0,0,0,45.57
2026-05-09,ATM,Hyderabad,4,34470.5,0,0.0,0.0,0,0,35.58
2026-05-09,ATM,Jaipur,5,6051.28,0,0.0,0.0,0,0,28.92
2026-05-09,ATM,Kochi,3,4541.74,0,0.0,0.0,0,0,24.23
2026-05-09,ATM,Kolkata,3,24999.01,0,0.0,0.0,0,0,26.8
2026-05-09,ATM,Mumbai,4,16835.41,0,0.0,0.0,0,0,33.45
2026-05-09,ATM,Pune,6,7604.7,0,0.0,0.0,0,0,26.0
2026-05-09,Branch,Ahmedabad,1,991.43,0,0.0,0.0,0,0,31.3
2026-05-09,Branch,Bengaluru,1,4021.89,0,0.0,0.0,0,0,50.3
2026-05-09,Branch,Chennai,2,2611.5,0,0.0,0.0,0,0,12.85
2026-05-09,Branch,Delhi,1,5473.27,0,0.0,0.0,0,0,62.0
2026-05-09,Branch,Hyderabad,1,394.22,0,0.0,0.0,0,0,14.7
2026-05-09,Branch,Kochi,1,546.39,0,0.0,0.0,0,0,11.6
2026-05-09,Branch,Kolkata,1,1361.6,0,0.0,0.0,0,0,11.2
2026-05-09,Branch,Mumbai,1,1077.79,0,0.0,0.0,0,0,18.7
2026-05-09,Branch,Pune,1,11726.59,0,0.0,0.0,0,1,76.9
2026-05-09,IMPS,Ahmedabad,2,3004.3,0,0.0,0.0,0,0,36.15
2026-05-09,IMPS,Bengaluru,2,1385.7,0,0.0,0.0,0,0,25.25
2026-05-09,IMPS,Chennai,3,13295.55,0,0.0,0.0,0,0,39.13
2026-05-09,IMPS,Delhi,2,3898.36,0,0.0,0.0,0,0,21.85
2026-05-09,IMPS,Hyderabad,5,18538.48,0,0.0,0.0,0,0,33.8
2026-05-09,IMPS,Jaipur,4,8060.29,0,0.0,0.0,0,0,33.2
2026-05-09,IMPS,Kochi,3,4082.95,0,0.0,0.0,0,0,34.17
2026-05-09,IMPS,Kolkata,3,13375.13,0,0.0,0.0,0,0,24.7
2026-05-09,IMPS,Pune,4,1501.14,0,0.0,0.0,0,0,27.0
2026-05-09,Internet Banking,Ahmedabad,4,23445.57,0,0.0,0.0,0,0,30.03
2026-05-09,Internet Banking,Bengaluru,2,10723.31,0,0.0,0.0,0,0,40.15
2026-05-09,Internet Banking,Chennai,5,14694.41,0,0.0,0.0,0,0,31.94
2026-05-09,Internet Banking,Delhi,1,590.77,0,0.0,0.0,0,0,39.0
2026-05-09,Internet Banking,Hyderabad,3,6108.4,0,0.0,0.0,0,0,28.67
2026-05-09,Internet Banking,Jaipur,4,9021.24,0,0.0,0.0,0,0,35.92
2026-05-09,Internet Banking,Kochi,3,7695.81,0,0.0,0.0,0,0,29.5
2026-05-09,Internet Banking,Kolkata,6,44629.65,0,0.0,0.0,0,0,32.48
2026-05-09,Internet Banking,Mumbai,4,5300.69,0,0.0,0.0,0,0,28.55
2026-05-09,Internet Banking,Pune,1,4865.66,0,0.0,0.0,0,0,55.3
2026-05-09,Mobile Banking,Ahmedabad,2,2838.55,0,0.0,0.0,0,0,32.0
2026-05-09,Mobile Banking,Bengaluru,5,6275.16,0,0.0,0.0,0,0,24.28
2026-05-09,Mobile Banking,Chennai,5,15125.98,0,0.0,0.0,0,0,23.98
2026-05-09,Mobile Banking,Delhi,2,80550.01,1,71529.22,50.0,0,0,52.6
2026-05-09,Mobile Banking,Hyderabad,3,4311.1,0,0.0,0.0,0,0,41.8
2026-05-09,Mobile Banking,Jaipur,2,4923.36,0,0.0,0.0,0,0,15.8
2026-05-09,Mobile Banking,Kochi,8,23340.55,0,0.0,0.0,0,0,27.91
2026-05-09,Mobile Banking,Kolkata,7,7618.54,0,0.0,0.0,0,0,22.43
2026-05-09,Mobile Banking,Mumbai,5,7168.58,0,0.0,0.0,0,0,36.44
2026-05-09,Mobile Banking,Pune,3,12868.15,0,0.0,0.0,0,0,25.2
2026-05-09,NEFT,Ahmedabad,7,11207.7,0,0.0,0.0,0,0,28.49
2026-05-09,NEFT,Bengaluru,4,7219.23,0,0.0,0.0,0,1,48.23
2026-05-09,NEFT,Chennai,1,916.83,0,0.0,0.0,0,0,33.7
2026-05-09,NEFT,Delhi,3,5753.68,0,0.0,0.0,0,0,20.53
2026-05-09,NEFT,Hyderabad,5,19499.06,0,0.0,0.0,0,0,22.16
2026-05-09,NEFT,Jaipur,4,8784.22,0,0.0,0.0,0,0,32.85
2026-05-09,NEFT,Kochi,2,2039.29,0,0.0,0.0,0,0,12.9
2026-05-09,NEFT,Kolkata,3,4705.57,0,0.0,0.0,0,0,19.9
2026-05-09,NEFT,Mumbai,2,5304.8,0,0.0,0.0,0,0,22.85
2026-05-09,NEFT,Pune,4,18488.36,1,1845.24,25.0,0,1,49.03
2026-05-09,POS,Ahmedabad,5,27164.26,0,0.0,0.0,0,0,29.94
2026-05-09,POS,Bengaluru,5,8727.29,0,0.0,0.0,0,0,29.82
2026-05-09,POS,Chennai,4,14615.03,0,0.0,0.0,0,0,33.55
2026-05-09,POS,Delhi,3,13920.04,0,0.0,0.0,0,0,13.5
2026-05-09,POS,Hyderabad,2,2914.97,0,0.0,0.0,0,0,22.45
2026-05-09,POS,Jaipur,9,59176.37,0,0.0,0.0,0,0,23.93
2026-05-09,POS,Kochi,3,3735.61,0,0.0,0.0,0,0,27.73
2026-05-09,POS,Kolkata,4,6075.08,0,0.0,0.0,0,0,16.12
2026-05-09,POS,Mumbai,4,9338.69,0,0.0,0.0,0,0,20.02
2026-05-09,POS,Pune,2,8581.07,0,0.0,0.0,0,0,21.15
2026-05-09,RTGS,Ahmedabad,3,1653767.28,0,0.0,0.0,0,1,42.17
2026-05-09,RTGS,Bengaluru,1,240748.01,0,0.0,0.0,0,0,29.4
2026-05-09,RTGS,Chennai,1,1424856.28,0,0.0,0.0,0,0,36.2
2026-05-09,RTGS,Jaipur,2,1733419.31,0,0.0,0.0,0,0,42.55
2026-05-09,RTGS,Kochi,2,1101198.73,0,0.0,0.0,0,0,31.85
2026-05-09,RTGS,Mumbai,2,1146641.29,0,0.0,0.0,0,0,37.7
2026-05-09,UPI,Ahmedabad,7,24004.69,0,0.0,0.0,0,0,24.19
2026-05-09,UPI,Bengaluru,11,21346.53,0,0.0,0.0,0,0,23.47
2026-05-09,UPI,Chennai,4,6037.83,0,0.0,0.0,0,0,29.55
2026-05-09,UPI,Delhi,4,19139.06,0,0.0,0.0,0,0,42.35
2026-05-09,UPI,Hyderabad,6,16750.18,0,0.0,0.0,0,0,28.07
2026-05-09,UPI,Jaipur,4,24581.0,0,0.0,0.0,0,0,26.12
2026-05-09,UPI,Kochi,6,8923.35,0,0.0,0.0,0,0,19.03
2026-05-09,UPI,Kolkata,2,5503.49,0,0.0,0.0,0,0,38.85
2026-05-09,UPI,Mumbai,6,139106.5,1,124265.51,16.667,0,0,29.45
2026-05-09,UPI,Pune,2,13676.86,0,0.0,0.0,0,0,24.45
2026-05-10,ATM,Ahmedabad,3,10803.81,0,0.0,0.0,0,0,24.5
2026-05-10,ATM,Bengaluru,3,7826.84,0,0.0,0.0,0,0,23.7
2026-05-10,ATM,Chennai,4,7647.49,0,0.0,0.0,0,0,22.98
2026-05-10,ATM,Delhi,1,810.67,0,0.0,0.0,0,0,32.0
2026-05-10,ATM,Hyderabad,5,7496.76,0,0.0,0.0,0,0,27.38
2026-05-10,ATM,Jaipur,2,3742.47,0,0.0,0.0,0,0,18.6
2026-05-10,ATM,Kochi,4,10749.72,0,0.0,0.0,0,0,23.4
2026-05-10,ATM,Kolkata,2,10881.2,0,0.0,0.0,0,0,36.85
2026-05-10,ATM,Mumbai,2,1377.05,0,0.0,0.0,0,0,10.55
2026-05-10,ATM,Pune,2,6526.77,0,0.0,0.0,0,0,41.95
2026-05-10,Branch,Bengaluru,1,12512.46,0,0.0,0.0,0,0,45.4
2026-05-10,Branch,Chennai,1,1246.65,0,0.0,0.0,0,0,34.0
2026-05-10,Branch,Hyderabad,1,1552.39,0,0.0,0.0,0,0,20.1
2026-05-10,Branch,Kolkata,1,1263.73,0,0.0,0.0,0,0,17.7
2026-05-10,Branch,Mumbai,2,1831.07,0,0.0,0.0,0,0,26.95
2026-05-10,Branch,Pune,2,5647.11,0,0.0,0.0,0,0,20.15
2026-05-10,IMPS,Ahmedabad,5,12174.42,0,0.0,0.0,0,0,32.34
2026-05-10,IMPS,Bengaluru,1,11577.18,0,0.0,0.0,0,0,32.6
2026-05-10,IMPS,Chennai,2,3886.16,0,0.0,0.0,0,0,16.6
2026-05-10,IMPS,Delhi,1,1850.53,0,0.0,0.0,0,0,44.5
2026-05-10,IMPS,Hyderabad,4,4709.15,0,0.0,0.0,0,0,39.5
2026-05-10,IMPS,Jaipur,2,5471.21,0,0.0,0.0,0,0,33.15
2026-05-10,IMPS,Kochi,1,2005.6,0,0.0,0.0,0,0,25.0
2026-05-10,IMPS,Kolkata,1,967.7,0,0.0,0.0,0,0,29.6
2026-05-10,IMPS,Mumbai,3,8036.35,0,0.0,0.0,0,0,13.83
2026-05-10,Internet Banking,Ahmedabad,5,6557.54,0,0.0,0.0,0,0,20.76
2026-05-10,Internet Banking,Bengaluru,4,31468.09,0,0.0,0.0,0,0,28.3
2026-05-10,Internet Banking,Chennai,5,6181.56,0,0.0,0.0,0,0,37.3
2026-05-10,Internet Banking,Delhi,6,13339.44,0,0.0,0.0,0,0,29.95
2026-05-10,Internet Banking,Hyderabad,2,9304.63,0,0.0,0.0,0,0,36.0
2026-05-10,Internet Banking,Jaipur,8,12567.77,0,0.0,0.0,0,0,31.82
2026-05-10,Internet Banking,Kochi,4,10465.37,0,0.0,0.0,0,0,34.85
2026-05-10,Internet Banking,Kolkata,1,10127.43,0,0.0,0.0,0,0,43.1
2026-05-10,Internet Banking,Mumbai,3,7080.97,0,0.0,0.0,0,0,32.1
2026-05-10,Internet Banking,Pune,3,8108.8,0,0.0,0.0,0,0,26.67
2026-05-10,Mobile Banking,Ahmedabad,4,8499.03,0,0.0,0.0,0,0,28.67
2026-05-10,Mobile Banking,Bengaluru,3,11378.87,0,0.0,0.0,0,0,39.43
2026-05-10,Mobile Banking,Chennai,6,16211.39,0,0.0,0.0,0,0,22.73
2026-05-10,Mobile Banking,Delhi,3,3085.72,0,0.0,0.0,0,0,18.23
2026-05-10,Mobile Banking,Hyderabad,8,101674.62,1,90528.35,12.5,0,0,34.86
2026-05-10,Mobile Banking,Jaipur,3,2896.96,0,0.0,0.0,0,0,37.97
2026-05-10,Mobile Banking,Kochi,7,23964.47,0,0.0,0.0,0,1,38.6
2026-05-10,Mobile Banking,Kolkata,7,8548.92,0,0.0,0.0,0,0,30.07
2026-05-10,Mobile Banking,Mumbai,4,7918.51,0,0.0,0.0,0,0,32.73
2026-05-10,Mobile Banking,Pune,3,3243.16,0,0.0,0.0,0,0,24.33
2026-05-10,NEFT,Ahmedabad,3,17686.04,0,0.0,0.0,0,0,33.53
2026-05-10,NEFT,Bengaluru,4,26250.35,1,616.55,25.0,0,0,36.45
2026-05-10,NEFT,Chennai,4,9282.02,0,0.0,0.0,0,0,37.53
2026-05-10,NEFT,Delhi,2,39036.15,0,0.0,0.0,0,0,31.1
2026-05-10,NEFT,Hyderabad,3,8766.56,0,0.0,0.0,0,0,43.6
2026-05-10,NEFT,Jaipur,2,6423.26,0,0.0,0.0,0,0,24.75
2026-05-10,NEFT,Kochi,2,7895.86,0,0.0,0.0,0,0,32.0
2026-05-10,NEFT,Mumbai,3,5066.03,0,0.0,0.0,0,0,19.63
2026-05-10,NEFT,Pune,2,28145.46,0,0.0,0.0,0,0,31.35
2026-05-10,POS,Ahmedabad,7,8143.15,0,0.0,0.0,0,0,24.44
2026-05-10,POS,Bengaluru,6,35578.73,0,0.0,0.0,0,0,34.8
2026-05-10,POS,Chennai,4,7671.7,0,0.0,0.0,0,0,17.93
2026-05-10,POS,Delhi,5,6563.45,0,0.0,0.0,0,0,22.84
2026-05-10,POS,Jaipur,5,5839.83,0,0.0,0.0,0,0,25.56
2026-05-10,POS,Kochi,3,10225.41,0,0.0,0.0,0,0,28.17
2026-05-10,POS,Kolkata,2,10151.83,0,0.0,0.0,0,0,44.3
2026-05-10,POS,Mumbai,3,4895.22,0,0.0,0.0,0,0,28.37
2026-05-10,POS,Pune,2,6459.39,0,0.0,0.0,0,0,18.15
2026-05-10,RTGS,Ahmedabad,1,966031.09,0,0.0,0.0,0,0,25.2
2026-05-10,RTGS,Bengaluru,2,872716.78,0,0.0,0.0,0,0,40.2
2026-05-10,RTGS,Chennai,1,609266.79,0,0.0,0.0,0,0,32.3
2026-05-10,RTGS,Delhi,1,1483636.59,0,0.0,0.0,0,0,30.7
2026-05-10,RTGS,Hyderabad,1,420186.97,0,0.0,0.0,0,0,57.0
2026-05-10,RTGS,Jaipur,1,235780.91,0,0.0,0.0,0,1,74.1
2026-05-10,RTGS,Kolkata,1,800815.76,0,0.0,0.0,0,0,38.4
2026-05-10,RTGS,Mumbai,1,811242.0,0,0.0,0.0,0,0,30.2
2026-05-10,UPI,Ahmedabad,9,40378.28,0,0.0,0.0,0,1,31.89
2026-05-10,UPI,Bengaluru,7,16882.89,0,0.0,0.0,0,1,50.36
2026-05-10,UPI,Chennai,4,10896.24,0,0.0,0.0,0,0,33.7
2026-05-10,UPI,Delhi,4,8758.56,0,0.0,0.0,0,0,28.15
2026-05-10,UPI,Hyderabad,4,13618.47,0,0.0,0.0,0,0,37.25
2026-05-10,UPI,Jaipur,4,16695.4,0,0.0,0.0,0,1,36.02
2026-05-10,UPI,Kochi,3,21504.25,0,0.0,0.0,0,0,33.63
2026-05-10,UPI,Kolkata,4,6553.84,0,0.0,0.0,0,0,26.43
2026-05-10,UPI,Mumbai,5,13459.05,0,0.0,0.0,0,0,34.06
2026-05-10,UPI,Pune,7,42947.29,0,0.0,0.0,0,0,32.33
2026-05-11,ATM,Bengaluru,6,11582.63,1,121.67,16.667,0,0,32.57
2026-05-11,ATM,Chennai,2,7807.71,0,0.0,0.0,0,0,47.75
2026-05-11,ATM,Hyderabad,5,14148.53,0,0.0,0.0,0,0,33.22
2026-05-11,ATM,Jaipur,4,10625.17,0,0.0,0.0,0,0,25.7
2026-05-11,ATM,Kochi,4,10014.66,0,0.0,0.0,0,0,24.1
2026-05-11,ATM,Kolkata,4,11557.3,0,0.0,0.0,0,0,30.87
2026-05-11,ATM,Mumbai,1,634.83,0,0.0,0.0,0,0,21.1
2026-05-11,ATM,Pune,2,3444.11,0,0.0,0.0,0,0,22.75
2026-05-11,Branch,Ahmedabad,3,3649.61,1,2568.71,33.333,0,0,37.0
2026-05-11,Branch,Hyderabad,2,829.43,0,0.0,0.0,0,0,23.55
2026-05-11,Branch,Kochi,1,276.93,0,0.0,0.0,0,0,35.7
2026-05-11,Branch,Kolkata,2,2459.49,0,0.0,0.0,0,0,15.85
2026-05-11,Branch,Mumbai,1,1792.6,0,0.0,0.0,0,0,35.6
2026-05-11,IMPS,Ahmedabad,1,445.04,0,0.0,0.0,0,0,40.7
2026-05-11,IMPS,Bengaluru,2,3497.37,0,0.0,0.0,0,0,18.95
2026-05-11,IMPS,Chennai,4,8716.21,0,0.0,0.0,0,0,20.48
2026-05-11,IMPS,Hyderabad,2,18660.68,0,0.0,0.0,0,0,29.4
2026-05-11,IMPS,Kochi,2,9632.93,0,0.0,0.0,0,0,35.65
2026-05-11,IMPS,Kolkata,1,2247.29,0,0.0,0.0,0,0,28.8
2026-05-11,IMPS,Mumbai,4,7382.19,0,0.0,0.0,0,0,24.48
2026-05-11,IMPS,Pune,2,6461.18,0,0.0,0.0,0,0,35.75
2026-05-11,Internet Banking,Ahmedabad,4,9222.85,0,0.0,0.0,0,0,26.22
2026-05-11,Internet Banking,Bengaluru,3,576102.92,1,574055.66,33.333,0,0,43.5
2026-05-11,Internet Banking,Chennai,4,3824.62,0,0.0,0.0,0,0,28.02
2026-05-11,Internet Banking,Delhi,5,9652.52,1,1824.16,20.0,0,0,37.06
2026-05-11,Internet Banking,Hyderabad,1,495.42,0,0.0,0.0,0,0,30.4
2026-05-11,Internet Banking,Jaipur,3,7277.59,0,0.0,0.0,0,0,24.6
2026-05-11,Internet Banking,Kochi,3,7730.32,0,0.0,0.0,0,0,23.27
2026-05-11,Internet Banking,Kolkata,3,5099.17,0,0.0,0.0,0,0,35.57
2026-05-11,Internet Banking,Mumbai,3,6165.28,0,0.0,0.0,0,0,31.47
2026-05-11,Internet Banking,Pune,5,22717.5,0,0.0,0.0,0,0,37.34
2026-05-11,Mobile Banking,Ahmedabad,6,47647.58,0,0.0,0.0,0,0,32.97
2026-05-11,Mobile Banking,Bengaluru,3,4966.65,0,0.0,0.0,0,0,33.7
2026-05-11,Mobile Banking,Chennai,7,9882.49,0,0.0,0.0,0,0,29.34
2026-05-11,Mobile Banking,Delhi,5,8378.96,0,0.0,0.0,0,0,19.52
2026-05-11,Mobile Banking,Hyderabad,6,17269.31,0,0.0,0.0,0,0,27.05
2026-05-11,Mobile Banking,Jaipur,9,20639.18,0,0.0,0.0,0,0,31.59
2026-05-11,Mobile Banking,Kochi,3,14320.58,0,0.0,0.0,0,1,37.8
2026-05-11,Mobile Banking,Kolkata,3,12813.02,0,0.0,0.0,0,0,32.73
2026-05-11,Mobile Banking,Mumbai,3,46342.74,0,0.0,0.0,0,0,36.4
2026-05-11,Mobile Banking,Pune,8,10660.77,0,0.0,0.0,0,0,27.67
2026-05-11,NEFT,Bengaluru,1,429.15,0,0.0,0.0,0,0,11.2
2026-05-11,NEFT,Chennai,1,489.57,0,0.0,0.0,0,0,10.7
2026-05-11,NEFT,Delhi,2,8742.25,0,0.0,0.0,0,0,32.2
2026-05-11,NEFT,Hyderabad,2,1957.43,0,0.0,0.0,0,0,14.4
2026-05-11,NEFT,Jaipur,1,598.67,0,0.0,0.0,0,0,19.3
2026-05-11,NEFT,Kochi,2,3610.41,0,0.0,0.0,0,0,44.9
2026-05-11,NEFT,Kolkata,3,4839.92,0,0.0,0.0,0,0,12.23
2026-05-11,NEFT,Mumbai,2,1970.35,0,0.0,0.0,0,0,28.3
2026-05-11,NEFT,Pune,3,3331.29,0,0.0,0.0,0,0,34.47
2026-05-11,POS,Ahmedabad,4,4938.78,0,0.0,0.0,0,0,30.53
2026-05-11,POS,Bengaluru,4,11214.13,0,0.0,0.0,0,0,34.07
2026-05-11,POS,Chennai,5,12516.2,0,0.0,0.0,0,0,39.82
2026-05-11,POS,Delhi,4,4867.96,0,0.0,0.0,0,0,24.1
2026-05-11,POS,Hyderabad,9,43345.41,0,0.0,0.0,0,0,30.77
2026-05-11,POS,Jaipur,4,310687.43,1,297566.57,25.0,0,1,37.98
2026-05-11,POS,Kochi,4,5054.43,0,0.0,0.0,0,0,29.1
2026-05-11,POS,Kolkata,2,1828.29,0,0.0,0.0,0,0,15.45
2026-05-11,POS,Mumbai,6,34633.84,0,0.0,0.0,0,0,35.62
2026-05-11,POS,Pune,3,3421.34,0,0.0,0.0,0,0,26.83
2026-05-11,RTGS,Ahmedabad,2,2347286.88,0,0.0,0.0,0,0,59.2
2026-05-11,RTGS,Bengaluru,1,1241070.41,0,0.0,0.0,0,0,33.7
2026-05-11,RTGS,Chennai,4,3273008.24,0,0.0,0.0,0,0,47.92
2026-05-11,RTGS,Delhi,1,515713.42,0,0.0,0.0,0,0,29.9
2026-05-11,RTGS,Hyderabad,4,2154890.31,1,172952.66,25.0,0,0,38.6
2026-05-11,RTGS,Jaipur,3,1808093.16,0,0.0,0.0,0,0,48.43
2026-05-11,RTGS,Kochi,2,2435247.47,0,0.0,0.0,0,0,48.9
2026-05-11,RTGS,Mumbai,3,3667878.27,0,0.0,0.0,0,0,35.0
2026-05-11,UPI,Ahmedabad,11,24402.84,0,0.0,0.0,0,0,33.0
2026-05-11,UPI,Bengaluru,3,7443.93,0,0.0,0.0,0,0,24.1
2026-05-11,UPI,Chennai,10,26607.09,0,0.0,0.0,0,0,26.05
2026-05-11,UPI,Delhi,3,9977.65,0,0.0,0.0,0,0,22.17
2026-05-11,UPI,Hyderabad,6,13779.27,0,0.0,0.0,0,0,30.28
2026-05-11,UPI,Jaipur,10,11418.35,0,0.0,0.0,0,0,22.3
2026-05-11,UPI,Kochi,9,13982.81,0,0.0,0.0,0,0,25.12
2026-05-11,UPI,Kolkata,6,8454.62,0,0.0,0.0,0,0,34.12
2026-05-11,UPI,Mumbai,3,1155.47,0,0.0,0.0,0,0,17.47
2026-05-11,UPI,Pune,10,29815.5,0,0.0,0.0,0,0,29.06
2026-05-12,ATM,Ahmedabad,4,6389.8,0,0.0,0.0,0,0,27.17
2026-05-12,ATM,Chennai,3,6777.4,0,0.0,0.0,0,0,21.87
2026-05-12,ATM,Delhi,3,4802.14,0,0.0,0.0,0,0,31.8
2026-05-12,ATM,Hyderabad,5,4722.44,0,0.0,0.0,0,0,23.3
2026-05-12,ATM,Jaipur,2,1013.54,0,0.0,0.0,0,0,28.95
2026-05-12,ATM,Kolkata,2,1202.2,0,0.0,0.0,0,0,26.15
2026-05-12,ATM,Mumbai,3,6619.44,0,0.0,0.0,0,0,26.7
2026-05-12,ATM,Pune,2,956.35,0,0.0,0.0,0,0,35.3
2026-05-12,Branch,Ahmedabad,1,1206.94,0,0.0,0.0,0,0,35.6
2026-05-12,Branch,Chennai,2,7262.56,0,0.0,0.0,0,0,49.55
2026-05-12,Branch,Delhi,1,1330.34,0,0.0,0.0,0,0,10.9
2026-05-12,Branch,Hyderabad,1,2303.97,1,2303.97,100.0,0,1,78.0
2026-05-12,Branch,Jaipur,1,2626.75,0,0.0,0.0,0,0,21.7
2026-05-12,Branch,Kochi,2,3705.27,0,0.0,0.0,0,0,27.15
2026-05-12,Branch,Pune,1,647.67,0,0.0,0.0,0,0,29.4
2026-05-12,IMPS,Bengaluru,1,12057.14,0,0.0,0.0,0,1,68.3
2026-05-12,IMPS,Delhi,1,3471.05,0,0.0,0.0,0,0,28.0
2026-05-12,IMPS,Jaipur,2,5505.0,0,0.0,0.0,0,0,26.5
2026-05-12,IMPS,Kochi,3,3497.26,0,0.0,0.0,0,0,33.87
2026-05-12,IMPS,Kolkata,3,23115.19,0,0.0,0.0,0,0,28.2
2026-05-12,IMPS,Mumbai,4,11460.91,0,0.0,0.0,0,0,22.0
2026-05-12,IMPS,Pune,2,3649.89,1,3274.86,50.0,0,1,53.3
2026-05-12,Internet Banking,Ahmedabad,4,8786.32,0,0.0,0.0,0,0,24.25
2026-05-12,Internet Banking,Bengaluru,4,5170.69,0,0.0,0.0,0,1,34.92
2026-05-12,Internet Banking,Chennai,2,27997.37,0,0.0,0.0,0,0,26.05
2026-05-12,Internet Banking,Delhi,3,2514.45,0,0.0,0.0,0,0,30.53
2026-05-12,Internet Banking,Hyderabad,4,3688.94,0,0.0,0.0,0,0,21.75
2026-05-12,Internet Banking,Jaipur,4,4701.4,0,0.0,0.0,0,0,25.27
2026-05-12,Internet Banking,Kolkata,3,7923.35,0,0.0,0.0,0,0,30.0
2026-05-12,Internet Banking,Mumbai,2,5699.46,0,0.0,0.0,0,0,32.8
2026-05-12,Internet Banking,Pune,6,28970.03,0,0.0,0.0,0,0,23.67
2026-05-12,Mobile Banking,Ahmedabad,5,10118.36,0,0.0,0.0,0,0,23.72
2026-05-12,Mobile Banking,Bengaluru,6,13211.96,0,0.0,0.0,0,0,25.58
2026-05-12,Mobile Banking,Chennai,3,3802.32,0,0.0,0.0,0,0,16.17
2026-05-12,Mobile Banking,Delhi,7,14080.35,0,0.0,0.0,0,0,24.09
2026-05-12,Mobile Banking,Hyderabad,4,7603.24,0,0.0,0.0,0,0,33.82
2026-05-12,Mobile Banking,Jaipur,5,12085.13,0,0.0,0.0,0,0,28.46
2026-05-12,Mobile Banking,Kochi,3,4961.58,0,0.0,0.0,0,0,22.57
2026-05-12,Mobile Banking,Kolkata,3,4115.87,0,0.0,0.0,0,0,11.37
2026-05-12,Mobile Banking,Mumbai,3,19769.78,0,0.0,0.0,0,0,25.2
2026-05-12,Mobile Banking,Pune,6,22695.83,0,0.0,0.0,0,0,14.53
2026-05-12,NEFT,Ahmedabad,2,4938.23,0,0.0,0.0,0,0,30.2
2026-05-12,NEFT,Chennai,6,36525.74,0,0.0,0.0,0,0,37.2
2026-05-12,NEFT,Delhi,4,26541.53,0,0.0,0.0,0,0,34.95
2026-05-12,NEFT,Hyderabad,3,2769.37,0,0.0,0.0,0,0,32.73
2026-05-12,NEFT,Jaipur,2,1613.26,0,0.0,0.0,0,0,13.45
2026-05-12,NEFT,Kochi,4,7034.89,0,0.0,0.0,0,0,30.62
2026-05-12,NEFT,Kolkata,3,1928.09,0,0.0,0.0,0,0,21.23
2026-05-12,NEFT,Mumbai,3,4471.25,0,0.0,0.0,0,0,35.17
2026-05-12,NEFT,Pune,1,4498.58,0,0.0,0.0,0,0,49.9
2026-05-12,POS,Ahmedabad,3,6219.88,0,0.0,0.0,0,0,17.0
2026-05-12,POS,Bengaluru,9,164216.63,1,150094.99,11.111,1,0,41.73
2026-05-12,POS,Chennai,7,20462.42,0,0.0,0.0,0,0,29.19
2026-05-12,POS,Delhi,2,7875.15,0,0.0,0.0,0,0,20.95
2026-05-12,POS,Hyderabad,4,6681.84,0,0.0,0.0,0,0,38.38
2026-05-12,POS,Jaipur,6,24968.05,0,0.0,0.0,0,0,33.33
2026-05-12,POS,Kochi,3,2972.91,0,0.0,0.0,0,0,31.5
2026-05-12,POS,Kolkata,3,7721.85,0,0.0,0.0,0,0,31.43
2026-05-12,POS,Mumbai,5,14727.89,0,0.0,0.0,0,0,22.46
2026-05-12,POS,Pune,7,71638.61,1,57251.24,14.286,0,0,38.07
2026-05-12,RTGS,Ahmedabad,3,3311729.58,0,0.0,0.0,0,0,37.4
2026-05-12,RTGS,Bengaluru,1,507469.69,0,0.0,0.0,0,0,51.0
2026-05-12,RTGS,Chennai,3,2705136.96,0,0.0,0.0,0,1,45.23
2026-05-12,RTGS,Hyderabad,6,4644213.62,0,0.0,0.0,0,0,34.7
2026-05-12,RTGS,Jaipur,1,1069409.72,1,1069409.72,100.0,1,0,95.6
2026-05-12,RTGS,Kolkata,2,1517543.07,0,0.0,0.0,0,0,44.9
2026-05-12,UPI,Ahmedabad,9,12518.1,0,0.0,0.0,0,0,24.37
2026-05-12,UPI,Bengaluru,3,14979.77,0,0.0,0.0,0,0,43.43
2026-05-12,UPI,Chennai,5,30610.46,0,0.0,0.0,0,0,31.46
2026-05-12,UPI,Delhi,7,14278.5,0,0.0,0.0,0,0,22.84
2026-05-12,UPI,Hyderabad,7,12563.9,0,0.0,0.0,0,0,21.94
2026-05-12,UPI,Jaipur,7,16474.98,0,0.0,0.0,0,0,37.43
2026-05-12,UPI,Kochi,3,18601.63,0,0.0,0.0,0,0,19.4
2026-05-12,UPI,Kolkata,5,16933.93,0,0.0,0.0,0,0,29.3
2026-05-12,UPI,Mumbai,7,14675.24,0,0.0,0.0,0,0,38.4
2026-05-12,UPI,Pune,12,52087.96,1,71.34,8.333,0,0,28.38
2026-05-13,ATM,Ahmedabad,3,464739.21,1,459127.59,33.333,0,0,29.07
2026-05-13,ATM,Bengaluru,5,12964.67,0,0.0,0.0,0,0,35.02
2026-05-13,ATM,Chennai,4,7851.52,0,0.0,0.0,0,0,33.3
2026-05-13,ATM,Delhi,4,5647.59,0,0.0,0.0,0,0,32.58
2026-05-13,ATM,Hyderabad,5,13506.93,0,0.0,0.0,0,0,32.68
2026-05-13,ATM,Jaipur,2,6547.71,0,0.0,0.0,0,0,42.4
2026-05-13,ATM,Kochi,1,2981.98,0,0.0,0.0,0,0,59.2
2026-05-13,ATM,Kolkata,2,4656.06,0,0.0,0.0,0,0,21.0
2026-05-13,ATM,Mumbai,3,10726.88,0,0.0,0.0,0,0,35.13
2026-05-13,ATM,Pune,2,14102.52,0,0.0,0.0,0,0,30.5
2026-05-13,Branch,Ahmedabad,1,1629.81,0,0.0,0.0,0,0,35.0
2026-05-13,Branch,Bengaluru,1,1578.46,0,0.0,0.0,0,0,36.7
2026-05-13,Branch,Delhi,1,273.49,0,0.0,0.0,0,0,11.7
2026-05-13,Branch,Kolkata,2,4610.72,0,0.0,0.0,0,0,32.75
2026-05-13,Branch,Mumbai,2,9197.75,0,0.0,0.0,0,0,36.9
2026-05-13,IMPS,Ahmedabad,2,3212.42,0,0.0,0.0,0,0,24.15
2026-05-13,IMPS,Bengaluru,2,544375.83,1,540626.97,50.0,1,0,67.35
2026-05-13,IMPS,Chennai,2,4424.97,0,0.0,0.0,0,0,42.3
2026-05-13,IMPS,Delhi,1,1806.59,0,0.0,0.0,0,0,29.5
2026-05-13,IMPS,Hyderabad,2,1334.93,0,0.0,0.0,0,0,18.8
2026-05-13,IMPS,Kochi,4,7952.14,0,0.0,0.0,0,0,27.38
2026-05-13,IMPS,Kolkata,1,2183.48,0,0.0,0.0,0,0,44.6
2026-05-13,IMPS,Mumbai,3,6026.99,0,0.0,0.0,0,0,28.33
2026-05-13,IMPS,Pune,1,635.59,0,0.0,0.0,0,0,14.5
2026-05-13,Internet Banking,Ahmedabad,3,3950.8,0,0.0,0.0,0,0,21.53
2026-05-13,Internet Banking,Bengaluru,3,9137.59,0,0.0,0.0,0,0,33.87
2026-05-13,Internet Banking,Chennai,5,4236.95,0,0.0,0.0,0,0,29.82
2026-05-13,Internet Banking,Delhi,1,696.64,0,0.0,0.0,0,0,21.6
2026-05-13,Internet Banking,Hyderabad,5,24217.29,0,0.0,0.0,0,0,32.1
2026-05-13,Internet Banking,Jaipur,4,13155.21,0,0.0,0.0,0,0,25.85
2026-05-13,Internet Banking,Kochi,3,4301.28,0,0.0,0.0,0,0,35.43
2026-05-13,Internet Banking,Kolkata,3,2390.11,0,0.0,0.0,0,0,27.67
2026-05-13,Internet Banking,Mumbai,2,18929.9,0,0.0,0.0,0,0,13.6
2026-05-13,Internet Banking,Pune,4,22191.86,0,0.0,0.0,0,0,42.8
2026-05-13,Mobile Banking,Ahmedabad,3,4626.77,0,0.0,0.0,0,0,23.5
2026-05-13,Mobile Banking,Bengaluru,5,23081.88,0,0.0,0.0,0,0,29.74
2026-05-13,Mobile Banking,Chennai,4,3005.53,0,0.0,0.0,0,0,23.73
2026-05-13,Mobile Banking,Delhi,8,23880.62,0,0.0,0.0,0,0,22.22
2026-05-13,Mobile Banking,Hyderabad,9,17487.89,0,0.0,0.0,0,0,34.6
2026-05-13,Mobile Banking,Jaipur,1,2515.13,0,0.0,0.0,0,0,38.2
2026-05-13,Mobile Banking,Kochi,4,20776.33,0,0.0,0.0,0,0,31.97
2026-05-13,Mobile Banking,Kolkata,1,1245.45,0,0.0,0.0,0,0,12.3
2026-05-13,Mobile Banking,Mumbai,3,15438.77,0,0.0,0.0,0,0,29.23
2026-05-13,Mobile Banking,Pune,4,3940.67,0,0.0,0.0,0,0,20.08
2026-05-13,NEFT,Ahmedabad,3,8233.15,0,0.0,0.0,0,0,41.33
2026-05-13,NEFT,Bengaluru,1,1239.33,0,0.0,0.0,0,0,30.1
2026-05-13,NEFT,Chennai,3,14092.12,0,0.0,0.0,0,1,39.83
2026-05-13,NEFT,Delhi,1,835.67,0,0.0,0.0,0,0,11.6
2026-05-13,NEFT,Hyderabad,5,12658.37,0,0.0,0.0,0,0,32.46
2026-05-13,NEFT,Jaipur,3,6984.44,0,0.0,0.0,0,0,38.23
2026-05-13,NEFT,Kochi,1,6551.73,0,0.0,0.0,0,0,32.8
2026-05-13,NEFT,Kolkata,2,1991.14,0,0.0,0.0,0,0,34.2
2026-05-13,NEFT,Mumbai,3,20421.35,0,0.0,0.0,0,0,26.07
2026-05-13,NEFT,Pune,2,4025.77,0,0.0,0.0,0,0,38.7
2026-05-13,POS,Ahmedabad,5,7112.76,0,0.0,0.0,0,0,20.6
2026-05-13,POS,Bengaluru,6,17352.73,0,0.0,0.0,0,0,31.93
2026-05-13,POS,Chennai,7,11156.39,0,0.0,0.0,0,1,29.14
2026-05-13,POS,Delhi,4,8836.55,0,0.0,0.0,0,0,29.55
2026-05-13,POS,Hyderabad,4,11989.95,0,0.0,0.0,0,0,35.98
2026-05-13,POS,Jaipur,3,11666.23,0,0.0,0.0,0,0,27.0
2026-05-13,POS,Kochi,5,14049.09,0,0.0,0.0,0,0,27.46
2026-05-13,POS,Kolkata,8,90402.56,1,74557.73,12.5,0,1,41.74
2026-05-13,POS,Mumbai,3,16675.97,0,0.0,0.0,0,0,43.17
2026-05-13,POS,Pune,4,12920.71,0,0.0,0.0,0,1,35.42
2026-05-13,RTGS,Ahmedabad,2,1373757.65,0,0.0,0.0,0,0,38.6
2026-05-13,RTGS,Bengaluru,1,554408.83,0,0.0,0.0,0,0,50.8
2026-05-13,RTGS,Chennai,1,821866.84,0,0.0,0.0,0,1,65.6
2026-05-13,RTGS,Delhi,3,2166590.24,0,0.0,0.0,0,0,43.73
2026-05-13,RTGS,Hyderabad,2,2675792.04,0,0.0,0.0,0,0,29.7
2026-05-13,RTGS,Jaipur,1,498706.17,0,0.0,0.0,0,0,38.3
2026-05-13,UPI,Ahmedabad,6,16471.86,0,0.0,0.0,0,0,25.87
2026-05-13,UPI,Bengaluru,8,33583.7,0,0.0,0.0,0,0,40.2
2026-05-13,UPI,Chennai,4,5650.37,0,0.0,0.0,0,0,36.12
2026-05-13,UPI,Hyderabad,7,13131.06,0,0.0,0.0,0,0,28.5
2026-05-13,UPI,Jaipur,3,5406.04,0,0.0,0.0,0,0,31.27
2026-05-13,UPI,Kochi,8,37482.53,0,0.0,0.0,0,0,27.49
2026-05-13,UPI,Kolkata,5,12111.37,0,0.0,0.0,0,0,27.88
2026-05-13,UPI,Mumbai,7,14328.44,1,733.44,14.286,0,0,38.57
2026-05-13,UPI,Pune,10,17717.26,0,0.0,0.0,0,0,26.14
2026-05-14,ATM,Ahmedabad,4,13631.25,0,0.0,0.0,0,0,36.02
2026-05-14,ATM,Bengaluru,4,11124.51,0,0.0,0.0,0,0,24.98
2026-05-14,ATM,Chennai,2,2676.84,0,0.0,0.0,0,0,18.5
2026-05-14,ATM,Delhi,1,4567.08,0,0.0,0.0,0,0,34.5
2026-05-14,ATM,Hyderabad,3,5916.27,0,0.0,0.0,0,0,38.8
2026-05-14,ATM,Jaipur,1,2826.57,0,0.0,0.0,0,0,43.2
2026-05-14,ATM,Kochi,2,4372.05,0,0.0,0.0,0,0,51.05
2026-05-14,ATM,Kolkata,2,8031.07,0,0.0,0.0,0,0,41.95
2026-05-14,ATM,Mumbai,2,11681.73,0,0.0,0.0,0,0,32.55
2026-05-14,ATM,Pune,2,3258.65,0,0.0,0.0,0,0,30.25
2026-05-14,Branch,Chennai,2,4040.27,0,0.0,0.0,0,0,34.15
2026-05-14,Branch,Delhi,1,11508.97,0,0.0,0.0,0,0,42.3
2026-05-14,Branch,Hyderabad,2,4369.75,0,0.0,0.0,0,0,46.75
2026-05-14,Branch,Jaipur,1,5050.96,0,0.0,0.0,0,0,35.8
2026-05-14,Branch,Kochi,1,3798.45,0,0.0,0.0,0,0,24.1
2026-05-14,Branch,Kolkata,2,1838.11,0,0.0,0.0,0,0,22.05
2026-05-14,Branch,Mumbai,1,3209.9,0,0.0,0.0,0,0,14.8
2026-05-14,IMPS,Ahmedabad,1,14362.97,0,0.0,0.0,0,0,26.7
2026-05-14,IMPS,Bengaluru,5,33150.86,0,0.0,0.0,0,0,29.46
2026-05-14,IMPS,Chennai,4,12871.2,0,0.0,0.0,0,0,29.6
2026-05-14,IMPS,Hyderabad,4,8471.2,0,0.0,0.0,0,0,16.08
2026-05-14,IMPS,Jaipur,4,7736.06,0,0.0,0.0,0,1,47.0
2026-05-14,IMPS,Kochi,1,2006.26,0,0.0,0.0,0,0,51.8
2026-05-14,IMPS,Kolkata,2,3656.5,0,0.0,0.0,0,1,45.3
2026-05-14,IMPS,Pune,5,8656.86,0,0.0,0.0,0,0,28.18
2026-05-14,Internet Banking,Bengaluru,3,1856.27,0,0.0,0.0,0,0,23.4
2026-05-14,Internet Banking,Chennai,4,2540.27,0,0.0,0.0,0,0,14.55
2026-05-14,Internet Banking,Delhi,4,11814.43,0,0.0,0.0,0,0,41.1
2026-05-14,Internet Banking,Hyderabad,3,11883.89,0,0.0,0.0,0,0,34.7
2026-05-14,Internet Banking,Jaipur,4,29782.17,0,0.0,0.0,0,0,25.07
2026-05-14,Internet Banking,Kochi,4,75352.56,1,68088.15,25.0,0,1,41.67
2026-05-14,Internet Banking,Kolkata,1,4988.77,0,0.0,0.0,0,0,30.4
2026-05-14,Internet Banking,Mumbai,2,10946.94,0,0.0,0.0,0,0,40.8
2026-05-14,Internet Banking,Pune,3,21570.27,0,0.0,0.0,0,0,31.37
2026-05-14,Mobile Banking,Ahmedabad,3,2994.26,0,0.0,0.0,0,0,36.8
2026-05-14,Mobile Banking,Bengaluru,9,170018.13,0,0.0,0.0,0,0,23.61
2026-05-14,Mobile Banking,Chennai,1,1197.73,0,0.0,0.0,0,0,22.1
2026-05-14,Mobile Banking,Delhi,3,2035.0,0,0.0,0.0,0,0,23.67
2026-05-14,Mobile Banking,Hyderabad,4,8543.69,0,0.0,0.0,0,0,20.17
2026-05-14,Mobile Banking,Jaipur,5,13098.57,0,0.0,0.0,0,0,30.14
2026-05-14,Mobile Banking,Kochi,3,3240.72,0,0.0,0.0,0,0,29.73
2026-05-14,Mobile Banking,Kolkata,4,4970.56,0,0.0,0.0,0,0,29.7
2026-05-14,Mobile Banking,Mumbai,5,15960.95,0,0.0,0.0,0,0,29.88
2026-05-14,Mobile Banking,Pune,5,16966.04,0,0.0,0.0,0,0,40.3
2026-05-14,NEFT,Ahmedabad,1,9213.5,0,0.0,0.0,0,0,51.1
2026-05-14,NEFT,Bengaluru,2,25816.29,0,0.0,0.0,0,0,50.55
2026-05-14,NEFT,Chennai,6,9720.19,0,0.0,0.0,0,0,18.63
2026-05-14,NEFT,Delhi,1,583.52,0,0.0,0.0,0,0,31.0
2026-05-14,NEFT,Hyderabad,2,1383.24,0,0.0,0.0,0,0,31.25
2026-05-14,NEFT,Kochi,3,5445.34,0,0.0,0.0,0,0,29.6
2026-05-14,NEFT,Kolkata,1,6813.72,0,0.0,0.0,0,0,21.2
2026-05-14,NEFT,Mumbai,6,17777.33,0,0.0,0.0,0,0,28.23
2026-05-14,NEFT,Pune,1,553181.91,1,553181.91,100.0,1,0,91.6
2026-05-14,POS,Ahmedabad,7,13374.17,0,0.0,0.0,0,1,39.94
2026-05-14,POS,Bengaluru,4,27116.71,0,0.0,0.0,0,0,41.4
2026-05-14,POS,Chennai,6,22544.42,0,0.0,0.0,0,0,30.72
2026-05-14,POS,Delhi,4,149860.59,1,144738.41,25.0,0,1,29.72
2026-05-14,POS,Hyderabad,7,19527.73,0,0.0,0.0,0,1,30.17
2026-05-14,POS,Jaipur,3,10530.54,0,0.0,0.0,0,0,21.7
2026-05-14,POS,Kochi,4,19597.61,0,0.0,0.0,0,0,29.43
2026-05-14,POS,Kolkata,2,5148.28,0,0.0,0.0,0,0,21.65
2026-05-14,POS,Mumbai,4,6257.06,0,0.0,0.0,0,0,20.67
2026-05-14,POS,Pune,3,8508.99,0,0.0,0.0,0,0,27.2
2026-05-14,RTGS,Ahmedabad,2,1354091.09,0,0.0,0.0,0,0,36.7
2026-05-14,RTGS,Bengaluru,1,613666.13,0,0.0,0.0,0,0,53.2
2026-05-14,RTGS,Chennai,2,1893380.17,0,0.0,0.0,0,1,50.95
2026-05-14,RTGS,Delhi,1,1278390.4,0,0.0,0.0,0,0,40.9
2026-05-14,RTGS,Hyderabad,4,3173087.02,0,0.0,0.0,0,0,38.17
2026-05-14,RTGS,Jaipur,4,3032441.31,0,0.0,0.0,0,0,44.58
2026-05-14,RTGS,Kochi,3,3652668.54,0,0.0,0.0,0,0,35.47
2026-05-14,RTGS,Kolkata,5,3141580.31,0,0.0,0.0,0,0,32.16
2026-05-14,RTGS,Mumbai,2,1670607.64,0,0.0,0.0,0,0,30.45
2026-05-14,RTGS,Pune,1,1015762.81,0,0.0,0.0,0,0,27.0
2026-05-14,UPI,Ahmedabad,3,214866.14,1,205437.73,33.333,1,0,54.93
2026-05-14,UPI,Bengaluru,7,23542.43,0,0.0,0.0,0,0,33.7
2026-05-14,UPI,Chennai,9,32389.61,0,0.0,0.0,0,0,34.52
2026-05-14,UPI,Delhi,7,11788.13,0,0.0,0.0,0,0,30.17
2026-05-14,UPI,Hyderabad,8,18482.53,0,0.0,0.0,0,2,37.5
2026-05-14,UPI,Jaipur,10,97030.4,0,0.0,0.0,0,0,34.89
2026-05-14,UPI,Kochi,4,8498.13,0,0.0,0.0,0,1,47.82
2026-05-14,UPI,Kolkata,7,9996.78,0,0.0,0.0,0,0,32.23
2026-05-14,UPI,Mumbai,7,6807.96,0,0.0,0.0,0,0,23.89
2026-05-14,UPI,Pune,2,7752.23,0,0.0,0.0,0,0,40.15
2026-05-15,ATM,Ahmedabad,2,8191.89,0,0.0,0.0,0,0,41.25
2026-05-15,ATM,Bengaluru,4,8234.0,0,0.0,0.0,0,0,25.48
2026-05-15,ATM,Chennai,2,2859.55,0,0.0,0.0,0,0,24.0
2026-05-15,ATM,Delhi,2,1990.95,0,0.0,0.0,0,0,27.15
2026-05-15,ATM,Hyderabad,2,23911.41,0,0.0,0.0,0,0,33.45
2026-05-15,ATM,Jaipur,4,5778.08,0,0.0,0.0,0,0,22.15
2026-05-15,ATM,Kochi,1,1758.88,0,0.0,0.0,0,0,13.8
2026-05-15,ATM,Mumbai,1,1968.52,0,0.0,0.0,0,0,15.9
2026-05-15,ATM,Pune,4,12821.46,0,0.0,0.0,0,0,32.98
2026-05-15,Branch,Ahmedabad,1,1860.16,0,0.0,0.0,0,0,26.8
2026-05-15,Branch,Bengaluru,1,2063.07,0,0.0,0.0,0,0,52.8
2026-05-15,Branch,Chennai,1,2188.42,0,0.0,0.0,0,0,56.6
2026-05-15,Branch,Hyderabad,1,727.22,0,0.0,0.0,0,0,25.2
2026-05-15,Branch,Kochi,3,8208.63,0,0.0,0.0,0,0,38.87
2026-05-15,Branch,Mumbai,1,4292.86,0,0.0,0.0,0,0,21.1
2026-05-15,IMPS,Ahmedabad,1,2622.94,0,0.0,0.0,0,0,18.4
2026-05-15,IMPS,Bengaluru,2,1871.17,0,0.0,0.0,0,0,32.5
2026-05-15,IMPS,Chennai,2,4921.02,0,0.0,0.0,0,0,24.65
2026-05-15,IMPS,Hyderabad,4,9925.07,0,0.0,0.0,0,0,24.7
2026-05-15,IMPS,Kochi,2,2328.91,0,0.0,0.0,0,0,27.15
2026-05-15,IMPS,Kolkata,3,6354.35,0,0.0,0.0,0,0,49.7
2026-05-15,IMPS,Mumbai,2,4910.57,0,0.0,0.0,0,0,29.7
2026-05-15,IMPS,Pune,2,1461.95,0,0.0,0.0,0,0,24.2
2026-05-15,Internet Banking,Ahmedabad,4,7163.25,0,0.0,0.0,0,0,37.32
2026-05-15,Internet Banking,Bengaluru,6,19179.47,0,0.0,0.0,0,1,29.2
2026-05-15,Internet Banking,Chennai,3,11643.09,0,0.0,0.0,0,0,20.47
2026-05-15,Internet Banking,Delhi,2,3535.25,0,0.0,0.0,0,0,31.25
2026-05-15,Internet Banking,Hyderabad,1,4549.7,0,0.0,0.0,0,0,13.5
2026-05-15,Internet Banking,Jaipur,2,5988.79,0,0.0,0.0,0,0,30.4
2026-05-15,Internet Banking,Kochi,5,4273.85,0,0.0,0.0,0,0,26.92
2026-05-15,Internet Banking,Kolkata,6,23731.51,0,0.0,0.0,0,0,32.13
2026-05-15,Internet Banking,Mumbai,4,9276.51,0,0.0,0.0,0,0,29.48
2026-05-15,Internet Banking,Pune,5,11776.82,0,0.0,0.0,0,0,34.12
2026-05-15,Mobile Banking,Ahmedabad,7,16876.44,0,0.0,0.0,0,0,29.27
2026-05-15,Mobile Banking,Bengaluru,7,8041.86,0,0.0,0.0,0,0,29.21
2026-05-15,Mobile Banking,Chennai,7,30501.36,0,0.0,0.0,0,0,31.04
2026-05-15,Mobile Banking,Delhi,5,13951.14,0,0.0,0.0,0,0,19.94
2026-05-15,Mobile Banking,Hyderabad,8,21941.41,0,0.0,0.0,0,0,24.76
2026-05-15,Mobile Banking,Jaipur,2,2924.95,0,0.0,0.0,0,0,26.65
2026-05-15,Mobile Banking,Kochi,2,5412.22,0,0.0,0.0,0,0,19.85
2026-05-15,Mobile Banking,Kolkata,6,19421.66,0,0.0,0.0,0,0,36.93
2026-05-15,Mobile Banking,Mumbai,5,38356.08,0,0.0,0.0,0,1,41.6
2026-05-15,Mobile Banking,Pune,5,37853.67,0,0.0,0.0,0,0,45.82
2026-05-15,NEFT,Ahmedabad,2,3595.47,0,0.0,0.0,0,0,18.2
2026-05-15,NEFT,Bengaluru,3,3917.28,0,0.0,0.0,0,0,15.1
2026-05-15,NEFT,Chennai,4,7401.48,0,0.0,0.0,0,0,34.35
2026-05-15,NEFT,Delhi,1,7292.62,0,0.0,0.0,0,0,25.9
2026-05-15,NEFT,Hyderabad,5,9328.58,0,0.0,0.0,0,0,29.18
2026-05-15,NEFT,Jaipur,3,3013.38,0,0.0,0.0,0,0,15.83
2026-05-15,NEFT,Kochi,5,13594.47,0,0.0,0.0,0,0,27.24
2026-05-15,NEFT,Kolkata,2,8282.13,0,0.0,0.0,0,0,34.95
2026-05-15,NEFT,Mumbai,3,7851.44,0,0.0,0.0,0,0,37.27
2026-05-15,NEFT,Pune,4,2451.5,0,0.0,0.0,0,0,21.52
2026-05-15,POS,Ahmedabad,6,14308.64,0,0.0,0.0,0,0,30.72
2026-05-15,POS,Bengaluru,2,1333.1,1,828.31,50.0,0,1,50.6
2026-05-15,POS,Chennai,5,13158.25,1,1275.01,20.0,0,0,38.56
2026-05-15,POS,Delhi,7,19918.81,0,0.0,0.0,0,0,26.47
2026-05-15,POS,Hyderabad,5,31817.58,0,0.0,0.0,0,0,19.4
2026-05-15,POS,Jaipur,2,5409.7,0,0.0,0.0,0,0,26.95
2026-05-15,POS,Kochi,3,146192.75,1,140731.46,33.333,0,1,45.07
2026-05-15,POS,Kolkata,3,3866.82,0,0.0,0.0,0,0,16.3
2026-05-15,POS,Mumbai,4,20113.47,0,0.0,0.0,0,0,23.3
2026-05-15,POS,Pune,4,15764.33,0,0.0,0.0,0,0,21.48
2026-05-15,RTGS,Ahmedabad,2,1885776.71,0,0.0,0.0,0,0,43.55
2026-05-15,RTGS,Bengaluru,1,830319.71,0,0.0,0.0,0,0,56.2
2026-05-15,RTGS,Chennai,2,949914.44,0,0.0,0.0,0,0,45.35
2026-05-15,RTGS,Delhi,1,593593.03,0,0.0,0.0,0,0,29.3
2026-05-15,RTGS,Hyderabad,2,1377147.53,0,0.0,0.0,0,1,53.05
2026-05-15,RTGS,Jaipur,2,1233923.9,0,0.0,0.0,0,0,42.35
2026-05-15,RTGS,Kolkata,3,2855533.41,0,0.0,0.0,0,0,40.17
2026-05-15,RTGS,Mumbai,1,1229077.79,0,0.0,0.0,0,0,50.7
2026-05-15,RTGS,Pune,1,797396.93,0,0.0,0.0,0,0,58.6
2026-05-15,UPI,Ahmedabad,7,26593.9,0,0.0,0.0,0,0,23.99
2026-05-15,UPI,Bengaluru,3,10067.65,0,0.0,0.0,0,0,34.37
2026-05-15,UPI,Chennai,2,4951.71,0,0.0,0.0,0,0,28.4
2026-05-15,UPI,Delhi,4,6276.15,0,0.0,0.0,0,0,27.65
2026-05-15,UPI,Hyderabad,5,18368.49,0,0.0,0.0,0,0,35.74
2026-05-15,UPI,Jaipur,8,17352.82,0,0.0,0.0,0,0,22.95
2026-05-15,UPI,Kochi,6,13853.7,0,0.0,0.0,0,0,22.7
2026-05-15,UPI,Kolkata,6,554267.99,1,515715.75,16.667,0,1,46.62
2026-05-15,UPI,Mumbai,2,1112.36,0,0.0,0.0,0,0,14.6
2026-05-15,UPI,Pune,4,8303.85,0,0.0,0.0,0,0,39.85
2026-05-16,ATM,Ahmedabad,2,5190.61,0,0.0,0.0,0,0,37.9
2026-05-16,ATM,Chennai,2,5138.34,0,0.0,0.0,0,0,29.75
2026-05-16,ATM,Delhi,5,21239.49,0,0.0,0.0,0,0,19.18
2026-05-16,ATM,Hyderabad,4,5542.83,0,0.0,0.0,0,0,37.3
2026-05-16,ATM,Jaipur,4,5182.69,0,0.0,0.0,0,0,22.82
2026-05-16,ATM,Kochi,1,1427.13,0,0.0,0.0,0,0,27.6
2026-05-16,ATM,Kolkata,2,2968.38,0,0.0,0.0,0,0,39.4
2026-05-16,ATM,Mumbai,2,2612.46,0,0.0,0.0,0,0,43.5
2026-05-16,ATM,Pune,2,15118.73,0,0.0,0.0,0,0,28.25
2026-05-16,Branch,Chennai,1,988.33,0,0.0,0.0,0,0,23.5
2026-05-16,Branch,Hyderabad,1,341.91,0,0.0,0.0,0,0,20.9
2026-05-16,IMPS,Ahmedabad,1,1260.18,0,0.0,0.0,0,0,32.2
2026-05-16,IMPS,Chennai,3,2266.08,0,0.0,0.0,0,0,27.8
2026-05-16,IMPS,Hyderabad,1,1301.01,0,0.0,0.0,0,0,62.5
2026-05-16,IMPS,Jaipur,1,847.92,0,0.0,0.0,0,0,25.3
2026-05-16,IMPS,Kolkata,2,2729.35,0,0.0,0.0,0,0,34.7
2026-05-16,IMPS,Mumbai,1,1394.7,0,0.0,0.0,0,0,18.8
2026-05-16,IMPS,Pune,3,5183.04,0,0.0,0.0,0,0,39.2
2026-05-16,Internet Banking,Ahmedabad,5,30550.3,0,0.0,0.0,0,0,26.72
2026-05-16,Internet Banking,Bengaluru,4,7123.48,0,0.0,0.0,0,1,45.58
2026-05-16,Internet Banking,Chennai,1,318.69,0,0.0,0.0,0,0,16.3
2026-05-16,Internet Banking,Delhi,3,165019.66,1,157458.34,33.333,0,0,38.87
2026-05-16,Internet Banking,Hyderabad,7,20732.91,0,0.0,0.0,0,0,19.89
2026-05-16,Internet Banking,Jaipur,5,16930.35,0,0.0,0.0,0,0,33.88
2026-05-16,Internet Banking,Kochi,6,17639.61,0,0.0,0.0,0,0,25.85
2026-05-16,Internet Banking,Kolkata,7,29073.42,0,0.0,0.0,0,0,32.17
2026-05-16,Internet Banking,Mumbai,3,14530.45,0,0.0,0.0,0,0,33.23
2026-05-16,Internet Banking,Pune,5,6300.74,0,0.0,0.0,0,0,33.54
2026-05-16,Mobile Banking,Ahmedabad,4,13017.21,0,0.0,0.0,0,0,36.5
2026-05-16,Mobile Banking,Bengaluru,2,9724.07,0,0.0,0.0,0,0,34.05
2026-05-16,Mobile Banking,Chennai,6,9148.99,0,0.0,0.0,0,0,19.7
2026-05-16,Mobile Banking,Delhi,2,4841.28,0,0.0,0.0,0,0,23.1
2026-05-16,Mobile Banking,Hyderabad,5,16409.42,0,0.0,0.0,0,0,37.06
2026-05-16,Mobile Banking,Jaipur,5,12071.06,0,0.0,0.0,0,0,28.0
2026-05-16,Mobile Banking,Kochi,6,18463.55,0,0.0,0.0,0,0,23.92
2026-05-16,Mobile Banking,Kolkata,7,8638.82,0,0.0,0.0,0,0,21.73
2026-05-16,Mobile Banking,Mumbai,2,1376.42,0,0.0,0.0,0,0,21.7
2026-05-16,Mobile Banking,Pune,3,13942.75,0,0.0,0.0,0,0,19.3
2026-05-16,NEFT,Ahmedabad,4,523670.15,1,516994.43,25.0,1,0,55.05
2026-05-16,NEFT,Bengaluru,5,18596.73,0,0.0,0.0,0,0,35.06
2026-05-16,NEFT,Chennai,7,40336.26,0,0.0,0.0,0,1,40.67
2026-05-16,NEFT,Delhi,1,5451.17,0,0.0,0.0,0,0,35.7
2026-05-16,NEFT,Hyderabad,2,7321.62,0,0.0,0.0,0,0,26.9
2026-05-16,NEFT,Jaipur,3,8686.11,1,1770.2,33.333,0,1,39.2
2026-05-16,NEFT,Kochi,4,13353.47,0,0.0,0.0,0,1,45.57
2026-05-16,NEFT,Kolkata,1,3163.57,0,0.0,0.0,0,0,38.4
2026-05-16,NEFT,Mumbai,2,5249.48,0,0.0,0.0,0,0,21.0
2026-05-16,NEFT,Pune,4,12962.64,0,0.0,0.0,0,0,31.83
2026-05-16,POS,Ahmedabad,8,16492.04,0,0.0,0.0,0,0,23.95
2026-05-16,POS,Bengaluru,3,10814.44,0,0.0,0.0,0,0,22.4
2026-05-16,POS,Chennai,8,59360.79,0,0.0,0.0,0,0,37.5
2026-05-16,POS,Delhi,1,1952.12,0,0.0,0.0,0,0,33.1
2026-05-16,POS,Hyderabad,5,16793.54,1,2964.61,20.0,1,0,43.92
2026-05-16,POS,Jaipur,8,31350.01,0,0.0,0.0,0,0,27.31
2026-05-16,POS,Kochi,2,2895.16,0,0.0,0.0,0,0,20.1
2026-05-16,POS,Kolkata,3,7804.91,0,0.0,0.0,0,0,32.5
2026-05-16,POS,Mumbai,1,1982.18,0,0.0,0.0,0,0,20.2
2026-05-16,POS,Pune,6,33715.54,0,0.0,0.0,0,0,34.13
2026-05-16,RTGS,Ahmedabad,3,2859284.97,0,0.0,0.0,0,0,44.1
2026-05-16,RTGS,Bengaluru,2,1806987.44,0,0.0,0.0,0,0,36.9
2026-05-16,RTGS,Hyderabad,1,1165693.76,0,0.0,0.0,0,0,24.3
2026-05-16,RTGS,Jaipur,2,2827930.85,0,0.0,0.0,0,0,36.9
2026-05-16,RTGS,Kochi,2,2422001.45,0,0.0,0.0,0,0,30.75
2026-05-16,RTGS,Kolkata,1,1343264.22,0,0.0,0.0,0,0,29.2
2026-05-16,RTGS,Mumbai,1,981360.02,0,0.0,0.0,0,0,50.9
2026-05-16,RTGS,Pune,1,405810.31,0,0.0,0.0,0,0,31.9
2026-05-16,UPI,Ahmedabad,9,13741.42,0,0.0,0.0,0,0,25.16
2026-05-16,UPI,Chennai,6,417506.66,1,410454.59,16.667,0,1,29.8
2026-05-16,UPI,Delhi,4,13589.5,0,0.0,0.0,0,0,25.6
2026-05-16,UPI,Hyderabad,3,7910.35,0,0.0,0.0,0,0,29.7
2026-05-16,UPI,Jaipur,2,3543.54,0,0.0,0.0,0,0,29.4
2026-05-16,UPI,Kochi,8,14306.78,0,0.0,0.0,0,0,26.9
2026-05-16,UPI,Kolkata,8,27915.86,0,0.0,0.0,0,1,28.88
2026-05-16,UPI,Mumbai,7,16528.6,0,0.0,0.0,0,0,30.87
2026-05-16,UPI,Pune,5,4596.03,0,0.0,0.0,0,0,26.7
2026-05-17,ATM,Bengaluru,1,1316.78,0,0.0,0.0,0,0,14.0
2026-05-17,ATM,Chennai,1,1743.65,0,0.0,0.0,0,0,24.7
2026-05-17,ATM,Jaipur,3,5028.58,0,0.0,0.0,0,0,24.5
2026-05-17,ATM,Kochi,2,5786.78,0,0.0,0.0,0,0,37.95
2026-05-17,ATM,Kolkata,3,9179.32,0,0.0,0.0,0,0,37.6
2026-05-17,ATM,Mumbai,5,19551.17,0,0.0,0.0,0,0,37.5
2026-05-17,ATM,Pune,2,3303.96,0,0.0,0.0,0,0,27.7
2026-05-17,Branch,Bengaluru,1,1226.03,0,0.0,0.0,0,0,35.4
2026-05-17,Branch,Chennai,2,1650.11,0,0.0,0.0,0,0,32.2
2026-05-17,Branch,Delhi,1,1297.23,0,0.0,0.0,0,0,19.9
2026-05-17,Branch,Kochi,1,2077.53,0,0.0,0.0,0,0,27.7
2026-05-17,Branch,Kolkata,1,1791.4,0,0.0,0.0,0,0,21.4
2026-05-17,Branch,Mumbai,1,269.94,0,0.0,0.0,0,0,29.3
2026-05-17,IMPS,Ahmedabad,3,11525.91,0,0.0,0.0,0,0,24.67
2026-05-17,IMPS,Bengaluru,3,3396.16,0,0.0,0.0,0,0,39.93
2026-05-17,IMPS,Chennai,3,5981.64,0,0.0,0.0,0,0,39.17
2026-05-17,IMPS,Delhi,1,5298.18,0,0.0,0.0,0,0,58.2
2026-05-17,IMPS,Hyderabad,1,1153.3,0,0.0,0.0,0,0,14.8
2026-05-17,IMPS,Kolkata,3,12824.12,0,0.0,0.0,0,0,35.33
2026-05-17,IMPS,Pune,3,2713.6,0,0.0,0.0,0,0,22.77
2026-05-17,Internet Banking,Ahmedabad,3,3394.03,0,0.0,0.0,0,0,22.57
2026-05-17,Internet Banking,Bengaluru,3,4814.92,0,0.0,0.0,0,0,37.7
2026-05-17,Internet Banking,Chennai,2,1052.82,0,0.0,0.0,0,0,30.05
2026-05-17,Internet Banking,Delhi,3,8897.65,0,0.0,0.0,0,1,35.1
2026-05-17,Internet Banking,Hyderabad,8,148861.49,1,128483.17,12.5,0,0,31.74
2026-05-17,Internet Banking,Jaipur,2,5169.39,0,0.0,0.0,0,0,27.55
2026-05-17,Internet Banking,Kochi,7,31471.51,0,0.0,0.0,0,0,45.04
2026-05-17,Internet Banking,Kolkata,2,8253.73,0,0.0,0.0,0,0,49.5
2026-05-17,Internet Banking,Mumbai,6,17836.56,0,0.0,0.0,0,0,28.8
2026-05-17,Internet Banking,Pune,3,7357.92,0,0.0,0.0,0,0,41.1
2026-05-17,Mobile Banking,Ahmedabad,5,9703.48,0,0.0,0.0,0,0,23.64
2026-05-17,Mobile Banking,Bengaluru,4,7684.73,0,0.0,0.0,0,0,22.85
2026-05-17,Mobile Banking,Chennai,5,10837.58,0,0.0,0.0,0,0,25.3
2026-05-17,Mobile Banking,Delhi,6,9049.99,0,0.0,0.0,0,0,31.4
2026-05-17,Mobile Banking,Hyderabad,4,6770.15,0,0.0,0.0,0,0,23.23
2026-05-17,Mobile Banking,Jaipur,2,3778.17,0,0.0,0.0,0,0,30.9
2026-05-17,Mobile Banking,Kochi,2,5702.84,0,0.0,0.0,0,0,23.45
2026-05-17,Mobile Banking,Kolkata,7,19085.49,1,2416.22,14.286,0,0,44.67
2026-05-17,Mobile Banking,Mumbai,2,8456.07,0,0.0,0.0,0,0,18.2
2026-05-17,Mobile Banking,Pune,5,4658.73,0,0.0,0.0,0,0,16.28
2026-05-17,NEFT,Ahmedabad,3,13498.77,0,0.0,0.0,0,0,21.77
2026-05-17,NEFT,Bengaluru,5,16044.47,0,0.0,0.0,0,0,36.38
2026-05-17,NEFT,Chennai,2,14075.94,0,0.0,0.0,0,0,20.2
2026-05-17,NEFT,Delhi,1,4263.07,0,0.0,0.0,0,0,36.5
2026-05-17,NEFT,Hyderabad,5,21840.1,0,0.0,0.0,0,0,40.52
2026-05-17,NEFT,Jaipur,2,56987.04,0,0.0,0.0,0,0,34.15
2026-05-17,NEFT,Kochi,3,18885.11,0,0.0,0.0,0,0,21.57
2026-05-17,NEFT,Kolkata,1,1072.95,0,0.0,0.0,0,0,16.2
2026-05-17,NEFT,Mumbai,1,2762.78,0,0.0,0.0,0,0,38.4
2026-05-17,POS,Ahmedabad,6,180304.3,1,173340.2,16.667,0,0,25.98
2026-05-17,POS,Bengaluru,4,11327.99,0,0.0,0.0,0,0,32.45
2026-05-17,POS,Chennai,4,19491.23,0,0.0,0.0,0,0,33.45
2026-05-17,POS,Delhi,3,10341.26,0,0.0,0.0,0,0,40.53
2026-05-17,POS,Hyderabad,7,21652.26,0,0.0,0.0,0,0,22.49
2026-05-17,POS,Jaipur,3,5475.04,0,0.0,0.0,0,0,30.17
2026-05-17,POS,Kochi,3,5740.46,0,0.0,0.0,0,0,29.13
2026-05-17,POS,Kolkata,3,53241.64,0,0.0,0.0,0,0,34.03
2026-05-17,POS,Mumbai,6,11875.8,0,0.0,0.0,0,0,33.15
2026-05-17,POS,Pune,1,3728.55,0,0.0,0.0,0,0,53.9
2026-05-17,RTGS,Ahmedabad,2,1025207.46,0,0.0,0.0,0,0,41.35
2026-05-17,RTGS,Bengaluru,2,920058.99,0,0.0,0.0,0,0,42.3
2026-05-17,RTGS,Chennai,1,608026.75,0,0.0,0.0,0,0,27.0
2026-05-17,RTGS,Delhi,1,238745.15,0,0.0,0.0,0,0,27.6
2026-05-17,RTGS,Hyderabad,4,4405788.94,0,0.0,0.0,0,0,31.8
2026-05-17,RTGS,Kochi,1,220519.3,0,0.0,0.0,0,0,46.6
2026-05-17,RTGS,Kolkata,1,542587.14,0,0.0,0.0,0,0,34.6
2026-05-17,RTGS,Mumbai,3,2298319.23,0,0.0,0.0,0,0,38.47
2026-05-17,RTGS,Pune,1,334339.8,0,0.0,0.0,0,0,26.3
2026-05-17,UPI,Ahmedabad,6,16649.58,0,0.0,0.0,0,0,34.58
2026-05-17,UPI,Bengaluru,6,16167.44,0,0.0,0.0,0,0,36.5
2026-05-17,UPI,Chennai,6,15001.34,0,0.0,0.0,0,0,31.32
2026-05-17,UPI,Delhi,5,53746.41,0,0.0,0.0,0,0,34.84
2026-05-17,UPI,Hyderabad,4,2735.19,0,0.0,0.0,0,0,23.35
2026-05-17,UPI,Jaipur,4,4383.27,0,0.0,0.0,0,0,24.17
2026-05-17,UPI,Kochi,3,14440.22,0,0.0,0.0,0,0,43.13
2026-05-17,UPI,Kolkata,8,23871.78,0,0.0,0.0,0,0,37.66
2026-05-17,UPI,Mumbai,11,27278.48,0,0.0,0.0,0,0,29.25
2026-05-17,UPI,Pune,7,18493.09,0,0.0,0.0,0,1,39.24
2026-05-18,ATM,Ahmedabad,1,805.19,0,0.0,0.0,0,0,51.0
2026-05-18,ATM,Bengaluru,2,4548.79,0,0.0,0.0,0,0,19.1
2026-05-18,ATM,Chennai,2,1059.58,0,0.0,0.0,0,0,9.35
2026-05-18,ATM,Delhi,3,3953.95,0,0.0,0.0,0,0,11.87
2026-05-18,ATM,Hyderabad,4,9780.5,0,0.0,0.0,0,0,29.85
2026-05-18,ATM,Jaipur,1,1697.9,0,0.0,0.0,0,0,12.5
2026-05-18,ATM,Kochi,4,326354.9,1,317091.45,25.0,0,0,29.08
2026-05-18,ATM,Kolkata,6,11536.17,0,0.0,0.0,0,0,26.25
2026-05-18,ATM,Mumbai,6,18500.98,0,0.0,0.0,0,0,34.48
2026-05-18,ATM,Pune,3,1402.37,0,0.0,0.0,0,0,24.13
2026-05-18,Branch,Ahmedabad,2,9989.46,0,0.0,0.0,0,0,17.35
2026-05-18,Branch,Bengaluru,1,1117.01,0,0.0,0.0,0,0,24.1
2026-05-18,Branch,Chennai,2,4423.66,1,2338.0,50.0,0,1,52.55
2026-05-18,Branch,Hyderabad,2,3420.2,0,0.0,0.0,0,0,41.0
2026-05-18,Branch,Mumbai,1,2920.14,0,0.0,0.0,0,0,44.8
2026-05-18,IMPS,Ahmedabad,5,14092.86,0,0.0,0.0,0,0,32.06
2026-05-18,IMPS,Chennai,2,878.61,0,0.0,0.0,0,0,12.05
2026-05-18,IMPS,Delhi,3,12033.0,0,0.0,0.0,0,0,23.37
2026-05-18,IMPS,Hyderabad,5,13915.34,0,0.0,0.0,0,0,34.38
2026-05-18,IMPS,Jaipur,1,484.77,0,0.0,0.0,0,0,56.3
2026-05-18,IMPS,Kochi,1,751.09,0,0.0,0.0,0,0,16.4
2026-05-18,IMPS,Kolkata,1,1088.3,0,0.0,0.0,0,0,41.7
2026-05-18,IMPS,Mumbai,6,11988.63,0,0.0,0.0,0,0,38.62
2026-05-18,IMPS,Pune,2,834.59,1,432.91,50.0,0,0,39.9
2026-05-18,Internet Banking,Ahmedabad,2,2744.31,0,0.0,0.0,0,0,12.75
2026-05-18,Internet Banking,Bengaluru,3,547603.39,1,544793.27,33.333,0,0,25.67
2026-05-18,Internet Banking,Chennai,4,9058.89,1,717.61,25.0,0,0,40.83
2026-05-18,Internet Banking,Delhi,2,1870.38,0,0.0,0.0,0,0,20.25
2026-05-18,Internet Banking,Hyderabad,11,20743.22,0,0.0,0.0,0,0,32.28
2026-05-18,Internet Banking,Jaipur,2,4409.36,0,0.0,0.0,0,0,36.8
2026-05-18,Internet Banking,Kochi,5,6483.78,0,0.0,0.0,0,0,26.62
2026-05-18,Internet Banking,Kolkata,5,20528.33,0,0.0,0.0,0,0,28.02
2026-05-18,Internet Banking,Mumbai,4,24346.21,0,0.0,0.0,0,0,29.87
2026-05-18,Internet Banking,Pune,2,3216.13,0,0.0,0.0,0,0,30.95
2026-05-18,Mobile Banking,Ahmedabad,9,13368.34,0,0.0,0.0,0,0,28.61
2026-05-18,Mobile Banking,Bengaluru,5,6755.66,0,0.0,0.0,0,0,28.98
2026-05-18,Mobile Banking,Chennai,4,8657.1,0,0.0,0.0,0,0,24.35
2026-05-18,Mobile Banking,Delhi,2,6006.72,0,0.0,0.0,0,0,20.45
2026-05-18,Mobile Banking,Hyderabad,5,15899.21,0,0.0,0.0,0,0,33.3
2026-05-18,Mobile Banking,Jaipur,5,6853.89,1,109.96,20.0,0,0,33.7
2026-05-18,Mobile Banking,Kochi,10,463134.04,1,445546.01,10.0,1,1,34.59
2026-05-18,Mobile Banking,Kolkata,5,11986.36,0,0.0,0.0,0,0,28.74
2026-05-18,Mobile Banking,Mumbai,3,9795.3,0,0.0,0.0,0,0,27.9
2026-05-18,Mobile Banking,Pune,6,23316.68,0,0.0,0.0,0,0,35.25
2026-05-18,NEFT,Ahmedabad,3,2308.49,0,0.0,0.0,0,0,26.0
2026-05-18,NEFT,Bengaluru,7,44765.43,0,0.0,0.0,0,0,30.2
2026-05-18,NEFT,Delhi,2,272251.87,1,271487.58,50.0,0,1,40.0
2026-05-18,NEFT,Hyderabad,3,11204.43,0,0.0,0.0,0,0,36.53
2026-05-18,NEFT,Jaipur,5,37186.11,1,15177.7,20.0,0,1,47.34
2026-05-18,NEFT,Kochi,2,8442.33,0,0.0,0.0,0,0,40.7
2026-05-18,NEFT,Mumbai,2,8390.91,0,0.0,0.0,0,0,29.1
2026-05-18,NEFT,Pune,3,27271.92,0,0.0,0.0,0,0,43.63
2026-05-18,POS,Ahmedabad,5,4979.31,0,0.0,0.0,0,0,30.92
2026-05-18,POS,Bengaluru,6,325253.0,1,316614.04,16.667,0,1,48.5
2026-05-18,POS,Chennai,2,2304.36,0,0.0,0.0,0,0,21.15
2026-05-18,POS,Delhi,2,8756.65,0,0.0,0.0,0,0,29.3
2026-05-18,POS,Hyderabad,7,22818.82,0,0.0,0.0,0,0,42.39
2026-05-18,POS,Jaipur,5,7213.15,0,0.0,0.0,0,0,21.12
2026-05-18,POS,Kochi,3,16766.99,0,0.0,0.0,0,0,28.13
2026-05-18,POS,Kolkata,1,804.11,0,0.0,0.0,0,0,13.6
2026-05-18,POS,Mumbai,4,16792.7,0,0.0,0.0,0,0,29.08
2026-05-18,POS,Pune,2,4292.74,0,0.0,0.0,0,0,27.2
2026-05-18,RTGS,Bengaluru,2,1583966.2,0,0.0,0.0,0,0,36.7
2026-05-18,RTGS,Chennai,1,1403714.93,0,0.0,0.0,0,0,33.3
2026-05-18,RTGS,Delhi,2,829521.46,0,0.0,0.0,0,1,60.65
2026-05-18,RTGS,Hyderabad,1,259531.36,0,0.0,0.0,0,0,51.5
2026-05-18,RTGS,Jaipur,2,2037870.07,0,0.0,0.0,0,0,37.7
2026-05-18,RTGS,Kolkata,1,1145773.4,0,0.0,0.0,0,0,30.7
2026-05-18,RTGS,Mumbai,1,261444.36,0,0.0,0.0,0,0,30.3
2026-05-18,UPI,Ahmedabad,3,3665.69,0,0.0,0.0,0,0,32.07
2026-05-18,UPI,Bengaluru,8,17972.24,0,0.0,0.0,0,1,30.71
2026-05-18,UPI,Chennai,10,34979.82,0,0.0,0.0,0,0,27.27
2026-05-18,UPI,Delhi,7,12932.02,0,0.0,0.0,0,0,24.81
2026-05-18,UPI,Hyderabad,4,6361.06,0,0.0,0.0,0,0,26.7
2026-05-18,UPI,Jaipur,6,24331.32,0,0.0,0.0,0,0,36.08
2026-05-18,UPI,Kochi,11,21105.67,0,0.0,0.0,0,0,21.65
2026-05-18,UPI,Kolkata,4,15533.92,0,0.0,0.0,0,0,29.8
2026-05-18,UPI,Mumbai,4,6609.06,0,0.0,0.0,0,0,14.68
2026-05-18,UPI,Pune,4,7094.66,0,0.0,0.0,0,0,23.8
2026-05-19,ATM,Ahmedabad,3,18176.03,0,0.0,0.0,0,0,35.07
2026-05-19,ATM,Bengaluru,3,8916.36,0,0.0,0.0,0,0,27.4
2026-05-19,ATM,Chennai,2,1989.67,0,0.0,0.0,0,0,24.05
2026-05-19,ATM,Delhi,4,7441.67,0,0.0,0.0,0,0,24.45
2026-05-19,ATM,Hyderabad,1,446.43,0,0.0,0.0,0,0,12.0
2026-05-19,ATM,Jaipur,2,1942.76,0,0.0,0.0,0,0,18.25
2026-05-19,ATM,Kochi,4,4539.77,0,0.0,0.0,0,0,33.85
2026-05-19,ATM,Kolkata,4,4473.64,0,0.0,0.0,0,0,25.88
2026-05-19,ATM,Mumbai,4,3256.5,0,0.0,0.0,0,0,26.1
2026-05-19,ATM,Pune,5,13271.28,0,0.0,0.0,0,0,27.5
2026-05-19,Branch,Ahmedabad,2,2432.26,0,0.0,0.0,0,0,18.85
2026-05-19,Branch,Bengaluru,1,742.78,0,0.0,0.0,0,0,10.7
2026-05-19,Branch,Chennai,1,3136.99,0,0.0,0.0,0,0,64.8
2026-05-19,Branch,Hyderabad,1,2460.5,0,0.0,0.0,0,0,46.7
2026-05-19,Branch,Jaipur,2,2771.53,0,0.0,0.0,0,0,32.4
2026-05-19,Branch,Kochi,3,12591.26,0,0.0,0.0,0,0,38.0
2026-05-19,Branch,Mumbai,3,27258.21,0,0.0,0.0,0,0,15.93
2026-05-19,IMPS,Ahmedabad,1,18260.0,0,0.0,0.0,0,0,16.4
2026-05-19,IMPS,Bengaluru,2,428627.36,1,428178.19,50.0,0,0,48.55
2026-05-19,IMPS,Chennai,1,22593.99,0,0.0,0.0,0,0,52.8
2026-05-19,IMPS,Delhi,2,4864.24,0,0.0,0.0,0,0,22.0
2026-05-19,IMPS,Hyderabad,1,1417.11,0,0.0,0.0,0,0,47.7
2026-05-19,IMPS,Jaipur,1,1397.6,0,0.0,0.0,0,0,28.8
2026-05-19,IMPS,Kolkata,4,11856.58,0,0.0,0.0,0,0,42.88
2026-05-19,IMPS,Mumbai,2,8625.52,0,0.0,0.0,0,0,30.15
2026-05-19,IMPS,Pune,4,5987.79,1,4663.03,25.0,1,0,46.77
2026-05-19,Internet Banking,Ahmedabad,1,2027.71,0,0.0,0.0,0,0,16.6
2026-05-19,Internet Banking,Bengaluru,6,10347.95,0,0.0,0.0,0,0,14.52
2026-05-19,Internet Banking,Chennai,3,3050.26,0,0.0,0.0,0,0,36.57
2026-05-19,Internet Banking,Delhi,1,1535.43,0,0.0,0.0,0,0,37.0
2026-05-19,Internet Banking,Hyderabad,4,5069.08,0,0.0,0.0,0,0,43.0
2026-05-19,Internet Banking,Jaipur,2,4025.21,0,0.0,0.0,0,0,35.85
2026-05-19,Internet Banking,Kochi,5,10480.48,0,0.0,0.0,0,0,22.88
2026-05-19,Internet Banking,Kolkata,5,12687.76,0,0.0,0.0,0,0,38.88
2026-05-19,Internet Banking,Mumbai,6,13419.61,0,0.0,0.0,0,0,25.12
2026-05-19,Internet Banking,Pune,5,12673.02,0,0.0,0.0,0,0,31.96
2026-05-19,Mobile Banking,Ahmedabad,10,30172.32,0,0.0,0.0,0,0,33.44
2026-05-19,Mobile Banking,Bengaluru,5,5180.84,0,0.0,0.0,0,0,30.08
2026-05-19,Mobile Banking,Chennai,5,9450.72,0,0.0,0.0,0,0,28.0
2026-05-19,Mobile Banking,Delhi,1,1298.88,0,0.0,0.0,0,0,52.4
2026-05-19,Mobile Banking,Hyderabad,6,5530.05,0,0.0,0.0,0,0,36.23
2026-05-19,Mobile Banking,Jaipur,3,4000.4,0,0.0,0.0,0,0,27.4
2026-05-19,Mobile Banking,Kochi,8,40935.36,0,0.0,0.0,0,0,30.24
2026-05-19,Mobile Banking,Kolkata,7,98285.02,1,82266.71,14.286,0,1,36.24
2026-05-19,Mobile Banking,Mumbai,5,10501.54,0,0.0,0.0,0,0,33.0
2026-05-19,Mobile Banking,Pune,4,13960.62,0,0.0,0.0,0,0,37.08
2026-05-19,NEFT,Ahmedabad,2,3890.34,0,0.0,0.0,0,0,25.5
2026-05-19,NEFT,Bengaluru,3,8383.59,0,0.0,0.0,0,0,28.13
2026-05-19,NEFT,Chennai,5,3905.48,0,0.0,0.0,0,0,32.02
2026-05-19,NEFT,Hyderabad,2,2514.98,0,0.0,0.0,0,0,14.7
2026-05-19,NEFT,Jaipur,3,10017.08,0,0.0,0.0,0,0,28.2
2026-05-19,NEFT,Kochi,4,6843.47,0,0.0,0.0,0,0,23.07
2026-05-19,NEFT,Kolkata,5,7208.53,0,0.0,0.0,0,0,28.3
2026-05-19,NEFT,Pune,3,8548.67,0,0.0,0.0,0,0,32.27
2026-05-19,POS,Ahmedabad,8,10076.23,0,0.0,0.0,0,0,21.44
2026-05-19,POS,Bengaluru,5,7311.11,0,0.0,0.0,0,0,32.06
2026-05-19,POS,Chennai,7,31041.61,0,0.0,0.0,0,0,25.73
2026-05-19,POS,Delhi,3,6864.64,0,0.0,0.0,0,0,26.77
2026-05-19,POS,Hyderabad,5,17324.05,0,0.0,0.0,0,0,34.84
2026-05-19,POS,Jaipur,2,12653.83,0,0.0,0.0,0,0,44.55
2026-05-19,POS,Kolkata,6,16406.26,0,0.0,0.0,0,0,33.43
2026-05-19,POS,Mumbai,1,4399.1,0,0.0,0.0,0,0,14.2
2026-05-19,POS,Pune,3,15454.53,0,0.0,0.0,0,0,26.53
2026-05-19,RTGS,Ahmedabad,7,7797624.49,0,0.0,0.0,0,1,49.3
2026-05-19,RTGS,Bengaluru,1,829420.43,0,0.0,0.0,0,0,52.3
2026-05-19,RTGS,Chennai,1,1366902.13,0,0.0,0.0,0,0,47.9
2026-05-19,RTGS,Delhi,1,454232.46,0,0.0,0.0,0,0,31.6
2026-05-19,RTGS,Hyderabad,2,1021069.94,0,0.0,0.0,0,0,47.05
2026-05-19,RTGS,Jaipur,1,962739.51,0,0.0,0.0,0,0,25.2
2026-05-19,RTGS,Kochi,2,1560690.7,0,0.0,0.0,0,1,55.25
2026-05-19,RTGS,Mumbai,1,331520.73,0,0.0,0.0,0,0,27.1
2026-05-19,RTGS,Pune,2,1652517.8,0,0.0,0.0,0,0,36.85
2026-05-19,UPI,Ahmedabad,5,16977.49,0,0.0,0.0,0,0,35.52
2026-05-19,UPI,Bengaluru,2,3062.09,0,0.0,0.0,0,0,31.2
2026-05-19,UPI,Chennai,10,13520.23,0,0.0,0.0,0,0,22.75
2026-05-19,UPI,Delhi,5,9297.84,0,0.0,0.0,0,0,36.52
2026-05-19,UPI,Hyderabad,7,7962.72,0,0.0,0.0,0,0,24.73
2026-05-19,UPI,Jaipur,5,44389.12,0,0.0,0.0,0,0,32.0
2026-05-19,UPI,Kochi,5,65047.07,1,57693.17,20.0,0,0,29.44
2026-05-19,UPI,Kolkata,4,3814.97,0,0.0,0.0,0,0,29.38
2026-05-19,UPI,Mumbai,6,10318.56,0,0.0,0.0,0,0,19.45
2026-05-19,UPI,Pune,7,20800.36,0,0.0,0.0,0,0,29.64
2026-05-20,ATM,Bengaluru,4,9835.43,0,0.0,0.0,0,0,19.1
2026-05-20,ATM,Chennai,5,10415.19,0,0.0,0.0,0,0,20.22
2026-05-20,ATM,Delhi,2,2935.96,0,0.0,0.0,0,0,30.95
2026-05-20,ATM,Hyderabad,2,2320.93,0,0.0,0.0,0,0,25.4
2026-05-20,ATM,Jaipur,1,7020.49,0,0.0,0.0,0,0,30.0
2026-05-20,ATM,Kochi,2,10869.43,0,0.0,0.0,0,0,42.1
2026-05-20,ATM,Kolkata,3,3949.91,0,0.0,0.0,0,0,28.6
2026-05-20,ATM,Mumbai,3,21629.94,0,0.0,0.0,0,0,40.13
2026-05-20,ATM,Pune,1,849.16,0,0.0,0.0,0,0,12.8
2026-05-20,Branch,Ahmedabad,1,31347.66,0,0.0,0.0,0,0,29.2
2026-05-20,Branch,Bengaluru,1,2066.92,0,0.0,0.0,0,0,11.6
2026-05-20,Branch,Chennai,1,2254.71,0,0.0,0.0,0,0,9.6
2026-05-20,Branch,Hyderabad,1,3487.26,0,0.0,0.0,0,0,22.8
2026-05-20,Branch,Pune,1,5674.92,0,0.0,0.0,0,0,34.5
2026-05-20,IMPS,Bengaluru,3,8602.59,0,0.0,0.0,0,0,33.63
2026-05-20,IMPS,Chennai,1,2944.82,0,0.0,0.0,0,0,36.7
2026-05-20,IMPS,Delhi,3,10107.47,0,0.0,0.0,0,0,39.4
2026-05-20,IMPS,Hyderabad,2,4950.98,0,0.0,0.0,0,0,25.15
2026-05-20,IMPS,Jaipur,1,1202.3,0,0.0,0.0,0,0,8.9
2026-05-20,IMPS,Kochi,5,26268.16,0,0.0,0.0,0,0,29.36
2026-05-20,IMPS,Kolkata,2,6676.94,0,0.0,0.0,0,0,28.4
2026-05-20,IMPS,Mumbai,2,2164.72,0,0.0,0.0,0,0,13.3
2026-05-20,IMPS,Pune,5,9694.61,0,0.0,0.0,0,1,36.32
2026-05-20,Internet Banking,Ahmedabad,2,1986.52,0,0.0,0.0,0,0,10.65
2026-05-20,Internet Banking,Bengaluru,2,41182.89,0,0.0,0.0,0,0,30.9
2026-05-20,Internet Banking,Chennai,3,12255.28,0,0.0,0.0,0,0,36.03
2026-05-20,Internet Banking,Delhi,2,22670.81,0,0.0,0.0,0,0,41.35
2026-05-20,Internet Banking,Hyderabad,4,17903.3,0,0.0,0.0,0,0,22.05
2026-05-20,Internet Banking,Jaipur,5,12074.12,0,0.0,0.0,0,0,22.1
2026-05-20,Internet Banking,Kochi,3,1704.36,0,0.0,0.0,0,0,24.47
2026-05-20,Internet Banking,Kolkata,1,987.01,0,0.0,0.0,0,0,28.9
2026-05-20,Internet Banking,Mumbai,4,15820.2,0,0.0,0.0,0,0,33.42
2026-05-20,Internet Banking,Pune,3,13569.15,0,0.0,0.0,0,0,42.43
2026-05-20,Mobile Banking,Ahmedabad,5,9592.01,0,0.0,0.0,0,0,38.12
2026-05-20,Mobile Banking,Bengaluru,9,27385.45,0,0.0,0.0,0,0,31.7
2026-05-20,Mobile Banking,Chennai,1,216.02,0,0.0,0.0,0,0,12.8
2026-05-20,Mobile Banking,Delhi,6,25518.03,0,0.0,0.0,0,0,29.08
2026-05-20,Mobile Banking,Hyderabad,3,2778.91,0,0.0,0.0,0,0,25.17
2026-05-20,Mobile Banking,Jaipur,3,3648.79,0,0.0,0.0,0,0,29.97
2026-05-20,Mobile Banking,Kochi,2,1295.54,0,0.0,0.0,0,0,15.4
2026-05-20,Mobile Banking,Kolkata,3,4691.57,0,0.0,0.0,0,0,23.0
2026-05-20,Mobile Banking,Mumbai,5,17920.6,0,0.0,0.0,0,0,37.12
2026-05-20,Mobile Banking,Pune,7,15866.15,0,0.0,0.0,0,0,23.77
2026-05-20,NEFT,Ahmedabad,1,1828.85,0,0.0,0.0,0,0,9.1
2026-05-20,NEFT,Bengaluru,3,3626.81,0,0.0,0.0,0,0,38.17
2026-05-20,NEFT,Chennai,2,4710.42,0,0.0,0.0,0,0,32.3
2026-05-20,NEFT,Delhi,1,1924.75,0,0.0,0.0,0,0,13.6
2026-05-20,NEFT,Hyderabad,2,4590.89,0,0.0,0.0,0,0,23.7
2026-05-20,NEFT,Jaipur,3,1842.3,0,0.0,0.0,0,0,23.67
2026-05-20,NEFT,Kochi,1,597.01,0,0.0,0.0,0,0,19.2
2026-05-20,NEFT,Kolkata,1,1660.92,0,0.0,0.0,0,0,14.4
2026-05-20,NEFT,Mumbai,3,3182.0,1,381.34,33.333,0,1,41.8
2026-05-20,NEFT,Pune,2,2914.99,0,0.0,0.0,0,0,39.25
2026-05-20,POS,Ahmedabad,7,19645.94,0,0.0,0.0,0,0,23.17
2026-05-20,POS,Bengaluru,6,18134.02,0,0.0,0.0,0,0,29.5
2026-05-20,POS,Chennai,6,10655.81,0,0.0,0.0,0,0,29.23
2026-05-20,POS,Delhi,2,3429.05,0,0.0,0.0,0,0,28.15
2026-05-20,POS,Hyderabad,3,4688.44,0,0.0,0.0,0,0,23.23
2026-05-20,POS,Jaipur,8,27647.0,0,0.0,0.0,0,0,22.94
2026-05-20,POS,Kochi,4,13547.16,0,0.0,0.0,0,0,27.17
2026-05-20,POS,Kolkata,5,8689.3,0,0.0,0.0,0,0,41.9
2026-05-20,POS,Mumbai,3,4960.77,0,0.0,0.0,0,0,24.23
2026-05-20,POS,Pune,2,9612.74,0,0.0,0.0,0,0,29.9
2026-05-20,RTGS,Chennai,1,1305289.33,0,0.0,0.0,0,0,33.3
2026-05-20,RTGS,Hyderabad,2,1277398.98,0,0.0,0.0,0,0,40.5
2026-05-20,RTGS,Jaipur,1,1466046.7,0,0.0,0.0,0,0,28.4
2026-05-20,RTGS,Mumbai,3,3754691.1,0,0.0,0.0,0,0,41.17
2026-05-20,RTGS,Pune,3,2593620.91,0,0.0,0.0,0,0,43.47
2026-05-20,UPI,Ahmedabad,1,192.07,0,0.0,0.0,0,0,18.1
2026-05-20,UPI,Bengaluru,3,1762.69,0,0.0,0.0,0,0,25.3
2026-05-20,UPI,Chennai,5,98295.01,1,93568.83,20.0,0,1,32.26
2026-05-20,UPI,Delhi,5,7945.11,0,0.0,0.0,0,0,24.04
2026-05-20,UPI,Hyderabad,5,7474.28,0,0.0,0.0,0,0,22.0
2026-05-20,UPI,Jaipur,9,14061.84,0,0.0,0.0,0,0,30.8
2026-05-20,UPI,Kochi,10,19971.55,0,0.0,0.0,0,0,27.62
2026-05-20,UPI,Kolkata,5,12200.33,0,0.0,0.0,0,0,33.34
2026-05-20,UPI,Mumbai,9,13193.5,0,0.0,0.0,0,0,27.58
2026-05-20,UPI,Pune,5,6473.89,0,0.0,0.0,0,0,21.46
2026-05-21,ATM,Ahmedabad,4,6844.72,0,0.0,0.0,0,0,28.45
2026-05-21,ATM,Bengaluru,2,10200.84,0,0.0,0.0,0,0,35.45
2026-05-21,ATM,Chennai,3,13262.95,0,0.0,0.0,0,0,45.83
2026-05-21,ATM,Delhi,3,10967.4,0,0.0,0.0,0,0,35.6
2026-05-21,ATM,Hyderabad,2,4207.93,0,0.0,0.0,0,0,21.75
2026-05-21,ATM,Jaipur,2,5469.0,0,0.0,0.0,0,0,40.15
2026-05-21,ATM,Kochi,3,4801.05,0,0.0,0.0,0,0,18.87
2026-05-21,ATM,Kolkata,1,2438.67,0,0.0,0.0,0,0,28.5
2026-05-21,ATM,Mumbai,3,7617.39,0,0.0,0.0,0,0,30.37
2026-05-21,ATM,Pune,4,19983.1,0,0.0,0.0,0,0,29.33
2026-05-21,Branch,Chennai,1,2152.27,0,0.0,0.0,0,0,35.7
2026-05-21,Branch,Delhi,1,621.07,0,0.0,0.0,0,0,18.8
2026-05-21,Branch,Kochi,1,854.22,0,0.0,0.0,0,0,10.7
2026-05-21,IMPS,Ahmedabad,4,13190.0,0,0.0,0.0,0,0,41.48
2026-05-21,IMPS,Bengaluru,2,3430.79,0,0.0,0.0,0,0,39.2
2026-05-21,IMPS,Chennai,1,4552.63,0,0.0,0.0,0,0,52.5
2026-05-21,IMPS,Delhi,3,11058.22,0,0.0,0.0,0,0,31.53
2026-05-21,IMPS,Hyderabad,2,8218.52,0,0.0,0.0,0,0,36.15
2026-05-21,IMPS,Kochi,2,4550.31,0,0.0,0.0,0,0,31.55
2026-05-21,IMPS,Kolkata,5,127198.44,1,121869.79,20.0,1,0,41.12
2026-05-21,IMPS,Mumbai,1,7449.77,0,0.0,0.0,0,0,24.6
2026-05-21,IMPS,Pune,1,2164.82,0,0.0,0.0,0,0,20.0
2026-05-21,Internet Banking,Ahmedabad,4,7002.07,0,0.0,0.0,0,0,17.95
2026-05-21,Internet Banking,Bengaluru,5,11866.4,0,0.0,0.0,0,0,26.14
2026-05-21,Internet Banking,Chennai,1,5130.96,0,0.0,0.0,0,0,45.7
2026-05-21,Internet Banking,Delhi,6,10876.74,0,0.0,0.0,0,0,27.87
2026-05-21,Internet Banking,Hyderabad,1,430.26,0,0.0,0.0,0,0,8.0
2026-05-21,Internet Banking,Kochi,3,4796.37,0,0.0,0.0,0,0,30.87
2026-05-21,Internet Banking,Kolkata,6,11146.89,0,0.0,0.0,0,0,28.02
2026-05-21,Internet Banking,Pune,3,974.49,1,41.23,33.333,0,1,34.0
2026-05-21,Mobile Banking,Ahmedabad,5,10507.05,0,0.0,0.0,0,0,30.28
2026-05-21,Mobile Banking,Bengaluru,8,11234.77,0,0.0,0.0,0,0,26.86
2026-05-21,Mobile Banking,Chennai,3,11842.08,0,0.0,0.0,0,0,30.53
2026-05-21,Mobile Banking,Delhi,3,3675.83,0,0.0,0.0,0,0,29.97
2026-05-21,Mobile Banking,Hyderabad,3,11848.79,0,0.0,0.0,0,0,24.47
2026-05-21,Mobile Banking,Jaipur,6,18044.99,0,0.0,0.0,0,0,32.17
2026-05-21,Mobile Banking,Kolkata,4,9138.65,0,0.0,0.0,0,0,28.9
2026-05-21,Mobile Banking,Mumbai,3,7666.38,0,0.0,0.0,0,0,33.47
2026-05-21,Mobile Banking,Pune,4,4731.76,0,0.0,0.0,0,0,20.95
2026-05-21,NEFT,Ahmedabad,3,4192.27,0,0.0,0.0,0,0,31.67
2026-05-21,NEFT,Bengaluru,2,10290.72,0,0.0,0.0,0,0,26.1
2026-05-21,NEFT,Chennai,4,5513.22,0,0.0,0.0,0,0,19.62
2026-05-21,NEFT,Delhi,2,3889.49,0,0.0,0.0,0,0,27.9
2026-05-21,NEFT,Hyderabad,5,20161.74,0,0.0,0.0,0,0,33.94
2026-05-21,NEFT,Jaipur,3,12706.67,0,0.0,0.0,0,0,42.03
2026-05-21,NEFT,Kochi,1,415.4,0,0.0,0.0,0,0,17.4
2026-05-21,NEFT,Kolkata,2,2889.99,0,0.0,0.0,0,0,32.4
2026-05-21,NEFT,Mumbai,2,3375.93,0,0.0,0.0,0,0,35.25
2026-05-21,NEFT,Pune,1,737.83,0,0.0,0.0,0,0,26.4
2026-05-21,POS,Ahmedabad,3,9515.57,0,0.0,0.0,0,0,28.3
2026-05-21,POS,Bengaluru,4,29312.14,0,0.0,0.0,0,0,20.6
2026-05-21,POS,Chennai,2,2822.75,0,0.0,0.0,0,0,15.4
2026-05-21,POS,Delhi,2,2370.36,0,0.0,0.0,0,0,33.5
2026-05-21,POS,Hyderabad,2,8215.24,0,0.0,0.0,0,0,24.05
2026-05-21,POS,Jaipur,4,14179.98,0,0.0,0.0,0,0,34.58
2026-05-21,POS,Kochi,5,8201.17,0,0.0,0.0,0,0,21.66
2026-05-21,POS,Kolkata,4,15461.99,0,0.0,0.0,0,0,26.25
2026-05-21,POS,Mumbai,3,1720.63,0,0.0,0.0,0,0,22.5
2026-05-21,POS,Pune,3,4803.84,0,0.0,0.0,0,0,20.03
2026-05-21,RTGS,Ahmedabad,4,3248944.21,0,0.0,0.0,0,1,47.83
2026-05-21,RTGS,Delhi,3,2947766.68,0,0.0,0.0,0,0,34.0
2026-05-21,RTGS,Hyderabad,2,2167141.04,0,0.0,0.0,0,0,43.35
2026-05-21,RTGS,Jaipur,3,2184361.34,0,0.0,0.0,0,0,42.17
2026-05-21,RTGS,Kochi,1,1162387.76,0,0.0,0.0,0,0,39.7
2026-05-21,RTGS,Kolkata,3,1493440.16,0,0.0,0.0,0,0,28.03
2026-05-21,UPI,Ahmedabad,6,16177.06,0,0.0,0.0,0,0,25.08
2026-05-21,UPI,Bengaluru,6,5815.21,1,1697.48,16.667,0,1,34.52
2026-05-21,UPI,Chennai,4,5428.28,0,0.0,0.0,0,0,24.45
2026-05-21,UPI,Delhi,1,1042.48,0,0.0,0.0,0,0,24.7
2026-05-21,UPI,Hyderabad,4,14837.17,0,0.0,0.0,0,0,41.05
2026-05-21,UPI,Jaipur,6,18086.44,0,0.0,0.0,0,0,35.78
2026-05-21,UPI,Kochi,2,2516.58,0,0.0,0.0,0,0,24.4
2026-05-21,UPI,Kolkata,4,13824.18,0,0.0,0.0,0,0,35.5
2026-05-21,UPI,Mumbai,7,17146.21,1,6908.74,14.286,1,0,37.01
2026-05-21,UPI,Pune,4,12634.98,0,0.0,0.0,0,1,44.75
2026-05-22,ATM,Ahmedabad,2,513.09,0,0.0,0.0,0,0,14.15
2026-05-22,ATM,Bengaluru,3,35703.89,0,0.0,0.0,0,0,40.37
2026-05-22,ATM,Chennai,2,2303.53,0,0.0,0.0,0,0,22.25
2026-05-22,ATM,Delhi,1,2148.02,0,0.0,0.0,0,0,18.6
2026-05-22,ATM,Hyderabad,1,2716.42,0,0.0,0.0,0,0,33.0
2026-05-22,ATM,Jaipur,2,1999.51,0,0.0,0.0,0,0,34.3
2026-05-22,ATM,Kochi,3,6849.06,0,0.0,0.0,0,0,40.2
2026-05-22,ATM,Kolkata,4,9733.98,0,0.0,0.0,0,0,33.43
2026-05-22,ATM,Mumbai,4,9755.79,0,0.0,0.0,0,0,23.23
2026-05-22,ATM,Pune,2,2270.51,0,0.0,0.0,0,0,28.25
2026-05-22,Branch,Bengaluru,1,388.41,0,0.0,0.0,0,0,49.0
2026-05-22,Branch,Chennai,1,5122.88,0,0.0,0.0,0,0,43.0
2026-05-22,Branch,Delhi,1,347.0,0,0.0,0.0,0,0,14.2
2026-05-22,Branch,Hyderabad,1,1756.78,0,0.0,0.0,0,0,21.7
2026-05-22,Branch,Jaipur,2,4920.29,0,0.0,0.0,0,0,43.85
2026-05-22,Branch,Kochi,2,3896.53,0,0.0,0.0,0,0,25.1
2026-05-22,Branch,Mumbai,1,1461.02,0,0.0,0.0,0,0,33.5
2026-05-22,IMPS,Ahmedabad,3,4421.88,0,0.0,0.0,0,0,21.57
2026-05-22,IMPS,Bengaluru,4,180397.09,1,151041.75,25.0,0,1,41.6
2026-05-22,IMPS,Chennai,4,7518.2,0,0.0,0.0,0,0,26.6
2026-05-22,IMPS,Delhi,3,3384.52,0,0.0,0.0,0,0,24.53
2026-05-22,IMPS,Hyderabad,3,3189.25,0,0.0,0.0,0,0,24.1
2026-05-22,IMPS,Kochi,1,720.05,0,0.0,0.0,0,0,31.4
2026-05-22,IMPS,Kolkata,3,11924.12,0,0.0,0.0,0,0,46.17
2026-05-22,IMPS,Mumbai,1,1402.89,0,0.0,0.0,0,0,7.6
2026-05-22,IMPS,Pune,2,1310.27,0,0.0,0.0,0,0,26.8
2026-05-22,Internet Banking,Ahmedabad,2,10535.32,0,0.0,0.0,0,0,21.25
2026-05-22,Internet Banking,Bengaluru,5,9701.6,0,0.0,0.0,0,0,29.68
2026-05-22,Internet Banking,Chennai,2,2589.34,0,0.0,0.0,0,0,29.15
2026-05-22,Internet Banking,Delhi,2,3488.26,0,0.0,0.0,0,0,23.45
2026-05-22,Internet Banking,Hyderabad,9,56378.08,0,0.0,0.0,0,0,32.03
2026-05-22,Internet Banking,Jaipur,3,4353.27,0,0.0,0.0,0,0,11.67
2026-05-22,Internet Banking,Kochi,3,9262.8,0,0.0,0.0,0,0,23.63
2026-05-22,Internet Banking,Kolkata,5,18438.51,0,0.0,0.0,0,0,30.72
2026-05-22,Internet Banking,Mumbai,4,25076.28,0,0.0,0.0,0,0,32.0
2026-05-22,Internet Banking,Pune,2,5802.11,0,0.0,0.0,0,0,39.35
2026-05-22,Mobile Banking,Ahmedabad,4,4904.37,0,0.0,0.0,0,0,20.65
2026-05-22,Mobile Banking,Bengaluru,4,18618.36,0,0.0,0.0,0,0,21.8
2026-05-22,Mobile Banking,Chennai,8,11921.09,0,0.0,0.0,0,0,29.15
2026-05-22,Mobile Banking,Delhi,9,30408.9,0,0.0,0.0,0,1,25.78
2026-05-22,Mobile Banking,Hyderabad,8,36341.76,0,0.0,0.0,0,0,33.3
2026-05-22,Mobile Banking,Jaipur,5,24882.04,1,8089.88,20.0,0,1,32.88
2026-05-22,Mobile Banking,Kochi,5,10984.5,0,0.0,0.0,0,0,30.46
2026-05-22,Mobile Banking,Kolkata,6,13912.14,0,0.0,0.0,0,0,31.67
2026-05-22,Mobile Banking,Mumbai,7,15458.13,0,0.0,0.0,0,0,25.73
2026-05-22,Mobile Banking,Pune,6,11991.91,0,0.0,0.0,0,0,38.33
2026-05-22,NEFT,Ahmedabad,2,1356.55,0,0.0,0.0,0,0,8.4
2026-05-22,NEFT,Bengaluru,2,3719.58,0,0.0,0.0,0,0,26.75
2026-05-22,NEFT,Chennai,2,5750.12,1,2243.42,50.0,1,0,75.95
2026-05-22,NEFT,Delhi,1,1277.92,0,0.0,0.0,0,0,62.5
2026-05-22,NEFT,Hyderabad,5,6712.52,0,0.0,0.0,0,0,23.84
2026-05-22,NEFT,Jaipur,1,1009.2,0,0.0,0.0,0,0,50.3
2026-05-22,NEFT,Kochi,2,3604.33,0,0.0,0.0,0,0,18.9
2026-05-22,NEFT,Kolkata,3,8033.1,0,0.0,0.0,0,0,45.4
2026-05-22,NEFT,Mumbai,1,2247.98,0,0.0,0.0,0,0,42.1
2026-05-22,NEFT,Pune,1,4712.2,0,0.0,0.0,0,0,32.9
2026-05-22,POS,Ahmedabad,1,34498.31,0,0.0,0.0,0,0,54.8
2026-05-22,POS,Bengaluru,3,14984.92,0,0.0,0.0,0,0,36.1
2026-05-22,POS,Chennai,4,19933.56,0,0.0,0.0,0,0,45.73
2026-05-22,POS,Delhi,4,6720.41,0,0.0,0.0,0,0,24.2
2026-05-22,POS,Hyderabad,9,14793.25,0,0.0,0.0,0,0,21.07
2026-05-22,POS,Jaipur,3,977.57,0,0.0,0.0,0,0,20.73
2026-05-22,POS,Kochi,5,15129.54,0,0.0,0.0,0,0,24.74
2026-05-22,POS,Kolkata,1,326.63,0,0.0,0.0,0,0,31.9
2026-05-22,POS,Mumbai,5,12233.71,0,0.0,0.0,0,0,31.44
2026-05-22,POS,Pune,5,13548.56,0,0.0,0.0,0,0,21.68
2026-05-22,RTGS,Bengaluru,2,1856694.42,0,0.0,0.0,0,0,40.15
2026-05-22,RTGS,Delhi,1,392840.95,0,0.0,0.0,0,0,35.0
2026-05-22,RTGS,Kochi,1,969799.02,0,0.0,0.0,0,0,31.8
2026-05-22,UPI,Ahmedabad,7,15380.02,0,0.0,0.0,0,0,22.46
2026-05-22,UPI,Bengaluru,9,40476.2,0,0.0,0.0,0,0,27.03
2026-05-22,UPI,Chennai,11,45653.63,0,0.0,0.0,0,0,33.71
2026-05-22,UPI,Delhi,2,12530.91,0,0.0,0.0,0,0,44.45
2026-05-22,UPI,Hyderabad,9,21813.75,1,1502.51,11.111,1,0,36.0
2026-05-22,UPI,Jaipur,12,31244.68,0,0.0,0.0,0,0,30.4
2026-05-22,UPI,Kochi,7,19561.09,0,0.0,0.0,0,0,29.36
2026-05-22,UPI,Kolkata,5,14731.94,0,0.0,0.0,0,0,28.2
2026-05-22,UPI,Mumbai,8,22656.54,0,0.0,0.0,0,1,35.81
2026-05-22,UPI,Pune,9,13428.33,0,0.0,0.0,0,0,28.19
2026-05-23,ATM,Ahmedabad,3,14084.05,0,0.0,0.0,0,1,47.67
2026-05-23,ATM,Bengaluru,2,3378.08,0,0.0,0.0,0,0,14.35
2026-05-23,ATM,Chennai,5,10002.38,0,0.0,0.0,0,0,31.14
2026-05-23,ATM,Delhi,1,125629.16,1,125629.16,100.0,1,0,91.5
2026-05-23,ATM,Hyderabad,4,132148.63,0,0.0,0.0,0,0,34.2
2026-05-23,ATM,Jaipur,2,9786.95,0,0.0,0.0,0,0,43.95
2026-05-23,ATM,Kolkata,2,9783.84,0,0.0,0.0,0,0,51.25
2026-05-23,ATM,Pune,5,18172.77,0,0.0,0.0,0,0,21.18
2026-05-23,Branch,Ahmedabad,3,7493.68,0,0.0,0.0,0,0,22.9
2026-05-23,Branch,Bengaluru,1,2660.76,0,0.0,0.0,0,0,28.7
2026-05-23,Branch,Chennai,1,1951.4,0,0.0,0.0,0,0,9.7
2026-05-23,Branch,Hyderabad,2,1778.75,0,0.0,0.0,0,0,22.25
2026-05-23,Branch,Kochi,2,1327.96,0,0.0,0.0,0,0,24.6
2026-05-23,Branch,Mumbai,3,7757.62,0,0.0,0.0,0,0,22.03
2026-05-23,Branch,Pune,2,5786.52,0,0.0,0.0,0,0,35.25
2026-05-23,IMPS,Ahmedabad,5,18973.45,0,0.0,0.0,0,1,39.26
2026-05-23,IMPS,Bengaluru,3,3033.28,0,0.0,0.0,0,0,28.17
2026-05-23,IMPS,Chennai,2,4949.47,0,0.0,0.0,0,0,18.85
2026-05-23,IMPS,Delhi,4,8709.93,0,0.0,0.0,0,0,29.05
2026-05-23,IMPS,Hyderabad,6,20506.48,0,0.0,0.0,0,0,36.4
2026-05-23,IMPS,Jaipur,1,5705.62,0,0.0,0.0,0,0,32.5
2026-05-23,IMPS,Kochi,1,3144.03,0,0.0,0.0,0,0,53.1
2026-05-23,IMPS,Kolkata,2,3977.54,0,0.0,0.0,0,1,51.9
2026-05-23,IMPS,Mumbai,3,1463.44,0,0.0,0.0,0,0,19.67
2026-05-23,Internet Banking,Ahmedabad,3,12504.85,0,0.0,0.0,0,0,43.63
2026-05-23,Internet Banking,Bengaluru,3,9577.36,1,542.16,33.333,0,0,40.27
2026-05-23,Internet Banking,Chennai,1,1076.63,0,0.0,0.0,0,0,32.2
2026-05-23,Internet Banking,Hyderabad,5,11114.36,0,0.0,0.0,0,0,34.64
2026-05-23,Internet Banking,Jaipur,4,12804.77,0,0.0,0.0,0,0,20.18
2026-05-23,Internet Banking,Kochi,2,2701.68,0,0.0,0.0,0,0,35.7
2026-05-23,Internet Banking,Kolkata,4,16432.57,0,0.0,0.0,0,0,29.2
2026-05-23,Internet Banking,Mumbai,1,486.47,0,0.0,0.0,0,0,27.3
2026-05-23,Internet Banking,Pune,2,8477.55,0,0.0,0.0,0,0,35.5
2026-05-23,Mobile Banking,Ahmedabad,4,7842.02,0,0.0,0.0,0,0,26.0
2026-05-23,Mobile Banking,Bengaluru,4,14488.12,0,0.0,0.0,0,0,35.8
2026-05-23,Mobile Banking,Chennai,6,7915.07,0,0.0,0.0,0,0,22.6
2026-05-23,Mobile Banking,Delhi,4,11624.18,0,0.0,0.0,0,0,20.9
2026-05-23,Mobile Banking,Hyderabad,9,20669.95,0,0.0,0.0,0,1,35.71
2026-05-23,Mobile Banking,Jaipur,7,14437.9,0,0.0,0.0,0,0,39.21
2026-05-23,Mobile Banking,Kochi,3,4080.77,0,0.0,0.0,0,0,21.37
2026-05-23,Mobile Banking,Kolkata,7,22955.87,0,0.0,0.0,0,0,24.2
2026-05-23,Mobile Banking,Mumbai,6,7922.23,0,0.0,0.0,0,0,29.47
2026-05-23,Mobile Banking,Pune,3,10246.03,0,0.0,0.0,0,0,27.9
2026-05-23,NEFT,Ahmedabad,7,7996.45,0,0.0,0.0,0,0,27.34
2026-05-23,NEFT,Bengaluru,2,2080.16,0,0.0,0.0,0,0,26.55
2026-05-23,NEFT,Delhi,2,47075.45,0,0.0,0.0,0,0,31.75
2026-05-23,NEFT,Hyderabad,2,2878.75,0,0.0,0.0,0,0,34.3
2026-05-23,NEFT,Jaipur,6,27030.44,0,0.0,0.0,0,0,29.85
2026-05-23,NEFT,Kochi,4,7734.37,0,0.0,0.0,0,0,33.62
2026-05-23,NEFT,Pune,1,3091.6,0,0.0,0.0,0,0,36.4
2026-05-23,POS,Ahmedabad,6,8000.26,0,0.0,0.0,0,0,14.52
2026-05-23,POS,Bengaluru,9,26368.24,0,0.0,0.0,0,0,29.88
2026-05-23,POS,Chennai,1,20317.4,0,0.0,0.0,0,0,33.8
2026-05-23,POS,Delhi,3,2801.37,0,0.0,0.0,0,0,37.5
2026-05-23,POS,Hyderabad,6,39707.06,0,0.0,0.0,0,1,36.78
2026-05-23,POS,Jaipur,6,26360.07,0,0.0,0.0,0,0,30.62
2026-05-23,POS,Kochi,5,5964.15,0,0.0,0.0,0,0,27.62
2026-05-23,POS,Kolkata,6,12230.95,0,0.0,0.0,0,0,34.37
2026-05-23,POS,Mumbai,4,8552.78,0,0.0,0.0,0,0,29.77
2026-05-23,RTGS,Bengaluru,2,2070381.05,0,0.0,0.0,0,0,30.25
2026-05-23,RTGS,Chennai,4,4218105.77,0,0.0,0.0,0,0,49.35
2026-05-23,RTGS,Hyderabad,1,1289010.1,0,0.0,0.0,0,1,70.0
2026-05-23,RTGS,Mumbai,2,912830.05,0,0.0,0.0,0,0,46.05
2026-05-23,RTGS,Pune,3,3695864.81,0,0.0,0.0,0,0,38.1
2026-05-23,UPI,Ahmedabad,8,19710.79,0,0.0,0.0,0,0,31.25
2026-05-23,UPI,Bengaluru,5,13686.77,0,0.0,0.0,0,0,29.7
2026-05-23,UPI,Chennai,8,16389.88,0,0.0,0.0,0,0,36.49
2026-05-23,UPI,Delhi,7,19592.66,0,0.0,0.0,0,0,30.03
2026-05-23,UPI,Hyderabad,2,19315.35,0,0.0,0.0,0,0,42.2
2026-05-23,UPI,Jaipur,9,23240.41,0,0.0,0.0,0,1,38.84
2026-05-23,UPI,Kochi,10,20079.7,0,0.0,0.0,0,0,28.43
2026-05-23,UPI,Kolkata,8,20281.69,0,0.0,0.0,0,0,23.59
2026-05-23,UPI,Mumbai,3,16859.83,0,0.0,0.0,0,0,40.87
2026-05-23,UPI,Pune,5,4345.83,0,0.0,0.0,0,0,22.1
2026-05-24,ATM,Ahmedabad,2,2159.06,0,0.0,0.0,0,0,35.15
2026-05-24,ATM,Bengaluru,5,88789.66,0,0.0,0.0,0,0,35.72
2026-05-24,ATM,Chennai,2,4659.57,0,0.0,0.0,0,0,41.95
2026-05-24,ATM,Delhi,3,31069.58,0,0.0,0.0,0,0,36.1
2026-05-24,ATM,Hyderabad,4,19124.13,0,0.0,0.0,0,0,37.5
2026-05-24,ATM,Jaipur,2,3669.34,0,0.0,0.0,0,0,30.2
2026-05-24,ATM,Kochi,3,1523.58,0,0.0,0.0,0,0,18.87
2026-05-24,ATM,Kolkata,2,1691.0,0,0.0,0.0,0,0,41.25
2026-05-24,ATM,Mumbai,1,781.34,0,0.0,0.0,0,0,36.8
2026-05-24,ATM,Pune,1,241.76,0,0.0,0.0,0,0,4.6
2026-05-24,Branch,Ahmedabad,1,635.46,0,0.0,0.0,0,0,24.3
2026-05-24,Branch,Bengaluru,2,4777.47,0,0.0,0.0,0,0,45.9
2026-05-24,Branch,Chennai,2,2754.51,0,0.0,0.0,0,0,28.25
2026-05-24,Branch,Kolkata,1,2027.97,0,0.0,0.0,0,0,20.9
2026-05-24,Branch,Mumbai,1,1935.32,0,0.0,0.0,0,0,18.9
2026-05-24,Branch,Pune,1,2051.38,0,0.0,0.0,0,0,37.4
2026-05-24,IMPS,Ahmedabad,1,7356.65,0,0.0,0.0,0,0,52.4
2026-05-24,IMPS,Bengaluru,1,8576.23,0,0.0,0.0,0,0,26.6
2026-05-24,IMPS,Chennai,1,528.62,0,0.0,0.0,0,0,7.5
2026-05-24,IMPS,Delhi,1,12341.76,0,0.0,0.0,0,1,75.1
2026-05-24,IMPS,Hyderabad,1,2151.4,0,0.0,0.0,0,0,50.8
2026-05-24,IMPS,Jaipur,1,29000.48,0,0.0,0.0,0,0,50.5
2026-05-24,IMPS,Kochi,2,7265.68,0,0.0,0.0,0,0,28.75
2026-05-24,IMPS,Kolkata,4,16206.43,0,0.0,0.0,0,0,31.65
2026-05-24,IMPS,Mumbai,3,8608.9,0,0.0,0.0,0,1,42.93
2026-05-24,IMPS,Pune,3,16211.22,0,0.0,0.0,0,0,39.57
2026-05-24,Internet Banking,Ahmedabad,2,3520.98,0,0.0,0.0,0,0,31.6
2026-05-24,Internet Banking,Bengaluru,4,10445.21,0,0.0,0.0,0,0,25.03
2026-05-24,Internet Banking,Chennai,2,924.86,0,0.0,0.0,0,0,13.2
2026-05-24,Internet Banking,Delhi,5,16835.86,0,0.0,0.0,0,1,38.8
2026-05-24,Internet Banking,Hyderabad,3,1125.47,0,0.0,0.0,0,0,18.23
2026-05-24,Internet Banking,Jaipur,4,6414.43,0,0.0,0.0,0,0,41.02
2026-05-24,Internet Banking,Kochi,1,649.2,0,0.0,0.0,0,0,13.2
2026-05-24,Internet Banking,Kolkata,2,7062.67,0,0.0,0.0,0,0,32.65
2026-05-24,Internet Banking,Mumbai,4,15571.36,0,0.0,0.0,0,0,28.73
2026-05-24,Internet Banking,Pune,5,11586.14,0,0.0,0.0,0,0,32.18
2026-05-24,Mobile Banking,Ahmedabad,5,3603.08,0,0.0,0.0,0,0,23.38
2026-05-24,Mobile Banking,Bengaluru,2,2563.13,0,0.0,0.0,0,0,40.55
2026-05-24,Mobile Banking,Chennai,4,17957.07,0,0.0,0.0,0,0,33.17
2026-05-24,Mobile Banking,Delhi,11,21517.39,0,0.0,0.0,0,0,22.66
2026-05-24,Mobile Banking,Hyderabad,7,23146.46,0,0.0,0.0,0,0,27.96
2026-05-24,Mobile Banking,Jaipur,2,1048.68,0,0.0,0.0,0,0,22.75
2026-05-24,Mobile Banking,Kochi,3,4564.86,0,0.0,0.0,0,0,45.13
2026-05-24,Mobile Banking,Kolkata,5,10364.71,0,0.0,0.0,0,0,33.3
2026-05-24,Mobile Banking,Mumbai,1,1514.57,0,0.0,0.0,0,0,18.4
2026-05-24,Mobile Banking,Pune,4,6379.79,0,0.0,0.0,0,0,24.43
2026-05-24,NEFT,Ahmedabad,1,507.82,0,0.0,0.0,0,0,36.4
2026-05-24,NEFT,Delhi,2,5359.48,0,0.0,0.0,0,0,32.05
2026-05-24,NEFT,Hyderabad,4,32428.59,0,0.0,0.0,0,0,18.5
2026-05-24,NEFT,Jaipur,2,6485.45,0,0.0,0.0,0,0,34.5
2026-05-24,NEFT,Kochi,2,2296.35,0,0.0,0.0,0,0,13.25
2026-05-24,NEFT,Kolkata,2,4298.52,0,0.0,0.0,0,0,16.35
2026-05-24,NEFT,Mumbai,4,18870.99,0,0.0,0.0,0,0,42.75
2026-05-24,NEFT,Pune,1,3005.09,0,0.0,0.0,0,0,35.7
2026-05-24,POS,Ahmedabad,4,37144.64,0,0.0,0.0,0,0,37.4
2026-05-24,POS,Bengaluru,5,26779.27,0,0.0,0.0,0,0,39.78
2026-05-24,POS,Chennai,2,13976.65,0,0.0,0.0,0,0,52.85
2026-05-24,POS,Delhi,2,12143.27,0,0.0,0.0,0,0,16.55
2026-05-24,POS,Hyderabad,1,406.12,0,0.0,0.0,0,0,33.5
2026-05-24,POS,Jaipur,2,6564.51,0,0.0,0.0,0,0,35.2
2026-05-24,POS,Kochi,6,23946.98,0,0.0,0.0,0,1,31.78
2026-05-24,POS,Kolkata,6,36562.26,0,0.0,0.0,0,1,39.3
2026-05-24,POS,Mumbai,6,11975.49,0,0.0,0.0,0,0,26.55
2026-05-24,POS,Pune,5,13735.52,0,0.0,0.0,0,0,29.36
2026-05-24,RTGS,Ahmedabad,3,3509374.53,0,0.0,0.0,0,0,31.5
2026-05-24,RTGS,Bengaluru,1,969750.34,0,0.0,0.0,0,0,46.8
2026-05-24,RTGS,Delhi,2,1691344.32,0,0.0,0.0,0,0,41.75
2026-05-24,RTGS,Hyderabad,2,1887126.15,0,0.0,0.0,0,0,48.6
2026-05-24,RTGS,Jaipur,3,3973959.84,0,0.0,0.0,0,0,35.43
2026-05-24,RTGS,Kochi,2,1543815.04,0,0.0,0.0,0,0,45.3
2026-05-24,RTGS,Kolkata,1,1445700.49,0,0.0,0.0,0,0,45.7
2026-05-24,RTGS,Mumbai,1,681568.58,0,0.0,0.0,0,0,28.4
2026-05-24,RTGS,Pune,1,393505.29,0,0.0,0.0,0,0,29.9
2026-05-24,UPI,Ahmedabad,8,29939.54,0,0.0,0.0,0,0,33.23
2026-05-24,UPI,Bengaluru,6,21699.86,0,0.0,0.0,0,0,28.63
2026-05-24,UPI,Chennai,5,32757.61,0,0.0,0.0,0,0,30.54
2026-05-24,UPI,Delhi,4,16112.4,0,0.0,0.0,0,0,27.2
2026-05-24,UPI,Hyderabad,6,5126.42,0,0.0,0.0,0,0,29.82
2026-05-24,UPI,Jaipur,8,35048.51,0,0.0,0.0,0,0,28.05
2026-05-24,UPI,Kochi,6,22444.6,0,0.0,0.0,0,0,29.2
2026-05-24,UPI,Kolkata,3,9774.76,0,0.0,0.0,0,0,33.0
2026-05-24,UPI,Mumbai,6,16365.88,0,0.0,0.0,0,0,27.35
2026-05-24,UPI,Pune,3,12786.28,0,0.0,0.0,0,0,29.87
2026-05-25,ATM,Ahmedabad,3,3835.37,0,0.0,0.0,0,0,25.2
2026-05-25,ATM,Bengaluru,1,628.56,0,0.0,0.0,0,0,40.2
2026-05-25,ATM,Chennai,1,241.94,0,0.0,0.0,0,0,29.5
2026-05-25,ATM,Hyderabad,2,883.65,0,0.0,0.0,0,0,21.75
2026-05-25,ATM,Jaipur,1,1110.83,0,0.0,0.0,0,0,9.7
2026-05-25,ATM,Kochi,3,9304.17,0,0.0,0.0,0,0,25.23
2026-05-25,ATM,Kolkata,1,1299.38,0,0.0,0.0,0,0,18.4
2026-05-25,ATM,Mumbai,4,6624.95,0,0.0,0.0,0,0,31.18
2026-05-25,ATM,Pune,2,1708.29,0,0.0,0.0,0,0,24.6
2026-05-25,Branch,Ahmedabad,2,10969.33,0,0.0,0.0,0,0,24.25
2026-05-25,Branch,Bengaluru,2,793.97,0,0.0,0.0,0,0,8.5
2026-05-25,Branch,Delhi,1,160.9,0,0.0,0.0,0,0,10.7
2026-05-25,Branch,Hyderabad,2,4356.04,0,0.0,0.0,0,0,23.6
2026-05-25,Branch,Jaipur,1,975.53,0,0.0,0.0,0,0,25.3
2026-05-25,Branch,Kochi,1,1861.01,0,0.0,0.0,0,0,44.8
2026-05-25,Branch,Kolkata,1,541.88,0,0.0,0.0,0,0,35.9
2026-05-25,Branch,Pune,1,1503.22,0,0.0,0.0,0,0,30.8
2026-05-25,IMPS,Ahmedabad,1,5084.94,0,0.0,0.0,0,0,19.5
2026-05-25,IMPS,Bengaluru,2,3516.01,0,0.0,0.0,0,0,33.45
2026-05-25,IMPS,Chennai,2,1756.26,0,0.0,0.0,0,0,36.6
2026-05-25,IMPS,Delhi,2,23319.32,0,0.0,0.0,0,0,25.0
2026-05-25,IMPS,Jaipur,1,67267.97,1,67267.97,100.0,0,1,76.0
2026-05-25,IMPS,Mumbai,1,7449.18,0,0.0,0.0,0,0,25.2
2026-05-25,IMPS,Pune,3,8115.3,0,0.0,0.0,0,0,31.77
2026-05-25,Internet Banking,Ahmedabad,2,3185.88,0,0.0,0.0,0,0,26.2
2026-05-25,Internet Banking,Bengaluru,1,1181.02,0,0.0,0.0,0,0,30.7
2026-05-25,Internet Banking,Chennai,3,16172.76,0,0.0,0.0,0,0,30.8
2026-05-25,Internet Banking,Delhi,4,9626.53,0,0.0,0.0,0,0,37.47
2026-05-25,Internet Banking,Hyderabad,9,24739.94,0,0.0,0.0,0,0,27.91
2026-05-25,Internet Banking,Jaipur,5,25790.62,1,977.7,20.0,0,1,44.72
2026-05-25,Internet Banking,Kochi,6,11971.42,0,0.0,0.0,0,0,28.52
2026-05-25,Internet Banking,Kolkata,5,6347.09,0,0.0,0.0,0,0,17.48
2026-05-25,Internet Banking,Mumbai,2,1321.18,0,0.0,0.0,0,0,27.95
2026-05-25,Internet Banking,Pune,2,3913.55,0,0.0,0.0,0,0,11.5
2026-05-25,Mobile Banking,Ahmedabad,9,20972.36,0,0.0,0.0,0,0,26.09
2026-05-25,Mobile Banking,Bengaluru,5,43730.05,0,0.0,0.0,0,0,30.64
2026-05-25,Mobile Banking,Chennai,1,3582.78,0,0.0,0.0,0,0,36.7
2026-05-25,Mobile Banking,Delhi,6,14746.39,0,0.0,0.0,0,0,27.12
2026-05-25,Mobile Banking,Hyderabad,8,29375.93,0,0.0,0.0,0,0,23.84
2026-05-25,Mobile Banking,Jaipur,3,2513.81,0,0.0,0.0,0,0,18.27
2026-05-25,Mobile Banking,Kochi,4,20292.09,0,0.0,0.0,0,0,54.5
2026-05-25,Mobile Banking,Kolkata,8,17753.71,0,0.0,0.0,0,0,25.49
2026-05-25,Mobile Banking,Mumbai,4,14624.79,0,0.0,0.0,0,0,40.17
2026-05-25,Mobile Banking,Pune,2,2795.76,1,50.72,50.0,0,0,47.2
2026-05-25,NEFT,Ahmedabad,4,21341.02,0,0.0,0.0,0,0,35.9
2026-05-25,NEFT,Bengaluru,1,6712.61,0,0.0,0.0,0,0,20.3
2026-05-25,NEFT,Delhi,1,996.12,0,0.0,0.0,0,0,6.5
2026-05-25,NEFT,Jaipur,3,1832.19,0,0.0,0.0,0,0,11.87
2026-05-25,NEFT,Kochi,1,3257.08,0,0.0,0.0,0,0,37.6
2026-05-25,NEFT,Kolkata,1,11725.51,0,0.0,0.0,0,0,43.4
2026-05-25,NEFT,Mumbai,3,2344.65,0,0.0,0.0,0,0,13.73
2026-05-25,NEFT,Pune,5,4985.86,0,0.0,0.0,0,0,23.44
2026-05-25,POS,Ahmedabad,4,5031.31,0,0.0,0.0,0,0,27.85
2026-05-25,POS,Bengaluru,4,8334.03,0,0.0,0.0,0,0,27.0
2026-05-25,POS,Chennai,4,16015.28,0,0.0,0.0,0,1,44.25
2026-05-25,POS,Delhi,2,4982.65,0,0.0,0.0,0,0,26.65
2026-05-25,POS,Hyderabad,6,30033.67,1,364.5,16.667,0,0,27.97
2026-05-25,POS,Jaipur,2,492012.23,1,486782.57,50.0,0,0,39.4
2026-05-25,POS,Kochi,3,9452.53,0,0.0,0.0,0,0,30.2
2026-05-25,POS,Kolkata,3,4139.39,0,0.0,0.0,0,0,29.9
2026-05-25,POS,Mumbai,5,12192.72,0,0.0,0.0,0,1,28.72
2026-05-25,POS,Pune,3,5096.71,0,0.0,0.0,0,0,26.13
2026-05-25,RTGS,Ahmedabad,1,226282.2,0,0.0,0.0,0,0,33.4
2026-05-25,RTGS,Bengaluru,1,620321.19,0,0.0,0.0,0,0,52.9
2026-05-25,RTGS,Chennai,3,1985636.86,0,0.0,0.0,0,0,38.7
2026-05-25,RTGS,Delhi,1,571943.42,0,0.0,0.0,0,0,30.3
2026-05-25,RTGS,Hyderabad,4,3373565.78,0,0.0,0.0,0,0,38.8
2026-05-25,RTGS,Jaipur,1,844323.49,0,0.0,0.0,0,0,38.1
2026-05-25,RTGS,Kolkata,1,592730.19,0,0.0,0.0,0,0,45.5
2026-05-25,RTGS,Pune,1,840478.81,0,0.0,0.0,0,0,31.0
2026-05-25,UPI,Ahmedabad,6,12111.93,0,0.0,0.0,0,0,41.08
2026-05-25,UPI,Bengaluru,4,2971.46,0,0.0,0.0,0,0,32.47
2026-05-25,UPI,Chennai,9,15184.89,0,0.0,0.0,0,0,25.93
2026-05-25,UPI,Delhi,4,7865.94,0,0.0,0.0,0,0,16.2
2026-05-25,UPI,Hyderabad,6,12812.58,0,0.0,0.0,0,0,32.12
2026-05-25,UPI,Jaipur,5,11486.45,0,0.0,0.0,0,0,21.78
2026-05-25,UPI,Kochi,4,7131.83,0,0.0,0.0,0,0,24.68
2026-05-25,UPI,Kolkata,6,15457.98,0,0.0,0.0,0,0,24.35
2026-05-25,UPI,Mumbai,4,26674.82,0,0.0,0.0,0,0,27.62
2026-05-25,UPI,Pune,7,11531.29,0,0.0,0.0,0,0,27.16
2026-05-26,ATM,Ahmedabad,2,3790.75,1,1889.43,50.0,0,1,64.15
2026-05-26,ATM,Bengaluru,2,10911.16,0,0.0,0.0,0,0,23.15
2026-05-26,ATM,Chennai,1,2295.02,0,0.0,0.0,0,0,40.0
2026-05-26,ATM,Delhi,2,5375.67,0,0.0,0.0,0,0,37.25
2026-05-26,ATM,Hyderabad,2,4394.21,0,0.0,0.0,0,0,15.9
2026-05-26,ATM,Jaipur,1,30094.05,0,0.0,0.0,0,0,34.4
2026-05-26,ATM,Kochi,3,9690.66,0,0.0,0.0,0,0,22.6
2026-05-26,ATM,Kolkata,1,3305.18,0,0.0,0.0,0,0,48.6
2026-05-26,ATM,Mumbai,1,6813.31,0,0.0,0.0,0,0,32.1
2026-05-26,ATM,Pune,2,965.23,1,67.01,50.0,0,0,34.55
2026-05-26,Branch,Ahmedabad,1,243.81,0,0.0,0.0,0,0,33.1
2026-05-26,Branch,Chennai,1,1041.46,0,0.0,0.0,0,0,31.6
2026-05-26,Branch,Hyderabad,2,2977.88,0,0.0,0.0,0,0,34.3
2026-05-26,Branch,Kolkata,1,189.54,0,0.0,0.0,0,0,12.2
2026-05-26,Branch,Mumbai,1,6329.9,0,0.0,0.0,0,0,51.4
2026-05-26,Branch,Pune,1,2018.67,0,0.0,0.0,0,0,18.0
2026-05-26,IMPS,Ahmedabad,3,4557.43,0,0.0,0.0,0,0,17.23
2026-05-26,IMPS,Bengaluru,5,20936.68,0,0.0,0.0,0,0,31.4
2026-05-26,IMPS,Chennai,3,1920.42,0,0.0,0.0,0,0,18.4
2026-05-26,IMPS,Delhi,4,8868.06,0,0.0,0.0,0,1,34.4
2026-05-26,IMPS,Hyderabad,5,27047.9,0,0.0,0.0,0,0,33.12
2026-05-26,IMPS,Kochi,1,1736.69,0,0.0,0.0,0,0,54.3
2026-05-26,IMPS,Kolkata,3,4005.52,0,0.0,0.0,0,0,32.03
2026-05-26,IMPS,Pune,1,7433.4,0,0.0,0.0,0,0,24.4
2026-05-26,Internet Banking,Ahmedabad,3,5236.79,0,0.0,0.0,0,0,30.2
2026-05-26,Internet Banking,Bengaluru,5,21575.58,0,0.0,0.0,0,0,37.46
2026-05-26,Internet Banking,Chennai,4,28172.16,0,0.0,0.0,0,0,28.47
2026-05-26,Internet Banking,Delhi,1,9719.2,0,0.0,0.0,0,0,33.2
2026-05-26,Internet Banking,Hyderabad,1,4067.03,0,0.0,0.0,0,0,12.4
2026-05-26,Internet Banking,Jaipur,4,4347.09,0,0.0,0.0,0,0,35.5
2026-05-26,Internet Banking,Kochi,3,2983.81,0,0.0,0.0,0,0,22.03
2026-05-26,Internet Banking,Mumbai,4,4050.15,0,0.0,0.0,0,0,33.5
2026-05-26,Internet Banking,Pune,1,1439.53,0,0.0,0.0,0,0,42.3
2026-05-26,Mobile Banking,Ahmedabad,4,5394.68,0,0.0,0.0,0,0,28.73
2026-05-26,Mobile Banking,Bengaluru,5,8655.79,0,0.0,0.0,0,0,28.68
2026-05-26,Mobile Banking,Chennai,3,10568.71,0,0.0,0.0,0,0,19.47
2026-05-26,Mobile Banking,Delhi,3,3977.28,0,0.0,0.0,0,0,25.87
2026-05-26,Mobile Banking,Hyderabad,7,94421.07,0,0.0,0.0,0,0,31.99
2026-05-26,Mobile Banking,Jaipur,8,31794.77,0,0.0,0.0,0,0,32.84
2026-05-26,Mobile Banking,Kochi,4,10319.29,0,0.0,0.0,0,0,19.2
2026-05-26,Mobile Banking,Kolkata,2,12505.74,0,0.0,0.0,0,0,33.1
2026-05-26,Mobile Banking,Mumbai,1,2887.97,0,0.0,0.0,0,0,41.5
2026-05-26,Mobile Banking,Pune,4,98493.73,1,93132.92,25.0,0,0,36.68
2026-05-26,NEFT,Ahmedabad,3,6680.4,0,0.0,0.0,0,0,32.83
2026-05-26,NEFT,Bengaluru,1,1855.02,0,0.0,0.0,0,0,18.7
2026-05-26,NEFT,Chennai,3,5364.8,0,0.0,0.0,0,0,29.4
2026-05-26,NEFT,Delhi,4,9258.2,0,0.0,0.0,0,0,33.52
2026-05-26,NEFT,Hyderabad,3,6430.32,0,0.0,0.0,0,0,29.23
2026-05-26,NEFT,Jaipur,4,5324.8,0,0.0,0.0,0,0,17.05
2026-05-26,NEFT,Kochi,1,3920.33,0,0.0,0.0,0,0,30.0
2026-05-26,NEFT,Kolkata,1,304.08,0,0.0,0.0,0,0,10.2
2026-05-26,NEFT,Mumbai,2,2079.66,0,0.0,0.0,0,0,32.45
2026-05-26,NEFT,Pune,2,3146.26,0,0.0,0.0,0,0,41.6
2026-05-26,POS,Ahmedabad,2,4678.69,0,0.0,0.0,0,0,32.9
2026-05-26,POS,Bengaluru,4,4206.73,0,0.0,0.0,0,0,24.72
2026-05-26,POS,Chennai,6,18538.1,1,1162.95,16.667,1,0,35.25
2026-05-26,POS,Delhi,1,1280.48,0,0.0,0.0,0,0,14.6
2026-05-26,POS,Hyderabad,7,23830.21,0,0.0,0.0,0,0,21.73
2026-05-26,POS,Jaipur,8,26065.96,0,0.0,0.0,0,0,32.29
2026-05-26,POS,Kochi,4,3077.58,0,0.0,0.0,0,0,16.27
2026-05-26,POS,Kolkata,2,4851.42,0,0.0,0.0,0,0,37.25
2026-05-26,POS,Mumbai,4,13108.21,0,0.0,0.0,0,0,34.12
2026-05-26,POS,Pune,7,13948.35,0,0.0,0.0,0,0,28.1
2026-05-26,RTGS,Ahmedabad,2,1993826.93,0,0.0,0.0,0,0,41.95
2026-05-26,RTGS,Bengaluru,1,1488595.85,0,0.0,0.0,0,0,55.8
2026-05-26,RTGS,Delhi,2,2650460.63,0,0.0,0.0,0,0,44.35
2026-05-26,RTGS,Hyderabad,1,1270094.51,0,0.0,0.0,0,0,27.2
2026-05-26,RTGS,Jaipur,1,1016349.61,0,0.0,0.0,0,0,30.4
2026-05-26,RTGS,Kochi,2,1301053.19,0,0.0,0.0,0,0,35.85
2026-05-26,RTGS,Kolkata,1,721481.34,0,0.0,0.0,0,0,31.3
2026-05-26,RTGS,Mumbai,2,1941229.65,0,0.0,0.0,0,1,55.9
2026-05-26,RTGS,Pune,1,899059.13,0,0.0,0.0,0,1,74.2
2026-05-26,UPI,Ahmedabad,5,15122.27,0,0.0,0.0,0,0,19.32
2026-05-26,UPI,Bengaluru,1,3434.78,0,0.0,0.0,0,0,16.4
2026-05-26,UPI,Chennai,11,47996.15,0,0.0,0.0,0,0,30.52
2026-05-26,UPI,Delhi,10,53848.36,0,0.0,0.0,0,0,25.54
2026-05-26,UPI,Hyderabad,8,15867.31,0,0.0,0.0,0,0,33.26
2026-05-26,UPI,Jaipur,7,14276.04,0,0.0,0.0,0,0,27.66
2026-05-26,UPI,Kochi,4,8736.64,0,0.0,0.0,0,0,21.68
2026-05-26,UPI,Kolkata,5,6618.09,0,0.0,0.0,0,0,24.72
2026-05-26,UPI,Mumbai,3,3018.61,0,0.0,0.0,0,0,25.6
2026-05-26,UPI,Pune,8,38070.07,0,0.0,0.0,0,1,37.6
2026-05-27,ATM,Ahmedabad,4,4494.93,0,0.0,0.0,0,0,27.35
2026-05-27,ATM,Bengaluru,3,838.81,0,0.0,0.0,0,0,11.47
2026-05-27,ATM,Chennai,2,3778.14,0,0.0,0.0,0,0,31.15
2026-05-27,ATM,Delhi,2,14361.63,0,0.0,0.0,0,1,46.75
2026-05-27,ATM,Hyderabad,2,5272.5,0,0.0,0.0,0,0,32.25
2026-05-27,ATM,Kochi,5,67315.71,1,59547.66,20.0,0,0,35.38
2026-05-27,ATM,Kolkata,1,429.06,0,0.0,0.0,0,0,18.6
2026-05-27,ATM,Pune,3,4714.73,0,0.0,0.0,0,0,21.7
2026-05-27,Branch,Ahmedabad,1,6390.46,0,0.0,0.0,0,0,54.3
2026-05-27,Branch,Bengaluru,1,2249.15,0,0.0,0.0,0,0,35.1
2026-05-27,Branch,Hyderabad,1,7373.4,0,0.0,0.0,0,0,33.1
2026-05-27,Branch,Jaipur,2,13052.29,0,0.0,0.0,0,0,32.25
2026-05-27,Branch,Kochi,1,942.95,0,0.0,0.0,0,0,23.2
2026-05-27,Branch,Kolkata,2,4068.68,0,0.0,0.0,0,0,19.85
2026-05-27,Branch,Mumbai,1,2942.17,0,0.0,0.0,0,0,30.8
2026-05-27,IMPS,Ahmedabad,4,5204.28,0,0.0,0.0,0,0,16.78
2026-05-27,IMPS,Chennai,1,720.46,0,0.0,0.0,0,0,7.9
2026-05-27,IMPS,Hyderabad,2,3176.89,0,0.0,0.0,0,0,28.55
2026-05-27,IMPS,Jaipur,3,4372.41,0,0.0,0.0,0,0,27.4
2026-05-27,IMPS,Kochi,6,14713.61,0,0.0,0.0,0,0,31.8
2026-05-27,IMPS,Kolkata,1,176.11,0,0.0,0.0,0,0,39.9
2026-05-27,IMPS,Mumbai,1,356.03,0,0.0,0.0,0,0,20.1
2026-05-27,IMPS,Pune,2,2286.62,0,0.0,0.0,0,0,17.8
2026-05-27,Internet Banking,Ahmedabad,1,3466.64,0,0.0,0.0,0,0,17.8
2026-05-27,Internet Banking,Bengaluru,1,887.66,0,0.0,0.0,0,0,45.5
2026-05-27,Internet Banking,Chennai,7,35626.98,0,0.0,0.0,0,0,31.66
2026-05-27,Internet Banking,Delhi,4,6325.57,1,144.92,25.0,0,0,27.57
2026-05-27,Internet Banking,Hyderabad,3,6359.6,0,0.0,0.0,0,0,22.7
2026-05-27,Internet Banking,Jaipur,5,10565.49,0,0.0,0.0,0,0,20.92
2026-05-27,Internet Banking,Kochi,3,2068.1,0,0.0,0.0,0,0,39.2
2026-05-27,Internet Banking,Kolkata,1,989.73,0,0.0,0.0,0,0,22.0
2026-05-27,Internet Banking,Mumbai,5,13855.74,1,1054.6,20.0,0,1,31.12
2026-05-27,Internet Banking,Pune,4,19041.12,0,0.0,0.0,0,0,38.57
2026-05-27,Mobile Banking,Ahmedabad,5,5883.75,0,0.0,0.0,0,0,26.88
2026-05-27,Mobile Banking,Bengaluru,3,44864.32,0,0.0,0.0,0,0,32.37
2026-05-27,Mobile Banking,Chennai,3,12994.87,0,0.0,0.0,0,0,26.23
2026-05-27,Mobile Banking,Delhi,7,7389.57,0,0.0,0.0,0,0,22.79
2026-05-27,Mobile Banking,Hyderabad,6,5825.26,0,0.0,0.0,0,0,31.9
2026-05-27,Mobile Banking,Jaipur,2,271504.72,1,270934.94,50.0,0,1,52.45
2026-05-27,Mobile Banking,Kochi,8,221641.81,1,195644.2,12.5,1,0,30.9
2026-05-27,Mobile Banking,Kolkata,6,14788.56,0,0.0,0.0,0,0,30.62
2026-05-27,Mobile Banking,Mumbai,7,13667.29,0,0.0,0.0,0,0,35.37
2026-05-27,NEFT,Ahmedabad,3,4900.6,0,0.0,0.0,0,1,39.13
2026-05-27,NEFT,Bengaluru,2,5120.73,0,0.0,0.0,0,0,15.55
2026-05-27,NEFT,Chennai,3,12945.8,0,0.0,0.0,0,0,28.0
2026-05-27,NEFT,Delhi,2,4497.84,0,0.0,0.0,0,0,32.8
2026-05-27,NEFT,Hyderabad,3,11448.71,0,0.0,0.0,0,0,31.9
2026-05-27,NEFT,Jaipur,3,6038.02,0,0.0,0.0,0,0,33.7
2026-05-27,NEFT,Kochi,4,11417.65,0,0.0,0.0,0,0,36.78
2026-05-27,NEFT,Kolkata,4,10414.38,0,0.0,0.0,0,0,29.32
2026-05-27,NEFT,Mumbai,3,7288.62,0,0.0,0.0,0,0,24.1
2026-05-27,NEFT,Pune,2,8548.21,0,0.0,0.0,0,0,26.95
2026-05-27,POS,Ahmedabad,5,5925.7,0,0.0,0.0,0,0,36.32
2026-05-27,POS,Bengaluru,7,21380.39,0,0.0,0.0,0,1,36.3
2026-05-27,POS,Chennai,5,5486.56,0,0.0,0.0,0,0,13.94
2026-05-27,POS,Delhi,6,15253.43,0,0.0,0.0,0,0,30.95
2026-05-27,POS,Hyderabad,5,14175.65,0,0.0,0.0,0,0,23.46
2026-05-27,POS,Jaipur,2,12365.64,0,0.0,0.0,0,0,30.2
2026-05-27,POS,Kochi,2,5582.47,0,0.0,0.0,0,0,14.5
2026-05-27,POS,Kolkata,5,5384.05,1,2407.62,20.0,0,0,34.28
2026-05-27,POS,Mumbai,2,5332.84,0,0.0,0.0,0,0,34.15
2026-05-27,POS,Pune,6,50420.81,1,45588.67,16.667,0,0,29.95
2026-05-27,RTGS,Ahmedabad,3,1718285.77,0,0.0,0.0,0,0,34.8
2026-05-27,RTGS,Bengaluru,1,309895.63,0,0.0,0.0,0,0,61.4
2026-05-27,RTGS,Chennai,3,2528862.05,1,306382.99,33.333,0,0,53.43
2026-05-27,RTGS,Delhi,1,481280.17,0,0.0,0.0,0,0,24.1
2026-05-27,RTGS,Hyderabad,2,2262479.7,0,0.0,0.0,0,0,47.95
2026-05-27,RTGS,Jaipur,1,145898.05,1,145898.05,100.0,0,0,54.0
2026-05-27,RTGS,Kochi,3,2495393.35,0,0.0,0.0,0,0,49.93
2026-05-27,RTGS,Mumbai,2,1993265.75,0,0.0,0.0,0,0,31.6
2026-05-27,RTGS,Pune,2,1369629.57,0,0.0,0.0,0,0,43.1
2026-05-27,UPI,Ahmedabad,6,22419.11,0,0.0,0.0,0,0,25.22
2026-05-27,UPI,Bengaluru,5,21508.64,0,0.0,0.0,0,0,27.02
2026-05-27,UPI,Chennai,5,10726.05,0,0.0,0.0,0,0,26.36
2026-05-27,UPI,Delhi,6,21788.04,0,0.0,0.0,0,0,28.25
2026-05-27,UPI,Hyderabad,9,22081.97,0,0.0,0.0,0,0,30.18
2026-05-27,UPI,Jaipur,6,43939.61,0,0.0,0.0,0,0,27.93
2026-05-27,UPI,Kochi,5,12958.82,0,0.0,0.0,0,0,27.18
2026-05-27,UPI,Kolkata,4,7600.57,0,0.0,0.0,0,0,25.6
2026-05-27,UPI,Mumbai,7,10147.26,0,0.0,0.0,0,1,34.11
2026-05-27,UPI,Pune,8,20896.12,0,0.0,0.0,0,0,24.31
2026-05-28,ATM,Ahmedabad,2,2237.81,0,0.0,0.0,0,0,29.35
2026-05-28,ATM,Bengaluru,1,1253.14,0,0.0,0.0,0,0,40.1
2026-05-28,ATM,Chennai,3,9767.44,0,0.0,0.0,0,0,32.37
2026-05-28,ATM,Delhi,4,10744.17,1,1563.14,25.0,0,0,28.95
2026-05-28,ATM,Hyderabad,5,6641.77,0,0.0,0.0,0,0,24.12
2026-05-28,ATM,Jaipur,3,11666.03,0,0.0,0.0,0,0,19.87
2026-05-28,ATM,Kochi,3,10849.79,0,0.0,0.0,0,0,31.9
2026-05-28,ATM,Kolkata,4,11473.26,0,0.0,0.0,0,0,25.75
2026-05-28,ATM,Mumbai,4,7291.26,0,0.0,0.0,0,0,29.2
2026-05-28,ATM,Pune,4,6489.05,0,0.0,0.0,0,0,21.38
2026-05-28,Branch,Ahmedabad,1,6227.41,0,0.0,0.0,0,0,18.7
2026-05-28,Branch,Bengaluru,2,3078.59,0,0.0,0.0,0,0,34.55
2026-05-28,Branch,Hyderabad,1,252.59,0,0.0,0.0,0,0,27.5
2026-05-28,Branch,Mumbai,3,24063.57,0,0.0,0.0,0,0,28.97
2026-05-28,IMPS,Ahmedabad,2,27082.22,0,0.0,0.0,0,0,31.35
2026-05-28,IMPS,Bengaluru,2,3310.53,0,0.0,0.0,0,1,65.0
2026-05-28,IMPS,Chennai,3,6183.72,0,0.0,0.0,0,0,21.9
2026-05-28,IMPS,Delhi,3,6882.26,0,0.0,0.0,0,0,22.1
2026-05-28,IMPS,Hyderabad,5,15294.31,0,0.0,0.0,0,0,34.02
2026-05-28,IMPS,Jaipur,1,3944.69,0,0.0,0.0,0,0,44.0
2026-05-28,IMPS,Kochi,2,1811.67,0,0.0,0.0,0,0,25.1
2026-05-28,IMPS,Kolkata,3,2711.89,0,0.0,0.0,0,0,31.9
2026-05-28,IMPS,Mumbai,1,674.48,0,0.0,0.0,0,0,35.0
2026-05-28,IMPS,Pune,3,113265.19,1,110981.14,33.333,0,0,28.73
2026-05-28,Internet Banking,Ahmedabad,2,4110.12,0,0.0,0.0,0,0,10.15
2026-05-28,Internet Banking,Bengaluru,4,6810.19,0,0.0,0.0,0,0,19.85
2026-05-28,Internet Banking,Chennai,3,1802.36,0,0.0,0.0,0,0,14.7
2026-05-28,Internet Banking,Delhi,3,3758.14,0,0.0,0.0,0,0,35.47
2026-05-28,Internet Banking,Hyderabad,8,9512.92,0,0.0,0.0,0,0,25.63
2026-05-28,Internet Banking,Jaipur,1,1070.58,0,0.0,0.0,0,0,9.4
2026-05-28,Internet Banking,Kochi,10,33695.76,0,0.0,0.0,0,1,32.43
2026-05-28,Internet Banking,Kolkata,3,2092.47,0,0.0,0.0,0,0,47.53
2026-05-28,Internet Banking,Mumbai,1,329.34,0,0.0,0.0,0,0,19.6
2026-05-28,Internet Banking,Pune,4,9324.7,0,0.0,0.0,0,0,36.35
2026-05-28,Mobile Banking,Ahmedabad,3,3200.89,0,0.0,0.0,0,0,18.47
2026-05-28,Mobile Banking,Bengaluru,5,15912.77,0,0.0,0.0,0,0,24.98
2026-05-28,Mobile Banking,Chennai,6,21371.68,0,0.0,0.0,0,0,31.08
2026-05-28,Mobile Banking,Delhi,11,26643.12,0,0.0,0.0,0,0,31.07
2026-05-28,Mobile Banking,Hyderabad,3,8757.35,0,0.0,0.0,0,1,40.77
2026-05-28,Mobile Banking,Jaipur,1,857.16,0,0.0,0.0,0,0,15.3
2026-05-28,Mobile Banking,Kochi,7,17955.94,0,0.0,0.0,0,0,23.7
2026-05-28,Mobile Banking,Kolkata,2,3562.39,0,0.0,0.0,0,0,26.7
2026-05-28,Mobile Banking,Mumbai,2,1202.14,0,0.0,0.0,0,0,26.65
2026-05-28,Mobile Banking,Pune,3,4551.48,0,0.0,0.0,0,0,22.73
2026-05-28,NEFT,Ahmedabad,2,811.45,0,0.0,0.0,0,0,13.75
2026-05-28,NEFT,Bengaluru,2,11478.33,0,0.0,0.0,0,0,34.65
2026-05-28,NEFT,Chennai,5,4609.08,1,94.38,20.0,0,1,39.26
2026-05-28,NEFT,Delhi,1,4369.01,0,0.0,0.0,0,0,15.0
2026-05-28,NEFT,Hyderabad,2,7155.84,0,0.0,0.0,0,0,27.45
2026-05-28,NEFT,Jaipur,1,1976.19,0,0.0,0.0,0,0,43.1
2026-05-28,NEFT,Kochi,2,8087.98,0,0.0,0.0,0,0,19.15
2026-05-28,NEFT,Mumbai,7,21437.9,0,0.0,0.0,0,0,30.97
2026-05-28,NEFT,Pune,1,757.0,0,0.0,0.0,0,0,14.9
2026-05-28,POS,Ahmedabad,4,4111.1,0,0.0,0.0,0,0,35.2
2026-05-28,POS,Bengaluru,5,22699.03,0,0.0,0.0,0,0,36.92
2026-05-28,POS,Chennai,7,17699.73,0,0.0,0.0,0,1,35.0
2026-05-28,POS,Delhi,4,21696.28,0,0.0,0.0,0,0,25.05
2026-05-28,POS,Hyderabad,8,26274.72,0,0.0,0.0,0,0,40.44
2026-05-28,POS,Jaipur,3,23724.62,0,0.0,0.0,0,0,32.2
2026-05-28,POS,Kochi,6,19662.68,0,0.0,0.0,0,1,36.8
2026-05-28,POS,Kolkata,2,2583.73,0,0.0,0.0,0,0,22.55
2026-05-28,POS,Mumbai,4,9125.93,0,0.0,0.0,0,0,19.38
2026-05-28,POS,Pune,2,4507.93,0,0.0,0.0,0,0,22.7
2026-05-28,RTGS,Ahmedabad,1,556491.03,0,0.0,0.0,0,0,27.3
2026-05-28,RTGS,Bengaluru,2,1515019.98,0,0.0,0.0,0,0,25.25
2026-05-28,RTGS,Chennai,4,1932694.49,0,0.0,0.0,0,0,35.4
2026-05-28,RTGS,Delhi,1,711194.69,0,0.0,0.0,0,0,29.8
2026-05-28,RTGS,Hyderabad,1,718715.04,0,0.0,0.0,0,0,51.8
2026-05-28,RTGS,Jaipur,2,1425554.12,0,0.0,0.0,0,0,33.4
2026-05-28,RTGS,Kochi,4,3136285.57,0,0.0,0.0,0,0,37.2
2026-05-28,RTGS,Kolkata,3,2479575.76,0,0.0,0.0,0,0,40.43
2026-05-28,RTGS,Mumbai,2,1081981.6,0,0.0,0.0,0,0,40.85
2026-05-28,RTGS,Pune,2,1989157.17,0,0.0,0.0,0,0,52.1
2026-05-28,UPI,Ahmedabad,9,21523.91,0,0.0,0.0,0,0,26.21
2026-05-28,UPI,Bengaluru,6,14088.63,0,0.0,0.0,0,0,35.95
2026-05-28,UPI,Chennai,8,572977.34,2,544778.79,25.0,0,1,39.27
2026-05-28,UPI,Hyderabad,2,4433.19,0,0.0,0.0,0,0,24.8
2026-05-28,UPI,Jaipur,5,6774.66,0,0.0,0.0,0,0,31.64
2026-05-28,UPI,Kochi,6,16035.8,0,0.0,0.0,0,0,29.22
2026-05-28,UPI,Kolkata,7,11198.85,0,0.0,0.0,0,0,24.13
2026-05-28,UPI,Mumbai,8,21861.32,0,0.0,0.0,0,0,30.68
2026-05-28,UPI,Pune,7,10265.11,0,0.0,0.0,0,0,22.17
2026-05-29,ATM,Ahmedabad,5,9386.5,0,0.0,0.0,0,0,21.72
2026-05-29,ATM,Bengaluru,2,3859.93,0,0.0,0.0,0,0,42.85
2026-05-29,ATM,Chennai,1,82.19,1,82.19,100.0,0,0,49.4
2026-05-29,ATM,Hyderabad,8,22729.07,1,2614.09,12.5,0,1,41.97
2026-05-29,ATM,Jaipur,3,14549.83,0,0.0,0.0,0,0,26.5
2026-05-29,ATM,Kochi,5,4689.0,1,1257.53,20.0,0,1,39.12
2026-05-29,ATM,Kolkata,2,10721.64,0,0.0,0.0,0,0,39.35
2026-05-29,ATM,Mumbai,2,4637.94,0,0.0,0.0,0,0,38.5
2026-05-29,Branch,Bengaluru,1,864.3,0,0.0,0.0,0,0,43.6
2026-05-29,Branch,Chennai,3,13197.66,0,0.0,0.0,0,0,23.03
2026-05-29,Branch,Hyderabad,2,8776.54,0,0.0,0.0,0,0,34.7
2026-05-29,Branch,Jaipur,1,557.31,0,0.0,0.0,0,0,12.6
2026-05-29,Branch,Kochi,1,347.21,0,0.0,0.0,0,0,9.3
2026-05-29,Branch,Pune,1,1618.72,0,0.0,0.0,0,0,18.2
2026-05-29,IMPS,Ahmedabad,1,426511.29,1,426511.29,100.0,1,0,99.0
2026-05-29,IMPS,Bengaluru,4,14801.47,0,0.0,0.0,0,0,36.27
2026-05-29,IMPS,Chennai,4,3251.25,0,0.0,0.0,0,0,25.62
2026-05-29,IMPS,Delhi,2,14934.68,0,0.0,0.0,0,0,41.1
2026-05-29,IMPS,Hyderabad,3,10225.31,0,0.0,0.0,0,0,26.23
2026-05-29,IMPS,Jaipur,4,9375.27,0,0.0,0.0,0,0,17.02
2026-05-29,IMPS,Kochi,1,485.32,0,0.0,0.0,0,0,36.8
2026-05-29,IMPS,Kolkata,2,2992.69,0,0.0,0.0,0,0,32.25
2026-05-29,IMPS,Mumbai,2,419099.26,1,373313.46,50.0,0,1,51.4
2026-05-29,IMPS,Pune,3,3076.86,0,0.0,0.0,0,0,21.67
2026-05-29,Internet Banking,Ahmedabad,5,14046.91,1,3160.49,20.0,1,0,43.78
2026-05-29,Internet Banking,Bengaluru,2,5628.36,0,0.0,0.0,0,0,26.55
2026-05-29,Internet Banking,Chennai,2,10354.44,0,0.0,0.0,0,0,30.55
2026-05-29,Internet Banking,Hyderabad,4,11309.32,0,0.0,0.0,0,0,34.8
2026-05-29,Internet Banking,Jaipur,2,5748.22,0,0.0,0.0,0,0,21.8
2026-05-29,Internet Banking,Kochi,2,27593.68,1,25608.3,50.0,0,1,50.7
2026-05-29,Internet Banking,Kolkata,5,7358.13,0,0.0,0.0,0,0,23.04
2026-05-29,Internet Banking,Mumbai,2,1828.79,0,0.0,0.0,0,0,11.95
2026-05-29,Internet Banking,Pune,2,2615.47,0,0.0,0.0,0,0,34.1
2026-05-29,Mobile Banking,Ahmedabad,5,8704.93,0,0.0,0.0,0,0,27.98
2026-05-29,Mobile Banking,Bengaluru,7,10798.62,1,1738.5,14.286,0,0,24.93
2026-05-29,Mobile Banking,Chennai,6,25036.82,0,0.0,0.0,0,1,41.83
2026-05-29,Mobile Banking,Delhi,3,2190.65,0,0.0,0.0,0,0,30.77
2026-05-29,Mobile Banking,Hyderabad,5,12761.66,0,0.0,0.0,0,0,25.68
2026-05-29,Mobile Banking,Jaipur,5,11872.42,0,0.0,0.0,0,0,34.28
2026-05-29,Mobile Banking,Kochi,6,328533.56,1,320083.9,16.667,1,0,43.83
2026-05-29,Mobile Banking,Kolkata,3,28866.65,0,0.0,0.0,0,0,34.17
2026-05-29,Mobile Banking,Mumbai,5,15969.23,0,0.0,0.0,0,0,26.38
2026-05-29,Mobile Banking,Pune,6,22788.38,1,3816.31,16.667,0,0,25.93
2026-05-29,NEFT,Ahmedabad,7,14597.27,0,0.0,0.0,0,0,21.49
2026-05-29,NEFT,Bengaluru,4,186321.51,1,180511.99,25.0,0,0,34.33
2026-05-29,NEFT,Chennai,2,5954.98,0,0.0,0.0,0,0,27.1
2026-05-29,NEFT,Delhi,1,1873.43,0,0.0,0.0,0,0,19.1
2026-05-29,NEFT,Jaipur,1,2902.05,0,0.0,0.0,0,0,15.2
2026-05-29,NEFT,Kolkata,4,13391.7,0,0.0,0.0,0,1,36.55
2026-05-29,NEFT,Mumbai,4,21216.39,0,0.0,0.0,0,0,26.4
2026-05-29,NEFT,Pune,2,223837.66,1,220969.72,50.0,1,0,62.35
2026-05-29,POS,Ahmedabad,1,2694.46,0,0.0,0.0,0,0,32.0
2026-05-29,POS,Bengaluru,5,6160.59,0,0.0,0.0,0,0,23.2
2026-05-29,POS,Chennai,7,16059.72,0,0.0,0.0,0,0,30.23
2026-05-29,POS,Delhi,1,2764.95,0,0.0,0.0,0,0,41.5
2026-05-29,POS,Hyderabad,2,3036.47,0,0.0,0.0,0,0,19.3
2026-05-29,POS,Jaipur,3,3731.41,0,0.0,0.0,0,0,31.9
2026-05-29,POS,Kochi,4,11503.25,0,0.0,0.0,0,0,27.45
2026-05-29,POS,Kolkata,4,15016.69,0,0.0,0.0,0,0,28.67
2026-05-29,POS,Mumbai,3,3007.52,0,0.0,0.0,0,0,26.73
2026-05-29,POS,Pune,5,24706.6,0,0.0,0.0,0,0,32.38
2026-05-29,RTGS,Ahmedabad,2,1940584.9,0,0.0,0.0,0,1,52.6
2026-05-29,RTGS,Chennai,1,946626.23,0,0.0,0.0,0,0,26.9
2026-05-29,RTGS,Delhi,2,1639559.11,0,0.0,0.0,0,1,55.55
2026-05-29,RTGS,Hyderabad,3,2595055.79,0,0.0,0.0,0,0,36.63
2026-05-29,RTGS,Jaipur,1,749367.37,0,0.0,0.0,0,0,36.2
2026-05-29,RTGS,Kochi,3,3466310.98,0,0.0,0.0,0,0,43.6
2026-05-29,RTGS,Kolkata,1,662845.04,0,0.0,0.0,0,0,30.1
2026-05-29,RTGS,Mumbai,1,601820.28,0,0.0,0.0,0,0,47.3
2026-05-29,RTGS,Pune,1,325460.46,0,0.0,0.0,0,0,48.9
2026-05-29,UPI,Ahmedabad,8,29433.83,0,0.0,0.0,0,0,31.95
2026-05-29,UPI,Bengaluru,6,531430.34,1,523661.84,16.667,0,0,30.08
2026-05-29,UPI,Chennai,7,12384.53,0,0.0,0.0,0,0,27.07
2026-05-29,UPI,Delhi,9,18053.31,0,0.0,0.0,0,1,34.23
2026-05-29,UPI,Hyderabad,6,28479.17,0,0.0,0.0,0,0,28.62
2026-05-29,UPI,Jaipur,5,11154.04,0,0.0,0.0,0,0,21.48
2026-05-29,UPI,Kochi,10,16253.24,0,0.0,0.0,0,0,34.28
2026-05-29,UPI,Kolkata,5,8822.16,0,0.0,0.0,0,0,27.92
2026-05-29,UPI,Mumbai,9,21965.14,0,0.0,0.0,0,1,33.88
2026-05-29,UPI,Pune,6,17970.66,0,0.0,0.0,0,0,31.05
2026-05-30,ATM,Ahmedabad,5,11155.27,0,0.0,0.0,0,0,26.82
2026-05-30,ATM,Bengaluru,4,7637.41,0,0.0,0.0,0,0,30.65
2026-05-30,ATM,Chennai,3,2638.69,0,0.0,0.0,0,0,19.2
2026-05-30,ATM,Delhi,2,5551.77,0,0.0,0.0,0,0,14.25
2026-05-30,ATM,Hyderabad,1,2651.52,0,0.0,0.0,0,0,36.6
2026-05-30,ATM,Jaipur,4,8195.0,0,0.0,0.0,0,0,23.6
2026-05-30,ATM,Kochi,2,2671.01,0,0.0,0.0,0,0,12.0
2026-05-30,ATM,Kolkata,1,1284.05,0,0.0,0.0,0,0,45.2
2026-05-30,ATM,Mumbai,2,1854.13,0,0.0,0.0,0,0,15.25
2026-05-30,ATM,Pune,4,11509.89,0,0.0,0.0,0,0,30.55
2026-05-30,Branch,Ahmedabad,2,2605.62,0,0.0,0.0,0,0,25.1
2026-05-30,Branch,Bengaluru,1,640.49,0,0.0,0.0,0,0,11.0
2026-05-30,Branch,Hyderabad,1,2791.07,0,0.0,0.0,0,0,57.0
2026-05-30,Branch,Kolkata,2,5120.35,0,0.0,0.0,0,0,17.85
2026-05-30,Branch,Mumbai,1,26173.26,0,0.0,0.0,0,0,50.7
2026-05-30,IMPS,Bengaluru,3,18937.5,0,0.0,0.0,0,0,38.5
2026-05-30,IMPS,Chennai,4,44777.55,0,0.0,0.0,0,0,37.65
2026-05-30,IMPS,Delhi,2,7968.48,0,0.0,0.0,0,0,23.65
2026-05-30,IMPS,Hyderabad,1,819.8,0,0.0,0.0,0,0,19.2
2026-05-30,IMPS,Jaipur,2,1113.77,0,0.0,0.0,0,0,17.9
2026-05-30,IMPS,Kochi,2,8857.67,0,0.0,0.0,0,0,26.8
2026-05-30,IMPS,Kolkata,5,8174.28,0,0.0,0.0,0,0,33.48
2026-05-30,IMPS,Mumbai,4,3092.22,0,0.0,0.0,0,0,21.4
2026-05-30,IMPS,Pune,4,12507.3,0,0.0,0.0,0,0,43.73
2026-05-30,Internet Banking,Ahmedabad,4,16139.89,0,0.0,0.0,0,0,45.73
2026-05-30,Internet Banking,Bengaluru,6,15236.38,0,0.0,0.0,0,0,28.1
2026-05-30,Internet Banking,Delhi,2,2020.08,0,0.0,0.0,0,0,25.3
2026-05-30,Internet Banking,Hyderabad,3,6580.34,0,0.0,0.0,0,0,41.77
2026-05-30,Internet Banking,Jaipur,5,16071.41,0,0.0,0.0,0,0,30.1
2026-05-30,Internet Banking,Kochi,1,138.4,0,0.0,0.0,0,0,13.0
2026-05-30,Internet Banking,Kolkata,1,262.96,0,0.0,0.0,0,0,30.8
2026-05-30,Internet Banking,Mumbai,5,6646.75,0,0.0,0.0,0,0,28.7
2026-05-30,Internet Banking,Pune,4,10033.2,0,0.0,0.0,0,0,33.23
2026-05-30,Mobile Banking,Ahmedabad,5,15784.14,0,0.0,0.0,0,0,34.94
2026-05-30,Mobile Banking,Bengaluru,7,11756.57,0,0.0,0.0,0,0,29.7
2026-05-30,Mobile Banking,Chennai,3,4924.55,0,0.0,0.0,0,0,27.27
2026-05-30,Mobile Banking,Delhi,8,12489.42,0,0.0,0.0,0,0,26.44
2026-05-30,Mobile Banking,Hyderabad,5,13118.42,0,0.0,0.0,0,0,27.42
2026-05-30,Mobile Banking,Jaipur,1,371.65,0,0.0,0.0,0,0,34.5
2026-05-30,Mobile Banking,Kochi,5,5116.46,0,0.0,0.0,0,0,22.62
2026-05-30,Mobile Banking,Kolkata,5,5732.99,0,0.0,0.0,0,0,27.46
2026-05-30,Mobile Banking,Mumbai,6,24438.19,0,0.0,0.0,0,0,30.25
2026-05-30,Mobile Banking,Pune,3,7892.82,0,0.0,0.0,0,0,20.07
2026-05-30,NEFT,Ahmedabad,1,528.95,0,0.0,0.0,0,0,5.3
2026-05-30,NEFT,Bengaluru,4,24379.07,0,0.0,0.0,0,0,28.38
2026-05-30,NEFT,Chennai,3,6233.63,0,0.0,0.0,0,0,41.37
2026-05-30,NEFT,Hyderabad,2,7238.91,1,6024.51,50.0,0,1,44.3
2026-05-30,NEFT,Kochi,4,34574.62,0,0.0,0.0,0,0,38.27
2026-05-30,NEFT,Kolkata,2,3255.17,0,0.0,0.0,0,0,29.2
2026-05-30,NEFT,Mumbai,4,10482.51,0,0.0,0.0,0,1,30.85
2026-05-30,NEFT,Pune,1,436.4,0,0.0,0.0,0,0,15.0
2026-05-30,POS,Ahmedabad,3,8733.12,0,0.0,0.0,0,0,27.13
2026-05-30,POS,Bengaluru,3,210659.69,1,207014.35,33.333,0,0,26.77
2026-05-30,POS,Chennai,3,2690.71,0,0.0,0.0,0,0,18.37
2026-05-30,POS,Delhi,5,28631.61,0,0.0,0.0,0,1,37.78
2026-05-30,POS,Hyderabad,6,17002.23,1,419.85,16.667,0,0,31.73
2026-05-30,POS,Jaipur,4,12400.28,0,0.0,0.0,0,1,29.4
2026-05-30,POS,Kochi,4,7562.5,0,0.0,0.0,0,1,26.27
2026-05-30,POS,Kolkata,2,3796.48,0,0.0,0.0,0,0,33.9
2026-05-30,POS,Mumbai,8,22418.04,0,0.0,0.0,0,0,35.88
2026-05-30,POS,Pune,2,1762.78,0,0.0,0.0,0,0,13.0
2026-05-30,RTGS,Ahmedabad,3,3874596.36,0,0.0,0.0,0,0,48.63
2026-05-30,RTGS,Chennai,1,364367.97,0,0.0,0.0,0,0,32.6
2026-05-30,RTGS,Delhi,1,599883.06,0,0.0,0.0,0,0,35.8
2026-05-30,RTGS,Jaipur,2,1678423.59,0,0.0,0.0,0,0,51.15
2026-05-30,RTGS,Kochi,2,1661747.68,0,0.0,0.0,0,0,42.55
2026-05-30,RTGS,Kolkata,2,2414083.75,0,0.0,0.0,0,0,38.4
2026-05-30,RTGS,Pune,2,1678039.23,0,0.0,0.0,0,1,62.8
2026-05-30,UPI,Ahmedabad,10,30893.75,0,0.0,0.0,0,0,24.21
2026-05-30,UPI,Bengaluru,5,9490.21,0,0.0,0.0,0,0,28.64
2026-05-30,UPI,Chennai,4,10157.79,0,0.0,0.0,0,0,22.25
2026-05-30,UPI,Delhi,7,24685.9,0,0.0,0.0,0,0,24.24
2026-05-30,UPI,Hyderabad,5,10418.89,0,0.0,0.0,0,0,29.52
2026-05-30,UPI,Jaipur,6,29034.9,0,0.0,0.0,0,1,38.4
2026-05-30,UPI,Kochi,8,14542.78,0,0.0,0.0,0,0,28.81
2026-05-30,UPI,Kolkata,5,12339.36,0,0.0,0.0,0,0,38.1
2026-05-30,UPI,Mumbai,9,18221.72,0,0.0,0.0,0,0,27.61
2026-05-30,UPI,Pune,4,9245.89,0,0.0,0.0,0,0,33.65
2026-05-31,ATM,Ahmedabad,2,1786.96,0,0.0,0.0,0,0,20.75
2026-05-31,ATM,Bengaluru,3,11769.07,0,0.0,0.0,0,0,21.63
2026-05-31,ATM,Chennai,5,21181.77,0,0.0,0.0,0,0,29.72
2026-05-31,ATM,Delhi,2,6220.73,0,0.0,0.0,0,0,32.55
2026-05-31,ATM,Hyderabad,2,4042.28,0,0.0,0.0,0,0,46.25
2026-05-31,ATM,Jaipur,2,5944.7,0,0.0,0.0,0,0,21.5
2026-05-31,ATM,Kochi,3,3299.46,0,0.0,0.0,0,0,36.57
2026-05-31,ATM,Kolkata,3,3108.4,0,0.0,0.0,0,0,18.2
2026-05-31,ATM,Pune,4,6204.47,0,0.0,0.0,0,0,31.4
2026-05-31,Branch,Bengaluru,1,370.3,0,0.0,0.0,0,0,39.4
2026-05-31,Branch,Hyderabad,2,806.29,0,0.0,0.0,0,0,32.1
2026-05-31,Branch,Jaipur,1,3154.22,0,0.0,0.0,0,0,25.4
2026-05-31,Branch,Kochi,4,5634.67,0,0.0,0.0,0,0,24.2
2026-05-31,Branch,Kolkata,2,4360.78,0,0.0,0.0,0,0,42.1
2026-05-31,Branch,Pune,1,8230.58,0,0.0,0.0,0,0,25.3
2026-05-31,IMPS,Ahmedabad,1,4107.45,0,0.0,0.0,0,0,54.6
2026-05-31,IMPS,Bengaluru,2,10363.26,0,0.0,0.0,0,0,17.55
2026-05-31,IMPS,Chennai,5,241122.04,1,224130.63,20.0,0,0,43.86
2026-05-31,IMPS,Delhi,1,1180.32,0,0.0,0.0,0,1,70.5
2026-05-31,IMPS,Hyderabad,2,1291.67,0,0.0,0.0,0,0,26.15
2026-05-31,IMPS,Kochi,3,25721.66,0,0.0,0.0,0,1,36.67
2026-05-31,IMPS,Kolkata,1,14093.3,0,0.0,0.0,0,0,25.3
2026-05-31,IMPS,Mumbai,1,14314.71,0,0.0,0.0,0,0,52.7
2026-05-31,IMPS,Pune,1,1291.79,0,0.0,0.0,0,0,29.1
2026-05-31,Internet Banking,Ahmedabad,1,1668.99,0,0.0,0.0,0,0,31.6
2026-05-31,Internet Banking,Bengaluru,2,2912.4,0,0.0,0.0,0,0,26.1
2026-05-31,Internet Banking,Chennai,5,8491.66,0,0.0,0.0,0,0,25.88
2026-05-31,Internet Banking,Delhi,4,8243.94,0,0.0,0.0,0,0,30.33
2026-05-31,Internet Banking,Hyderabad,3,7623.93,0,0.0,0.0,0,0,17.6
2026-05-31,Internet Banking,Jaipur,4,9138.76,0,0.0,0.0,0,0,22.93
2026-05-31,Internet Banking,Kochi,2,3670.91,0,0.0,0.0,0,0,35.25
2026-05-31,Internet Banking,Kolkata,3,6484.63,0,0.0,0.0,0,0,27.5
2026-05-31,Internet Banking,Mumbai,4,14094.29,1,1607.76,25.0,0,1,52.35
2026-05-31,Internet Banking,Pune,5,9927.84,1,117.84,20.0,0,1,47.28
2026-05-31,Mobile Banking,Ahmedabad,2,60539.69,0,0.0,0.0,0,0,35.25
2026-05-31,Mobile Banking,Bengaluru,5,34116.12,0,0.0,0.0,0,0,34.0
2026-05-31,Mobile Banking,Chennai,6,11547.34,0,0.0,0.0,0,1,30.35
2026-05-31,Mobile Banking,Delhi,6,34489.22,0,0.0,0.0,0,0,23.87
2026-05-31,Mobile Banking,Hyderabad,8,152269.66,1,140025.77,12.5,0,0,35.4
2026-05-31,Mobile Banking,Jaipur,3,5721.99,0,0.0,0.0,0,0,17.2
2026-05-31,Mobile Banking,Kochi,4,5510.19,0,0.0,0.0,0,0,23.95
2026-05-31,Mobile Banking,Kolkata,6,10714.41,0,0.0,0.0,0,0,25.87
2026-05-31,Mobile Banking,Mumbai,3,6076.71,1,2313.44,33.333,0,1,35.13
2026-05-31,Mobile Banking,Pune,3,10677.71,0,0.0,0.0,0,0,29.83
2026-05-31,NEFT,Ahmedabad,4,10828.8,0,0.0,0.0,0,0,36.85
2026-05-31,NEFT,Bengaluru,4,3994.14,0,0.0,0.0,0,0,22.05
2026-05-31,NEFT,Chennai,3,8637.08,0,0.0,0.0,0,0,33.17
2026-05-31,NEFT,Delhi,2,3119.24,0,0.0,0.0,0,0,20.7
2026-05-31,NEFT,Hyderabad,2,2954.87,0,0.0,0.0,0,0,21.15
2026-05-31,NEFT,Jaipur,1,3182.97,0,0.0,0.0,0,0,16.5
2026-05-31,NEFT,Kochi,1,2098.52,0,0.0,0.0,0,0,13.0
2026-05-31,NEFT,Kolkata,1,1511.32,0,0.0,0.0,0,0,59.2
2026-05-31,NEFT,Mumbai,2,13601.05,0,0.0,0.0,0,0,39.8
2026-05-31,NEFT,Pune,3,8604.95,0,0.0,0.0,0,0,15.93
2026-05-31,POS,Ahmedabad,10,24580.42,0,0.0,0.0,0,0,27.64
2026-05-31,POS,Bengaluru,4,8411.11,0,0.0,0.0,0,0,24.98
2026-05-31,POS,Chennai,5,9563.29,0,0.0,0.0,0,0,23.56
2026-05-31,POS,Delhi,3,5228.53,0,0.0,0.0,0,0,27.63
2026-05-31,POS,Hyderabad,8,8162.53,0,0.0,0.0,0,0,25.16
2026-05-31,POS,Jaipur,2,8902.39,0,0.0,0.0,0,0,25.95
2026-05-31,POS,Kochi,3,4091.34,0,0.0,0.0,0,0,15.0
2026-05-31,POS,Kolkata,2,1904.98,0,0.0,0.0,0,0,26.7
2026-05-31,POS,Mumbai,7,16050.63,0,0.0,0.0,0,0,35.73
2026-05-31,POS,Pune,4,5213.3,0,0.0,0.0,0,0,24.27
2026-05-31,RTGS,Ahmedabad,2,1824807.81,0,0.0,0.0,0,0,42.95
2026-05-31,RTGS,Bengaluru,2,1606167.66,0,0.0,0.0,0,0,40.15
2026-05-31,RTGS,Chennai,1,964027.77,0,0.0,0.0,0,0,30.5
2026-05-31,RTGS,Delhi,3,3018942.2,0,0.0,0.0,0,1,50.97
2026-05-31,RTGS,Hyderabad,2,1518940.96,0,0.0,0.0,0,0,37.55
2026-05-31,RTGS,Jaipur,1,326271.75,0,0.0,0.0,0,0,49.4
2026-05-31,RTGS,Kochi,3,2466514.08,0,0.0,0.0,0,0,34.97
2026-05-31,RTGS,Kolkata,2,1714790.07,0,0.0,0.0,0,0,52.0
2026-05-31,RTGS,Mumbai,4,2643636.7,0,0.0,0.0,0,0,41.33
2026-05-31,RTGS,Pune,2,2355330.5,0,0.0,0.0,0,0,33.05
2026-05-31,UPI,Ahmedabad,6,39087.41,0,0.0,0.0,0,0,27.35
2026-05-31,UPI,Bengaluru,6,19749.89,0,0.0,0.0,0,0,27.13
2026-05-31,UPI,Chennai,4,5637.03,0,0.0,0.0,0,0,25.23
2026-05-31,UPI,Delhi,7,31972.46,0,0.0,0.0,0,0,24.5
2026-05-31,UPI,Hyderabad,16,35484.6,1,6094.26,6.25,0,1,33.93
2026-05-31,UPI,Jaipur,5,16881.95,1,1977.29,20.0,0,1,47.06
2026-05-31,UPI,Kochi,12,23228.29,0,0.0,0.0,0,0,22.87
2026-05-31,UPI,Kolkata,12,99385.74,1,1124.89,8.333,0,2,34.57
2026-05-31,UPI,Mumbai,5,7954.89,0,0.0,0.0,0,0,24.94
2026-05-31,UPI,Pune,9,15121.18,0,0.0,0.0,0,0,33.38
2026-06-01,ATM,Bengaluru,5,39749.34,0,0.0,0.0,0,0,36.48
2026-06-01,ATM,Chennai,3,6730.65,0,0.0,0.0,0,0,37.7
2026-06-01,ATM,Delhi,1,1975.13,0,0.0,0.0,0,0,13.6
2026-06-01,ATM,Hyderabad,5,12048.54,0,0.0,0.0,0,0,22.88
2026-06-01,ATM,Jaipur,2,4882.19,0,0.0,0.0,0,0,16.2
2026-06-01,ATM,Kochi,2,1732.28,0,0.0,0.0,0,0,27.45
2026-06-01,ATM,Kolkata,3,4401.78,0,0.0,0.0,0,0,23.13
2026-06-01,ATM,Mumbai,6,22118.35,0,0.0,0.0,0,0,26.72
2026-06-01,ATM,Pune,1,1131.97,0,0.0,0.0,0,0,24.5
2026-06-01,Branch,Bengaluru,1,449.73,0,0.0,0.0,0,0,5.0
2026-06-01,Branch,Hyderabad,1,886.61,0,0.0,0.0,0,0,37.1
2026-06-01,Branch,Jaipur,2,837.96,0,0.0,0.0,0,0,30.3
2026-06-01,Branch,Kolkata,2,1691.98,0,0.0,0.0,0,0,10.0
2026-06-01,Branch,Pune,1,6640.14,0,0.0,0.0,0,0,48.8
2026-06-01,IMPS,Ahmedabad,2,337063.4,1,336463.14,50.0,0,1,46.7
2026-06-01,IMPS,Bengaluru,1,484.18,0,0.0,0.0,0,0,52.2
2026-06-01,IMPS,Chennai,2,2828.01,0,0.0,0.0,0,0,28.85
2026-06-01,IMPS,Hyderabad,1,1473.9,0,0.0,0.0,0,0,24.8
2026-06-01,IMPS,Jaipur,3,7894.9,0,0.0,0.0,0,0,30.43
2026-06-01,IMPS,Kochi,3,2303.53,0,0.0,0.0,0,0,22.37
2026-06-01,IMPS,Kolkata,4,6745.32,0,0.0,0.0,0,0,40.42
2026-06-01,IMPS,Mumbai,3,535838.63,1,531450.47,33.333,0,1,43.27
2026-06-01,IMPS,Pune,3,7465.6,0,0.0,0.0,0,0,21.97
2026-06-01,Internet Banking,Ahmedabad,5,13268.77,0,0.0,0.0,0,0,30.18
2026-06-01,Internet Banking,Bengaluru,3,16107.87,0,0.0,0.0,0,0,47.57
2026-06-01,Internet Banking,Chennai,3,3840.66,0,0.0,0.0,0,0,35.07
2026-06-01,Internet Banking,Delhi,1,3160.74,0,0.0,0.0,0,0,45.0
2026-06-01,Internet Banking,Hyderabad,1,105.97,0,0.0,0.0,0,0,54.0
2026-06-01,Internet Banking,Jaipur,2,1528.4,0,0.0,0.0,0,0,17.95
2026-06-01,Internet Banking,Kochi,6,14164.07,0,0.0,0.0,0,0,34.78
2026-06-01,Internet Banking,Kolkata,1,3885.19,0,0.0,0.0,0,0,33.5
2026-06-01,Internet Banking,Mumbai,1,1034.54,0,0.0,0.0,0,0,38.6
2026-06-01,Internet Banking,Pune,4,6647.08,0,0.0,0.0,0,0,25.15
2026-06-01,Mobile Banking,Ahmedabad,4,5804.75,0,0.0,0.0,0,0,25.3
2026-06-01,Mobile Banking,Bengaluru,2,6298.83,0,0.0,0.0,0,0,33.4
2026-06-01,Mobile Banking,Chennai,6,14115.78,0,0.0,0.0,0,1,38.35
2026-06-01,Mobile Banking,Delhi,2,3365.04,0,0.0,0.0,0,0,18.35
2026-06-01,Mobile Banking,Hyderabad,7,16452.66,0,0.0,0.0,0,0,36.71
2026-06-01,Mobile Banking,Jaipur,6,11209.68,0,0.0,0.0,0,0,28.47
2026-06-01,Mobile Banking,Kochi,6,13987.98,0,0.0,0.0,0,0,28.37
2026-06-01,Mobile Banking,Kolkata,4,24466.93,0,0.0,0.0,0,0,33.73
2026-06-01,Mobile Banking,Mumbai,6,8978.27,1,145.85,16.667,0,1,42.45
2026-06-01,Mobile Banking,Pune,3,6093.45,0,0.0,0.0,0,0,31.13
2026-06-01,NEFT,Ahmedabad,4,4470.66,0,0.0,0.0,0,0,20.38
2026-06-01,NEFT,Bengaluru,3,7705.2,0,0.0,0.0,0,0,27.5
2026-06-01,NEFT,Delhi,2,4399.52,0,0.0,0.0,0,0,18.25
2026-06-01,NEFT,Jaipur,2,4215.95,0,0.0,0.0,0,0,36.65
2026-06-01,NEFT,Kochi,3,13722.73,0,0.0,0.0,0,0,28.07
2026-06-01,NEFT,Kolkata,1,2818.78,0,0.0,0.0,0,0,41.5
2026-06-01,NEFT,Mumbai,1,929.74,0,0.0,0.0,0,0,30.4
2026-06-01,NEFT,Pune,5,16248.06,0,0.0,0.0,0,0,40.2
2026-06-01,POS,Ahmedabad,5,8439.66,0,0.0,0.0,0,0,33.18
2026-06-01,POS,Bengaluru,3,10234.83,0,0.0,0.0,0,0,36.77
2026-06-01,POS,Chennai,3,5374.57,0,0.0,0.0,0,0,31.5
2026-06-01,POS,Delhi,2,898.23,0,0.0,0.0,0,0,25.1
2026-06-01,POS,Jaipur,6,8014.61,0,0.0,0.0,0,0,21.22
2026-06-01,POS,Kolkata,5,13741.22,0,0.0,0.0,0,0,25.58
2026-06-01,POS,Mumbai,4,7704.63,0,0.0,0.0,0,0,32.1
2026-06-01,POS,Pune,2,6029.81,0,0.0,0.0,0,0,31.65
2026-06-01,RTGS,Bengaluru,1,1118015.68,0,0.0,0.0,0,0,24.8
2026-06-01,RTGS,Chennai,2,1638773.65,0,0.0,0.0,0,0,58.25
2026-06-01,RTGS,Delhi,1,1441493.29,0,0.0,0.0,0,0,49.2
2026-06-01,RTGS,Hyderabad,4,3351827.84,0,0.0,0.0,0,0,42.52
2026-06-01,RTGS,Jaipur,2,1953064.27,0,0.0,0.0,0,0,36.3
2026-06-01,RTGS,Kolkata,1,518064.06,0,0.0,0.0,0,0,54.2
2026-06-01,RTGS,Pune,1,1451147.94,0,0.0,0.0,0,1,70.9
2026-06-01,UPI,Ahmedabad,8,28054.74,0,0.0,0.0,0,0,30.74
2026-06-01,UPI,Bengaluru,6,17147.17,0,0.0,0.0,0,0,28.02
2026-06-01,UPI,Chennai,4,14929.44,0,0.0,0.0,0,0,24.7
2026-06-01,UPI,Delhi,4,23426.56,0,0.0,0.0,0,0,31.15
2026-06-01,UPI,Hyderabad,4,5963.71,0,0.0,0.0,0,0,49.62
2026-06-01,UPI,Jaipur,4,12470.24,0,0.0,0.0,0,0,31.15
2026-06-01,UPI,Kochi,4,3448.32,0,0.0,0.0,0,0,30.6
2026-06-01,UPI,Kolkata,4,24554.21,0,0.0,0.0,0,0,46.27
2026-06-01,UPI,Mumbai,5,11115.79,0,0.0,0.0,0,0,30.48
2026-06-01,UPI,Pune,6,20853.85,0,0.0,0.0,0,0,24.12
2026-06-02,ATM,Ahmedabad,4,9722.47,0,0.0,0.0,0,0,36.38
2026-06-02,ATM,Bengaluru,1,630.68,0,0.0,0.0,0,0,7.0
2026-06-02,ATM,Chennai,3,4985.5,0,0.0,0.0,0,0,20.9
2026-06-02,ATM,Delhi,3,3675.78,0,0.0,0.0,0,0,20.0
2026-06-02,ATM,Hyderabad,5,9055.58,0,0.0,0.0,0,0,22.52
2026-06-02,ATM,Jaipur,3,4885.6,0,0.0,0.0,0,0,26.0
2026-06-02,ATM,Kochi,3,435011.12,1,428389.13,33.333,0,0,39.07
2026-06-02,ATM,Kolkata,2,16378.62,0,0.0,0.0,0,0,25.05
2026-06-02,ATM,Mumbai,2,5141.04,0,0.0,0.0,0,0,11.8
2026-06-02,ATM,Pune,3,5298.17,0,0.0,0.0,0,0,47.83
2026-06-02,Branch,Ahmedabad,1,1622.37,0,0.0,0.0,0,0,49.2
2026-06-02,Branch,Bengaluru,2,296742.04,1,294179.56,50.0,0,0,47.85
2026-06-02,Branch,Chennai,2,3372.97,0,0.0,0.0,0,0,12.8
2026-06-02,Branch,Delhi,1,1130.99,0,0.0,0.0,0,0,31.0
2026-06-02,Branch,Hyderabad,1,371.41,0,0.0,0.0,0,0,23.7
2026-06-02,Branch,Jaipur,2,4058.69,0,0.0,0.0,0,0,38.6
2026-06-02,Branch,Kolkata,2,8740.1,0,0.0,0.0,0,0,25.9
2026-06-02,Branch,Pune,3,8605.21,0,0.0,0.0,0,0,34.83
2026-06-02,IMPS,Chennai,3,9292.92,0,0.0,0.0,0,0,25.53
2026-06-02,IMPS,Delhi,2,1572.67,0,0.0,0.0,0,0,22.95
2026-06-02,IMPS,Hyderabad,2,1356.55,0,0.0,0.0,0,0,12.65
2026-06-02,IMPS,Jaipur,1,801.71,0,0.0,0.0,0,0,56.8
2026-06-02,IMPS,Kochi,2,3661.9,0,0.0,0.0,0,0,34.55
2026-06-02,IMPS,Kolkata,5,5249.34,0,0.0,0.0,0,0,22.96
2026-06-02,IMPS,Mumbai,1,1360.71,0,0.0,0.0,0,0,22.5
2026-06-02,IMPS,Pune,4,12536.26,0,0.0,0.0,0,0,25.4
2026-06-02,Internet Banking,Ahmedabad,3,6521.56,0,0.0,0.0,0,0,41.93
2026-06-02,Internet Banking,Bengaluru,5,8243.1,0,0.0,0.0,0,0,26.24
2026-06-02,Internet Banking,Chennai,1,5907.17,0,0.0,0.0,0,0,25.3
2026-06-02,Internet Banking,Delhi,3,10017.17,1,3130.14,33.333,0,1,43.17
2026-06-02,Internet Banking,Hyderabad,4,14086.82,0,0.0,0.0,0,0,32.18
2026-06-02,Internet Banking,Jaipur,1,2272.83,0,0.0,0.0,0,0,43.2
2026-06-02,Internet Banking,Kochi,2,1383.8,0,0.0,0.0,0,0,33.8
2026-06-02,Internet Banking,Kolkata,1,2972.87,0,0.0,0.0,0,0,22.9
2026-06-02,Internet Banking,Mumbai,5,11203.45,0,0.0,0.0,0,0,35.5
2026-06-02,Internet Banking,Pune,4,5731.55,0,0.0,0.0,0,0,33.33
2026-06-02,Mobile Banking,Ahmedabad,6,12223.82,0,0.0,0.0,0,0,30.5
2026-06-02,Mobile Banking,Bengaluru,8,9316.9,0,0.0,0.0,0,0,25.56
2026-06-02,Mobile Banking,Chennai,11,28592.79,1,1449.28,9.091,1,0,33.52
2026-06-02,Mobile Banking,Delhi,3,2354.85,0,0.0,0.0,0,0,18.23
2026-06-02,Mobile Banking,Hyderabad,4,5520.55,0,0.0,0.0,0,0,33.12
2026-06-02,Mobile Banking,Jaipur,3,3578.31,0,0.0,0.0,0,0,26.4
2026-06-02,Mobile Banking,Kochi,3,6078.51,0,0.0,0.0,0,0,18.83
2026-06-02,Mobile Banking,Kolkata,6,33942.4,0,0.0,0.0,0,0,35.93
2026-06-02,Mobile Banking,Mumbai,4,54995.96,0,0.0,0.0,0,1,42.73
2026-06-02,Mobile Banking,Pune,8,13996.82,0,0.0,0.0,0,1,29.49
2026-06-02,NEFT,Ahmedabad,3,8441.48,0,0.0,0.0,0,0,20.5
2026-06-02,NEFT,Bengaluru,2,14350.76,0,0.0,0.0,0,0,52.45
2026-06-02,NEFT,Chennai,4,11073.91,0,0.0,0.0,0,0,29.7
2026-06-02,NEFT,Delhi,3,4210.01,0,0.0,0.0,0,0,23.3
2026-06-02,NEFT,Hyderabad,2,285928.51,1,280619.21,50.0,0,0,38.3
2026-06-02,NEFT,Jaipur,2,3989.79,0,0.0,0.0,0,0,17.5
2026-06-02,NEFT,Kolkata,3,4518.61,0,0.0,0.0,0,0,29.17
2026-06-02,NEFT,Mumbai,2,12974.67,0,0.0,0.0,0,0,24.85
2026-06-02,NEFT,Pune,2,4028.34,0,0.0,0.0,0,0,18.15
2026-06-02,POS,Ahmedabad,3,13019.92,0,0.0,0.0,0,0,32.03
2026-06-02,POS,Bengaluru,6,19324.95,0,0.0,0.0,0,1,36.17
2026-06-02,POS,Chennai,3,3502.39,0,0.0,0.0,0,0,27.8
2026-06-02,POS,Delhi,1,732.51,0,0.0,0.0,0,0,14.0
2026-06-02,POS,Hyderabad,4,8104.0,0,0.0,0.0,0,0,15.62
2026-06-02,POS,Jaipur,3,2889.32,0,0.0,0.0,0,0,27.57
2026-06-02,POS,Kochi,3,17297.21,0,0.0,0.0,0,0,39.47
2026-06-02,POS,Kolkata,1,641.1,0,0.0,0.0,0,0,18.2
2026-06-02,POS,Mumbai,6,36760.56,0,0.0,0.0,0,0,31.22
2026-06-02,POS,Pune,5,3482.03,0,0.0,0.0,0,0,24.24
2026-06-02,RTGS,Ahmedabad,3,3559298.12,0,0.0,0.0,0,0,43.43
2026-06-02,RTGS,Bengaluru,2,842092.75,0,0.0,0.0,0,0,34.65
2026-06-02,RTGS,Hyderabad,2,1067624.61,0,0.0,0.0,0,0,31.95
2026-06-02,RTGS,Jaipur,3,4008903.07,0,0.0,0.0,0,0,41.17
2026-06-02,RTGS,Kochi,2,915069.2,0,0.0,0.0,0,0,41.25
2026-06-02,RTGS,Mumbai,1,359636.49,0,0.0,0.0,0,0,31.7
2026-06-02,RTGS,Pune,2,1851139.35,0,0.0,0.0,0,0,30.6
2026-06-02,UPI,Ahmedabad,7,23349.92,0,0.0,0.0,0,0,37.2
2026-06-02,UPI,Bengaluru,12,51909.96,0,0.0,0.0,0,0,30.93
2026-06-02,UPI,Chennai,8,24798.49,0,0.0,0.0,0,0,26.83
2026-06-02,UPI,Delhi,4,13233.23,0,0.0,0.0,0,0,40.25
2026-06-02,UPI,Hyderabad,5,16058.31,0,0.0,0.0,0,0,27.9
2026-06-02,UPI,Jaipur,6,8268.1,0,0.0,0.0,0,0,34.93
2026-06-02,UPI,Kochi,9,22052.31,0,0.0,0.0,0,1,35.8
2026-06-02,UPI,Kolkata,10,55896.96,0,0.0,0.0,0,0,30.0
2026-06-02,UPI,Mumbai,8,25520.65,0,0.0,0.0,0,0,29.98
2026-06-02,UPI,Pune,9,11272.07,0,0.0,0.0,0,0,18.89
2026-06-03,ATM,Ahmedabad,4,28193.05,0,0.0,0.0,0,0,34.42
2026-06-03,ATM,Bengaluru,2,3288.56,0,0.0,0.0,0,0,37.3
2026-06-03,ATM,Chennai,2,1270.18,0,0.0,0.0,0,0,46.8
2026-06-03,ATM,Delhi,2,830.6,0,0.0,0.0,0,0,15.25
2026-06-03,ATM,Hyderabad,2,2907.68,0,0.0,0.0,0,0,15.95
2026-06-03,ATM,Jaipur,1,1461.51,0,0.0,0.0,0,0,14.4
2026-06-03,ATM,Kochi,5,9126.7,0,0.0,0.0,0,0,21.46
2026-06-03,ATM,Kolkata,1,310.73,0,0.0,0.0,0,0,12.8
2026-06-03,ATM,Mumbai,4,9019.94,0,0.0,0.0,0,0,26.0
2026-06-03,ATM,Pune,2,1443.75,0,0.0,0.0,0,0,33.45
2026-06-03,Branch,Bengaluru,1,2593.38,0,0.0,0.0,0,0,11.9
2026-06-03,Branch,Delhi,1,1804.98,0,0.0,0.0,0,0,52.8
2026-06-03,Branch,Jaipur,1,623.51,0,0.0,0.0,0,0,24.1
2026-06-03,Branch,Kochi,1,3295.0,0,0.0,0.0,0,0,10.4
2026-06-03,Branch,Mumbai,2,3151.7,0,0.0,0.0,0,0,30.15
2026-06-03,Branch,Pune,1,268.77,0,0.0,0.0,0,0,32.9
2026-06-03,IMPS,Ahmedabad,2,7629.72,0,0.0,0.0,0,0,25.8
2026-06-03,IMPS,Bengaluru,4,5887.0,0,0.0,0.0,0,0,36.02
2026-06-03,IMPS,Chennai,2,5737.48,0,0.0,0.0,0,0,47.15
2026-06-03,IMPS,Delhi,3,3346.98,0,0.0,0.0,0,0,26.23
2026-06-03,IMPS,Hyderabad,4,43658.47,1,28029.07,25.0,0,0,31.25
2026-06-03,IMPS,Jaipur,3,5649.89,0,0.0,0.0,0,0,38.6
2026-06-03,IMPS,Kochi,3,9164.84,0,0.0,0.0,0,0,36.47
2026-06-03,IMPS,Kolkata,1,6504.57,0,0.0,0.0,0,0,24.5
2026-06-03,IMPS,Mumbai,2,1903.4,0,0.0,0.0,0,0,26.5
2026-06-03,IMPS,Pune,3,7187.62,0,0.0,0.0,0,0,25.9
2026-06-03,Internet Banking,Ahmedabad,2,15273.26,0,0.0,0.0,0,0,39.95
2026-06-03,Internet Banking,Bengaluru,3,22724.68,0,0.0,0.0,0,0,47.07
2026-06-03,Internet Banking,Chennai,1,388.33,0,0.0,0.0,0,0,9.9
2026-06-03,Internet Banking,Delhi,3,2376.68,0,0.0,0.0,0,0,21.47
2026-06-03,Internet Banking,Hyderabad,3,4153.78,0,0.0,0.0,0,0,29.63
2026-06-03,Internet Banking,Jaipur,2,891.19,0,0.0,0.0,0,0,12.7
2026-06-03,Internet Banking,Kochi,2,4587.62,0,0.0,0.0,0,0,37.1
2026-06-03,Internet Banking,Kolkata,4,25398.13,0,0.0,0.0,0,0,50.5
2026-06-03,Internet Banking,Mumbai,6,11029.95,0,0.0,0.0,0,0,27.75
2026-06-03,Internet Banking,Pune,5,7734.75,0,0.0,0.0,0,0,26.56
2026-06-03,Mobile Banking,Ahmedabad,7,63434.03,1,50038.63,14.286,0,1,31.07
2026-06-03,Mobile Banking,Bengaluru,4,8489.36,0,0.0,0.0,0,0,36.73
2026-06-03,Mobile Banking,Chennai,7,10998.37,0,0.0,0.0,0,0,33.54
2026-06-03,Mobile Banking,Delhi,4,5851.3,0,0.0,0.0,0,0,24.57
2026-06-03,Mobile Banking,Hyderabad,4,6760.35,0,0.0,0.0,0,0,22.62
2026-06-03,Mobile Banking,Jaipur,5,30282.75,0,0.0,0.0,0,0,33.06
2026-06-03,Mobile Banking,Kochi,2,1887.28,0,0.0,0.0,0,0,14.45
2026-06-03,Mobile Banking,Kolkata,6,17957.19,0,0.0,0.0,0,0,34.92
2026-06-03,Mobile Banking,Mumbai,3,7208.26,0,0.0,0.0,0,0,31.23
2026-06-03,Mobile Banking,Pune,5,9582.07,0,0.0,0.0,0,0,26.22
2026-06-03,NEFT,Ahmedabad,2,2759.74,0,0.0,0.0,0,0,43.6
2026-06-03,NEFT,Bengaluru,1,2393.86,0,0.0,0.0,0,0,38.0
2026-06-03,NEFT,Chennai,1,1375.52,0,0.0,0.0,0,0,57.4
2026-06-03,NEFT,Delhi,1,375.23,0,0.0,0.0,0,0,31.1
2026-06-03,NEFT,Hyderabad,1,730.01,0,0.0,0.0,0,0,16.2
2026-06-03,NEFT,Kochi,1,1709.44,0,0.0,0.0,0,0,30.8
2026-06-03,NEFT,Kolkata,4,3036.19,0,0.0,0.0,0,1,45.8
2026-06-03,NEFT,Mumbai,1,9057.41,0,0.0,0.0,0,0,35.5
2026-06-03,POS,Ahmedabad,4,4333.64,0,0.0,0.0,0,0,17.73
2026-06-03,POS,Bengaluru,3,18431.48,0,0.0,0.0,0,0,32.0
2026-06-03,POS,Chennai,5,8738.42,0,0.0,0.0,0,0,22.7
2026-06-03,POS,Delhi,5,19653.42,0,0.0,0.0,0,0,33.72
2026-06-03,POS,Hyderabad,6,19316.66,0,0.0,0.0,0,1,33.7
2026-06-03,POS,Jaipur,6,5711.59,0,0.0,0.0,0,0,27.07
2026-06-03,POS,Kochi,4,21037.37,0,0.0,0.0,0,0,27.6
2026-06-03,POS,Kolkata,6,334333.63,1,327725.42,16.667,0,1,44.48
2026-06-03,POS,Mumbai,7,24330.9,0,0.0,0.0,0,0,36.33
2026-06-03,POS,Pune,1,4601.8,0,0.0,0.0,0,0,32.5
2026-06-03,RTGS,Ahmedabad,4,3259708.74,0,0.0,0.0,0,1,45.8
2026-06-03,RTGS,Bengaluru,1,650327.76,0,0.0,0.0,0,0,28.6
2026-06-03,RTGS,Chennai,2,1625545.56,0,0.0,0.0,0,0,40.55
2026-06-03,RTGS,Delhi,2,1093354.54,0,0.0,0.0,0,0,45.15
2026-06-03,RTGS,Hyderabad,1,947813.38,0,0.0,0.0,0,0,33.7
2026-06-03,RTGS,Kolkata,1,951240.34,0,0.0,0.0,0,0,36.4
2026-06-03,RTGS,Mumbai,3,2206600.63,0,0.0,0.0,0,0,50.6
2026-06-03,RTGS,Pune,2,2805211.5,0,0.0,0.0,0,0,33.9
2026-06-03,UPI,Ahmedabad,8,106197.83,0,0.0,0.0,0,0,23.51
2026-06-03,UPI,Bengaluru,11,19818.06,1,41.04,9.091,0,1,34.82
2026-06-03,UPI,Chennai,6,24153.24,0,0.0,0.0,0,1,35.98
2026-06-03,UPI,Delhi,10,22163.53,0,0.0,0.0,0,0,26.68
2026-06-03,UPI,Hyderabad,5,4067.14,1,917.78,20.0,0,1,42.88
2026-06-03,UPI,Jaipur,6,8500.8,0,0.0,0.0,0,0,30.6
2026-06-03,UPI,Kochi,4,5920.77,0,0.0,0.0,0,0,23.43
2026-06-03,UPI,Kolkata,9,27527.06,0,0.0,0.0,0,0,37.07
2026-06-03,UPI,Mumbai,7,25780.49,0,0.0,0.0,0,0,32.03
2026-06-03,UPI,Pune,5,13036.72,0,0.0,0.0,0,0,19.22
2026-06-04,ATM,Ahmedabad,5,7070.71,0,0.0,0.0,0,0,28.44
2026-06-04,ATM,Bengaluru,1,1722.91,0,0.0,0.0,0,0,37.5
2026-06-04,ATM,Chennai,3,2930.47,0,0.0,0.0,0,0,40.87
2026-06-04,ATM,Hyderabad,4,14370.09,0,0.0,0.0,0,0,27.62
2026-06-04,ATM,Jaipur,3,8073.33,1,4298.94,33.333,1,0,40.67
2026-06-04,ATM,Kochi,4,11414.21,0,0.0,0.0,0,0,28.3
2026-06-04,ATM,Kolkata,1,385.5,0,0.0,0.0,0,0,13.3
2026-06-04,ATM,Pune,3,1258.12,0,0.0,0.0,0,0,18.0
2026-06-04,Branch,Ahmedabad,2,6470.7,0,0.0,0.0,0,0,41.25
2026-06-04,Branch,Delhi,1,19915.16,0,0.0,0.0,0,0,28.2
2026-06-04,Branch,Kochi,2,1365.11,0,0.0,0.0,0,0,26.85
2026-06-04,Branch,Mumbai,1,500.55,0,0.0,0.0,0,0,35.4
2026-06-04,Branch,Pune,2,8150.39,0,0.0,0.0,0,0,35.75
2026-06-04,IMPS,Ahmedabad,1,2087.14,0,0.0,0.0,0,0,14.8
2026-06-04,IMPS,Bengaluru,4,5271.64,0,0.0,0.0,0,0,24.75
2026-06-04,IMPS,Chennai,2,5385.29,0,0.0,0.0,0,0,34.25
2026-06-04,IMPS,Delhi,3,3869.59,0,0.0,0.0,0,0,28.27
2026-06-04,IMPS,Hyderabad,2,3001.33,0,0.0,0.0,0,0,40.4
2026-06-04,IMPS,Kochi,4,12799.56,0,0.0,0.0,0,0,30.95
2026-06-04,IMPS,Mumbai,3,21990.74,0,0.0,0.0,0,0,36.7
2026-06-04,IMPS,Pune,2,3804.98,0,0.0,0.0,0,0,23.75
2026-06-04,Internet Banking,Ahmedabad,3,5100.98,0,0.0,0.0,0,0,38.67
2026-06-04,Internet Banking,Chennai,2,6139.1,0,0.0,0.0,0,0,48.85
2026-06-04,Internet Banking,Delhi,1,341176.75,1,341176.75,100.0,1,0,86.0
2026-06-04,Internet Banking,Hyderabad,3,2082.41,0,0.0,0.0,0,0,26.1
2026-06-04,Internet Banking,Jaipur,3,768955.43,2,764663.79,66.667,1,1,63.87
2026-06-04,Internet Banking,Kochi,5,7392.79,0,0.0,0.0,0,0,20.22
2026-06-04,Internet Banking,Kolkata,3,1690.22,0,0.0,0.0,0,0,25.77
2026-06-04,Internet Banking,Mumbai,3,5157.93,0,0.0,0.0,0,0,27.3
2026-06-04,Internet Banking,Pune,9,12678.63,0,0.0,0.0,0,0,30.14
2026-06-04,Mobile Banking,Ahmedabad,4,6769.36,0,0.0,0.0,0,0,12.0
2026-06-04,Mobile Banking,Bengaluru,1,387.21,0,0.0,0.0,0,0,36.5
2026-06-04,Mobile Banking,Chennai,10,49684.7,0,0.0,0.0,0,0,30.06
2026-06-04,Mobile Banking,Delhi,4,8245.46,0,0.0,0.0,0,0,35.62
2026-06-04,Mobile Banking,Hyderabad,9,16928.15,0,0.0,0.0,0,0,27.61
2026-06-04,Mobile Banking,Jaipur,3,33070.41,0,0.0,0.0,0,0,30.67
2026-06-04,Mobile Banking,Kochi,2,4462.31,0,0.0,0.0,0,0,26.65
2026-06-04,Mobile Banking,Kolkata,1,2939.3,0,0.0,0.0,0,0,31.4
2026-06-04,Mobile Banking,Mumbai,8,31306.26,0,0.0,0.0,0,0,35.41
2026-06-04,Mobile Banking,Pune,5,20057.54,0,0.0,0.0,0,0,32.04
2026-06-04,NEFT,Ahmedabad,6,11043.88,0,0.0,0.0,0,0,27.38
2026-06-04,NEFT,Chennai,3,2737.7,0,0.0,0.0,0,0,26.43
2026-06-04,NEFT,Hyderabad,4,10743.86,0,0.0,0.0,0,0,18.83
2026-06-04,NEFT,Kochi,4,12755.02,0,0.0,0.0,0,0,34.58
2026-06-04,NEFT,Kolkata,1,1124.24,0,0.0,0.0,0,0,26.4
2026-06-04,NEFT,Mumbai,1,10447.67,0,0.0,0.0,0,0,29.6
2026-06-04,NEFT,Pune,4,15258.98,0,0.0,0.0,0,0,24.2
2026-06-04,POS,Ahmedabad,4,5628.0,0,0.0,0.0,0,0,22.2
2026-06-04,POS,Bengaluru,5,7951.72,0,0.0,0.0,0,0,37.84
2026-06-04,POS,Chennai,7,26222.06,0,0.0,0.0,0,0,26.5
2026-06-04,POS,Hyderabad,4,13873.63,0,0.0,0.0,0,0,30.58
2026-06-04,POS,Jaipur,4,6137.4,0,0.0,0.0,0,0,21.33
2026-06-04,POS,Kochi,6,7460.98,0,0.0,0.0,0,0,25.67
2026-06-04,POS,Kolkata,6,15332.43,0,0.0,0.0,0,1,33.7
2026-06-04,POS,Mumbai,2,12191.07,0,0.0,0.0,0,0,36.05
2026-06-04,POS,Pune,7,12193.89,0,0.0,0.0,0,0,31.66
2026-06-04,RTGS,Bengaluru,1,595680.9,0,0.0,0.0,0,0,36.8
2026-06-04,RTGS,Chennai,1,1056407.44,0,0.0,0.0,0,0,32.0
2026-06-04,RTGS,Delhi,2,1663260.33,0,0.0,0.0,0,0,43.4
2026-06-04,RTGS,Jaipur,1,675043.44,0,0.0,0.0,0,0,52.0
2026-06-04,RTGS,Kochi,2,2110076.28,0,0.0,0.0,0,0,29.65
2026-06-04,RTGS,Kolkata,1,476368.74,0,0.0,0.0,0,0,50.6
2026-06-04,RTGS,Mumbai,1,920930.13,0,0.0,0.0,0,1,68.3
2026-06-04,RTGS,Pune,1,1012575.47,0,0.0,0.0,0,0,50.7
2026-06-04,UPI,Ahmedabad,5,25577.57,0,0.0,0.0,0,1,36.7
2026-06-04,UPI,Bengaluru,7,36980.13,0,0.0,0.0,0,1,26.39
2026-06-04,UPI,Chennai,5,11066.29,0,0.0,0.0,0,0,37.3
2026-06-04,UPI,Delhi,8,22194.8,0,0.0,0.0,0,0,34.19
2026-06-04,UPI,Hyderabad,6,13041.1,0,0.0,0.0,0,0,26.08
2026-06-04,UPI,Jaipur,4,11732.74,0,0.0,0.0,0,0,29.3
2026-06-04,UPI,Kochi,5,9642.11,0,0.0,0.0,0,0,37.84
2026-06-04,UPI,Kolkata,3,4135.85,0,0.0,0.0,0,0,15.83
2026-06-04,UPI,Mumbai,8,18030.86,0,0.0,0.0,0,0,28.75
2026-06-04,UPI,Pune,8,21428.21,0,0.0,0.0,0,0,31.31
2026-06-05,ATM,Ahmedabad,4,15694.24,0,0.0,0.0,0,0,30.02
2026-06-05,ATM,Bengaluru,3,3162.62,0,0.0,0.0,0,1,30.0
2026-06-05,ATM,Chennai,3,3120.86,0,0.0,0.0,0,0,18.5
2026-06-05,ATM,Delhi,3,4159.36,0,0.0,0.0,0,0,27.7
2026-06-05,ATM,Hyderabad,3,1518.91,0,0.0,0.0,0,0,34.33
2026-06-05,ATM,Jaipur,2,6102.67,0,0.0,0.0,0,0,46.15
2026-06-05,ATM,Kochi,5,4452.11,0,0.0,0.0,0,0,18.42
2026-06-05,ATM,Kolkata,4,10422.39,0,0.0,0.0,0,0,27.25
2026-06-05,ATM,Mumbai,3,5774.06,0,0.0,0.0,0,0,22.77
2026-06-05,Branch,Ahmedabad,1,1193.51,0,0.0,0.0,0,0,43.2
2026-06-05,Branch,Bengaluru,1,2385.41,0,0.0,0.0,0,0,46.7
2026-06-05,Branch,Delhi,2,1533.31,0,0.0,0.0,0,0,16.85
2026-06-05,Branch,Mumbai,2,8476.65,0,0.0,0.0,0,0,30.0
2026-06-05,Branch,Pune,1,1366.76,0,0.0,0.0,0,0,38.9
2026-06-05,IMPS,Ahmedabad,2,11900.77,0,0.0,0.0,0,0,17.4
2026-06-05,IMPS,Bengaluru,1,19440.99,0,0.0,0.0,0,0,49.2
2026-06-05,IMPS,Chennai,2,1589.81,0,0.0,0.0,0,0,33.35
2026-06-05,IMPS,Delhi,1,3160.24,0,0.0,0.0,0,0,10.4
2026-06-05,IMPS,Jaipur,10,10554.46,0,0.0,0.0,0,0,26.17
2026-06-05,IMPS,Kochi,3,5718.32,0,0.0,0.0,0,0,39.0
2026-06-05,IMPS,Mumbai,2,9706.37,0,0.0,0.0,0,0,35.2
2026-06-05,IMPS,Pune,1,1076.81,0,0.0,0.0,0,0,24.5
2026-06-05,Internet Banking,Ahmedabad,7,44140.74,0,0.0,0.0,0,0,34.97
2026-06-05,Internet Banking,Bengaluru,1,1075.87,0,0.0,0.0,0,0,28.5
2026-06-05,Internet Banking,Chennai,4,19540.37,0,0.0,0.0,0,0,22.15
2026-06-05,Internet Banking,Delhi,3,9307.58,0,0.0,0.0,0,0,37.67
2026-06-05,Internet Banking,Hyderabad,1,632.05,0,0.0,0.0,0,0,19.0
2026-06-05,Internet Banking,Jaipur,1,516.96,0,0.0,0.0,0,0,14.1
2026-06-05,Internet Banking,Kochi,1,4050.99,0,0.0,0.0,0,0,30.7
2026-06-05,Internet Banking,Kolkata,1,977.26,0,0.0,0.0,0,0,17.4
2026-06-05,Internet Banking,Mumbai,2,2789.2,0,0.0,0.0,0,0,29.8
2026-06-05,Internet Banking,Pune,1,2773.9,0,0.0,0.0,0,0,33.7
2026-06-05,Mobile Banking,Ahmedabad,9,503384.12,1,490768.9,11.111,0,1,36.38
2026-06-05,Mobile Banking,Bengaluru,4,5369.29,0,0.0,0.0,0,0,30.3
2026-06-05,Mobile Banking,Chennai,5,14700.54,0,0.0,0.0,0,0,28.8
2026-06-05,Mobile Banking,Delhi,5,9361.85,0,0.0,0.0,0,0,31.16
2026-06-05,Mobile Banking,Hyderabad,8,16994.23,0,0.0,0.0,0,0,23.71
2026-06-05,Mobile Banking,Jaipur,4,7619.7,0,0.0,0.0,0,0,25.82
2026-06-05,Mobile Banking,Kochi,3,4563.03,0,0.0,0.0,0,0,21.1
2026-06-05,Mobile Banking,Kolkata,7,23265.83,0,0.0,0.0,0,0,24.56
2026-06-05,Mobile Banking,Mumbai,3,7452.65,0,0.0,0.0,0,0,28.17
2026-06-05,Mobile Banking,Pune,6,22717.34,0,0.0,0.0,0,0,25.0
2026-06-05,NEFT,Bengaluru,1,3104.79,0,0.0,0.0,0,0,21.6
2026-06-05,NEFT,Chennai,5,9579.45,0,0.0,0.0,0,0,28.38
2026-06-05,NEFT,Delhi,4,10770.69,0,0.0,0.0,0,0,23.95
2026-06-05,NEFT,Hyderabad,2,5570.82,0,0.0,0.0,0,0,24.9
2026-06-05,NEFT,Kochi,4,282002.8,1,279602.75,25.0,1,0,44.77
2026-06-05,NEFT,Kolkata,3,2476.78,0,0.0,0.0,0,0,27.17
2026-06-05,NEFT,Mumbai,6,15338.01,0,0.0,0.0,0,1,32.8
2026-06-05,NEFT,Pune,4,7797.45,1,610.02,25.0,0,1,48.68
2026-06-05,POS,Ahmedabad,3,5997.57,0,0.0,0.0,0,0,26.53
2026-06-05,POS,Bengaluru,6,19791.15,1,12265.39,16.667,0,1,31.87
2026-06-05,POS,Chennai,4,13609.27,0,0.0,0.0,0,0,31.27
2026-06-05,POS,Delhi,2,51311.33,1,50862.59,50.0,0,0,40.3
2026-06-05,POS,Hyderabad,7,20018.41,0,0.0,0.0,0,0,37.34
2026-06-05,POS,Jaipur,4,16460.67,0,0.0,0.0,0,0,31.32
2026-06-05,POS,Kochi,4,14177.09,1,49.18,25.0,0,0,40.9
2026-06-05,POS,Kolkata,2,2313.4,0,0.0,0.0,0,0,15.7
2026-06-05,POS,Mumbai,3,5938.11,0,0.0,0.0,0,0,29.53
2026-06-05,RTGS,Bengaluru,1,1106720.54,0,0.0,0.0,0,0,28.8
2026-06-05,RTGS,Chennai,3,1869846.01,0,0.0,0.0,0,0,35.97
2026-06-05,RTGS,Delhi,1,368785.73,0,0.0,0.0,0,0,50.0
2026-06-05,RTGS,Hyderabad,1,286884.98,0,0.0,0.0,0,0,34.3
2026-06-05,RTGS,Jaipur,2,1730968.8,0,0.0,0.0,0,0,46.1
2026-06-05,RTGS,Kolkata,1,695275.61,0,0.0,0.0,0,0,33.6
2026-06-05,RTGS,Mumbai,1,1187419.18,0,0.0,0.0,0,0,25.9
2026-06-05,RTGS,Pune,1,758432.55,0,0.0,0.0,0,0,32.7
2026-06-05,UPI,Ahmedabad,7,15671.74,0,0.0,0.0,0,0,21.47
2026-06-05,UPI,Bengaluru,7,25166.08,0,0.0,0.0,0,1,26.94
2026-06-05,UPI,Chennai,9,13419.98,0,0.0,0.0,0,0,23.08
2026-06-05,UPI,Delhi,7,15476.08,0,0.0,0.0,0,0,34.43
2026-06-05,UPI,Hyderabad,7,49950.25,0,0.0,0.0,0,0,29.59
2026-06-05,UPI,Jaipur,6,16322.89,0,0.0,0.0,0,0,32.72
2026-06-05,UPI,Kochi,6,14016.29,0,0.0,0.0,0,0,30.92
2026-06-05,UPI,Kolkata,4,5236.19,0,0.0,0.0,0,0,29.45
2026-06-05,UPI,Mumbai,6,40412.7,0,0.0,0.0,0,0,37.8
2026-06-05,UPI,Pune,4,13247.93,0,0.0,0.0,0,0,19.12
2026-06-06,ATM,Ahmedabad,5,21182.14,1,1177.04,20.0,0,1,36.22
2026-06-06,ATM,Bengaluru,3,14185.5,0,0.0,0.0,0,0,46.47
2026-06-06,ATM,Chennai,7,313985.7,1,305303.92,14.286,0,0,24.54
2026-06-06,ATM,Delhi,3,14465.85,0,0.0,0.0,0,0,34.27
2026-06-06,ATM,Hyderabad,4,21355.18,0,0.0,0.0,0,0,30.8
2026-06-06,ATM,Jaipur,4,7216.59,0,0.0,0.0,0,0,32.7
2026-06-06,ATM,Kochi,3,30343.25,0,0.0,0.0,0,0,46.73
2026-06-06,ATM,Kolkata,2,3794.36,0,0.0,0.0,0,0,43.45
2026-06-06,ATM,Mumbai,1,1960.83,0,0.0,0.0,0,0,38.1
2026-06-06,ATM,Pune,6,15238.18,0,0.0,0.0,0,1,29.73
2026-06-06,Branch,Chennai,1,2376.47,0,0.0,0.0,0,0,29.5
2026-06-06,Branch,Delhi,1,4903.11,0,0.0,0.0,0,0,10.7
2026-06-06,Branch,Hyderabad,2,5255.52,0,0.0,0.0,0,0,41.15
2026-06-06,Branch,Jaipur,1,78.29,1,78.29,100.0,0,1,67.4
2026-06-06,Branch,Mumbai,1,3039.22,0,0.0,0.0,0,0,18.2
2026-06-06,Branch,Pune,2,5753.13,0,0.0,0.0,0,1,52.55
2026-06-06,IMPS,Ahmedabad,1,975.2,0,0.0,0.0,0,0,22.9
2026-06-06,IMPS,Bengaluru,2,1669.16,0,0.0,0.0,0,0,24.6
2026-06-06,IMPS,Chennai,1,248.88,0,0.0,0.0,0,0,22.5
2026-06-06,IMPS,Delhi,2,9992.82,0,0.0,0.0,0,0,27.5
2026-06-06,IMPS,Hyderabad,1,1105.08,0,0.0,0.0,0,0,40.2
2026-06-06,IMPS,Kochi,2,10844.33,0,0.0,0.0,0,0,37.3
2026-06-06,IMPS,Mumbai,1,673.79,0,0.0,0.0,0,0,32.1
2026-06-06,IMPS,Pune,3,9182.25,0,0.0,0.0,0,0,28.23
2026-06-06,Internet Banking,Ahmedabad,4,31793.57,0,0.0,0.0,0,0,34.5
2026-06-06,Internet Banking,Bengaluru,10,45296.18,0,0.0,0.0,0,1,30.34
2026-06-06,Internet Banking,Chennai,5,6930.85,0,0.0,0.0,0,0,20.64
2026-06-06,Internet Banking,Delhi,4,36839.86,0,0.0,0.0,0,0,35.42
2026-06-06,Internet Banking,Hyderabad,5,15916.43,0,0.0,0.0,0,0,34.76
2026-06-06,Internet Banking,Jaipur,5,10289.56,0,0.0,0.0,0,0,23.44
2026-06-06,Internet Banking,Kochi,6,7938.28,0,0.0,0.0,0,1,44.52
2026-06-06,Internet Banking,Kolkata,3,6896.8,0,0.0,0.0,0,0,34.07
2026-06-06,Internet Banking,Pune,1,151.96,0,0.0,0.0,0,0,28.0
2026-06-06,Mobile Banking,Ahmedabad,8,13760.98,1,6081.6,12.5,0,0,28.16
2026-06-06,Mobile Banking,Bengaluru,4,5338.15,0,0.0,0.0,0,0,28.95
2026-06-06,Mobile Banking,Chennai,4,19707.92,0,0.0,0.0,0,0,44.02
2026-06-06,Mobile Banking,Delhi,3,4354.08,0,0.0,0.0,0,0,30.03
2026-06-06,Mobile Banking,Hyderabad,8,16077.7,0,0.0,0.0,0,0,33.23
2026-06-06,Mobile Banking,Jaipur,2,7910.21,0,0.0,0.0,0,0,39.3
2026-06-06,Mobile Banking,Kochi,1,12099.71,0,0.0,0.0,0,1,74.5
2026-06-06,Mobile Banking,Kolkata,3,6583.68,0,0.0,0.0,0,0,38.17
2026-06-06,Mobile Banking,Mumbai,4,10601.49,0,0.0,0.0,0,0,27.7
2026-06-06,Mobile Banking,Pune,5,26909.05,0,0.0,0.0,0,0,23.34
2026-06-06,NEFT,Ahmedabad,2,20428.89,0,0.0,0.0,0,0,26.95
2026-06-06,NEFT,Bengaluru,3,6101.58,0,0.0,0.0,0,0,33.2
2026-06-06,NEFT,Delhi,2,12858.05,0,0.0,0.0,0,0,27.5
2026-06-06,NEFT,Hyderabad,4,16089.74,0,0.0,0.0,0,0,31.1
2026-06-06,NEFT,Kochi,2,4028.45,0,0.0,0.0,0,0,32.55
2026-06-06,NEFT,Mumbai,1,1923.13,0,0.0,0.0,0,0,47.4
2026-06-06,NEFT,Pune,4,3790.28,0,0.0,0.0,0,0,26.27
2026-06-06,POS,Ahmedabad,2,5551.51,0,0.0,0.0,0,0,16.0
2026-06-06,POS,Bengaluru,4,11654.39,0,0.0,0.0,0,1,32.0
2026-06-06,POS,Chennai,4,14833.43,0,0.0,0.0,0,0,32.05
2026-06-06,POS,Delhi,4,57659.12,0,0.0,0.0,0,0,27.55
2026-06-06,POS,Hyderabad,1,1050.1,0,0.0,0.0,0,0,20.8
2026-06-06,POS,Jaipur,4,7420.86,0,0.0,0.0,0,0,29.88
2026-06-06,POS,Kochi,1,2695.74,0,0.0,0.0,0,0,32.3
2026-06-06,POS,Kolkata,3,3080.17,0,0.0,0.0,0,0,40.77
2026-06-06,POS,Mumbai,4,9084.78,0,0.0,0.0,0,0,36.23
2026-06-06,POS,Pune,3,4975.16,0,0.0,0.0,0,0,28.7
2026-06-06,RTGS,Bengaluru,1,662219.56,0,0.0,0.0,0,0,54.4
2026-06-06,RTGS,Chennai,2,1299812.74,1,112.86,50.0,0,1,62.15
2026-06-06,RTGS,Hyderabad,1,523398.18,0,0.0,0.0,0,0,35.9
2026-06-06,RTGS,Jaipur,1,1097724.29,0,0.0,0.0,0,0,29.0
2026-06-06,RTGS,Kochi,2,2007313.96,0,0.0,0.0,0,0,37.65
2026-06-06,RTGS,Mumbai,1,443560.95,0,0.0,0.0,0,0,51.6
2026-06-06,RTGS,Pune,2,2260747.2,0,0.0,0.0,0,0,44.6
2026-06-06,UPI,Ahmedabad,4,4683.25,0,0.0,0.0,0,0,30.3
2026-06-06,UPI,Bengaluru,11,23363.28,1,29.38,9.091,0,0,38.49
2026-06-06,UPI,Chennai,5,9770.31,0,0.0,0.0,0,1,29.62
2026-06-06,UPI,Delhi,5,24323.3,0,0.0,0.0,0,1,28.14
2026-06-06,UPI,Hyderabad,4,8277.42,0,0.0,0.0,0,0,25.38
2026-06-06,UPI,Jaipur,5,7550.56,0,0.0,0.0,0,0,34.48
2026-06-06,UPI,Kochi,4,8256.55,0,0.0,0.0,0,0,34.27
2026-06-06,UPI,Kolkata,6,14631.51,0,0.0,0.0,0,0,41.68
2026-06-06,UPI,Mumbai,7,27007.84,0,0.0,0.0,0,0,31.26
2026-06-06,UPI,Pune,4,18299.16,0,0.0,0.0,0,0,27.9
2026-06-07,ATM,Ahmedabad,3,7757.7,0,0.0,0.0,0,0,24.97
2026-06-07,ATM,Chennai,4,18264.17,0,0.0,0.0,0,0,35.72
2026-06-07,ATM,Delhi,2,12634.31,0,0.0,0.0,0,0,44.25
2026-06-07,ATM,Hyderabad,2,956.61,0,0.0,0.0,0,0,19.95
2026-06-07,ATM,Jaipur,2,2239.41,1,135.24,50.0,0,0,39.95
2026-06-07,ATM,Kochi,2,3300.92,0,0.0,0.0,0,0,21.45
2026-06-07,ATM,Kolkata,1,3812.57,0,0.0,0.0,0,0,57.3
2026-06-07,ATM,Mumbai,1,802.53,0,0.0,0.0,0,0,17.0
2026-06-07,ATM,Pune,1,3658.3,0,0.0,0.0,0,0,20.3
2026-06-07,Branch,Chennai,3,9393.08,0,0.0,0.0,0,0,15.9
2026-06-07,Branch,Delhi,1,2564.15,0,0.0,0.0,0,0,20.2
2026-06-07,Branch,Mumbai,1,1920.35,0,0.0,0.0,0,0,51.2
2026-06-07,Branch,Pune,2,2149.59,0,0.0,0.0,0,0,26.25
2026-06-07,IMPS,Bengaluru,1,117.27,0,0.0,0.0,0,0,29.5
2026-06-07,IMPS,Chennai,2,14732.99,0,0.0,0.0,0,0,37.7
2026-06-07,IMPS,Delhi,4,9198.79,0,0.0,0.0,0,0,21.43
2026-06-07,IMPS,Hyderabad,3,15210.17,0,0.0,0.0,0,0,36.47
2026-06-07,IMPS,Jaipur,3,25405.1,0,0.0,0.0,0,0,37.73
2026-06-07,IMPS,Kochi,1,2437.22,0,0.0,0.0,0,0,28.6
2026-06-07,IMPS,Kolkata,1,3661.15,0,0.0,0.0,0,0,36.2
2026-06-07,IMPS,Mumbai,5,22579.92,0,0.0,0.0,0,0,28.0
2026-06-07,IMPS,Pune,1,2703.17,0,0.0,0.0,0,0,20.7
2026-06-07,Internet Banking,Ahmedabad,3,3885.25,0,0.0,0.0,0,0,32.8
2026-06-07,Internet Banking,Bengaluru,5,7564.68,0,0.0,0.0,0,0,36.4
2026-06-07,Internet Banking,Chennai,6,15376.62,0,0.0,0.0,0,0,41.03
2026-06-07,Internet Banking,Delhi,3,4520.81,0,0.0,0.0,0,0,31.93
2026-06-07,Internet Banking,Hyderabad,3,4572.79,0,0.0,0.0,0,0,12.97
2026-06-07,Internet Banking,Jaipur,3,3898.23,0,0.0,0.0,0,0,43.63
2026-06-07,Internet Banking,Kochi,1,7331.69,0,0.0,0.0,0,0,50.3
2026-06-07,Internet Banking,Kolkata,3,4569.31,0,0.0,0.0,0,0,34.43
2026-06-07,Internet Banking,Mumbai,3,6344.89,0,0.0,0.0,0,0,34.23
2026-06-07,Internet Banking,Pune,3,8801.84,0,0.0,0.0,0,0,19.83
2026-06-07,Mobile Banking,Ahmedabad,4,6614.7,0,0.0,0.0,0,0,22.9
2026-06-07,Mobile Banking,Bengaluru,2,4832.69,0,0.0,0.0,0,0,36.55
2026-06-07,Mobile Banking,Chennai,4,9001.34,1,1207.76,25.0,0,0,37.15
2026-06-07,Mobile Banking,Delhi,6,23716.14,0,0.0,0.0,0,0,35.22
2026-06-07,Mobile Banking,Hyderabad,4,11993.2,0,0.0,0.0,0,0,23.5
2026-06-07,Mobile Banking,Jaipur,2,1803.7,0,0.0,0.0,0,0,30.5
2026-06-07,Mobile Banking,Kochi,6,9675.53,0,0.0,0.0,0,0,26.4
2026-06-07,Mobile Banking,Kolkata,3,13597.66,0,0.0,0.0,0,0,29.03
2026-06-07,Mobile Banking,Mumbai,9,22796.36,0,0.0,0.0,0,0,30.57
2026-06-07,Mobile Banking,Pune,3,12352.9,0,0.0,0.0,0,0,42.1
2026-06-07,NEFT,Ahmedabad,2,8652.57,0,0.0,0.0,0,0,46.25
2026-06-07,NEFT,Chennai,5,16328.39,0,0.0,0.0,0,0,35.52
2026-06-07,NEFT,Delhi,1,2819.74,0,0.0,0.0,0,0,16.3
2026-06-07,NEFT,Hyderabad,5,8183.31,0,0.0,0.0,0,0,22.1
2026-06-07,NEFT,Kochi,1,3225.63,0,0.0,0.0,0,0,35.9
2026-06-07,NEFT,Kolkata,2,3297.41,0,0.0,0.0,0,0,23.05
2026-06-07,NEFT,Mumbai,1,459.57,0,0.0,0.0,0,0,27.4
2026-06-07,POS,Ahmedabad,4,8317.72,0,0.0,0.0,0,0,23.93
2026-06-07,POS,Bengaluru,6,20793.0,0,0.0,0.0,0,0,29.03
2026-06-07,POS,Chennai,4,11325.11,0,0.0,0.0,0,0,44.95
2026-06-07,POS,Delhi,6,7304.8,0,0.0,0.0,0,0,40.22
2026-06-07,POS,Hyderabad,5,14606.62,0,0.0,0.0,0,0,27.06
2026-06-07,POS,Jaipur,4,5280.37,0,0.0,0.0,0,0,32.35
2026-06-07,POS,Kochi,7,35159.13,0,0.0,0.0,0,0,28.93
2026-06-07,POS,Kolkata,4,31580.88,0,0.0,0.0,0,0,33.4
2026-06-07,POS,Mumbai,3,18648.28,0,0.0,0.0,0,0,28.83
2026-06-07,POS,Pune,4,13719.32,0,0.0,0.0,0,0,35.8
2026-06-07,RTGS,Ahmedabad,1,1298329.5,0,0.0,0.0,0,0,59.6
2026-06-07,RTGS,Chennai,2,2066822.67,0,0.0,0.0,0,0,46.05
2026-06-07,RTGS,Hyderabad,1,313562.56,0,0.0,0.0,0,0,27.9
2026-06-07,RTGS,Kochi,1,1066465.83,0,0.0,0.0,0,0,29.5
2026-06-07,RTGS,Mumbai,1,1488841.81,0,0.0,0.0,0,0,29.4
2026-06-07,RTGS,Pune,1,739242.23,0,0.0,0.0,0,0,47.7
2026-06-07,UPI,Ahmedabad,6,9929.84,0,0.0,0.0,0,0,31.72
2026-06-07,UPI,Bengaluru,3,7935.81,0,0.0,0.0,0,0,31.47
2026-06-07,UPI,Chennai,9,21203.99,0,0.0,0.0,0,1,35.46
2026-06-07,UPI,Delhi,2,3548.41,0,0.0,0.0,0,0,28.2
2026-06-07,UPI,Hyderabad,9,21174.14,0,0.0,0.0,0,0,29.58
2026-06-07,UPI,Jaipur,2,6108.18,0,0.0,0.0,0,0,16.3
2026-06-07,UPI,Kochi,5,8211.16,0,0.0,0.0,0,0,33.92
2026-06-07,UPI,Kolkata,5,19776.01,0,0.0,0.0,0,0,29.34
2026-06-07,UPI,Mumbai,7,18922.54,0,0.0,0.0,0,0,27.67
2026-06-07,UPI,Pune,7,22295.45,1,423.02,14.286,0,0,35.6
2026-06-08,ATM,Ahmedabad,1,18885.99,0,0.0,0.0,0,0,48.5
2026-06-08,ATM,Bengaluru,4,6737.13,0,0.0,0.0,0,0,39.17
2026-06-08,ATM,Chennai,4,11779.24,0,0.0,0.0,0,0,24.55
2026-06-08,ATM,Delhi,1,11812.22,0,0.0,0.0,0,0,29.3
2026-06-08,ATM,Hyderabad,4,5311.5,0,0.0,0.0,0,0,38.62
2026-06-08,ATM,Jaipur,1,512.04,0,0.0,0.0,0,0,40.4
2026-06-08,ATM,Kochi,4,2402.63,0,0.0,0.0,0,0,22.27
2026-06-08,ATM,Kolkata,5,58535.37,0,0.0,0.0,0,0,28.6
2026-06-08,ATM,Mumbai,2,4905.41,0,0.0,0.0,0,0,31.2
2026-06-08,ATM,Pune,2,3685.65,0,0.0,0.0,0,0,23.8
2026-06-08,Branch,Ahmedabad,1,1400.18,0,0.0,0.0,0,0,13.5
2026-06-08,Branch,Bengaluru,1,1342.88,0,0.0,0.0,0,0,38.6
2026-06-08,Branch,Delhi,1,1763.23,0,0.0,0.0,0,1,77.4
2026-06-08,Branch,Jaipur,1,2783.62,0,0.0,0.0,0,0,30.2
2026-06-08,IMPS,Ahmedabad,2,1973.49,0,0.0,0.0,0,0,25.6
2026-06-08,IMPS,Bengaluru,4,5472.02,0,0.0,0.0,0,0,21.85
2026-06-08,IMPS,Chennai,3,1820.58,0,0.0,0.0,0,0,28.87
2026-06-08,IMPS,Delhi,3,3219.38,0,0.0,0.0,0,0,23.73
2026-06-08,IMPS,Hyderabad,1,958.29,0,0.0,0.0,0,0,53.1
2026-06-08,IMPS,Jaipur,3,5689.19,0,0.0,0.0,0,0,32.2
2026-06-08,IMPS,Kochi,1,47014.23,0,0.0,0.0,0,0,36.1
2026-06-08,IMPS,Kolkata,1,8027.39,0,0.0,0.0,0,0,35.5
2026-06-08,IMPS,Mumbai,1,3207.61,0,0.0,0.0,0,0,43.4
2026-06-08,IMPS,Pune,2,822.76,0,0.0,0.0,0,0,29.25
2026-06-08,Internet Banking,Ahmedabad,4,4812.71,0,0.0,0.0,0,0,32.45
2026-06-08,Internet Banking,Bengaluru,5,8724.11,0,0.0,0.0,0,0,30.88
2026-06-08,Internet Banking,Chennai,3,5043.05,0,0.0,0.0,0,0,26.43
2026-06-08,Internet Banking,Delhi,4,32467.35,0,0.0,0.0,0,0,27.1
2026-06-08,Internet Banking,Hyderabad,3,8117.09,0,0.0,0.0,0,0,23.5
2026-06-08,Internet Banking,Jaipur,5,118218.35,1,108192.48,20.0,1,0,40.04
2026-06-08,Internet Banking,Kochi,1,3231.17,0,0.0,0.0,0,0,54.4
2026-06-08,Internet Banking,Kolkata,3,15753.39,0,0.0,0.0,0,0,35.87
2026-06-08,Internet Banking,Mumbai,5,7906.02,0,0.0,0.0,0,0,24.5
2026-06-08,Internet Banking,Pune,4,18683.33,0,0.0,0.0,0,0,38.55
2026-06-08,Mobile Banking,Ahmedabad,5,184884.69,1,171806.51,20.0,0,0,34.24
2026-06-08,Mobile Banking,Bengaluru,5,14998.16,0,0.0,0.0,0,1,40.06
2026-06-08,Mobile Banking,Chennai,8,16071.96,0,0.0,0.0,0,0,30.08
2026-06-08,Mobile Banking,Delhi,3,3410.93,0,0.0,0.0,0,0,18.77
2026-06-08,Mobile Banking,Hyderabad,5,14174.2,0,0.0,0.0,0,0,23.12
2026-06-08,Mobile Banking,Jaipur,4,22446.15,0,0.0,0.0,0,0,35.78
2026-06-08,Mobile Banking,Kochi,5,6415.9,0,0.0,0.0,0,0,31.84
2026-06-08,Mobile Banking,Kolkata,2,8423.22,0,0.0,0.0,0,0,31.2
2026-06-08,Mobile Banking,Mumbai,3,8409.76,0,0.0,0.0,0,0,21.73
2026-06-08,Mobile Banking,Pune,4,10116.65,0,0.0,0.0,0,0,37.08
2026-06-08,NEFT,Ahmedabad,1,1610.29,0,0.0,0.0,0,0,20.5
2026-06-08,NEFT,Chennai,3,20250.77,1,9007.69,33.333,0,2,58.7
2026-06-08,NEFT,Hyderabad,1,1301.19,0,0.0,0.0,0,0,12.8
2026-06-08,NEFT,Jaipur,3,2524.17,1,1453.82,33.333,1,0,40.37
2026-06-08,NEFT,Kochi,3,200341.71,1,194062.09,33.333,0,0,38.43
2026-06-08,NEFT,Kolkata,3,6087.13,0,0.0,0.0,0,0,22.57
2026-06-08,NEFT,Mumbai,1,403.15,0,0.0,0.0,0,0,27.5
2026-06-08,NEFT,Pune,1,4785.92,0,0.0,0.0,0,0,21.5
2026-06-08,POS,Ahmedabad,1,2605.05,0,0.0,0.0,0,0,19.2
2026-06-08,POS,Bengaluru,4,10178.79,0,0.0,0.0,0,0,38.43
2026-06-08,POS,Chennai,4,12929.02,0,0.0,0.0,0,0,24.23
2026-06-08,POS,Delhi,3,3647.11,0,0.0,0.0,0,0,33.0
2026-06-08,POS,Hyderabad,8,41566.34,0,0.0,0.0,0,0,26.66
2026-06-08,POS,Jaipur,3,6001.52,0,0.0,0.0,0,0,31.9
2026-06-08,POS,Kochi,1,700.91,0,0.0,0.0,0,0,52.0
2026-06-08,POS,Kolkata,5,6923.49,0,0.0,0.0,0,0,33.24
2026-06-08,POS,Mumbai,3,8200.21,0,0.0,0.0,0,0,43.0
2026-06-08,POS,Pune,4,6703.79,0,0.0,0.0,0,0,23.0
2026-06-08,RTGS,Ahmedabad,4,4459696.83,0,0.0,0.0,0,0,42.93
2026-06-08,RTGS,Delhi,1,827453.29,0,0.0,0.0,0,0,55.3
2026-06-08,RTGS,Jaipur,3,2921697.05,0,0.0,0.0,0,0,34.23
2026-06-08,RTGS,Kochi,1,1325903.21,0,0.0,0.0,0,0,45.8
2026-06-08,RTGS,Mumbai,2,2115170.37,0,0.0,0.0,0,0,44.3
2026-06-08,UPI,Ahmedabad,6,36981.33,0,0.0,0.0,0,0,29.73
2026-06-08,UPI,Bengaluru,6,8774.53,0,0.0,0.0,0,0,19.38
2026-06-08,UPI,Chennai,9,23384.27,0,0.0,0.0,0,0,31.69
2026-06-08,UPI,Delhi,8,22368.1,0,0.0,0.0,0,0,37.84
2026-06-08,UPI,Hyderabad,8,30961.27,0,0.0,0.0,0,0,34.62
2026-06-08,UPI,Jaipur,4,21819.51,0,0.0,0.0,0,0,36.3
2026-06-08,UPI,Kochi,5,23931.34,0,0.0,0.0,0,0,28.96
2026-06-08,UPI,Kolkata,7,11329.56,0,0.0,0.0,0,0,20.67
2026-06-08,UPI,Mumbai,8,43420.82,0,0.0,0.0,0,1,34.51
2026-06-08,UPI,Pune,7,11797.01,0,0.0,0.0,0,0,26.51
2026-06-09,ATM,Ahmedabad,3,3400.41,0,0.0,0.0,0,0,26.07
2026-06-09,ATM,Bengaluru,3,13497.3,0,0.0,0.0,0,0,27.57
2026-06-09,ATM,Chennai,1,970.81,0,0.0,0.0,0,0,13.1
2026-06-09,ATM,Delhi,4,10629.35,0,0.0,0.0,0,0,31.22
2026-06-09,ATM,Hyderabad,3,7721.59,0,0.0,0.0,0,0,35.13
2026-06-09,ATM,Jaipur,2,2768.29,0,0.0,0.0,0,0,30.75
2026-06-09,ATM,Kochi,2,8216.84,0,0.0,0.0,0,0,43.6
2026-06-09,ATM,Kolkata,3,15853.06,0,0.0,0.0,0,0,32.07
2026-06-09,ATM,Mumbai,3,6550.01,0,0.0,0.0,0,0,21.67
2026-06-09,ATM,Pune,2,24317.97,0,0.0,0.0,0,0,29.7
2026-06-09,Branch,Chennai,2,2507.09,0,0.0,0.0,0,0,33.45
2026-06-09,Branch,Delhi,2,3033.86,0,0.0,0.0,0,0,22.85
2026-06-09,Branch,Hyderabad,1,2482.75,0,0.0,0.0,0,0,20.6
2026-06-09,Branch,Kolkata,4,11625.55,0,0.0,0.0,0,0,31.12
2026-06-09,Branch,Pune,4,19073.39,0,0.0,0.0,0,0,24.6
2026-06-09,IMPS,Ahmedabad,3,12975.74,0,0.0,0.0,0,0,30.87
2026-06-09,IMPS,Bengaluru,4,5129.37,0,0.0,0.0,0,0,34.0
2026-06-09,IMPS,Delhi,2,4289.05,0,0.0,0.0,0,0,22.1
2026-06-09,IMPS,Hyderabad,2,1157.17,0,0.0,0.0,0,0,24.75
2026-06-09,IMPS,Kochi,2,4868.85,0,0.0,0.0,0,0,31.5
2026-06-09,IMPS,Kolkata,4,7412.35,0,0.0,0.0,0,0,20.27
2026-06-09,IMPS,Mumbai,2,3311.67,0,0.0,0.0,0,0,6.15
2026-06-09,IMPS,Pune,4,4174.14,0,0.0,0.0,0,0,29.15
2026-06-09,Internet Banking,Ahmedabad,3,13081.0,0,0.0,0.0,0,0,22.4
2026-06-09,Internet Banking,Bengaluru,4,6903.77,0,0.0,0.0,0,0,26.2
2026-06-09,Internet Banking,Chennai,6,10702.53,0,0.0,0.0,0,0,23.47
2026-06-09,Internet Banking,Delhi,1,1362.92,0,0.0,0.0,0,0,36.7
2026-06-09,Internet Banking,Hyderabad,3,14595.59,0,0.0,0.0,0,0,29.43
2026-06-09,Internet Banking,Jaipur,3,12375.83,0,0.0,0.0,0,0,32.07
2026-06-09,Internet Banking,Kochi,2,3527.84,0,0.0,0.0,0,0,28.25
2026-06-09,Internet Banking,Kolkata,2,8666.59,0,0.0,0.0,0,0,44.85
2026-06-09,Internet Banking,Mumbai,3,11620.11,0,0.0,0.0,0,0,42.67
2026-06-09,Internet Banking,Pune,3,5272.79,0,0.0,0.0,0,0,28.37
2026-06-09,Mobile Banking,Ahmedabad,5,17599.83,0,0.0,0.0,0,0,21.54
2026-06-09,Mobile Banking,Bengaluru,2,2578.26,0,0.0,0.0,0,0,29.1
2026-06-09,Mobile Banking,Chennai,5,11503.88,0,0.0,0.0,0,0,24.62
2026-06-09,Mobile Banking,Delhi,4,47603.37,0,0.0,0.0,0,1,36.23
2026-06-09,Mobile Banking,Hyderabad,7,15801.86,0,0.0,0.0,0,0,27.86
2026-06-09,Mobile Banking,Jaipur,6,204922.88,1,194546.34,16.667,1,0,43.33
2026-06-09,Mobile Banking,Kochi,3,3765.79,0,0.0,0.0,0,0,30.33
2026-06-09,Mobile Banking,Kolkata,4,7787.21,0,0.0,0.0,0,0,21.7
2026-06-09,Mobile Banking,Mumbai,8,34120.42,0,0.0,0.0,0,0,25.2
2026-06-09,Mobile Banking,Pune,7,9569.51,0,0.0,0.0,0,0,25.27
2026-06-09,NEFT,Ahmedabad,2,2098.12,0,0.0,0.0,0,0,27.0
2026-06-09,NEFT,Bengaluru,2,8425.33,0,0.0,0.0,0,0,49.3
2026-06-09,NEFT,Delhi,2,2478.81,0,0.0,0.0,0,0,30.05
2026-06-09,NEFT,Hyderabad,3,2936.36,0,0.0,0.0,0,0,20.73
2026-06-09,NEFT,Jaipur,4,4161.93,0,0.0,0.0,0,0,19.4
2026-06-09,NEFT,Kochi,3,8431.93,0,0.0,0.0,0,0,39.63
2026-06-09,NEFT,Kolkata,1,3259.68,0,0.0,0.0,0,0,22.3
2026-06-09,NEFT,Mumbai,4,19285.54,0,0.0,0.0,0,0,34.65
2026-06-09,NEFT,Pune,3,10099.33,0,0.0,0.0,0,0,23.6
2026-06-09,POS,Ahmedabad,4,6143.3,0,0.0,0.0,0,0,25.48
2026-06-09,POS,Bengaluru,3,6072.15,0,0.0,0.0,0,0,28.93
2026-06-09,POS,Chennai,2,3892.15,0,0.0,0.0,0,0,42.65
2026-06-09,POS,Delhi,4,6266.45,0,0.0,0.0,0,0,32.05
2026-06-09,POS,Hyderabad,4,8892.6,0,0.0,0.0,0,0,36.82
2026-06-09,POS,Jaipur,3,12973.1,0,0.0,0.0,0,0,21.8
2026-06-09,POS,Kochi,8,22717.49,0,0.0,0.0,0,0,22.21
2026-06-09,POS,Kolkata,3,2816.75,0,0.0,0.0,0,0,23.9
2026-06-09,POS,Mumbai,5,13663.97,0,0.0,0.0,0,1,37.34
2026-06-09,RTGS,Ahmedabad,3,2843606.17,0,0.0,0.0,0,0,36.67
2026-06-09,RTGS,Bengaluru,1,760650.96,0,0.0,0.0,0,0,34.4
2026-06-09,RTGS,Chennai,2,2010852.83,0,0.0,0.0,0,0,38.35
2026-06-09,RTGS,Delhi,2,1030581.82,0,0.0,0.0,0,0,37.15
2026-06-09,RTGS,Hyderabad,2,1253742.13,0,0.0,0.0,0,0,41.65
2026-06-09,RTGS,Kochi,3,2431935.22,0,0.0,0.0,0,0,48.47
2026-06-09,RTGS,Kolkata,3,2163354.83,0,0.0,0.0,0,0,32.77
2026-06-09,RTGS,Mumbai,4,4358198.71,0,0.0,0.0,0,2,63.72
2026-06-09,RTGS,Pune,1,866822.59,0,0.0,0.0,0,0,32.8
2026-06-09,UPI,Ahmedabad,7,20614.19,0,0.0,0.0,0,0,31.96
2026-06-09,UPI,Bengaluru,6,11799.32,0,0.0,0.0,0,0,23.05
2026-06-09,UPI,Chennai,7,272977.03,1,265110.25,14.286,0,1,33.03
2026-06-09,UPI,Delhi,5,11369.02,0,0.0,0.0,0,0,27.24
2026-06-09,UPI,Hyderabad,10,25462.16,0,0.0,0.0,0,0,30.77
2026-06-09,UPI,Jaipur,6,11192.43,0,0.0,0.0,0,0,31.25
2026-06-09,UPI,Kochi,4,8500.44,0,0.0,0.0,0,0,30.0
2026-06-09,UPI,Kolkata,3,10037.59,0,0.0,0.0,0,0,36.4
2026-06-09,UPI,Mumbai,8,27787.56,0,0.0,0.0,0,0,46.23
2026-06-09,UPI,Pune,4,16048.74,0,0.0,0.0,0,1,39.52
2026-06-10,ATM,Ahmedabad,5,19028.86,0,0.0,0.0,0,0,37.9
2026-06-10,ATM,Bengaluru,3,11245.67,0,0.0,0.0,0,0,29.53
2026-06-10,ATM,Chennai,2,1604.92,0,0.0,0.0,0,0,24.05
2026-06-10,ATM,Delhi,3,9212.52,0,0.0,0.0,0,0,26.93
2026-06-10,ATM,Hyderabad,3,4942.05,0,0.0,0.0,0,0,19.53
2026-06-10,ATM,Jaipur,2,4704.05,0,0.0,0.0,0,1,41.3
2026-06-10,ATM,Kochi,2,579778.95,1,561297.4,50.0,0,0,31.05
2026-06-10,ATM,Kolkata,4,14230.47,0,0.0,0.0,0,1,40.6
2026-06-10,ATM,Mumbai,5,3149.46,0,0.0,0.0,0,0,14.54
2026-06-10,ATM,Pune,2,373.58,0,0.0,0.0,0,0,20.25
2026-06-10,Branch,Ahmedabad,1,1090.46,0,0.0,0.0,0,0,35.4
2026-06-10,Branch,Bengaluru,1,331649.64,1,331649.64,100.0,0,1,70.0
2026-06-10,Branch,Delhi,1,671.86,0,0.0,0.0,0,0,33.8
2026-06-10,Branch,Hyderabad,1,1080.82,0,0.0,0.0,0,0,31.4
2026-06-10,Branch,Jaipur,1,667.89,0,0.0,0.0,0,0,38.7
2026-06-10,Branch,Kochi,2,11634.81,0,0.0,0.0,0,0,33.65
2026-06-10,Branch,Pune,1,3225.8,0,0.0,0.0,0,0,19.9
2026-06-10,IMPS,Ahmedabad,5,11563.05,0,0.0,0.0,0,0,22.32
2026-06-10,IMPS,Bengaluru,2,656.86,0,0.0,0.0,0,0,28.75
2026-06-10,IMPS,Chennai,2,2413.76,0,0.0,0.0,0,0,17.0
2026-06-10,IMPS,Delhi,2,3346.14,0,0.0,0.0,0,0,29.15
2026-06-10,IMPS,Hyderabad,6,9909.39,0,0.0,0.0,0,0,34.08
2026-06-10,IMPS,Jaipur,2,4017.62,0,0.0,0.0,0,0,34.9
2026-06-10,IMPS,Kochi,5,9345.23,0,0.0,0.0,0,0,15.9
2026-06-10,IMPS,Kolkata,4,5884.67,0,0.0,0.0,0,0,34.42
2026-06-10,IMPS,Mumbai,1,521.91,0,0.0,0.0,0,0,26.8
2026-06-10,IMPS,Pune,5,22264.48,0,0.0,0.0,0,0,27.88
2026-06-10,Internet Banking,Ahmedabad,2,6768.61,0,0.0,0.0,0,0,21.5
2026-06-10,Internet Banking,Bengaluru,2,3183.15,0,0.0,0.0,0,0,29.55
2026-06-10,Internet Banking,Chennai,4,10926.17,0,0.0,0.0,0,0,25.88
2026-06-10,Internet Banking,Delhi,4,46080.1,0,0.0,0.0,0,0,28.2
2026-06-10,Internet Banking,Hyderabad,4,4632.24,0,0.0,0.0,0,0,15.8
2026-06-10,Internet Banking,Jaipur,4,10417.48,0,0.0,0.0,0,0,31.75
2026-06-10,Internet Banking,Kochi,2,2341.87,0,0.0,0.0,0,0,37.0
2026-06-10,Internet Banking,Kolkata,2,6311.94,0,0.0,0.0,0,0,28.45
2026-06-10,Internet Banking,Mumbai,3,2570.83,0,0.0,0.0,0,0,20.73
2026-06-10,Internet Banking,Pune,7,15879.53,0,0.0,0.0,0,0,34.9
2026-06-10,Mobile Banking,Ahmedabad,7,15896.11,0,0.0,0.0,0,0,22.77
2026-06-10,Mobile Banking,Bengaluru,6,9614.02,0,0.0,0.0,0,0,26.85
2026-06-10,Mobile Banking,Chennai,6,25630.22,0,0.0,0.0,0,1,31.25
2026-06-10,Mobile Banking,Delhi,3,8971.21,0,0.0,0.0,0,0,26.8
2026-06-10,Mobile Banking,Hyderabad,8,24786.17,1,15195.0,12.5,0,0,31.33
2026-06-10,Mobile Banking,Jaipur,1,1127.76,0,0.0,0.0,0,0,11.4
2026-06-10,Mobile Banking,Kochi,9,15929.93,0,0.0,0.0,0,0,24.81
2026-06-10,Mobile Banking,Kolkata,8,28257.88,0,0.0,0.0,0,0,28.99
2026-06-10,Mobile Banking,Mumbai,2,4676.67,0,0.0,0.0,0,0,20.2
2026-06-10,Mobile Banking,Pune,6,7996.37,0,0.0,0.0,0,0,18.1
2026-06-10,NEFT,Bengaluru,1,10348.03,0,0.0,0.0,0,1,71.4
2026-06-10,NEFT,Chennai,1,1147.86,0,0.0,0.0,0,0,26.7
2026-06-10,NEFT,Delhi,2,6167.01,0,0.0,0.0,0,0,35.8
2026-06-10,NEFT,Hyderabad,3,22615.07,0,0.0,0.0,0,0,35.43
2026-06-10,NEFT,Jaipur,4,10199.58,0,0.0,0.0,0,0,33.52
2026-06-10,NEFT,Kochi,3,5368.67,0,0.0,0.0,0,0,34.43
2026-06-10,NEFT,Mumbai,3,3090.61,0,0.0,0.0,0,0,30.4
2026-06-10,POS,Ahmedabad,5,19926.5,0,0.0,0.0,0,0,27.96
2026-06-10,POS,Bengaluru,9,33283.41,0,0.0,0.0,0,0,30.57
2026-06-10,POS,Chennai,2,4955.86,0,0.0,0.0,0,0,23.35
2026-06-10,POS,Delhi,3,12539.46,0,0.0,0.0,0,0,34.87
2026-06-10,POS,Hyderabad,3,7646.67,0,0.0,0.0,0,0,25.73
2026-06-10,POS,Jaipur,3,19268.05,0,0.0,0.0,0,0,21.63
2026-06-10,POS,Kochi,3,7457.09,0,0.0,0.0,0,0,43.23
2026-06-10,POS,Kolkata,1,2153.4,0,0.0,0.0,0,0,45.0
2026-06-10,POS,Mumbai,4,5028.3,0,0.0,0.0,0,0,26.9
2026-06-10,POS,Pune,3,23934.93,0,0.0,0.0,0,0,21.77
2026-06-10,RTGS,Bengaluru,2,1671375.71,0,0.0,0.0,0,0,33.2
2026-06-10,RTGS,Chennai,2,1606900.52,0,0.0,0.0,0,0,26.2
2026-06-10,RTGS,Kochi,1,1092537.55,0,0.0,0.0,0,0,54.2
2026-06-10,RTGS,Mumbai,1,1088055.64,0,0.0,0.0,0,0,29.6
2026-06-10,UPI,Ahmedabad,8,37378.21,1,4445.54,12.5,0,1,44.43
2026-06-10,UPI,Bengaluru,3,3489.49,0,0.0,0.0,0,0,22.1
2026-06-10,UPI,Chennai,9,239760.45,1,221589.97,11.111,1,0,36.79
2026-06-10,UPI,Delhi,7,28382.31,1,15726.96,14.286,0,1,47.21
2026-06-10,UPI,Hyderabad,4,3659.38,0,0.0,0.0,0,0,26.68
2026-06-10,UPI,Jaipur,4,7902.78,0,0.0,0.0,0,0,21.08
2026-06-10,UPI,Kochi,6,309536.43,1,296748.92,16.667,1,0,43.13
2026-06-10,UPI,Kolkata,5,31008.18,0,0.0,0.0,0,0,39.1
2026-06-10,UPI,Mumbai,4,6890.47,0,0.0,0.0,0,0,22.22
2026-06-10,UPI,Pune,7,15854.05,0,0.0,0.0,0,0,32.89
2026-06-11,ATM,Ahmedabad,5,39850.2,0,0.0,0.0,0,0,28.54
2026-06-11,ATM,Bengaluru,2,1919.62,0,0.0,0.0,0,0,21.9
2026-06-11,ATM,Chennai,4,11215.31,0,0.0,0.0,0,0,36.0
2026-06-11,ATM,Delhi,2,5759.75,0,0.0,0.0,0,0,19.25
2026-06-11,ATM,Jaipur,5,27551.42,0,0.0,0.0,0,0,33.86
2026-06-11,ATM,Kochi,5,17749.11,0,0.0,0.0,0,1,40.34
2026-06-11,ATM,Kolkata,5,17008.96,0,0.0,0.0,0,0,35.7
2026-06-11,ATM,Mumbai,4,9180.12,0,0.0,0.0,0,0,23.35
2026-06-11,ATM,Pune,1,2589.94,0,0.0,0.0,0,0,44.3
2026-06-11,Branch,Ahmedabad,3,11408.6,0,0.0,0.0,0,0,27.73
2026-06-11,Branch,Chennai,1,2807.13,0,0.0,0.0,0,0,48.0
2026-06-11,Branch,Mumbai,3,3342.07,0,0.0,0.0,0,0,19.63
2026-06-11,Branch,Pune,2,4405.7,0,0.0,0.0,0,0,33.1
2026-06-11,IMPS,Ahmedabad,4,4912.89,0,0.0,0.0,0,0,13.35
2026-06-11,IMPS,Chennai,3,3069.77,0,0.0,0.0,0,0,29.67
2026-06-11,IMPS,Delhi,2,30410.68,0,0.0,0.0,0,0,23.1
2026-06-11,IMPS,Hyderabad,3,7291.59,0,0.0,0.0,0,0,33.73
2026-06-11,IMPS,Jaipur,6,9911.36,0,0.0,0.0,0,0,20.12
2026-06-11,IMPS,Kochi,3,18796.79,0,0.0,0.0,0,0,28.93
2026-06-11,IMPS,Kolkata,1,2175.35,0,0.0,0.0,0,0,39.1
2026-06-11,IMPS,Mumbai,1,958.25,0,0.0,0.0,0,0,36.2
2026-06-11,IMPS,Pune,2,3562.97,0,0.0,0.0,0,0,49.55
2026-06-11,Internet Banking,Ahmedabad,1,5769.91,0,0.0,0.0,0,0,25.3
2026-06-11,Internet Banking,Bengaluru,3,11040.03,0,0.0,0.0,0,0,14.2
2026-06-11,Internet Banking,Chennai,3,30554.01,0,0.0,0.0,0,0,33.7
2026-06-11,Internet Banking,Delhi,2,58221.72,0,0.0,0.0,0,0,23.75
2026-06-11,Internet Banking,Hyderabad,4,7124.75,0,0.0,0.0,0,0,31.3
2026-06-11,Internet Banking,Jaipur,1,1270.42,0,0.0,0.0,0,0,34.8
2026-06-11,Internet Banking,Kochi,4,5660.48,0,0.0,0.0,0,0,38.98
2026-06-11,Internet Banking,Kolkata,3,12271.29,0,0.0,0.0,0,0,16.33
2026-06-11,Internet Banking,Mumbai,1,1320.75,0,0.0,0.0,0,0,20.3
2026-06-11,Internet Banking,Pune,4,13825.05,0,0.0,0.0,0,1,36.95
2026-06-11,Mobile Banking,Ahmedabad,6,23930.72,0,0.0,0.0,0,0,27.3
2026-06-11,Mobile Banking,Bengaluru,4,15425.18,0,0.0,0.0,0,0,36.05
2026-06-11,Mobile Banking,Chennai,7,8033.94,0,0.0,0.0,0,0,31.0
2026-06-11,Mobile Banking,Delhi,2,3336.76,0,0.0,0.0,0,0,27.55
2026-06-11,Mobile Banking,Hyderabad,1,289.08,0,0.0,0.0,0,0,38.0
2026-06-11,Mobile Banking,Jaipur,2,3211.34,0,0.0,0.0,0,0,29.6
2026-06-11,Mobile Banking,Kochi,6,8714.05,0,0.0,0.0,0,1,29.1
2026-06-11,Mobile Banking,Kolkata,4,4173.65,0,0.0,0.0,0,0,29.68
2026-06-11,Mobile Banking,Mumbai,3,4240.03,0,0.0,0.0,0,0,29.6
2026-06-11,Mobile Banking,Pune,4,7798.6,0,0.0,0.0,0,0,27.95
2026-06-11,NEFT,Ahmedabad,1,3462.19,0,0.0,0.0,0,0,58.8
2026-06-11,NEFT,Bengaluru,4,21428.47,0,0.0,0.0,0,1,42.1
2026-06-11,NEFT,Chennai,2,3070.61,0,0.0,0.0,0,0,18.75
2026-06-11,NEFT,Delhi,1,13603.94,0,0.0,0.0,0,0,26.0
2026-06-11,NEFT,Hyderabad,1,163.22,0,0.0,0.0,0,0,14.7
2026-06-11,NEFT,Jaipur,2,1390.22,0,0.0,0.0,0,0,36.2
2026-06-11,NEFT,Kochi,3,1485.93,0,0.0,0.0,0,0,17.97
2026-06-11,NEFT,Kolkata,1,400.82,0,0.0,0.0,0,0,26.9
2026-06-11,NEFT,Pune,4,488353.22,1,486534.15,25.0,0,1,31.32
2026-06-11,POS,Ahmedabad,6,5629.35,1,355.42,16.667,1,0,42.17
2026-06-11,POS,Bengaluru,5,8138.0,0,0.0,0.0,0,0,31.5
2026-06-11,POS,Chennai,4,5345.43,0,0.0,0.0,0,0,22.93
2026-06-11,POS,Delhi,9,18793.85,0,0.0,0.0,0,0,30.6
2026-06-11,POS,Hyderabad,5,8977.22,0,0.0,0.0,0,0,34.5
2026-06-11,POS,Jaipur,2,4448.53,0,0.0,0.0,0,0,20.25
2026-06-11,POS,Kochi,5,15022.08,0,0.0,0.0,0,0,21.84
2026-06-11,POS,Kolkata,2,2040.03,0,0.0,0.0,0,0,35.8
2026-06-11,POS,Mumbai,1,3722.78,0,0.0,0.0,0,1,69.4
2026-06-11,POS,Pune,5,26587.32,0,0.0,0.0,0,0,40.76
2026-06-11,RTGS,Ahmedabad,4,2608709.45,0,0.0,0.0,0,0,37.6
2026-06-11,RTGS,Bengaluru,6,3627415.56,0,0.0,0.0,0,1,52.0
2026-06-11,RTGS,Delhi,3,2722939.35,0,0.0,0.0,0,0,41.1
2026-06-11,RTGS,Jaipur,3,2330084.49,0,0.0,0.0,0,0,43.37
2026-06-11,RTGS,Kochi,1,401167.84,0,0.0,0.0,0,0,47.8
2026-06-11,RTGS,Kolkata,3,3078934.89,0,0.0,0.0,0,0,44.73
2026-06-11,RTGS,Pune,2,1052146.07,0,0.0,0.0,0,0,29.75
2026-06-11,UPI,Ahmedabad,11,29505.62,0,0.0,0.0,0,0,32.27
2026-06-11,UPI,Bengaluru,5,12786.74,0,0.0,0.0,0,0,34.14
2026-06-11,UPI,Chennai,7,9270.16,0,0.0,0.0,0,0,30.11
2026-06-11,UPI,Delhi,3,13925.4,0,0.0,0.0,0,0,32.77
2026-06-11,UPI,Hyderabad,7,10172.8,0,0.0,0.0,0,0,21.03
2026-06-11,UPI,Jaipur,7,14530.75,0,0.0,0.0,0,0,27.01
2026-06-11,UPI,Kochi,4,14191.4,0,0.0,0.0,0,0,34.48
2026-06-11,UPI,Kolkata,5,18144.85,0,0.0,0.0,0,0,32.04
2026-06-11,UPI,Mumbai,3,216218.07,1,213255.75,33.333,0,0,39.57
2026-06-11,UPI,Pune,5,11644.49,0,0.0,0.0,0,0,20.32
2026-06-12,ATM,Ahmedabad,2,2438.07,0,0.0,0.0,0,0,20.45
2026-06-12,ATM,Bengaluru,5,22002.75,0,0.0,0.0,0,0,33.94
2026-06-12,ATM,Chennai,5,21927.8,0,0.0,0.0,0,0,21.48
2026-06-12,ATM,Delhi,3,50382.16,0,0.0,0.0,0,0,34.5
2026-06-12,ATM,Hyderabad,5,22936.49,0,0.0,0.0,0,0,25.56
2026-06-12,ATM,Jaipur,5,12285.92,0,0.0,0.0,0,0,32.98
2026-06-12,ATM,Kochi,2,781.22,0,0.0,0.0,0,0,11.15
2026-06-12,ATM,Kolkata,5,11873.19,0,0.0,0.0,0,0,41.1
2026-06-12,ATM,Mumbai,3,3602.85,0,0.0,0.0,0,0,25.47
2026-06-12,ATM,Pune,3,9912.74,0,0.0,0.0,0,0,21.2
2026-06-12,Branch,Delhi,1,146.29,0,0.0,0.0,0,0,13.8
2026-06-12,Branch,Hyderabad,1,618.47,0,0.0,0.0,0,0,10.9
2026-06-12,Branch,Jaipur,2,3124.88,0,0.0,0.0,0,0,22.45
2026-06-12,Branch,Mumbai,1,1680.48,0,0.0,0.0,0,0,34.7
2026-06-12,Branch,Pune,2,3096.14,0,0.0,0.0,0,0,20.65
2026-06-12,IMPS,Ahmedabad,1,233.81,0,0.0,0.0,0,0,36.6
2026-06-12,IMPS,Bengaluru,3,1630.79,0,0.0,0.0,0,0,18.5
2026-06-12,IMPS,Chennai,1,3747.66,0,0.0,0.0,0,0,19.7
2026-06-12,IMPS,Delhi,2,1375.81,0,0.0,0.0,0,0,22.45
2026-06-12,IMPS,Hyderabad,3,8950.8,0,0.0,0.0,0,0,27.7
2026-06-12,IMPS,Kochi,1,1775.55,0,0.0,0.0,0,0,33.2
2026-06-12,IMPS,Kolkata,5,14463.94,0,0.0,0.0,0,0,30.3
2026-06-12,IMPS,Mumbai,1,501.38,0,0.0,0.0,0,0,39.8
2026-06-12,IMPS,Pune,4,38423.05,0,0.0,0.0,0,1,40.65
2026-06-12,Internet Banking,Ahmedabad,6,27471.14,0,0.0,0.0,0,0,24.43
2026-06-12,Internet Banking,Bengaluru,6,26556.28,0,0.0,0.0,0,1,41.1
2026-06-12,Internet Banking,Chennai,4,9852.38,1,3592.79,25.0,0,1,38.07
2026-06-12,Internet Banking,Delhi,6,62340.31,0,0.0,0.0,0,0,30.75
2026-06-12,Internet Banking,Hyderabad,5,9551.75,0,0.0,0.0,0,0,21.46
2026-06-12,Internet Banking,Jaipur,1,3203.57,0,0.0,0.0,0,0,33.0
2026-06-12,Internet Banking,Kochi,2,3154.34,0,0.0,0.0,0,0,25.55
2026-06-12,Internet Banking,Kolkata,1,4726.76,0,0.0,0.0,0,0,54.7
2026-06-12,Internet Banking,Mumbai,4,24245.83,0,0.0,0.0,0,0,25.7
2026-06-12,Internet Banking,Pune,3,4207.89,0,0.0,0.0,0,1,41.57
2026-06-12,Mobile Banking,Ahmedabad,9,19211.65,0,0.0,0.0,0,0,25.79
2026-06-12,Mobile Banking,Bengaluru,6,14306.28,0,0.0,0.0,0,1,31.58
2026-06-12,Mobile Banking,Chennai,8,299988.78,1,285200.48,12.5,0,0,31.98
2026-06-12,Mobile Banking,Delhi,5,11000.78,0,0.0,0.0,0,0,25.94
2026-06-12,Mobile Banking,Hyderabad,4,27774.68,0,0.0,0.0,0,0,35.52
2026-06-12,Mobile Banking,Jaipur,2,3039.83,0,0.0,0.0,0,0,9.2
2026-06-12,Mobile Banking,Kochi,3,4717.06,0,0.0,0.0,0,0,25.3
2026-06-12,Mobile Banking,Kolkata,4,5502.07,0,0.0,0.0,0,0,22.88
2026-06-12,Mobile Banking,Mumbai,5,5740.66,0,0.0,0.0,0,0,27.06
2026-06-12,Mobile Banking,Pune,8,14504.83,0,0.0,0.0,0,1,33.85
2026-06-12,NEFT,Ahmedabad,2,9536.83,0,0.0,0.0,0,0,34.65
2026-06-12,NEFT,Bengaluru,4,8209.55,0,0.0,0.0,0,0,20.15
2026-06-12,NEFT,Chennai,2,4874.29,0,0.0,0.0,0,0,43.8
2026-06-12,NEFT,Delhi,3,11069.48,0,0.0,0.0,0,0,27.53
2026-06-12,NEFT,Hyderabad,2,5566.21,0,0.0,0.0,0,0,23.15
2026-06-12,NEFT,Jaipur,6,18059.67,0,0.0,0.0,0,0,24.03
2026-06-12,NEFT,Kochi,2,2564.92,0,0.0,0.0,0,0,21.65
2026-06-12,NEFT,Kolkata,2,2804.05,0,0.0,0.0,0,0,19.8
2026-06-12,NEFT,Mumbai,1,1607.94,0,0.0,0.0,0,0,12.6
2026-06-12,POS,Ahmedabad,7,18334.86,0,0.0,0.0,0,0,26.71
2026-06-12,POS,Bengaluru,4,16243.6,0,0.0,0.0,0,1,45.33
2026-06-12,POS,Chennai,3,9311.59,0,0.0,0.0,0,0,30.97
2026-06-12,POS,Delhi,2,5349.84,0,0.0,0.0,0,0,32.2
2026-06-12,POS,Hyderabad,4,8492.46,0,0.0,0.0,0,0,33.42
2026-06-12,POS,Jaipur,6,17247.5,0,0.0,0.0,0,0,35.42
2026-06-12,POS,Kochi,4,8733.65,0,0.0,0.0,0,0,28.93
2026-06-12,POS,Kolkata,6,27557.38,0,0.0,0.0,0,0,45.32
2026-06-12,POS,Mumbai,3,6740.2,0,0.0,0.0,0,0,28.23
2026-06-12,POS,Pune,4,20056.11,0,0.0,0.0,0,1,48.55
2026-06-12,RTGS,Ahmedabad,1,959987.38,0,0.0,0.0,0,0,33.7
2026-06-12,RTGS,Bengaluru,1,1229714.4,0,0.0,0.0,0,0,31.3
2026-06-12,RTGS,Chennai,2,1741275.36,0,0.0,0.0,0,0,42.9
2026-06-12,RTGS,Delhi,2,945451.84,0,0.0,0.0,0,0,48.15
2026-06-12,RTGS,Hyderabad,1,784544.99,0,0.0,0.0,0,0,40.8
2026-06-12,RTGS,Kochi,1,903947.63,0,0.0,0.0,0,0,53.1
2026-06-12,RTGS,Kolkata,1,1491992.7,0,0.0,0.0,0,0,38.1
2026-06-12,RTGS,Mumbai,3,2491631.6,0,0.0,0.0,0,0,30.33
2026-06-12,RTGS,Pune,2,1859340.09,0,0.0,0.0,0,0,55.05
2026-06-12,UPI,Ahmedabad,3,3133.23,0,0.0,0.0,0,0,20.57
2026-06-12,UPI,Bengaluru,9,39084.22,0,0.0,0.0,0,0,26.56
2026-06-12,UPI,Chennai,11,19520.49,0,0.0,0.0,0,0,29.11
2026-06-12,UPI,Delhi,3,3846.09,0,0.0,0.0,0,0,32.83
2026-06-12,UPI,Hyderabad,14,49064.94,0,0.0,0.0,0,0,24.26
2026-06-12,UPI,Jaipur,8,545766.08,1,527369.2,12.5,0,1,36.8
2026-06-12,UPI,Kochi,5,16639.22,0,0.0,0.0,0,0,30.02
2026-06-12,UPI,Mumbai,7,15008.43,0,0.0,0.0,0,0,27.89
2026-06-12,UPI,Pune,5,22068.93,0,0.0,0.0,0,1,41.3
2026-06-13,ATM,Ahmedabad,2,478232.89,1,475704.12,50.0,0,0,37.75
2026-06-13,ATM,Bengaluru,4,9648.51,0,0.0,0.0,0,0,40.8
2026-06-13,ATM,Chennai,3,12314.98,0,0.0,0.0,0,0,48.83
2026-06-13,ATM,Delhi,2,3660.75,0,0.0,0.0,0,0,25.45
2026-06-13,ATM,Hyderabad,4,29994.89,0,0.0,0.0,0,0,39.4
2026-06-13,ATM,Jaipur,1,1276.64,0,0.0,0.0,0,0,34.0
2026-06-13,ATM,Kochi,4,3957.54,0,0.0,0.0,0,0,21.3
2026-06-13,ATM,Kolkata,2,1483.72,0,0.0,0.0,0,0,17.05
2026-06-13,ATM,Pune,2,6468.81,0,0.0,0.0,0,0,50.85
2026-06-13,Branch,Ahmedabad,1,1676.7,0,0.0,0.0,0,0,30.5
2026-06-13,Branch,Bengaluru,1,11770.4,0,0.0,0.0,0,0,33.8
2026-06-13,Branch,Delhi,1,4024.47,0,0.0,0.0,0,0,22.8
2026-06-13,Branch,Hyderabad,1,1631.89,0,0.0,0.0,0,0,19.0
2026-06-13,Branch,Kochi,1,1256.63,0,0.0,0.0,0,0,33.0
2026-06-13,IMPS,Ahmedabad,3,10884.39,0,0.0,0.0,0,0,37.3
2026-06-13,IMPS,Bengaluru,3,10584.15,0,0.0,0.0,0,0,46.9
2026-06-13,IMPS,Chennai,4,4536.04,0,0.0,0.0,0,0,21.48
2026-06-13,IMPS,Hyderabad,1,1017.84,0,0.0,0.0,0,0,13.2
2026-06-13,IMPS,Jaipur,1,4246.04,0,0.0,0.0,0,0,27.9
2026-06-13,IMPS,Kochi,2,2803.02,1,305.91,50.0,0,0,37.85
2026-06-13,IMPS,Kolkata,1,2152.8,0,0.0,0.0,0,0,18.4
2026-06-13,IMPS,Pune,1,2082.0,0,0.0,0.0,0,0,42.5
2026-06-13,Internet Banking,Ahmedabad,5,10118.74,0,0.0,0.0,0,0,20.3
2026-06-13,Internet Banking,Bengaluru,5,18802.21,0,0.0,0.0,0,1,40.34
2026-06-13,Internet Banking,Chennai,2,3213.33,0,0.0,0.0,0,0,38.95
2026-06-13,Internet Banking,Delhi,2,38395.63,0,0.0,0.0,0,0,16.8
2026-06-13,Internet Banking,Hyderabad,3,5387.64,0,0.0,0.0,0,0,40.07
2026-06-13,Internet Banking,Jaipur,1,1710.28,0,0.0,0.0,0,0,35.2
2026-06-13,Internet Banking,Kochi,5,26661.33,0,0.0,0.0,0,0,25.8
2026-06-13,Internet Banking,Kolkata,3,8252.08,0,0.0,0.0,0,0,40.67
2026-06-13,Internet Banking,Mumbai,3,12325.14,0,0.0,0.0,0,0,42.93
2026-06-13,Internet Banking,Pune,3,5389.28,0,0.0,0.0,0,0,32.23
2026-06-13,Mobile Banking,Ahmedabad,4,5014.93,0,0.0,0.0,0,0,31.1
2026-06-13,Mobile Banking,Bengaluru,6,30084.86,0,0.0,0.0,0,0,29.83
2026-06-13,Mobile Banking,Chennai,4,15062.54,0,0.0,0.0,0,0,32.52
2026-06-13,Mobile Banking,Delhi,4,26483.33,0,0.0,0.0,0,0,40.83
2026-06-13,Mobile Banking,Hyderabad,7,13053.48,0,0.0,0.0,0,0,28.21
2026-06-13,Mobile Banking,Jaipur,7,6779.6,0,0.0,0.0,0,0,28.53
2026-06-13,Mobile Banking,Kochi,5,11878.27,0,0.0,0.0,0,0,26.04
2026-06-13,Mobile Banking,Kolkata,7,23080.43,0,0.0,0.0,0,0,23.8
2026-06-13,Mobile Banking,Mumbai,9,32345.93,0,0.0,0.0,0,0,42.38
2026-06-13,Mobile Banking,Pune,5,5381.32,0,0.0,0.0,0,0,26.16
2026-06-13,NEFT,Ahmedabad,6,15062.13,0,0.0,0.0,0,0,27.9
2026-06-13,NEFT,Bengaluru,5,22720.96,0,0.0,0.0,0,0,37.5
2026-06-13,NEFT,Chennai,3,4725.43,0,0.0,0.0,0,0,24.8
2026-06-13,NEFT,Hyderabad,2,3021.04,0,0.0,0.0,0,0,20.05
2026-06-13,NEFT,Jaipur,1,1004.68,0,0.0,0.0,0,0,9.0
2026-06-13,NEFT,Kochi,4,24121.21,0,0.0,0.0,0,0,32.08
2026-06-13,NEFT,Kolkata,2,1641.36,0,0.0,0.0,0,0,20.1
2026-06-13,NEFT,Mumbai,2,5114.29,0,0.0,0.0,0,0,43.3
2026-06-13,NEFT,Pune,3,10980.8,0,0.0,0.0,0,0,31.83
2026-06-13,POS,Ahmedabad,2,15395.71,0,0.0,0.0,0,0,31.25
2026-06-13,POS,Bengaluru,5,10293.95,0,0.0,0.0,0,0,27.22
2026-06-13,POS,Chennai,6,16300.07,0,0.0,0.0,0,1,32.67
2026-06-13,POS,Delhi,4,11267.58,0,0.0,0.0,0,0,31.1
2026-06-13,POS,Hyderabad,4,5038.53,1,29.35,25.0,0,0,31.05
2026-06-13,POS,Jaipur,5,7264.19,0,0.0,0.0,0,0,22.7
2026-06-13,POS,Kochi,2,18814.38,0,0.0,0.0,0,0,35.9
2026-06-13,POS,Kolkata,3,5351.32,0,0.0,0.0,0,0,25.73
2026-06-13,POS,Mumbai,4,18222.39,0,0.0,0.0,0,1,43.22
2026-06-13,POS,Pune,5,509371.79,1,493520.98,20.0,0,1,40.46
2026-06-13,RTGS,Ahmedabad,2,1818510.26,0,0.0,0.0,0,0,29.75
2026-06-13,RTGS,Bengaluru,1,1075145.06,0,0.0,0.0,0,0,38.1
2026-06-13,RTGS,Chennai,2,1590860.12,0,0.0,0.0,0,0,46.55
2026-06-13,RTGS,Delhi,1,627259.68,0,0.0,0.0,0,0,27.2
2026-06-13,RTGS,Hyderabad,3,1496877.64,1,541713.24,33.333,0,1,52.07
2026-06-13,RTGS,Jaipur,1,823280.53,0,0.0,0.0,0,0,32.8
2026-06-13,RTGS,Kochi,2,2152553.91,0,0.0,0.0,0,0,47.1
2026-06-13,RTGS,Kolkata,3,1943376.8,1,625807.37,33.333,0,1,48.2
2026-06-13,UPI,Ahmedabad,7,105645.78,1,83921.95,14.286,0,0,30.57
2026-06-13,UPI,Bengaluru,4,22972.98,0,0.0,0.0,0,0,31.85
2026-06-13,UPI,Chennai,6,20282.83,0,0.0,0.0,0,0,30.62
2026-06-13,UPI,Delhi,6,15453.49,0,0.0,0.0,0,0,21.2
2026-06-13,UPI,Hyderabad,5,20663.32,0,0.0,0.0,0,0,36.56
2026-06-13,UPI,Jaipur,2,2561.23,0,0.0,0.0,0,0,34.55
2026-06-13,UPI,Kochi,9,26938.46,0,0.0,0.0,0,1,36.58
2026-06-13,UPI,Kolkata,8,19432.64,0,0.0,0.0,0,0,21.74
2026-06-13,UPI,Mumbai,10,17612.75,0,0.0,0.0,0,0,25.83
2026-06-13,UPI,Pune,6,6746.28,0,0.0,0.0,0,0,29.47
2026-06-14,ATM,Ahmedabad,5,23265.12,0,0.0,0.0,0,0,26.54
2026-06-14,ATM,Delhi,2,3065.25,0,0.0,0.0,0,0,15.4
2026-06-14,ATM,Hyderabad,3,12400.44,0,0.0,0.0,0,0,35.37
2026-06-14,ATM,Kolkata,2,11576.95,0,0.0,0.0,0,0,40.65
2026-06-14,ATM,Mumbai,3,3512.57,0,0.0,0.0,0,0,18.97
2026-06-14,ATM,Pune,3,7864.43,0,0.0,0.0,0,0,22.97
2026-06-14,Branch,Bengaluru,1,3307.47,0,0.0,0.0,0,0,11.9
2026-06-14,Branch,Hyderabad,3,4582.86,0,0.0,0.0,0,0,34.67
2026-06-14,IMPS,Ahmedabad,3,14606.44,0,0.0,0.0,0,0,21.77
2026-06-14,IMPS,Bengaluru,3,4391.94,0,0.0,0.0,0,0,18.63
2026-06-14,IMPS,Chennai,4,4799.19,0,0.0,0.0,0,0,26.7
2026-06-14,IMPS,Delhi,1,3678.21,0,0.0,0.0,0,0,32.7
2026-06-14,IMPS,Hyderabad,2,1050.64,1,139.75,50.0,0,0,30.1
2026-06-14,IMPS,Kochi,4,6627.63,0,0.0,0.0,0,0,21.4
2026-06-14,IMPS,Kolkata,1,116.14,0,0.0,0.0,0,0,12.8
2026-06-14,IMPS,Mumbai,3,3488.62,0,0.0,0.0,0,0,31.7
2026-06-14,IMPS,Pune,1,1786.79,0,0.0,0.0,0,0,37.2
2026-06-14,Internet Banking,Ahmedabad,6,27536.8,0,0.0,0.0,0,0,36.7
2026-06-14,Internet Banking,Bengaluru,7,39140.82,0,0.0,0.0,0,0,27.06
2026-06-14,Internet Banking,Chennai,4,12183.26,0,0.0,0.0,0,0,27.65
2026-06-14,Internet Banking,Delhi,1,2436.03,0,0.0,0.0,0,0,19.3
2026-06-14,Internet Banking,Hyderabad,4,4611.01,0,0.0,0.0,0,0,23.6
2026-06-14,Internet Banking,Jaipur,2,3846.49,0,0.0,0.0,0,0,20.75
2026-06-14,Internet Banking,Kochi,5,6512.36,0,0.0,0.0,0,0,18.08
2026-06-14,Internet Banking,Kolkata,5,7452.03,0,0.0,0.0,0,0,23.38
2026-06-14,Internet Banking,Mumbai,3,27619.76,0,0.0,0.0,0,0,26.4
2026-06-14,Internet Banking,Pune,6,7536.88,0,0.0,0.0,0,0,26.4
2026-06-14,Mobile Banking,Ahmedabad,5,11431.39,0,0.0,0.0,0,0,29.98
2026-06-14,Mobile Banking,Bengaluru,2,1982.49,1,769.09,50.0,0,0,43.3
2026-06-14,Mobile Banking,Chennai,8,10087.48,0,0.0,0.0,0,0,32.15
2026-06-14,Mobile Banking,Delhi,4,554624.48,1,546252.77,25.0,0,0,36.2
2026-06-14,Mobile Banking,Hyderabad,15,58651.05,0,0.0,0.0,0,0,25.47
2026-06-14,Mobile Banking,Jaipur,5,15189.88,0,0.0,0.0,0,0,24.38
2026-06-14,Mobile Banking,Kochi,3,5759.02,0,0.0,0.0,0,0,23.77
2026-06-14,Mobile Banking,Kolkata,4,4988.04,0,0.0,0.0,0,0,25.43
2026-06-14,Mobile Banking,Mumbai,6,8696.63,0,0.0,0.0,0,1,27.45
2026-06-14,Mobile Banking,Pune,4,7954.48,0,0.0,0.0,0,0,30.45
2026-06-14,NEFT,Ahmedabad,1,1216.32,0,0.0,0.0,0,0,42.5
2026-06-14,NEFT,Bengaluru,3,1640.27,0,0.0,0.0,0,0,23.93
2026-06-14,NEFT,Chennai,1,1120.7,0,0.0,0.0,0,0,38.6
2026-06-14,NEFT,Delhi,2,2266.79,0,0.0,0.0,0,0,19.9
2026-06-14,NEFT,Hyderabad,4,7288.31,0,0.0,0.0,0,1,30.82
2026-06-14,NEFT,Jaipur,2,7866.05,0,0.0,0.0,0,0,41.85
2026-06-14,NEFT,Kolkata,2,1369.42,0,0.0,0.0,0,0,24.5
2026-06-14,NEFT,Pune,3,3829.39,0,0.0,0.0,0,0,26.07
2026-06-14,POS,Ahmedabad,7,31502.12,0,0.0,0.0,0,0,33.0
2026-06-14,POS,Bengaluru,4,8858.43,0,0.0,0.0,0,0,25.4
2026-06-14,POS,Chennai,1,4174.32,0,0.0,0.0,0,0,23.0
2026-06-14,POS,Delhi,1,1743.32,0,0.0,0.0,0,0,12.4
2026-06-14,POS,Hyderabad,5,28102.6,0,0.0,0.0,0,2,46.66
2026-06-14,POS,Jaipur,4,9536.91,1,2944.38,25.0,0,2,56.27
2026-06-14,POS,Kochi,6,25707.64,0,0.0,0.0,0,0,26.55
2026-06-14,POS,Kolkata,3,4383.02,0,0.0,0.0,0,0,16.7
2026-06-14,POS,Mumbai,2,6618.55,0,0.0,0.0,0,0,29.35
2026-06-14,POS,Pune,4,9567.36,0,0.0,0.0,0,0,29.0
2026-06-14,RTGS,Bengaluru,2,1023489.8,0,0.0,0.0,0,1,56.85
2026-06-14,RTGS,Delhi,1,296012.36,0,0.0,0.0,0,0,48.2
2026-06-14,RTGS,Hyderabad,5,3954524.36,0,0.0,0.0,0,0,39.24
2026-06-14,RTGS,Jaipur,1,709368.36,0,0.0,0.0,0,0,34.0
2026-06-14,RTGS,Kochi,1,580211.11,0,0.0,0.0,0,0,23.8
2026-06-14,RTGS,Mumbai,2,1986485.07,0,0.0,0.0,0,0,42.1
2026-06-14,UPI,Ahmedabad,6,24807.15,0,0.0,0.0,0,0,31.9
2026-06-14,UPI,Bengaluru,6,92791.48,1,79566.39,16.667,0,1,32.55
2026-06-14,UPI,Chennai,1,37.29,1,37.29,100.0,0,0,58.2
2026-06-14,UPI,Delhi,4,10755.07,1,1221.12,25.0,1,0,47.62
2026-06-14,UPI,Hyderabad,7,25584.4,0,0.0,0.0,0,0,26.84
2026-06-14,UPI,Jaipur,3,3336.14,0,0.0,0.0,0,0,20.77
2026-06-14,UPI,Kochi,11,16824.93,0,0.0,0.0,0,0,19.97
2026-06-14,UPI,Kolkata,4,7264.26,0,0.0,0.0,0,0,26.95
2026-06-14,UPI,Mumbai,5,32588.49,0,0.0,0.0,0,0,32.78
2026-06-14,UPI,Pune,6,14494.69,0,0.0,0.0,0,0,20.45
2026-06-15,ATM,Ahmedabad,3,530035.37,1,528120.22,33.333,0,0,26.53
2026-06-15,ATM,Bengaluru,3,7942.31,0,0.0,0.0,0,0,21.73
2026-06-15,ATM,Chennai,6,22525.66,0,0.0,0.0,0,0,40.7
2026-06-15,ATM,Delhi,3,7157.28,0,0.0,0.0,0,1,51.8
2026-06-15,ATM,Hyderabad,1,897.63,0,0.0,0.0,0,0,39.7
2026-06-15,ATM,Jaipur,3,13368.81,0,0.0,0.0,0,0,40.57
2026-06-15,ATM,Kochi,2,7232.02,0,0.0,0.0,0,0,28.0
2026-06-15,ATM,Kolkata,2,4192.93,0,0.0,0.0,0,0,30.25
2026-06-15,ATM,Mumbai,3,3354.41,0,0.0,0.0,0,0,28.17
2026-06-15,ATM,Pune,1,900.31,0,0.0,0.0,0,0,8.9
2026-06-15,Branch,Ahmedabad,1,915.6,0,0.0,0.0,0,0,51.7
2026-06-15,Branch,Bengaluru,1,2784.5,0,0.0,0.0,0,0,51.2
2026-06-15,Branch,Delhi,1,1808.05,0,0.0,0.0,0,0,15.1
2026-06-15,Branch,Hyderabad,1,2400.06,0,0.0,0.0,0,0,30.5
2026-06-15,Branch,Kochi,1,528.31,0,0.0,0.0,0,0,14.8
2026-06-15,Branch,Mumbai,1,2704.96,0,0.0,0.0,0,0,39.4
2026-06-15,IMPS,Ahmedabad,2,7355.59,0,0.0,0.0,0,0,37.2
2026-06-15,IMPS,Chennai,1,346.24,0,0.0,0.0,0,0,11.5
2026-06-15,IMPS,Delhi,2,6283.49,0,0.0,0.0,0,0,36.25
2026-06-15,IMPS,Hyderabad,2,1845.94,0,0.0,0.0,0,0,42.95
2026-06-15,IMPS,Jaipur,4,11678.93,0,0.0,0.0,0,0,33.77
2026-06-15,IMPS,Kochi,1,4415.19,0,0.0,0.0,0,0,24.0
2026-06-15,IMPS,Kolkata,1,5173.83,1,5173.83,100.0,0,0,60.6
2026-06-15,IMPS,Mumbai,5,11497.56,0,0.0,0.0,0,0,29.8
2026-06-15,IMPS,Pune,1,562.54,0,0.0,0.0,0,0,40.7
2026-06-15,Internet Banking,Ahmedabad,4,36641.85,0,0.0,0.0,0,0,35.1
2026-06-15,Internet Banking,Bengaluru,2,17738.53,0,0.0,0.0,0,0,27.5
2026-06-15,Internet Banking,Chennai,3,7739.01,0,0.0,0.0,0,0,35.2
2026-06-15,Internet Banking,Delhi,4,15261.82,0,0.0,0.0,0,0,38.02
2026-06-15,Internet Banking,Hyderabad,1,933.83,0,0.0,0.0,0,0,33.9
2026-06-15,Internet Banking,Jaipur,1,2812.19,0,0.0,0.0,0,0,49.3
2026-06-15,Internet Banking,Kochi,3,4879.6,0,0.0,0.0,0,1,35.13
2026-06-15,Internet Banking,Kolkata,4,4907.54,0,0.0,0.0,0,0,29.75
2026-06-15,Internet Banking,Mumbai,6,11169.12,0,0.0,0.0,0,0,27.55
2026-06-15,Internet Banking,Pune,2,4789.81,0,0.0,0.0,0,0,25.9
2026-06-15,Mobile Banking,Ahmedabad,5,8265.96,0,0.0,0.0,0,0,21.74
2026-06-15,Mobile Banking,Bengaluru,4,18676.07,0,0.0,0.0,0,0,41.35
2026-06-15,Mobile Banking,Chennai,4,18690.17,0,0.0,0.0,0,0,37.35
2026-06-15,Mobile Banking,Delhi,7,14221.58,0,0.0,0.0,0,0,32.19
2026-06-15,Mobile Banking,Hyderabad,11,28132.64,0,0.0,0.0,0,0,28.04
2026-06-15,Mobile Banking,Jaipur,5,12131.73,0,0.0,0.0,0,0,37.76
2026-06-15,Mobile Banking,Kochi,5,14381.61,0,0.0,0.0,0,0,29.06
2026-06-15,Mobile Banking,Kolkata,3,10661.13,1,449.75,33.333,0,0,43.7
2026-06-15,Mobile Banking,Mumbai,4,4059.3,0,0.0,0.0,0,0,35.08
2026-06-15,Mobile Banking,Pune,5,49005.96,0,0.0,0.0,0,0,31.8
2026-06-15,NEFT,Bengaluru,2,4961.35,0,0.0,0.0,0,0,15.95
2026-06-15,NEFT,Chennai,1,2648.84,0,0.0,0.0,0,0,37.3
2026-06-15,NEFT,Delhi,2,2558.98,0,0.0,0.0,0,0,50.35
2026-06-15,NEFT,Hyderabad,3,593617.96,1,580002.01,33.333,1,0,55.2
2026-06-15,NEFT,Jaipur,1,20192.96,0,0.0,0.0,0,0,25.8
2026-06-15,NEFT,Kochi,2,1534.24,0,0.0,0.0,0,0,24.85
2026-06-15,NEFT,Pune,3,3076.9,0,0.0,0.0,0,0,29.17
2026-06-15,POS,Ahmedabad,3,80270.5,0,0.0,0.0,0,0,38.43
2026-06-15,POS,Bengaluru,7,11007.63,0,0.0,0.0,0,0,20.99
2026-06-15,POS,Chennai,4,7740.92,0,0.0,0.0,0,0,31.95
2026-06-15,POS,Delhi,3,589112.1,2,583517.15,66.667,0,2,58.8
2026-06-15,POS,Hyderabad,3,2681.48,0,0.0,0.0,0,0,15.5
2026-06-15,POS,Jaipur,5,18345.26,0,0.0,0.0,0,0,36.52
2026-06-15,POS,Kochi,4,11572.21,0,0.0,0.0,0,0,31.75
2026-06-15,POS,Kolkata,4,6990.48,0,0.0,0.0,0,0,21.47
2026-06-15,POS,Mumbai,4,27576.84,0,0.0,0.0,0,0,33.08
2026-06-15,POS,Pune,4,8948.34,0,0.0,0.0,0,0,30.6
2026-06-15,RTGS,Ahmedabad,2,1385290.87,0,0.0,0.0,0,0,56.1
2026-06-15,RTGS,Bengaluru,1,436590.79,0,0.0,0.0,0,0,47.4
2026-06-15,RTGS,Chennai,1,1181085.96,0,0.0,0.0,0,0,32.2
2026-06-15,RTGS,Delhi,1,1237800.1,0,0.0,0.0,0,0,39.7
2026-06-15,RTGS,Hyderabad,2,1705093.53,0,0.0,0.0,0,0,40.25
2026-06-15,RTGS,Kochi,1,616211.72,0,0.0,0.0,0,0,36.5
2026-06-15,RTGS,Kolkata,1,553176.31,0,0.0,0.0,0,0,34.7
2026-06-15,RTGS,Mumbai,1,841273.48,0,0.0,0.0,0,0,26.4
2026-06-15,RTGS,Pune,1,657459.11,0,0.0,0.0,0,1,70.0
2026-06-15,UPI,Ahmedabad,7,12470.67,0,0.0,0.0,0,0,22.6
2026-06-15,UPI,Bengaluru,6,18793.79,0,0.0,0.0,0,0,27.82
2026-06-15,UPI,Chennai,8,24167.83,0,0.0,0.0,0,0,32.65
2026-06-15,UPI,Delhi,4,15837.51,0,0.0,0.0,0,0,24.47
2026-06-15,UPI,Hyderabad,7,35121.56,0,0.0,0.0,0,0,29.51
2026-06-15,UPI,Jaipur,4,9792.9,0,0.0,0.0,0,0,34.8
2026-06-15,UPI,Kochi,5,11517.4,0,0.0,0.0,0,0,25.6
2026-06-15,UPI,Kolkata,6,19397.67,1,406.76,16.667,0,1,31.23
2026-06-15,UPI,Mumbai,7,19086.0,0,0.0,0.0,0,0,26.57
2026-06-15,UPI,Pune,5,22266.92,0,0.0,0.0,0,1,32.3
2026-06-16,ATM,Ahmedabad,6,9994.65,0,0.0,0.0,0,0,25.53
2026-06-16,ATM,Bengaluru,3,5265.5,0,0.0,0.0,0,0,33.07
2026-06-16,ATM,Chennai,3,32275.64,0,0.0,0.0,0,0,31.97
2026-06-16,ATM,Delhi,3,18103.77,0,0.0,0.0,0,0,18.43
2026-06-16,ATM,Hyderabad,2,3224.77,0,0.0,0.0,0,1,47.5
2026-06-16,ATM,Jaipur,1,652.05,0,0.0,0.0,0,0,24.1
2026-06-16,ATM,Kolkata,1,604.08,0,0.0,0.0,0,0,20.7
2026-06-16,ATM,Mumbai,2,2389.68,0,0.0,0.0,0,0,32.0
2026-06-16,ATM,Pune,3,7231.03,0,0.0,0.0,0,0,30.47
2026-06-16,Branch,Ahmedabad,1,486.47,0,0.0,0.0,0,0,7.1
2026-06-16,Branch,Bengaluru,1,3027.72,0,0.0,0.0,0,0,30.7
2026-06-16,Branch,Kolkata,1,4646.35,0,0.0,0.0,0,0,26.2
2026-06-16,Branch,Mumbai,2,4879.19,0,0.0,0.0,0,0,30.05
2026-06-16,Branch,Pune,2,16105.53,0,0.0,0.0,0,0,23.8
2026-06-16,IMPS,Ahmedabad,2,3650.38,0,0.0,0.0,0,0,15.85
2026-06-16,IMPS,Chennai,1,6467.88,0,0.0,0.0,0,0,31.2
2026-06-16,IMPS,Hyderabad,3,6400.95,0,0.0,0.0,0,0,19.73
2026-06-16,IMPS,Jaipur,3,6521.0,0,0.0,0.0,0,0,39.4
2026-06-16,IMPS,Kolkata,2,1162.44,0,0.0,0.0,0,0,20.7
2026-06-16,IMPS,Mumbai,3,3924.44,0,0.0,0.0,0,0,27.57
2026-06-16,IMPS,Pune,4,6323.34,0,0.0,0.0,0,0,14.38
2026-06-16,Internet Banking,Ahmedabad,7,22862.22,0,0.0,0.0,0,0,21.39
2026-06-16,Internet Banking,Bengaluru,5,11880.83,0,0.0,0.0,0,0,36.94
2026-06-16,Internet Banking,Chennai,4,14368.77,0,0.0,0.0,0,0,24.05
2026-06-16,Internet Banking,Delhi,3,9996.82,0,0.0,0.0,0,0,26.73
2026-06-16,Internet Banking,Hyderabad,3,7264.43,0,0.0,0.0,0,0,23.67
2026-06-16,Internet Banking,Jaipur,2,1446.02,0,0.0,0.0,0,0,16.6
2026-06-16,Internet Banking,Kochi,4,5863.43,1,714.87,25.0,0,1,31.43
2026-06-16,Internet Banking,Kolkata,6,8530.06,0,0.0,0.0,0,0,27.57
2026-06-16,Internet Banking,Mumbai,8,23271.24,0,0.0,0.0,0,0,22.36
2026-06-16,Internet Banking,Pune,1,916.43,0,0.0,0.0,0,0,18.2
2026-06-16,Mobile Banking,Ahmedabad,4,20588.65,0,0.0,0.0,0,0,36.73
2026-06-16,Mobile Banking,Bengaluru,5,34376.34,0,0.0,0.0,0,0,31.8
2026-06-16,Mobile Banking,Chennai,8,26408.2,0,0.0,0.0,0,0,34.58
2026-06-16,Mobile Banking,Delhi,5,18854.83,0,0.0,0.0,0,1,29.76
2026-06-16,Mobile Banking,Hyderabad,5,12721.6,0,0.0,0.0,0,0,28.46
2026-06-16,Mobile Banking,Jaipur,7,19806.91,0,0.0,0.0,0,0,22.51
2026-06-16,Mobile Banking,Kochi,5,6411.21,0,0.0,0.0,0,0,28.58
2026-06-16,Mobile Banking,Kolkata,4,7204.42,0,0.0,0.0,0,0,36.6
2026-06-16,Mobile Banking,Mumbai,6,9296.69,0,0.0,0.0,0,0,19.48
2026-06-16,Mobile Banking,Pune,4,10561.68,0,0.0,0.0,0,0,21.45
2026-06-16,NEFT,Ahmedabad,4,13666.43,0,0.0,0.0,0,0,28.85
2026-06-16,NEFT,Bengaluru,1,5071.27,0,0.0,0.0,0,0,34.1
2026-06-16,NEFT,Chennai,4,4130.83,0,0.0,0.0,0,0,17.33
2026-06-16,NEFT,Delhi,1,2409.5,0,0.0,0.0,0,0,25.7
2026-06-16,NEFT,Hyderabad,2,351240.72,1,350130.61,50.0,0,0,43.2
2026-06-16,NEFT,Jaipur,1,1847.77,0,0.0,0.0,0,0,16.5
2026-06-16,NEFT,Kochi,4,260838.66,1,252032.72,25.0,1,0,46.75
2026-06-16,NEFT,Kolkata,4,11035.58,0,0.0,0.0,0,0,39.45
2026-06-16,NEFT,Mumbai,2,3695.39,0,0.0,0.0,0,0,28.2
2026-06-16,POS,Ahmedabad,7,15813.18,0,0.0,0.0,0,1,33.16
2026-06-16,POS,Bengaluru,5,20307.1,0,0.0,0.0,0,0,27.44
2026-06-16,POS,Chennai,2,1694.77,0,0.0,0.0,0,0,14.6
2026-06-16,POS,Delhi,3,3241.64,0,0.0,0.0,0,0,27.23
2026-06-16,POS,Hyderabad,2,1412.33,0,0.0,0.0,0,0,25.0
2026-06-16,POS,Jaipur,5,7974.39,1,1626.6,20.0,0,0,37.4
2026-06-16,POS,Kochi,3,17122.24,0,0.0,0.0,0,0,48.0
2026-06-16,POS,Kolkata,6,17051.91,0,0.0,0.0,0,0,33.52
2026-06-16,POS,Mumbai,2,5718.84,0,0.0,0.0,0,0,16.6
2026-06-16,POS,Pune,5,517311.03,1,501036.2,20.0,0,1,35.94
2026-06-16,RTGS,Chennai,1,1359922.59,0,0.0,0.0,0,0,35.4
2026-06-16,RTGS,Delhi,1,662177.52,0,0.0,0.0,0,0,37.2
2026-06-16,RTGS,Hyderabad,2,2048746.61,0,0.0,0.0,0,0,30.4
2026-06-16,RTGS,Jaipur,1,686580.05,0,0.0,0.0,0,0,28.0
2026-06-16,RTGS,Kochi,1,316321.62,0,0.0,0.0,0,0,40.2
2026-06-16,RTGS,Kolkata,3,2540443.65,0,0.0,0.0,0,0,46.23
2026-06-16,RTGS,Mumbai,1,775247.98,0,0.0,0.0,0,1,67.6
2026-06-16,RTGS,Pune,1,1357746.07,0,0.0,0.0,0,0,26.4
2026-06-16,UPI,Ahmedabad,9,17020.55,0,0.0,0.0,0,0,29.36
2026-06-16,UPI,Bengaluru,6,18332.47,0,0.0,0.0,0,0,34.35
2026-06-16,UPI,Chennai,8,28563.13,0,0.0,0.0,0,1,33.56
2026-06-16,UPI,Delhi,5,24444.63,0,0.0,0.0,0,0,36.48
2026-06-16,UPI,Hyderabad,5,12929.96,0,0.0,0.0,0,0,33.04
2026-06-16,UPI,Jaipur,11,12665.06,0,0.0,0.0,0,1,29.82
2026-06-16,UPI,Kochi,6,47799.95,0,0.0,0.0,0,0,34.78
2026-06-16,UPI,Kolkata,11,43838.63,0,0.0,0.0,0,0,27.45
2026-06-16,UPI,Mumbai,6,6017.1,0,0.0,0.0,0,0,33.3
2026-06-16,UPI,Pune,5,11281.39,0,0.0,0.0,0,0,31.8
2026-06-17,ATM,Ahmedabad,2,5882.68,0,0.0,0.0,0,0,26.8
2026-06-17,ATM,Bengaluru,5,6793.64,0,0.0,0.0,0,0,23.74
2026-06-17,ATM,Chennai,2,894.19,0,0.0,0.0,0,0,34.3
2026-06-17,ATM,Delhi,2,1740.19,0,0.0,0.0,0,0,29.35
2026-06-17,ATM,Hyderabad,3,6045.87,0,0.0,0.0,0,0,34.57
2026-06-17,ATM,Jaipur,3,8573.1,0,0.0,0.0,0,0,15.83
2026-06-17,ATM,Kochi,5,35635.2,0,0.0,0.0,0,1,44.96
2026-06-17,ATM,Kolkata,1,4838.59,0,0.0,0.0,0,0,26.4
2026-06-17,ATM,Mumbai,4,17919.73,0,0.0,0.0,0,0,33.4
2026-06-17,ATM,Pune,2,1564.61,0,0.0,0.0,0,0,25.15
2026-06-17,Branch,Ahmedabad,1,2366.43,0,0.0,0.0,0,0,18.7
2026-06-17,Branch,Bengaluru,1,131.66,0,0.0,0.0,0,0,35.7
2026-06-17,Branch,Chennai,1,1314.1,0,0.0,0.0,0,0,19.8
2026-06-17,Branch,Delhi,1,1048.93,0,0.0,0.0,0,0,17.6
2026-06-17,Branch,Hyderabad,3,2757.92,1,72.84,33.333,0,0,34.3
2026-06-17,Branch,Jaipur,3,7236.73,0,0.0,0.0,0,0,42.43
2026-06-17,Branch,Kochi,1,1857.9,0,0.0,0.0,0,0,47.0
2026-06-17,Branch,Mumbai,3,10294.17,0,0.0,0.0,0,0,31.3
2026-06-17,Branch,Pune,1,167.03,0,0.0,0.0,0,0,40.8
2026-06-17,IMPS,Ahmedabad,2,29171.3,0,0.0,0.0,0,0,30.05
2026-06-17,IMPS,Bengaluru,2,3668.28,0,0.0,0.0,0,0,37.3
2026-06-17,IMPS,Chennai,1,4711.76,0,0.0,0.0,0,1,71.7
2026-06-17,IMPS,Delhi,1,20747.37,0,0.0,0.0,0,0,48.2
2026-06-17,IMPS,Hyderabad,5,524816.85,1,500717.96,20.0,1,0,52.54
2026-06-17,IMPS,Jaipur,2,7100.79,0,0.0,0.0,0,0,36.9
2026-06-17,IMPS,Kochi,1,3557.12,0,0.0,0.0,0,0,33.9
2026-06-17,IMPS,Mumbai,4,21607.21,0,0.0,0.0,0,0,25.6
2026-06-17,IMPS,Pune,1,3992.82,0,0.0,0.0,0,0,17.6
2026-06-17,Internet Banking,Ahmedabad,4,3837.97,0,0.0,0.0,0,0,20.98
2026-06-17,Internet Banking,Bengaluru,2,7801.51,0,0.0,0.0,0,0,33.15
2026-06-17,Internet Banking,Chennai,5,48388.25,0,0.0,0.0,0,0,30.78
2026-06-17,Internet Banking,Delhi,2,1339.44,0,0.0,0.0,0,0,35.05
2026-06-17,Internet Banking,Hyderabad,6,10441.72,0,0.0,0.0,0,0,24.8
2026-06-17,Internet Banking,Jaipur,3,5617.73,0,0.0,0.0,0,0,23.5
2026-06-17,Internet Banking,Kochi,6,13826.83,0,0.0,0.0,0,0,27.05
2026-06-17,Internet Banking,Kolkata,3,15860.85,0,0.0,0.0,0,1,45.7
2026-06-17,Internet Banking,Mumbai,1,6874.16,0,0.0,0.0,0,0,39.4
2026-06-17,Internet Banking,Pune,6,28405.97,0,0.0,0.0,0,0,29.6
2026-06-17,Mobile Banking,Ahmedabad,6,16774.02,0,0.0,0.0,0,0,33.78
2026-06-17,Mobile Banking,Bengaluru,2,5350.63,0,0.0,0.0,0,0,29.35
2026-06-17,Mobile Banking,Chennai,5,7085.54,0,0.0,0.0,0,0,23.28
2026-06-17,Mobile Banking,Delhi,3,13017.7,0,0.0,0.0,0,0,19.73
2026-06-17,Mobile Banking,Hyderabad,6,17904.7,0,0.0,0.0,0,0,19.38
2026-06-17,Mobile Banking,Jaipur,1,8565.12,0,0.0,0.0,0,0,32.6
2026-06-17,Mobile Banking,Kochi,5,8408.3,0,0.0,0.0,0,0,31.64
2026-06-17,Mobile Banking,Kolkata,3,11067.82,0,0.0,0.0,0,0,34.73
2026-06-17,Mobile Banking,Mumbai,7,16427.96,0,0.0,0.0,0,0,30.34
2026-06-17,Mobile Banking,Pune,3,11663.32,0,0.0,0.0,0,0,32.07
2026-06-17,NEFT,Bengaluru,4,5980.98,0,0.0,0.0,0,0,30.88
2026-06-17,NEFT,Chennai,3,5234.43,0,0.0,0.0,0,0,22.43
2026-06-17,NEFT,Hyderabad,3,886.34,0,0.0,0.0,0,0,20.2
2026-06-17,NEFT,Jaipur,1,1371.7,0,0.0,0.0,0,0,20.0
2026-06-17,NEFT,Kochi,5,15514.57,0,0.0,0.0,0,0,30.46
2026-06-17,NEFT,Kolkata,2,11236.89,0,0.0,0.0,0,0,42.1
2026-06-17,NEFT,Mumbai,1,991.05,0,0.0,0.0,0,0,41.1
2026-06-17,NEFT,Pune,3,20056.73,0,0.0,0.0,0,0,30.47
2026-06-17,POS,Ahmedabad,3,7362.37,0,0.0,0.0,0,0,22.07
2026-06-17,POS,Bengaluru,4,10313.67,0,0.0,0.0,0,0,43.17
2026-06-17,POS,Chennai,8,36667.75,0,0.0,0.0,0,1,41.29
2026-06-17,POS,Delhi,6,18039.98,1,3015.72,16.667,0,1,41.53
2026-06-17,POS,Hyderabad,6,13189.95,0,0.0,0.0,0,0,35.98
2026-06-17,POS,Jaipur,8,9571.29,0,0.0,0.0,0,0,23.99
2026-06-17,POS,Kochi,3,6951.85,0,0.0,0.0,0,0,31.43
2026-06-17,POS,Kolkata,5,13623.36,0,0.0,0.0,0,0,23.32
2026-06-17,POS,Mumbai,2,6956.21,0,0.0,0.0,0,0,22.55
2026-06-17,POS,Pune,6,34620.78,0,0.0,0.0,0,0,23.37
2026-06-17,RTGS,Ahmedabad,3,2077389.97,0,0.0,0.0,0,0,36.43
2026-06-17,RTGS,Bengaluru,1,355886.53,0,0.0,0.0,0,0,33.2
2026-06-17,RTGS,Chennai,2,2618885.07,0,0.0,0.0,0,0,33.05
2026-06-17,RTGS,Hyderabad,3,1943572.79,0,0.0,0.0,0,0,36.63
2026-06-17,RTGS,Kochi,1,326840.26,0,0.0,0.0,0,0,48.1
2026-06-17,RTGS,Kolkata,1,408690.8,0,0.0,0.0,0,0,29.3
2026-06-17,RTGS,Pune,3,2586265.58,0,0.0,0.0,0,0,27.9
2026-06-17,UPI,Ahmedabad,4,10124.97,0,0.0,0.0,0,0,25.85
2026-06-17,UPI,Bengaluru,9,126028.4,1,107676.04,11.111,1,1,39.33
2026-06-17,UPI,Chennai,5,18930.19,0,0.0,0.0,0,0,33.12
2026-06-17,UPI,Delhi,7,9659.03,0,0.0,0.0,0,0,36.97
2026-06-17,UPI,Hyderabad,7,19507.47,0,0.0,0.0,0,0,30.76
2026-06-17,UPI,Jaipur,5,16008.22,0,0.0,0.0,0,0,36.02
2026-06-17,UPI,Kochi,2,6445.17,1,5401.15,50.0,0,0,57.35
2026-06-17,UPI,Kolkata,6,12627.02,0,0.0,0.0,0,0,27.4
2026-06-17,UPI,Mumbai,8,97885.07,1,84732.02,12.5,0,0,37.53
2026-06-17,UPI,Pune,3,6596.69,0,0.0,0.0,0,0,45.17
2026-06-18,ATM,Ahmedabad,3,15905.5,0,0.0,0.0,0,0,49.63
2026-06-18,ATM,Bengaluru,7,13339.87,0,0.0,0.0,0,0,24.06
2026-06-18,ATM,Chennai,4,6975.62,0,0.0,0.0,0,0,28.38
2026-06-18,ATM,Delhi,1,579.1,0,0.0,0.0,0,0,10.6
2026-06-18,ATM,Hyderabad,2,1919.68,0,0.0,0.0,0,0,20.7
2026-06-18,ATM,Jaipur,2,3774.25,0,0.0,0.0,0,0,31.1
2026-06-18,ATM,Kochi,7,23696.12,0,0.0,0.0,0,0,26.46
2026-06-18,ATM,Kolkata,3,325199.39,1,323323.1,33.333,1,0,55.8
2026-06-18,ATM,Mumbai,3,5649.29,0,0.0,0.0,0,0,37.53
2026-06-18,ATM,Pune,5,10954.24,0,0.0,0.0,0,0,36.52
2026-06-18,Branch,Ahmedabad,2,3925.26,0,0.0,0.0,0,0,42.45
2026-06-18,Branch,Chennai,2,4164.5,0,0.0,0.0,0,0,42.0
2026-06-18,Branch,Hyderabad,1,1165.58,0,0.0,0.0,0,0,12.4
2026-06-18,Branch,Jaipur,2,2991.37,0,0.0,0.0,0,0,22.5
2026-06-18,Branch,Kochi,3,3294.6,0,0.0,0.0,0,0,33.23
2026-06-18,Branch,Pune,1,16036.99,0,0.0,0.0,0,0,59.5
2026-06-18,IMPS,Bengaluru,3,2896.94,0,0.0,0.0,0,0,30.63
2026-06-18,IMPS,Chennai,1,407.24,0,0.0,0.0,0,0,12.3
2026-06-18,IMPS,Delhi,3,30519.23,0,0.0,0.0,0,0,32.53
2026-06-18,IMPS,Hyderabad,2,2171.21,0,0.0,0.0,0,0,36.6
2026-06-18,IMPS,Jaipur,3,5781.86,1,526.14,33.333,0,0,33.4
2026-06-18,IMPS,Kochi,1,1185.27,0,0.0,0.0,0,0,15.1
2026-06-18,IMPS,Kolkata,4,8781.01,0,0.0,0.0,0,1,48.38
2026-06-18,IMPS,Mumbai,2,1394.66,0,0.0,0.0,0,0,24.1
2026-06-18,IMPS,Pune,3,447796.68,1,444285.88,33.333,0,1,42.2
2026-06-18,Internet Banking,Ahmedabad,4,10023.4,0,0.0,0.0,0,0,30.58
2026-06-18,Internet Banking,Bengaluru,5,19100.37,0,0.0,0.0,0,0,39.08
2026-06-18,Internet Banking,Chennai,3,9601.34,0,0.0,0.0,0,0,39.57
2026-06-18,Internet Banking,Delhi,3,9092.12,0,0.0,0.0,0,0,34.77
2026-06-18,Internet Banking,Hyderabad,3,4212.46,0,0.0,0.0,0,0,31.93
2026-06-18,Internet Banking,Jaipur,1,4173.51,0,0.0,0.0,0,0,25.7
2026-06-18,Internet Banking,Kochi,3,4392.6,0,0.0,0.0,0,0,30.97
2026-06-18,Internet Banking,Kolkata,4,6859.05,1,395.83,25.0,0,1,31.68
2026-06-18,Internet Banking,Mumbai,1,3479.59,0,0.0,0.0,0,0,26.7
2026-06-18,Internet Banking,Pune,4,7377.19,0,0.0,0.0,0,0,33.6
2026-06-18,Mobile Banking,Ahmedabad,7,7394.15,0,0.0,0.0,0,0,28.36
2026-06-18,Mobile Banking,Bengaluru,8,8842.39,0,0.0,0.0,0,0,32.62
2026-06-18,Mobile Banking,Chennai,3,6898.45,0,0.0,0.0,0,0,26.33
2026-06-18,Mobile Banking,Delhi,5,6534.25,0,0.0,0.0,0,0,22.62
2026-06-18,Mobile Banking,Hyderabad,4,10788.51,0,0.0,0.0,0,0,19.85
2026-06-18,Mobile Banking,Jaipur,4,6534.31,0,0.0,0.0,0,0,20.48
2026-06-18,Mobile Banking,Kochi,1,2580.11,0,0.0,0.0,0,0,22.6
2026-06-18,Mobile Banking,Kolkata,3,7640.36,0,0.0,0.0,0,1,39.5
2026-06-18,Mobile Banking,Mumbai,5,8648.8,0,0.0,0.0,0,0,32.2
2026-06-18,Mobile Banking,Pune,5,22184.96,0,0.0,0.0,0,0,32.36
2026-06-18,NEFT,Ahmedabad,2,5908.85,0,0.0,0.0,0,0,32.9
2026-06-18,NEFT,Bengaluru,1,2638.58,0,0.0,0.0,0,0,12.0
2026-06-18,NEFT,Chennai,2,12250.03,0,0.0,0.0,0,0,26.5
2026-06-18,NEFT,Delhi,2,12173.87,0,0.0,0.0,0,0,37.8
2026-06-18,NEFT,Hyderabad,1,1873.63,0,0.0,0.0,0,0,51.3
2026-06-18,NEFT,Jaipur,1,3608.78,0,0.0,0.0,0,0,46.3
2026-06-18,NEFT,Kochi,2,2166.2,0,0.0,0.0,0,0,16.0
2026-06-18,NEFT,Kolkata,1,3482.63,0,0.0,0.0,0,0,50.8
2026-06-18,NEFT,Pune,4,7828.39,0,0.0,0.0,0,0,32.35
2026-06-18,POS,Ahmedabad,1,6567.09,0,0.0,0.0,0,0,29.3
2026-06-18,POS,Bengaluru,5,12986.57,0,0.0,0.0,0,0,30.1
2026-06-18,POS,Chennai,6,20530.06,0,0.0,0.0,0,0,28.67
2026-06-18,POS,Delhi,3,4384.29,0,0.0,0.0,0,0,22.57
2026-06-18,POS,Hyderabad,3,8141.15,0,0.0,0.0,0,0,23.07
2026-06-18,POS,Kochi,3,1920.62,1,613.97,33.333,0,0,36.43
2026-06-18,POS,Kolkata,2,7997.4,0,0.0,0.0,0,0,50.6
2026-06-18,POS,Mumbai,3,17165.25,0,0.0,0.0,0,0,36.43
2026-06-18,POS,Pune,3,3671.59,0,0.0,0.0,0,0,33.17
2026-06-18,RTGS,Ahmedabad,1,1026264.74,0,0.0,0.0,0,0,50.7
2026-06-18,RTGS,Bengaluru,1,343459.3,0,0.0,0.0,0,0,33.8
2026-06-18,RTGS,Delhi,1,382561.51,0,0.0,0.0,0,0,33.1
2026-06-18,RTGS,Jaipur,3,2622915.56,0,0.0,0.0,0,0,32.9
2026-06-18,RTGS,Kochi,1,365802.39,0,0.0,0.0,0,0,38.5
2026-06-18,RTGS,Kolkata,1,866816.66,0,0.0,0.0,0,0,50.4
2026-06-18,RTGS,Mumbai,1,1483060.25,0,0.0,0.0,0,0,34.6
2026-06-18,UPI,Ahmedabad,9,90222.31,1,72633.17,11.111,0,1,36.37
2026-06-18,UPI,Bengaluru,5,18238.9,0,0.0,0.0,0,0,32.86
2026-06-18,UPI,Chennai,7,23271.1,0,0.0,0.0,0,0,28.74
2026-06-18,UPI,Delhi,4,4896.64,0,0.0,0.0,0,0,14.6
2026-06-18,UPI,Hyderabad,10,49160.4,0,0.0,0.0,0,0,29.43
2026-06-18,UPI,Jaipur,5,21963.67,0,0.0,0.0,0,1,38.98
2026-06-18,UPI,Kochi,6,14095.66,0,0.0,0.0,0,0,29.33
2026-06-18,UPI,Kolkata,5,15531.03,0,0.0,0.0,0,0,33.86
2026-06-18,UPI,Mumbai,4,7140.27,0,0.0,0.0,0,0,21.4
2026-06-18,UPI,Pune,6,9060.52,0,0.0,0.0,0,0,26.3
2026-06-19,ATM,Ahmedabad,6,16354.53,0,0.0,0.0,0,0,38.88
2026-06-19,ATM,Bengaluru,3,12058.95,0,0.0,0.0,0,0,26.8
2026-06-19,ATM,Chennai,2,19017.45,0,0.0,0.0,0,0,39.25
2026-06-19,ATM,Delhi,3,1988.86,0,0.0,0.0,0,0,20.5
2026-06-19,ATM,Hyderabad,4,9446.47,0,0.0,0.0,0,0,33.8
2026-06-19,ATM,Jaipur,3,10555.96,0,0.0,0.0,0,0,41.57
2026-06-19,ATM,Kochi,3,9957.8,0,0.0,0.0,0,0,31.3
2026-06-19,ATM,Kolkata,5,13332.35,0,0.0,0.0,0,0,28.44
2026-06-19,ATM,Mumbai,2,5057.34,0,0.0,0.0,0,0,15.05
2026-06-19,ATM,Pune,2,6903.76,0,0.0,0.0,0,0,19.9
2026-06-19,Branch,Ahmedabad,1,832.51,0,0.0,0.0,0,0,36.8
2026-06-19,Branch,Chennai,1,1278.02,0,0.0,0.0,0,0,27.4
2026-06-19,Branch,Hyderabad,2,4428.3,0,0.0,0.0,0,0,16.25
2026-06-19,Branch,Jaipur,1,9699.47,0,0.0,0.0,0,0,20.7
2026-06-19,Branch,Kochi,2,4388.6,0,0.0,0.0,0,0,48.55
2026-06-19,Branch,Kolkata,3,5252.28,0,0.0,0.0,0,0,28.4
2026-06-19,IMPS,Ahmedabad,2,799.29,0,0.0,0.0,0,0,29.8
2026-06-19,IMPS,Bengaluru,1,2791.88,0,0.0,0.0,0,0,27.9
2026-06-19,IMPS,Chennai,3,6394.06,0,0.0,0.0,0,0,24.63
2026-06-19,IMPS,Hyderabad,5,12319.81,0,0.0,0.0,0,0,27.86
2026-06-19,IMPS,Jaipur,2,2114.21,0,0.0,0.0,0,0,11.95
2026-06-19,IMPS,Kolkata,1,519.45,0,0.0,0.0,0,0,31.2
2026-06-19,IMPS,Mumbai,2,2341.2,0,0.0,0.0,0,0,38.6
2026-06-19,IMPS,Pune,1,901.38,0,0.0,0.0,0,0,33.1
2026-06-19,Internet Banking,Ahmedabad,6,12404.22,0,0.0,0.0,0,0,25.93
2026-06-19,Internet Banking,Bengaluru,2,2108.28,0,0.0,0.0,0,0,20.0
2026-06-19,Internet Banking,Chennai,4,15686.77,0,0.0,0.0,0,0,27.3
2026-06-19,Internet Banking,Delhi,2,2571.8,0,0.0,0.0,0,0,29.5
2026-06-19,Internet Banking,Hyderabad,4,8012.74,0,0.0,0.0,0,0,30.05
2026-06-19,Internet Banking,Jaipur,9,362033.96,1,344629.26,11.111,1,0,35.16
2026-06-19,Internet Banking,Kochi,3,8737.21,0,0.0,0.0,0,0,29.77
2026-06-19,Internet Banking,Kolkata,6,114942.68,1,105590.79,16.667,0,0,32.42
2026-06-19,Internet Banking,Mumbai,1,1507.69,0,0.0,0.0,0,0,49.2
2026-06-19,Internet Banking,Pune,5,7078.31,0,0.0,0.0,0,0,27.72
2026-06-19,Mobile Banking,Ahmedabad,5,13607.48,0,0.0,0.0,0,1,31.98
2026-06-19,Mobile Banking,Bengaluru,7,36125.21,0,0.0,0.0,0,0,29.21
2026-06-19,Mobile Banking,Chennai,1,346.56,0,0.0,0.0,0,0,54.3
2026-06-19,Mobile Banking,Delhi,7,14702.42,0,0.0,0.0,0,0,33.26
2026-06-19,Mobile Banking,Hyderabad,4,5533.72,0,0.0,0.0,0,0,29.35
2026-06-19,Mobile Banking,Jaipur,8,17800.32,0,0.0,0.0,0,0,30.66
2026-06-19,Mobile Banking,Kochi,6,13960.5,0,0.0,0.0,0,1,23.97
2026-06-19,Mobile Banking,Kolkata,2,5621.24,0,0.0,0.0,0,0,20.1
2026-06-19,Mobile Banking,Mumbai,5,28150.05,0,0.0,0.0,0,0,39.28
2026-06-19,Mobile Banking,Pune,4,11637.92,0,0.0,0.0,0,0,35.73
2026-06-19,NEFT,Ahmedabad,6,13375.45,0,0.0,0.0,0,0,32.83
2026-06-19,NEFT,Bengaluru,3,9587.68,0,0.0,0.0,0,0,28.9
2026-06-19,NEFT,Chennai,3,5944.01,0,0.0,0.0,0,1,44.37
2026-06-19,NEFT,Delhi,2,1628.08,0,0.0,0.0,0,0,11.3
2026-06-19,NEFT,Hyderabad,1,722.92,0,0.0,0.0,0,0,17.7
2026-06-19,NEFT,Jaipur,4,14455.15,0,0.0,0.0,0,0,36.58
2026-06-19,NEFT,Kochi,1,4624.29,0,0.0,0.0,0,0,45.6
2026-06-19,NEFT,Kolkata,1,624.16,0,0.0,0.0,0,0,16.3
2026-06-19,NEFT,Mumbai,1,6440.67,0,0.0,0.0,0,0,33.2
2026-06-19,NEFT,Pune,2,4111.04,0,0.0,0.0,0,0,38.95
2026-06-19,POS,Ahmedabad,6,26162.29,0,0.0,0.0,0,1,29.53
2026-06-19,POS,Bengaluru,2,1633.45,0,0.0,0.0,0,0,15.55
2026-06-19,POS,Chennai,4,13143.44,0,0.0,0.0,0,0,35.9
2026-06-19,POS,Delhi,4,9206.26,0,0.0,0.0,0,0,25.38
2026-06-19,POS,Hyderabad,3,11787.05,0,0.0,0.0,0,0,29.4
2026-06-19,POS,Jaipur,2,29371.17,0,0.0,0.0,0,0,33.05
2026-06-19,POS,Kochi,3,20281.05,0,0.0,0.0,0,0,25.03
2026-06-19,POS,Kolkata,4,8728.46,0,0.0,0.0,0,1,33.27
2026-06-19,POS,Mumbai,1,401.02,0,0.0,0.0,0,0,20.3
2026-06-19,POS,Pune,3,4874.59,0,0.0,0.0,0,0,21.5
2026-06-19,RTGS,Bengaluru,2,1913780.19,0,0.0,0.0,0,0,26.7
2026-06-19,RTGS,Chennai,1,849105.14,0,0.0,0.0,0,0,44.0
2026-06-19,RTGS,Delhi,2,1812248.36,0,0.0,0.0,0,0,38.4
2026-06-19,RTGS,Hyderabad,1,687403.42,0,0.0,0.0,0,0,33.7
2026-06-19,RTGS,Jaipur,2,824538.79,0,0.0,0.0,0,0,39.3
2026-06-19,RTGS,Kochi,1,486097.72,0,0.0,0.0,0,0,51.2
2026-06-19,RTGS,Kolkata,3,2116334.55,0,0.0,0.0,0,0,44.43
2026-06-19,UPI,Ahmedabad,12,22677.93,0,0.0,0.0,0,0,24.54
2026-06-19,UPI,Bengaluru,8,18454.65,0,0.0,0.0,0,0,29.28
2026-06-19,UPI,Chennai,9,46082.19,0,0.0,0.0,0,0,26.37
2026-06-19,UPI,Delhi,7,16523.8,0,0.0,0.0,0,0,25.33
2026-06-19,UPI,Hyderabad,7,36952.35,0,0.0,0.0,0,0,33.04
2026-06-19,UPI,Jaipur,3,4689.44,0,0.0,0.0,0,0,33.6
2026-06-19,UPI,Kochi,6,31776.96,0,0.0,0.0,0,0,41.43
2026-06-19,UPI,Kolkata,6,10589.04,0,0.0,0.0,0,0,33.6
2026-06-19,UPI,Mumbai,1,862.54,0,0.0,0.0,0,0,50.9
2026-06-19,UPI,Pune,5,32340.57,0,0.0,0.0,0,0,33.62
2026-06-20,ATM,Ahmedabad,1,3069.8,0,0.0,0.0,0,0,64.9
2026-06-20,ATM,Bengaluru,4,12463.09,0,0.0,0.0,0,0,36.73
2026-06-20,ATM,Chennai,3,11525.91,0,0.0,0.0,0,0,32.33
2026-06-20,ATM,Delhi,2,99189.35,1,97631.5,50.0,0,1,52.95
2026-06-20,ATM,Hyderabad,3,4223.66,0,0.0,0.0,0,0,28.53
2026-06-20,ATM,Jaipur,5,207540.7,1,193970.87,20.0,1,0,32.62
2026-06-20,ATM,Kolkata,2,16594.84,0,0.0,0.0,0,0,34.9
2026-06-20,ATM,Mumbai,3,9518.5,0,0.0,0.0,0,0,26.67
2026-06-20,ATM,Pune,1,1115.55,0,0.0,0.0,0,0,20.2
2026-06-20,Branch,Bengaluru,1,2975.61,0,0.0,0.0,0,0,13.1
2026-06-20,Branch,Delhi,1,449.32,0,0.0,0.0,0,0,12.7
2026-06-20,Branch,Hyderabad,1,2121.36,0,0.0,0.0,0,0,33.4
2026-06-20,Branch,Kochi,2,16049.58,0,0.0,0.0,0,0,21.4
2026-06-20,Branch,Mumbai,1,5275.36,0,0.0,0.0,0,0,27.6
2026-06-20,Branch,Pune,1,889.53,0,0.0,0.0,0,0,40.4
2026-06-20,IMPS,Bengaluru,4,10921.82,0,0.0,0.0,0,0,33.73
2026-06-20,IMPS,Chennai,1,1739.13,0,0.0,0.0,0,0,16.2
2026-06-20,IMPS,Delhi,2,2133.73,0,0.0,0.0,0,0,16.1
2026-06-20,IMPS,Hyderabad,1,1101.19,0,0.0,0.0,0,0,17.0
2026-06-20,IMPS,Jaipur,2,2772.09,0,0.0,0.0,0,0,33.3
2026-06-20,IMPS,Kochi,6,34007.1,0,0.0,0.0,0,0,22.22
2026-06-20,IMPS,Kolkata,1,2999.16,0,0.0,0.0,0,0,17.8
2026-06-20,IMPS,Mumbai,4,7672.16,0,0.0,0.0,0,0,30.95
2026-06-20,IMPS,Pune,2,3773.5,0,0.0,0.0,0,0,32.5
2026-06-20,Internet Banking,Ahmedabad,3,3370.57,1,139.38,33.333,0,1,32.6
2026-06-20,Internet Banking,Bengaluru,3,9996.59,0,0.0,0.0,0,0,30.03
2026-06-20,Internet Banking,Delhi,5,22246.81,0,0.0,0.0,0,0,33.82
2026-06-20,Internet Banking,Hyderabad,2,4824.28,0,0.0,0.0,0,0,46.4
2026-06-20,Internet Banking,Jaipur,7,9984.65,0,0.0,0.0,0,0,19.04
2026-06-20,Internet Banking,Kochi,4,7764.56,0,0.0,0.0,0,0,25.05
2026-06-20,Internet Banking,Kolkata,4,3207.88,0,0.0,0.0,0,0,19.8
2026-06-20,Internet Banking,Mumbai,5,12316.77,0,0.0,0.0,0,0,38.1
2026-06-20,Internet Banking,Pune,3,23499.06,0,0.0,0.0,0,0,40.13
2026-06-20,Mobile Banking,Ahmedabad,4,15988.67,0,0.0,0.0,0,0,41.97
2026-06-20,Mobile Banking,Bengaluru,6,11743.88,0,0.0,0.0,0,0,19.27
2026-06-20,Mobile Banking,Chennai,8,15926.25,0,0.0,0.0,0,0,29.58
2026-06-20,Mobile Banking,Delhi,7,34056.33,0,0.0,0.0,0,0,39.44
2026-06-20,Mobile Banking,Hyderabad,2,6383.56,0,0.0,0.0,0,0,21.3
2026-06-20,Mobile Banking,Jaipur,9,23324.39,0,0.0,0.0,0,0,25.8
2026-06-20,Mobile Banking,Kochi,4,22629.95,0,0.0,0.0,0,1,47.67
2026-06-20,Mobile Banking,Kolkata,5,14658.17,0,0.0,0.0,0,0,33.38
2026-06-20,Mobile Banking,Mumbai,3,11329.43,0,0.0,0.0,0,0,31.27
2026-06-20,Mobile Banking,Pune,6,29318.3,0,0.0,0.0,0,0,34.52
2026-06-20,NEFT,Ahmedabad,3,4564.65,0,0.0,0.0,0,0,40.37
2026-06-20,NEFT,Bengaluru,1,434.51,0,0.0,0.0,0,0,30.0
2026-06-20,NEFT,Chennai,3,3947.62,0,0.0,0.0,0,0,23.73
2026-06-20,NEFT,Delhi,2,3135.3,0,0.0,0.0,0,0,41.6
2026-06-20,NEFT,Jaipur,3,9137.8,0,0.0,0.0,0,0,37.13
2026-06-20,NEFT,Kochi,3,5608.13,0,0.0,0.0,0,0,9.33
2026-06-20,NEFT,Kolkata,4,4846.34,0,0.0,0.0,0,0,22.58
2026-06-20,NEFT,Mumbai,1,2220.9,0,0.0,0.0,0,0,29.4
2026-06-20,NEFT,Pune,1,11831.57,0,0.0,0.0,0,0,56.5
2026-06-20,POS,Ahmedabad,1,7791.59,0,0.0,0.0,0,0,50.4
2026-06-20,POS,Bengaluru,5,17131.76,0,0.0,0.0,0,0,31.82
2026-06-20,POS,Chennai,2,8428.66,0,0.0,0.0,0,0,21.55
2026-06-20,POS,Delhi,3,26601.61,0,0.0,0.0,0,1,54.67
2026-06-20,POS,Hyderabad,4,12490.56,0,0.0,0.0,0,0,35.5
2026-06-20,POS,Jaipur,5,15524.3,0,0.0,0.0,0,0,34.3
2026-06-20,POS,Kochi,3,3938.66,0,0.0,0.0,0,0,24.13
2026-06-20,POS,Kolkata,6,10808.78,0,0.0,0.0,0,0,22.2
2026-06-20,POS,Mumbai,3,331330.24,1,323388.0,33.333,0,0,32.13
2026-06-20,POS,Pune,1,1187.89,0,0.0,0.0,0,0,27.3
2026-06-20,RTGS,Ahmedabad,2,2474019.34,0,0.0,0.0,0,0,40.35
2026-06-20,RTGS,Chennai,1,1362595.45,0,0.0,0.0,0,0,29.3
2026-06-20,RTGS,Delhi,1,1087713.01,0,0.0,0.0,0,0,37.5
2026-06-20,RTGS,Hyderabad,1,462111.62,0,0.0,0.0,0,0,31.3
2026-06-20,RTGS,Jaipur,2,1322860.54,0,0.0,0.0,0,0,34.7
2026-06-20,RTGS,Kochi,3,1874498.8,0,0.0,0.0,0,0,32.13
2026-06-20,RTGS,Kolkata,1,998297.66,0,0.0,0.0,0,0,27.5
2026-06-20,RTGS,Mumbai,4,4513139.86,0,0.0,0.0,0,1,55.05
2026-06-20,RTGS,Pune,3,3802620.98,0,0.0,0.0,0,0,32.23
2026-06-20,UPI,Ahmedabad,5,14180.14,0,0.0,0.0,0,0,33.3
2026-06-20,UPI,Bengaluru,4,15131.72,0,0.0,0.0,0,0,40.48
2026-06-20,UPI,Chennai,8,25300.2,0,0.0,0.0,0,0,27.78
2026-06-20,UPI,Delhi,5,17847.42,0,0.0,0.0,0,0,22.24
2026-06-20,UPI,Hyderabad,8,22867.21,0,0.0,0.0,0,0,32.25
2026-06-20,UPI,Jaipur,5,7584.81,0,0.0,0.0,0,0,26.12
2026-06-20,UPI,Kochi,3,2868.43,0,0.0,0.0,0,0,35.2
2026-06-20,UPI,Kolkata,4,9583.37,0,0.0,0.0,0,0,30.22
2026-06-20,UPI,Mumbai,6,56499.05,1,45296.28,16.667,0,0,36.35
2026-06-20,UPI,Pune,4,7467.25,0,0.0,0.0,0,0,31.62
2026-06-21,ATM,Ahmedabad,7,11630.32,0,0.0,0.0,0,0,34.71
2026-06-21,ATM,Bengaluru,6,9562.25,0,0.0,0.0,0,0,24.42
2026-06-21,ATM,Chennai,4,4235.82,0,0.0,0.0,0,0,21.38
2026-06-21,ATM,Delhi,1,5993.24,0,0.0,0.0,0,0,53.1
2026-06-21,ATM,Hyderabad,5,9000.96,0,0.0,0.0,0,0,14.8
2026-06-21,ATM,Jaipur,1,3297.64,0,0.0,0.0,0,0,16.7
2026-06-21,ATM,Kochi,1,1904.09,0,0.0,0.0,0,0,28.5
2026-06-21,ATM,Kolkata,4,16175.07,0,0.0,0.0,0,0,35.03
2026-06-21,ATM,Mumbai,3,20758.39,0,0.0,0.0,0,0,26.73
2026-06-21,ATM,Pune,3,4670.66,0,0.0,0.0,0,0,29.37
2026-06-21,Branch,Ahmedabad,1,934.27,0,0.0,0.0,0,0,15.2
2026-06-21,Branch,Bengaluru,2,6773.36,0,0.0,0.0,0,0,31.55
2026-06-21,Branch,Chennai,1,1757.55,0,0.0,0.0,0,0,33.7
2026-06-21,Branch,Hyderabad,1,746.33,0,0.0,0.0,0,0,28.5
2026-06-21,Branch,Kochi,1,4618.26,0,0.0,0.0,0,0,29.6
2026-06-21,IMPS,Ahmedabad,1,110.52,0,0.0,0.0,0,0,8.1
2026-06-21,IMPS,Bengaluru,1,13710.31,0,0.0,0.0,0,0,50.8
2026-06-21,IMPS,Chennai,3,9786.63,0,0.0,0.0,0,0,39.4
2026-06-21,IMPS,Delhi,3,14476.71,0,0.0,0.0,0,1,46.83
2026-06-21,IMPS,Hyderabad,4,3619.95,0,0.0,0.0,0,0,24.67
2026-06-21,IMPS,Kochi,1,2888.4,0,0.0,0.0,0,0,52.0
2026-06-21,IMPS,Kolkata,2,1258.01,0,0.0,0.0,0,0,26.9
2026-06-21,IMPS,Mumbai,2,7612.0,0,0.0,0.0,0,0,50.7
2026-06-21,IMPS,Pune,1,946.55,0,0.0,0.0,0,0,16.6
2026-06-21,Internet Banking,Bengaluru,1,555.71,0,0.0,0.0,0,0,18.9
2026-06-21,Internet Banking,Chennai,2,1625.52,0,0.0,0.0,0,0,37.4
2026-06-21,Internet Banking,Delhi,5,16522.02,0,0.0,0.0,0,0,38.36
2026-06-21,Internet Banking,Hyderabad,4,11784.26,0,0.0,0.0,0,0,23.3
2026-06-21,Internet Banking,Kochi,1,1551.73,0,0.0,0.0,0,0,31.3
2026-06-21,Internet Banking,Kolkata,9,23695.29,0,0.0,0.0,0,0,30.34
2026-06-21,Internet Banking,Mumbai,3,80184.53,1,75551.98,33.333,0,0,37.3
2026-06-21,Internet Banking,Pune,1,861.84,0,0.0,0.0,0,0,14.5
2026-06-21,Mobile Banking,Ahmedabad,3,8259.2,0,0.0,0.0,0,0,28.8
2026-06-21,Mobile Banking,Bengaluru,4,5879.19,0,0.0,0.0,0,0,29.6
2026-06-21,Mobile Banking,Chennai,9,26893.55,0,0.0,0.0,0,1,38.79
2026-06-21,Mobile Banking,Delhi,2,1066.73,0,0.0,0.0,0,0,14.35
2026-06-21,Mobile Banking,Hyderabad,8,18268.47,0,0.0,0.0,0,0,29.3
2026-06-21,Mobile Banking,Jaipur,1,988.04,0,0.0,0.0,0,0,32.1
2026-06-21,Mobile Banking,Kochi,6,11500.37,0,0.0,0.0,0,0,23.4
2026-06-21,Mobile Banking,Kolkata,4,9487.41,0,0.0,0.0,0,0,29.32
2026-06-21,Mobile Banking,Mumbai,4,7557.06,0,0.0,0.0,0,0,23.82
2026-06-21,Mobile Banking,Pune,4,16523.26,0,0.0,0.0,0,0,36.12
2026-06-21,NEFT,Ahmedabad,1,632.15,0,0.0,0.0,0,0,13.7
2026-06-21,NEFT,Bengaluru,2,1899.95,0,0.0,0.0,0,0,15.4
2026-06-21,NEFT,Chennai,1,1052.35,0,0.0,0.0,0,0,10.6
2026-06-21,NEFT,Delhi,2,5655.36,0,0.0,0.0,0,0,14.1
2026-06-21,NEFT,Hyderabad,4,15198.27,0,0.0,0.0,0,0,30.92
2026-06-21,NEFT,Jaipur,2,6274.62,0,0.0,0.0,0,0,21.15
2026-06-21,NEFT,Kochi,2,3263.59,0,0.0,0.0,0,0,13.1
2026-06-21,NEFT,Kolkata,2,6487.58,0,0.0,0.0,0,0,33.0
2026-06-21,NEFT,Mumbai,2,1509.12,0,0.0,0.0,0,0,25.0
2026-06-21,NEFT,Pune,5,16234.37,0,0.0,0.0,0,0,30.42
2026-06-21,POS,Ahmedabad,4,10529.46,0,0.0,0.0,0,0,23.55
2026-06-21,POS,Bengaluru,4,9448.37,0,0.0,0.0,0,0,26.53
2026-06-21,POS,Chennai,7,60649.41,0,0.0,0.0,0,0,25.11
2026-06-21,POS,Delhi,1,1286.23,0,0.0,0.0,0,0,23.5
2026-06-21,POS,Hyderabad,5,17526.36,0,0.0,0.0,0,0,32.24
2026-06-21,POS,Jaipur,6,7213.32,0,0.0,0.0,0,0,17.85
2026-06-21,POS,Kochi,5,26990.05,0,0.0,0.0,0,0,26.84
2026-06-21,POS,Kolkata,4,132862.25,1,126048.67,25.0,1,0,41.8
2026-06-21,POS,Mumbai,3,4099.51,0,0.0,0.0,0,0,44.13
2026-06-21,POS,Pune,3,12072.43,0,0.0,0.0,0,0,34.77
2026-06-21,RTGS,Ahmedabad,3,2719003.13,0,0.0,0.0,0,0,37.67
2026-06-21,RTGS,Bengaluru,2,2130371.83,0,0.0,0.0,0,0,33.75
2026-06-21,RTGS,Chennai,2,849838.71,0,0.0,0.0,0,1,58.85
2026-06-21,RTGS,Hyderabad,3,2200041.15,0,0.0,0.0,0,0,27.43
2026-06-21,RTGS,Jaipur,1,744052.1,0,0.0,0.0,0,0,53.8
2026-06-21,RTGS,Kochi,2,2045123.73,0,0.0,0.0,0,0,40.6
2026-06-21,RTGS,Kolkata,1,503102.57,0,0.0,0.0,0,0,35.2
2026-06-21,RTGS,Mumbai,2,2520575.27,0,0.0,0.0,0,0,33.55
2026-06-21,RTGS,Pune,1,299016.75,0,0.0,0.0,0,0,34.1
2026-06-21,UPI,Ahmedabad,5,8442.82,0,0.0,0.0,0,0,34.48
2026-06-21,UPI,Bengaluru,5,19454.98,0,0.0,0.0,0,0,31.26
2026-06-21,UPI,Chennai,6,17756.47,0,0.0,0.0,0,0,33.77
2026-06-21,UPI,Delhi,6,20502.86,0,0.0,0.0,0,0,33.87
2026-06-21,UPI,Hyderabad,3,17810.02,0,0.0,0.0,0,0,34.1
2026-06-21,UPI,Jaipur,1,852.59,0,0.0,0.0,0,0,25.0
2026-06-21,UPI,Kochi,3,2771.13,0,0.0,0.0,0,0,31.33
2026-06-21,UPI,Kolkata,6,37883.05,1,758.07,16.667,0,0,45.8
2026-06-21,UPI,Mumbai,6,15582.15,0,0.0,0.0,0,0,29.9
2026-06-21,UPI,Pune,6,240143.62,1,225047.95,16.667,0,1,33.48
2026-06-22,ATM,Ahmedabad,1,3737.69,0,0.0,0.0,0,0,45.8
2026-06-22,ATM,Bengaluru,2,5922.28,0,0.0,0.0,0,0,48.55
2026-06-22,ATM,Chennai,1,1322.38,0,0.0,0.0,0,0,7.8
2026-06-22,ATM,Delhi,2,2582.99,0,0.0,0.0,0,0,16.35
2026-06-22,ATM,Hyderabad,2,6169.81,0,0.0,0.0,0,0,27.0
2026-06-22,ATM,Jaipur,2,2006.4,0,0.0,0.0,0,0,23.95
2026-06-22,ATM,Kochi,4,12673.06,0,0.0,0.0,0,0,36.98
2026-06-22,ATM,Kolkata,4,16932.97,0,0.0,0.0,0,0,22.78
2026-06-22,ATM,Mumbai,2,1948.1,0,0.0,0.0,0,0,25.05
2026-06-22,ATM,Pune,6,16979.57,0,0.0,0.0,0,0,38.28
2026-06-22,Branch,Ahmedabad,2,3142.13,0,0.0,0.0,0,0,31.35
2026-06-22,Branch,Hyderabad,1,3059.37,0,0.0,0.0,0,0,16.2
2026-06-22,Branch,Jaipur,1,1194.83,0,0.0,0.0,0,0,13.9
2026-06-22,Branch,Kochi,2,12740.34,0,0.0,0.0,0,0,34.5
2026-06-22,Branch,Pune,1,840.39,0,0.0,0.0,0,0,40.9
2026-06-22,IMPS,Ahmedabad,1,182100.64,1,182100.64,100.0,0,0,50.0
2026-06-22,IMPS,Bengaluru,3,7311.68,0,0.0,0.0,0,1,46.47
2026-06-22,IMPS,Delhi,1,642.41,0,0.0,0.0,0,0,33.0
2026-06-22,IMPS,Hyderabad,2,6766.3,0,0.0,0.0,0,1,55.15
2026-06-22,IMPS,Jaipur,2,6418.31,0,0.0,0.0,0,0,26.9
2026-06-22,IMPS,Kochi,2,3945.36,0,0.0,0.0,0,0,23.45
2026-06-22,IMPS,Kolkata,3,5680.85,0,0.0,0.0,0,0,21.17
2026-06-22,IMPS,Mumbai,2,2908.83,0,0.0,0.0,0,0,16.0
2026-06-22,IMPS,Pune,3,10412.94,0,0.0,0.0,0,0,35.4
2026-06-22,Internet Banking,Ahmedabad,2,6311.32,0,0.0,0.0,0,0,28.0
2026-06-22,Internet Banking,Bengaluru,4,9347.65,0,0.0,0.0,0,0,26.95
2026-06-22,Internet Banking,Chennai,3,10847.81,0,0.0,0.0,0,0,32.17
2026-06-22,Internet Banking,Delhi,3,5267.36,0,0.0,0.0,0,0,18.5
2026-06-22,Internet Banking,Hyderabad,4,5489.14,0,0.0,0.0,0,0,19.3
2026-06-22,Internet Banking,Jaipur,6,20754.03,0,0.0,0.0,0,1,32.4
2026-06-22,Internet Banking,Kochi,5,332695.05,1,318756.01,20.0,0,0,42.14
2026-06-22,Internet Banking,Kolkata,1,2829.99,0,0.0,0.0,0,0,21.7
2026-06-22,Internet Banking,Mumbai,3,2712.65,0,0.0,0.0,0,0,30.6
2026-06-22,Internet Banking,Pune,7,28228.84,0,0.0,0.0,0,0,26.2
2026-06-22,Mobile Banking,Ahmedabad,5,19414.02,0,0.0,0.0,0,0,42.84
2026-06-22,Mobile Banking,Bengaluru,6,3572.69,0,0.0,0.0,0,0,28.42
2026-06-22,Mobile Banking,Chennai,5,10467.8,0,0.0,0.0,0,0,26.5
2026-06-22,Mobile Banking,Delhi,3,6184.03,0,0.0,0.0,0,0,30.4
2026-06-22,Mobile Banking,Hyderabad,5,13552.61,0,0.0,0.0,0,0,32.82
2026-06-22,Mobile Banking,Jaipur,3,2336.65,0,0.0,0.0,0,0,28.97
2026-06-22,Mobile Banking,Kochi,4,10984.7,0,0.0,0.0,0,0,30.85
2026-06-22,Mobile Banking,Kolkata,7,46874.53,0,0.0,0.0,0,0,26.99
2026-06-22,Mobile Banking,Mumbai,6,39123.04,0,0.0,0.0,0,0,34.43
2026-06-22,Mobile Banking,Pune,10,321829.39,1,294118.16,10.0,0,2,37.02
2026-06-22,NEFT,Ahmedabad,5,10629.01,0,0.0,0.0,0,0,40.72
2026-06-22,NEFT,Bengaluru,3,9608.53,1,922.38,33.333,0,0,34.73
2026-06-22,NEFT,Chennai,2,2832.82,0,0.0,0.0,0,0,41.8
2026-06-22,NEFT,Delhi,1,1184.8,0,0.0,0.0,0,0,7.8
2026-06-22,NEFT,Hyderabad,5,7906.54,0,0.0,0.0,0,0,25.62
2026-06-22,NEFT,Jaipur,2,2934.48,0,0.0,0.0,0,0,44.35
2026-06-22,NEFT,Kochi,4,11637.5,0,0.0,0.0,0,1,40.9
2026-06-22,NEFT,Kolkata,3,97549.18,1,95595.98,33.333,0,0,35.93
2026-06-22,NEFT,Mumbai,5,8112.82,0,0.0,0.0,0,0,31.28
2026-06-22,NEFT,Pune,1,1902.95,0,0.0,0.0,0,0,28.2
2026-06-22,POS,Ahmedabad,1,2393.74,0,0.0,0.0,0,0,52.2
2026-06-22,POS,Bengaluru,6,31692.4,0,0.0,0.0,0,0,25.18
2026-06-22,POS,Chennai,6,5029.0,0,0.0,0.0,0,0,34.27
2026-06-22,POS,Delhi,2,7510.54,0,0.0,0.0,0,0,46.6
2026-06-22,POS,Hyderabad,3,6702.73,0,0.0,0.0,0,0,30.87
2026-06-22,POS,Jaipur,2,11531.73,0,0.0,0.0,0,0,22.65
2026-06-22,POS,Kochi,1,10525.81,0,0.0,0.0,0,0,47.8
2026-06-22,POS,Kolkata,9,39853.76,0,0.0,0.0,0,1,30.27
2026-06-22,POS,Mumbai,10,370289.07,2,352078.63,20.0,0,1,39.29
2026-06-22,POS,Pune,5,13688.06,0,0.0,0.0,0,0,24.94
2026-06-22,RTGS,Ahmedabad,2,1936440.96,0,0.0,0.0,0,0,33.4
2026-06-22,RTGS,Bengaluru,1,1373874.44,0,0.0,0.0,0,0,53.8
2026-06-22,RTGS,Delhi,1,1034084.97,0,0.0,0.0,0,0,29.7
2026-06-22,RTGS,Hyderabad,3,2593954.2,0,0.0,0.0,0,0,33.73
2026-06-22,RTGS,Jaipur,2,1631973.63,0,0.0,0.0,0,0,31.75
2026-06-22,RTGS,Kochi,2,1423550.24,0,0.0,0.0,0,0,32.95
2026-06-22,RTGS,Kolkata,2,1942137.08,0,0.0,0.0,0,0,45.3
2026-06-22,RTGS,Mumbai,1,1071300.16,0,0.0,0.0,0,0,26.2
2026-06-22,RTGS,Pune,1,1470529.25,0,0.0,0.0,0,0,29.3
2026-06-22,UPI,Ahmedabad,7,14602.26,0,0.0,0.0,0,0,32.13
2026-06-22,UPI,Bengaluru,9,16423.42,0,0.0,0.0,0,0,28.29
2026-06-22,UPI,Chennai,7,30958.42,0,0.0,0.0,0,0,32.07
2026-06-22,UPI,Delhi,10,41671.49,0,0.0,0.0,0,0,31.41
2026-06-22,UPI,Hyderabad,9,16385.99,0,0.0,0.0,0,0,30.04
2026-06-22,UPI,Jaipur,11,34169.82,0,0.0,0.0,0,1,30.95
2026-06-22,UPI,Kochi,4,23572.22,0,0.0,0.0,0,0,23.67
2026-06-22,UPI,Kolkata,5,8519.25,0,0.0,0.0,0,0,38.38
2026-06-22,UPI,Mumbai,3,5027.99,0,0.0,0.0,0,0,35.47
2026-06-22,UPI,Pune,11,29607.64,0,0.0,0.0,0,0,27.87
2026-06-23,ATM,Ahmedabad,2,4208.64,0,0.0,0.0,0,0,38.0
2026-06-23,ATM,Bengaluru,4,4722.54,0,0.0,0.0,0,0,22.22
2026-06-23,ATM,Chennai,2,5903.36,0,0.0,0.0,0,0,36.15
2026-06-23,ATM,Delhi,2,5169.62,0,0.0,0.0,0,0,19.7
2026-06-23,ATM,Hyderabad,4,3087.78,0,0.0,0.0,0,0,29.47
2026-06-23,ATM,Jaipur,5,5914.12,0,0.0,0.0,0,0,31.14
2026-06-23,ATM,Kochi,2,1102.43,0,0.0,0.0,0,0,22.05
2026-06-23,ATM,Kolkata,1,558.17,0,0.0,0.0,0,0,7.6
2026-06-23,ATM,Mumbai,4,22960.79,0,0.0,0.0,0,0,27.2
2026-06-23,ATM,Pune,2,4192.74,0,0.0,0.0,0,0,31.7
2026-06-23,Branch,Chennai,2,5647.56,0,0.0,0.0,0,0,26.25
2026-06-23,Branch,Delhi,1,1848.8,0,0.0,0.0,0,0,9.9
2026-06-23,Branch,Jaipur,1,1151.38,0,0.0,0.0,0,0,9.2
2026-06-23,Branch,Kochi,2,3066.26,0,0.0,0.0,0,0,18.95
2026-06-23,Branch,Mumbai,1,219.69,0,0.0,0.0,0,0,11.5
2026-06-23,Branch,Pune,1,1939.24,0,0.0,0.0,0,0,24.5
2026-06-23,IMPS,Ahmedabad,4,14683.72,0,0.0,0.0,0,0,29.55
2026-06-23,IMPS,Bengaluru,1,69.96,0,0.0,0.0,0,0,11.7
2026-06-23,IMPS,Chennai,3,12879.44,0,0.0,0.0,0,0,46.8
2026-06-23,IMPS,Delhi,2,2636.93,0,0.0,0.0,0,0,24.05
2026-06-23,IMPS,Hyderabad,2,2099.63,0,0.0,0.0,0,0,34.35
2026-06-23,IMPS,Kochi,2,14710.6,0,0.0,0.0,0,0,34.4
2026-06-23,IMPS,Kolkata,1,7769.65,0,0.0,0.0,0,0,25.2
2026-06-23,IMPS,Mumbai,3,8675.14,0,0.0,0.0,0,0,16.23
2026-06-23,IMPS,Pune,3,23901.96,0,0.0,0.0,0,0,37.73
2026-06-23,Internet Banking,Ahmedabad,2,2499.5,0,0.0,0.0,0,0,18.55
2026-06-23,Internet Banking,Bengaluru,2,4661.78,0,0.0,0.0,0,0,34.0
2026-06-23,Internet Banking,Chennai,5,4645.65,0,0.0,0.0,0,0,24.88
2026-06-23,Internet Banking,Delhi,1,570.7,0,0.0,0.0,0,0,16.9
2026-06-23,Internet Banking,Hyderabad,4,14992.23,0,0.0,0.0,0,0,26.98
2026-06-23,Internet Banking,Jaipur,5,5797.74,0,0.0,0.0,0,0,15.9
2026-06-23,Internet Banking,Kochi,4,6614.76,0,0.0,0.0,0,0,36.48
2026-06-23,Internet Banking,Kolkata,2,1736.15,1,1267.53,50.0,0,1,42.15
2026-06-23,Internet Banking,Mumbai,5,5618.62,0,0.0,0.0,0,0,21.36
2026-06-23,Internet Banking,Pune,4,17555.55,0,0.0,0.0,0,0,30.7
2026-06-23,Mobile Banking,Ahmedabad,10,15932.94,0,0.0,0.0,0,0,27.7
2026-06-23,Mobile Banking,Bengaluru,2,3717.59,0,0.0,0.0,0,0,19.35
2026-06-23,Mobile Banking,Chennai,6,37010.18,1,724.18,16.667,0,1,48.92
2026-06-23,Mobile Banking,Delhi,2,5661.94,0,0.0,0.0,0,0,25.9
2026-06-23,Mobile Banking,Hyderabad,5,481536.25,1,453189.67,20.0,0,0,35.54
2026-06-23,Mobile Banking,Jaipur,4,19098.81,0,0.0,0.0,0,0,22.18
2026-06-23,Mobile Banking,Kochi,7,28321.84,0,0.0,0.0,0,0,36.77
2026-06-23,Mobile Banking,Kolkata,2,25667.89,0,0.0,0.0,0,0,42.35
2026-06-23,Mobile Banking,Mumbai,4,18689.11,0,0.0,0.0,0,0,27.05
2026-06-23,Mobile Banking,Pune,6,15750.89,0,0.0,0.0,0,0,31.33
2026-06-23,NEFT,Ahmedabad,3,12401.95,0,0.0,0.0,0,0,16.23
2026-06-23,NEFT,Bengaluru,5,9653.22,0,0.0,0.0,0,0,16.52
2026-06-23,NEFT,Chennai,1,2462.57,0,0.0,0.0,0,0,24.4
2026-06-23,NEFT,Delhi,2,6762.2,0,0.0,0.0,0,0,31.45
2026-06-23,NEFT,Hyderabad,1,5436.56,0,0.0,0.0,0,0,21.5
2026-06-23,NEFT,Jaipur,2,2857.92,0,0.0,0.0,0,0,38.3
2026-06-23,NEFT,Kolkata,1,1418.53,0,0.0,0.0,0,0,7.2
2026-06-23,NEFT,Mumbai,1,4000.04,0,0.0,0.0,0,0,27.9
2026-06-23,NEFT,Pune,1,2064.2,0,0.0,0.0,0,0,6.0
2026-06-23,POS,Ahmedabad,3,18583.75,0,0.0,0.0,0,0,36.1
2026-06-23,POS,Bengaluru,5,56071.71,0,0.0,0.0,0,2,49.64
2026-06-23,POS,Chennai,2,1077.88,0,0.0,0.0,0,0,25.6
2026-06-23,POS,Delhi,1,3219.29,1,3219.29,100.0,0,1,83.0
2026-06-23,POS,Hyderabad,4,6882.23,0,0.0,0.0,0,0,25.73
2026-06-23,POS,Jaipur,3,3634.84,0,0.0,0.0,0,0,25.9
2026-06-23,POS,Kochi,5,6417.39,1,72.11,20.0,0,0,28.34
2026-06-23,POS,Kolkata,2,3358.19,0,0.0,0.0,0,0,14.6
2026-06-23,POS,Mumbai,4,7789.02,0,0.0,0.0,0,0,27.93
2026-06-23,POS,Pune,5,24469.73,0,0.0,0.0,0,0,29.02
2026-06-23,RTGS,Ahmedabad,2,2468426.01,0,0.0,0.0,0,0,41.15
2026-06-23,RTGS,Delhi,3,3280736.2,0,0.0,0.0,0,0,40.23
2026-06-23,RTGS,Hyderabad,2,1400700.54,0,0.0,0.0,0,0,39.0
2026-06-23,RTGS,Jaipur,3,1030200.49,0,0.0,0.0,0,0,41.83
2026-06-23,RTGS,Kolkata,3,2083085.45,1,555805.8,33.333,1,1,68.0
2026-06-23,RTGS,Mumbai,1,122.16,1,122.16,100.0,0,0,49.0
2026-06-23,UPI,Ahmedabad,8,20704.95,0,0.0,0.0,0,0,29.15
2026-06-23,UPI,Bengaluru,8,447457.58,1,422070.13,12.5,0,0,30.61
2026-06-23,UPI,Chennai,4,8003.17,0,0.0,0.0,0,0,31.48
2026-06-23,UPI,Delhi,3,2632.04,0,0.0,0.0,0,0,38.93
2026-06-23,UPI,Hyderabad,7,10479.19,0,0.0,0.0,0,0,23.39
2026-06-23,UPI,Jaipur,11,19176.96,0,0.0,0.0,0,0,29.25
2026-06-23,UPI,Kochi,9,14665.41,0,0.0,0.0,0,0,23.58
2026-06-23,UPI,Kolkata,2,9813.67,0,0.0,0.0,0,0,35.1
2026-06-23,UPI,Mumbai,9,13554.4,0,0.0,0.0,0,0,19.67
2026-06-23,UPI,Pune,6,361116.48,1,348943.9,16.667,0,1,39.63
2026-06-24,ATM,Ahmedabad,1,6714.27,0,0.0,0.0,0,0,36.7
2026-06-24,ATM,Bengaluru,4,5491.76,0,0.0,0.0,0,0,36.48
2026-06-24,ATM,Chennai,2,1554.44,0,0.0,0.0,0,0,27.6
2026-06-24,ATM,Delhi,1,4749.53,0,0.0,0.0,0,0,29.5
2026-06-24,ATM,Hyderabad,5,14894.26,0,0.0,0.0,0,0,32.96
2026-06-24,ATM,Jaipur,1,943.48,0,0.0,0.0,0,0,3.4
2026-06-24,ATM,Kochi,4,23820.67,0,0.0,0.0,0,0,44.1
2026-06-24,ATM,Kolkata,4,5815.49,0,0.0,0.0,0,0,32.52
2026-06-24,ATM,Pune,4,20191.07,0,0.0,0.0,0,0,37.48
2026-06-24,Branch,Ahmedabad,1,3969.99,0,0.0,0.0,0,0,48.0
2026-06-24,Branch,Hyderabad,1,455.7,0,0.0,0.0,0,0,50.9
2026-06-24,Branch,Jaipur,1,1540.01,0,0.0,0.0,0,0,26.4
2026-06-24,Branch,Kochi,1,1445.84,0,0.0,0.0,0,0,17.2
2026-06-24,Branch,Kolkata,1,5358.0,0,0.0,0.0,0,0,28.1
2026-06-24,Branch,Mumbai,3,83131.05,1,78178.75,33.333,0,0,42.87
2026-06-24,IMPS,Ahmedabad,1,320.41,0,0.0,0.0,0,0,31.8
2026-06-24,IMPS,Bengaluru,4,7354.43,0,0.0,0.0,0,0,30.95
2026-06-24,IMPS,Chennai,4,4633.54,0,0.0,0.0,0,0,22.58
2026-06-24,IMPS,Delhi,3,71495.52,1,70135.39,33.333,1,0,42.87
2026-06-24,IMPS,Hyderabad,4,12596.07,0,0.0,0.0,0,0,32.0
2026-06-24,IMPS,Jaipur,4,22362.79,0,0.0,0.0,0,0,33.42
2026-06-24,IMPS,Kolkata,2,1130.38,0,0.0,0.0,0,0,35.2
2026-06-24,IMPS,Pune,1,174.03,0,0.0,0.0,0,0,31.8
2026-06-24,Internet Banking,Ahmedabad,4,6910.66,0,0.0,0.0,0,0,22.02
2026-06-24,Internet Banking,Bengaluru,4,9425.94,0,0.0,0.0,0,0,27.62
2026-06-24,Internet Banking,Chennai,2,3982.1,0,0.0,0.0,0,0,36.25
2026-06-24,Internet Banking,Delhi,7,12610.03,0,0.0,0.0,0,0,25.56
2026-06-24,Internet Banking,Hyderabad,2,2753.69,0,0.0,0.0,0,0,31.1
2026-06-24,Internet Banking,Jaipur,3,10969.5,0,0.0,0.0,0,0,41.0
2026-06-24,Internet Banking,Kochi,4,22700.56,0,0.0,0.0,0,0,41.7
2026-06-24,Internet Banking,Kolkata,2,5199.28,0,0.0,0.0,0,0,20.6
2026-06-24,Internet Banking,Mumbai,1,104303.16,1,104303.16,100.0,0,0,54.0
2026-06-24,Mobile Banking,Ahmedabad,6,12647.31,0,0.0,0.0,0,0,27.25
2026-06-24,Mobile Banking,Bengaluru,5,9323.03,0,0.0,0.0,0,1,23.1
2026-06-24,Mobile Banking,Chennai,7,15044.43,0,0.0,0.0,0,0,26.87
2026-06-24,Mobile Banking,Delhi,11,38048.28,1,3840.98,9.091,0,0,33.45
2026-06-24,Mobile Banking,Hyderabad,3,4377.79,0,0.0,0.0,0,0,36.7
2026-06-24,Mobile Banking,Jaipur,8,51381.02,1,32679.3,12.5,0,2,39.04
2026-06-24,Mobile Banking,Kochi,5,15375.54,0,0.0,0.0,0,0,38.02
2026-06-24,Mobile Banking,Kolkata,6,12359.79,0,0.0,0.0,0,0,25.57
2026-06-24,Mobile Banking,Mumbai,1,1977.67,0,0.0,0.0,0,0,18.3
2026-06-24,Mobile Banking,Pune,5,11892.58,0,0.0,0.0,0,0,19.08
2026-06-24,NEFT,Ahmedabad,2,4041.1,0,0.0,0.0,0,0,20.6
2026-06-24,NEFT,Bengaluru,2,2455.95,0,0.0,0.0,0,0,41.15
2026-06-24,NEFT,Chennai,4,6674.98,1,1558.3,25.0,0,0,32.03
2026-06-24,NEFT,Delhi,3,1744.16,0,0.0,0.0,0,0,20.6
2026-06-24,NEFT,Hyderabad,3,10018.13,0,0.0,0.0,0,0,45.57
2026-06-24,NEFT,Jaipur,2,31320.29,2,31320.29,100.0,0,0,52.9
2026-06-24,NEFT,Kochi,1,309.8,0,0.0,0.0,0,0,33.7
2026-06-24,NEFT,Mumbai,2,13703.19,0,0.0,0.0,0,0,25.35
2026-06-24,NEFT,Pune,3,3743.67,0,0.0,0.0,0,0,33.6
2026-06-24,POS,Ahmedabad,3,13633.22,0,0.0,0.0,0,0,33.0
2026-06-24,POS,Bengaluru,3,4738.47,0,0.0,0.0,0,1,44.1
2026-06-24,POS,Chennai,5,7168.54,0,0.0,0.0,0,0,25.38
2026-06-24,POS,Delhi,3,6820.0,0,0.0,0.0,0,0,46.27
2026-06-24,POS,Hyderabad,8,11267.34,0,0.0,0.0,0,0,26.59
2026-06-24,POS,Jaipur,2,2331.22,0,0.0,0.0,0,0,27.9
2026-06-24,POS,Kochi,3,6485.38,0,0.0,0.0,0,0,33.13
2026-06-24,POS,Kolkata,5,7864.92,0,0.0,0.0,0,0,32.16
2026-06-24,POS,Mumbai,2,1092.8,0,0.0,0.0,0,0,23.3
2026-06-24,POS,Pune,4,14849.39,0,0.0,0.0,0,0,25.52
2026-06-24,RTGS,Ahmedabad,3,3692907.21,0,0.0,0.0,0,0,37.4
2026-06-24,RTGS,Bengaluru,4,2392029.21,0,0.0,0.0,0,0,45.07
2026-06-24,RTGS,Kochi,1,1257041.88,0,0.0,0.0,0,0,53.3
2026-06-24,RTGS,Mumbai,1,366243.13,0,0.0,0.0,0,0,33.4
2026-06-24,RTGS,Pune,2,1594430.83,0,0.0,0.0,0,0,36.4
2026-06-24,UPI,Ahmedabad,5,15064.45,0,0.0,0.0,0,0,27.04
2026-06-24,UPI,Bengaluru,9,22500.13,0,0.0,0.0,0,0,30.72
2026-06-24,UPI,Chennai,6,16178.72,0,0.0,0.0,0,0,27.08
2026-06-24,UPI,Delhi,6,13092.06,0,0.0,0.0,0,0,27.38
2026-06-24,UPI,Hyderabad,4,3219.94,0,0.0,0.0,0,0,26.25
2026-06-24,UPI,Jaipur,6,22728.4,0,0.0,0.0,0,0,45.05
2026-06-24,UPI,Kochi,6,13005.91,0,0.0,0.0,0,0,33.78
2026-06-24,UPI,Kolkata,6,18340.39,0,0.0,0.0,0,0,26.77
2026-06-24,UPI,Mumbai,11,10903.22,0,0.0,0.0,0,0,24.98
2026-06-24,UPI,Pune,10,26395.41,0,0.0,0.0,0,0,35.89
2026-06-25,ATM,Ahmedabad,4,7611.63,0,0.0,0.0,0,0,17.2
2026-06-25,ATM,Chennai,2,1886.06,0,0.0,0.0,0,0,38.8
2026-06-25,ATM,Delhi,1,1532.33,0,0.0,0.0,0,0,11.1
2026-06-25,ATM,Hyderabad,2,1131.72,0,0.0,0.0,0,0,21.7
2026-06-25,ATM,Jaipur,2,8197.33,0,0.0,0.0,0,0,44.85
2026-06-25,ATM,Kochi,1,1280.53,0,0.0,0.0,0,0,15.2
2026-06-25,ATM,Kolkata,3,11571.27,0,0.0,0.0,0,0,29.77
2026-06-25,ATM,Mumbai,4,7091.52,0,0.0,0.0,0,0,20.88
2026-06-25,ATM,Pune,2,3665.76,0,0.0,0.0,0,0,29.15
2026-06-25,Branch,Ahmedabad,1,5958.18,0,0.0,0.0,0,0,30.0
2026-06-25,Branch,Bengaluru,3,5025.54,1,1953.63,33.333,0,0,40.73
2026-06-25,Branch,Chennai,1,1809.83,0,0.0,0.0,0,0,15.6
2026-06-25,Branch,Delhi,1,11205.57,0,0.0,0.0,0,0,36.6
2026-06-25,Branch,Kochi,1,3827.62,0,0.0,0.0,0,0,31.1
2026-06-25,Branch,Kolkata,1,2102.09,0,0.0,0.0,0,0,33.5
2026-06-25,Branch,Pune,1,1436.31,0,0.0,0.0,0,0,35.5
2026-06-25,IMPS,Ahmedabad,2,3537.68,0,0.0,0.0,0,0,35.05
2026-06-25,IMPS,Bengaluru,3,12512.89,0,0.0,0.0,0,0,36.4
2026-06-25,IMPS,Chennai,4,3339.52,0,0.0,0.0,0,0,33.52
2026-06-25,IMPS,Delhi,2,4646.16,0,0.0,0.0,0,0,26.75
2026-06-25,IMPS,Hyderabad,3,11613.77,0,0.0,0.0,0,0,38.63
2026-06-25,IMPS,Jaipur,1,6023.15,0,0.0,0.0,0,0,37.9
2026-06-25,IMPS,Kochi,2,6379.64,0,0.0,0.0,0,0,27.15
2026-06-25,IMPS,Kolkata,3,15877.79,0,0.0,0.0,0,0,30.1
2026-06-25,IMPS,Mumbai,2,2854.94,0,0.0,0.0,0,0,54.0
2026-06-25,IMPS,Pune,2,6536.38,0,0.0,0.0,0,0,40.65
2026-06-25,Internet Banking,Ahmedabad,1,2489.88,0,0.0,0.0,0,0,6.6
2026-06-25,Internet Banking,Bengaluru,6,13935.95,0,0.0,0.0,0,0,24.5
2026-06-25,Internet Banking,Chennai,5,17836.38,0,0.0,0.0,0,1,33.26
2026-06-25,Internet Banking,Delhi,4,341629.47,1,328539.42,25.0,0,0,35.67
2026-06-25,Internet Banking,Hyderabad,3,3140.27,0,0.0,0.0,0,0,42.07
2026-06-25,Internet Banking,Jaipur,3,14523.57,0,0.0,0.0,0,0,22.03
2026-06-25,Internet Banking,Kochi,1,302.64,0,0.0,0.0,0,0,34.7
2026-06-25,Internet Banking,Kolkata,10,34924.16,0,0.0,0.0,0,1,32.01
2026-06-25,Internet Banking,Mumbai,5,12231.56,0,0.0,0.0,0,0,41.92
2026-06-25,Internet Banking,Pune,2,1989.11,0,0.0,0.0,0,0,19.2
2026-06-25,Mobile Banking,Ahmedabad,3,12058.77,0,0.0,0.0,0,1,38.73
2026-06-25,Mobile Banking,Bengaluru,3,9618.37,0,0.0,0.0,0,0,37.47
2026-06-25,Mobile Banking,Chennai,3,2793.0,0,0.0,0.0,0,0,34.63
2026-06-25,Mobile Banking,Delhi,2,1441.47,0,0.0,0.0,0,0,34.15
2026-06-25,Mobile Banking,Hyderabad,4,14872.05,0,0.0,0.0,0,0,29.02
2026-06-25,Mobile Banking,Jaipur,6,17355.6,0,0.0,0.0,0,0,27.13
2026-06-25,Mobile Banking,Kochi,5,8655.6,0,0.0,0.0,0,0,23.74
2026-06-25,Mobile Banking,Kolkata,5,16828.69,0,0.0,0.0,0,1,35.6
2026-06-25,Mobile Banking,Mumbai,2,3443.01,0,0.0,0.0,0,1,47.4
2026-06-25,Mobile Banking,Pune,2,3868.7,0,0.0,0.0,0,0,21.05
2026-06-25,NEFT,Ahmedabad,3,5122.4,0,0.0,0.0,0,0,13.2
2026-06-25,NEFT,Bengaluru,1,1437.6,0,0.0,0.0,0,0,41.6
2026-06-25,NEFT,Chennai,2,13760.22,0,0.0,0.0,0,0,18.95
2026-06-25,NEFT,Delhi,2,4517.08,0,0.0,0.0,0,0,23.2
2026-06-25,NEFT,Hyderabad,2,2418.49,0,0.0,0.0,0,0,11.15
2026-06-25,NEFT,Jaipur,2,8273.57,0,0.0,0.0,0,0,39.35
2026-06-25,NEFT,Kochi,1,7161.86,0,0.0,0.0,0,0,33.6
2026-06-25,NEFT,Kolkata,5,9261.32,0,0.0,0.0,0,0,41.74
2026-06-25,NEFT,Mumbai,2,6331.41,0,0.0,0.0,0,0,25.35
2026-06-25,NEFT,Pune,3,16484.06,0,0.0,0.0,0,0,32.03
2026-06-25,POS,Ahmedabad,4,7000.73,0,0.0,0.0,0,0,26.82
2026-06-25,POS,Bengaluru,5,20434.68,0,0.0,0.0,0,0,31.4
2026-06-25,POS,Chennai,3,2998.25,0,0.0,0.0,0,0,35.7
2026-06-25,POS,Delhi,4,5070.46,0,0.0,0.0,0,0,27.3
2026-06-25,POS,Hyderabad,3,1300.93,0,0.0,0.0,0,0,21.07
2026-06-25,POS,Jaipur,4,8433.39,0,0.0,0.0,0,0,29.5
2026-06-25,POS,Kochi,7,17670.79,0,0.0,0.0,0,0,30.6
2026-06-25,POS,Kolkata,6,10024.4,0,0.0,0.0,0,0,32.4
2026-06-25,POS,Mumbai,7,30523.27,0,0.0,0.0,0,0,20.93
2026-06-25,POS,Pune,4,9851.72,0,0.0,0.0,0,0,35.17
2026-06-25,RTGS,Ahmedabad,1,938871.57,0,0.0,0.0,0,0,33.7
2026-06-25,RTGS,Bengaluru,3,2474146.89,0,0.0,0.0,0,0,42.47
2026-06-25,RTGS,Hyderabad,3,1937899.76,0,0.0,0.0,0,0,43.63
2026-06-25,RTGS,Jaipur,1,519619.19,0,0.0,0.0,0,0,54.9
2026-06-25,RTGS,Kochi,4,3207307.5,0,0.0,0.0,0,1,53.67
2026-06-25,RTGS,Kolkata,2,1922828.56,0,0.0,0.0,0,0,42.05
2026-06-25,RTGS,Mumbai,1,1333489.22,0,0.0,0.0,0,0,32.6
2026-06-25,RTGS,Pune,2,2049331.83,0,0.0,0.0,0,0,29.4
2026-06-25,UPI,Ahmedabad,9,18597.91,0,0.0,0.0,0,0,27.51
2026-06-25,UPI,Bengaluru,9,18674.2,0,0.0,0.0,0,0,28.27
2026-06-25,UPI,Chennai,4,11607.02,0,0.0,0.0,0,1,31.05
2026-06-25,UPI,Delhi,6,23328.74,0,0.0,0.0,0,0,33.05
2026-06-25,UPI,Hyderabad,4,6585.71,0,0.0,0.0,0,0,24.48
2026-06-25,UPI,Jaipur,8,12009.55,0,0.0,0.0,0,0,21.61
2026-06-25,UPI,Kochi,10,29141.09,1,482.1,10.0,0,1,36.51
2026-06-25,UPI,Kolkata,7,33658.93,0,0.0,0.0,0,0,21.74
2026-06-25,UPI,Mumbai,7,9462.92,0,0.0,0.0,0,0,27.37
2026-06-25,UPI,Pune,6,6539.04,0,0.0,0.0,0,0,25.2
2026-06-26,ATM,Ahmedabad,5,18545.65,0,0.0,0.0,0,0,37.26
2026-06-26,ATM,Bengaluru,4,7057.23,1,318.71,25.0,0,1,32.32
2026-06-26,ATM,Chennai,1,195.28,0,0.0,0.0,0,0,32.2
2026-06-26,ATM,Delhi,3,7292.09,0,0.0,0.0,0,0,26.33
2026-06-26,ATM,Hyderabad,6,68480.64,1,57820.05,16.667,0,1,33.63
2026-06-26,ATM,Jaipur,2,5031.72,0,0.0,0.0,0,0,14.65
2026-06-26,ATM,Kochi,3,3123.3,0,0.0,0.0,0,0,30.77
2026-06-26,ATM,Kolkata,5,61792.56,0,0.0,0.0,0,0,35.9
2026-06-26,ATM,Mumbai,9,21509.87,0,0.0,0.0,0,0,33.97
2026-06-26,ATM,Pune,3,2463.27,0,0.0,0.0,0,0,31.57
2026-06-26,Branch,Ahmedabad,1,1576.41,0,0.0,0.0,0,0,49.5
2026-06-26,Branch,Bengaluru,2,21021.21,0,0.0,0.0,0,0,43.65
2026-06-26,Branch,Chennai,1,4333.97,0,0.0,0.0,0,0,29.2
2026-06-26,Branch,Delhi,2,4076.3,0,0.0,0.0,0,0,34.5
2026-06-26,Branch,Jaipur,1,613.2,0,0.0,0.0,0,0,16.9
2026-06-26,Branch,Kochi,1,2162.2,0,0.0,0.0,0,0,34.9
2026-06-26,Branch,Kolkata,1,2259.75,0,0.0,0.0,0,0,26.4
2026-06-26,IMPS,Ahmedabad,1,3488.29,0,0.0,0.0,0,0,55.9
2026-06-26,IMPS,Bengaluru,3,21324.61,0,0.0,0.0,0,0,33.43
2026-06-26,IMPS,Chennai,3,2183.14,0,0.0,0.0,0,0,19.37
2026-06-26,IMPS,Delhi,1,2538.59,0,0.0,0.0,0,0,18.9
2026-06-26,IMPS,Hyderabad,4,16243.39,0,0.0,0.0,0,0,30.5
2026-06-26,IMPS,Jaipur,3,4293.96,0,0.0,0.0,0,0,21.27
2026-06-26,IMPS,Kochi,1,580.6,0,0.0,0.0,0,0,15.6
2026-06-26,IMPS,Kolkata,3,7049.51,0,0.0,0.0,0,0,26.17
2026-06-26,IMPS,Mumbai,2,136290.66,1,133731.97,50.0,1,0,52.05
2026-06-26,IMPS,Pune,4,2108.31,0,0.0,0.0,0,0,15.6
2026-06-26,Internet Banking,Ahmedabad,4,10398.62,0,0.0,0.0,0,0,34.25
2026-06-26,Internet Banking,Bengaluru,4,21958.96,0,0.0,0.0,0,0,31.92
2026-06-26,Internet Banking,Chennai,3,5829.85,0,0.0,0.0,0,0,30.2
2026-06-26,Internet Banking,Delhi,3,14180.2,0,0.0,0.0,0,0,27.5
2026-06-26,Internet Banking,Hyderabad,5,9302.27,0,0.0,0.0,0,0,32.54
2026-06-26,Internet Banking,Jaipur,1,380.74,0,0.0,0.0,0,0,14.5
2026-06-26,Internet Banking,Kochi,3,4749.47,0,0.0,0.0,0,0,28.67
2026-06-26,Internet Banking,Kolkata,3,4281.49,0,0.0,0.0,0,0,36.4
2026-06-26,Internet Banking,Mumbai,3,6761.0,0,0.0,0.0,0,0,25.37
2026-06-26,Internet Banking,Pune,2,4597.28,0,0.0,0.0,0,0,37.65
2026-06-26,Mobile Banking,Ahmedabad,2,6963.29,0,0.0,0.0,0,0,40.2
2026-06-26,Mobile Banking,Bengaluru,4,11788.03,0,0.0,0.0,0,0,33.15
2026-06-26,Mobile Banking,Chennai,5,7040.19,0,0.0,0.0,0,0,28.68
2026-06-26,Mobile Banking,Delhi,4,13906.68,0,0.0,0.0,0,0,35.55
2026-06-26,Mobile Banking,Hyderabad,3,4881.53,0,0.0,0.0,0,0,31.1
2026-06-26,Mobile Banking,Jaipur,5,14423.16,2,9821.53,40.0,0,1,49.88
2026-06-26,Mobile Banking,Kochi,10,18351.86,0,0.0,0.0,0,0,21.71
2026-06-26,Mobile Banking,Kolkata,7,29492.02,0,0.0,0.0,0,0,32.14
2026-06-26,Mobile Banking,Mumbai,4,12285.62,0,0.0,0.0,0,0,17.12
2026-06-26,Mobile Banking,Pune,6,30666.79,0,0.0,0.0,0,1,40.0
2026-06-26,NEFT,Ahmedabad,3,8690.16,0,0.0,0.0,0,0,28.53
2026-06-26,NEFT,Bengaluru,3,11908.21,0,0.0,0.0,0,0,35.13
2026-06-26,NEFT,Chennai,2,2806.08,0,0.0,0.0,0,0,28.2
2026-06-26,NEFT,Hyderabad,4,523640.36,1,518364.88,25.0,1,0,49.77
2026-06-26,NEFT,Kochi,4,10335.83,0,0.0,0.0,0,0,48.67
2026-06-26,NEFT,Kolkata,1,1200.28,0,0.0,0.0,0,0,26.0
2026-06-26,NEFT,Mumbai,1,6949.44,0,0.0,0.0,0,0,24.1
2026-06-26,NEFT,Pune,1,1828.39,0,0.0,0.0,0,0,28.4
2026-06-26,POS,Ahmedabad,4,10082.16,0,0.0,0.0,0,0,30.9
2026-06-26,POS,Bengaluru,4,20031.12,0,0.0,0.0,0,0,26.0
2026-06-26,POS,Chennai,5,13287.58,0,0.0,0.0,0,0,26.52
2026-06-26,POS,Delhi,1,872.66,0,0.0,0.0,0,0,12.9
2026-06-26,POS,Hyderabad,6,50811.85,0,0.0,0.0,0,0,31.07
2026-06-26,POS,Jaipur,2,2648.51,0,0.0,0.0,0,0,16.6
2026-06-26,POS,Kochi,10,38358.24,0,0.0,0.0,0,0,35.98
2026-06-26,POS,Kolkata,4,9869.63,0,0.0,0.0,0,0,41.33
2026-06-26,POS,Mumbai,6,12559.23,0,0.0,0.0,0,0,31.65
2026-06-26,POS,Pune,5,14525.72,0,0.0,0.0,0,0,25.56
2026-06-26,RTGS,Bengaluru,1,986875.55,0,0.0,0.0,0,0,32.8
2026-06-26,RTGS,Delhi,1,277306.67,0,0.0,0.0,0,0,37.1
2026-06-26,RTGS,Jaipur,1,364587.01,0,0.0,0.0,0,0,46.3
2026-06-26,RTGS,Kochi,1,809617.16,0,0.0,0.0,0,0,50.1
2026-06-26,UPI,Ahmedabad,5,21422.06,0,0.0,0.0,0,0,37.38
2026-06-26,UPI,Bengaluru,5,12391.44,0,0.0,0.0,0,0,35.32
2026-06-26,UPI,Chennai,5,8350.48,0,0.0,0.0,0,0,25.52
2026-06-26,UPI,Delhi,4,9497.73,0,0.0,0.0,0,0,33.05
2026-06-26,UPI,Hyderabad,7,78725.63,1,63565.68,14.286,0,0,30.61
2026-06-26,UPI,Jaipur,3,7633.03,0,0.0,0.0,0,0,23.33
2026-06-26,UPI,Kochi,5,4825.01,0,0.0,0.0,0,0,21.48
2026-06-26,UPI,Kolkata,3,1677.27,0,0.0,0.0,0,0,17.97
2026-06-26,UPI,Mumbai,6,13559.91,0,0.0,0.0,0,0,27.38
2026-06-26,UPI,Pune,4,13436.25,1,2861.36,25.0,0,0,32.08
2026-06-27,ATM,Ahmedabad,2,4205.54,0,0.0,0.0,0,0,30.45
2026-06-27,ATM,Bengaluru,3,6692.14,0,0.0,0.0,0,0,38.57
2026-06-27,ATM,Chennai,2,7017.56,0,0.0,0.0,0,0,31.15
2026-06-27,ATM,Delhi,3,12041.8,0,0.0,0.0,0,0,33.73
2026-06-27,ATM,Hyderabad,2,3981.64,0,0.0,0.0,0,0,23.75
2026-06-27,ATM,Jaipur,2,42135.84,0,0.0,0.0,0,0,32.35
2026-06-27,ATM,Kochi,5,23353.27,0,0.0,0.0,0,0,28.6
2026-06-27,ATM,Kolkata,2,2591.24,0,0.0,0.0,0,0,27.75
2026-06-27,ATM,Mumbai,3,4995.64,0,0.0,0.0,0,0,20.47
2026-06-27,ATM,Pune,1,1092.98,0,0.0,0.0,0,0,10.0
2026-06-27,Branch,Bengaluru,1,879.77,0,0.0,0.0,0,0,5.6
2026-06-27,Branch,Hyderabad,1,11559.89,0,0.0,0.0,0,0,31.2
2026-06-27,Branch,Kochi,2,4627.96,0,0.0,0.0,0,0,29.65
2026-06-27,Branch,Mumbai,2,6209.25,0,0.0,0.0,0,0,27.7
2026-06-27,IMPS,Ahmedabad,3,9233.06,0,0.0,0.0,0,0,37.8
2026-06-27,IMPS,Bengaluru,3,55656.57,1,53400.23,33.333,0,1,45.1
2026-06-27,IMPS,Delhi,3,7102.63,0,0.0,0.0,0,1,41.4
2026-06-27,IMPS,Jaipur,1,9041.86,0,0.0,0.0,0,0,32.5
2026-06-27,IMPS,Kochi,2,1466.13,0,0.0,0.0,0,0,18.35
2026-06-27,IMPS,Kolkata,2,2486.42,0,0.0,0.0,0,0,32.35
2026-06-27,IMPS,Mumbai,5,7034.92,0,0.0,0.0,0,0,38.1
2026-06-27,IMPS,Pune,2,1864.52,0,0.0,0.0,0,0,10.2
2026-06-27,Internet Banking,Ahmedabad,2,1114.83,0,0.0,0.0,0,0,26.65
2026-06-27,Internet Banking,Bengaluru,5,8038.74,0,0.0,0.0,0,0,36.38
2026-06-27,Internet Banking,Chennai,3,14395.77,0,0.0,0.0,0,0,32.0
2026-06-27,Internet Banking,Delhi,1,2950.6,0,0.0,0.0,0,0,21.1
2026-06-27,Internet Banking,Hyderabad,1,12863.01,0,0.0,0.0,0,0,44.1
2026-06-27,Internet Banking,Jaipur,4,5772.93,0,0.0,0.0,0,0,22.8
2026-06-27,Internet Banking,Kochi,6,11469.45,0,0.0,0.0,0,0,28.32
2026-06-27,Internet Banking,Kolkata,4,16734.97,0,0.0,0.0,0,0,19.4
2026-06-27,Internet Banking,Mumbai,3,32751.33,0,0.0,0.0,0,0,34.1
2026-06-27,Internet Banking,Pune,2,2730.09,0,0.0,0.0,0,0,32.5
2026-06-27,Mobile Banking,Ahmedabad,4,20871.65,0,0.0,0.0,0,0,25.35
2026-06-27,Mobile Banking,Bengaluru,7,8734.83,0,0.0,0.0,0,0,27.14
2026-06-27,Mobile Banking,Chennai,4,10372.6,0,0.0,0.0,0,0,22.32
2026-06-27,Mobile Banking,Delhi,2,2217.45,0,0.0,0.0,0,0,37.45
2026-06-27,Mobile Banking,Hyderabad,6,19980.16,0,0.0,0.0,0,0,28.92
2026-06-27,Mobile Banking,Jaipur,3,10609.67,0,0.0,0.0,0,0,26.7
2026-06-27,Mobile Banking,Kochi,7,22252.73,0,0.0,0.0,0,0,26.87
2026-06-27,Mobile Banking,Kolkata,1,11754.52,0,0.0,0.0,0,0,18.7
2026-06-27,Mobile Banking,Mumbai,7,5557.69,0,0.0,0.0,0,0,25.5
2026-06-27,Mobile Banking,Pune,3,2151.98,0,0.0,0.0,0,0,22.1
2026-06-27,NEFT,Ahmedabad,1,1589.67,0,0.0,0.0,0,0,23.1
2026-06-27,NEFT,Bengaluru,4,21392.76,0,0.0,0.0,0,0,44.1
2026-06-27,NEFT,Chennai,2,3013.75,0,0.0,0.0,0,0,38.85
2026-06-27,NEFT,Delhi,2,1262.93,0,0.0,0.0,0,0,28.9
2026-06-27,NEFT,Hyderabad,4,12923.56,0,0.0,0.0,0,0,20.82
2026-06-27,NEFT,Jaipur,1,1709.32,0,0.0,0.0,0,0,15.2
2026-06-27,NEFT,Kochi,2,5366.7,0,0.0,0.0,0,0,41.25
2026-06-27,NEFT,Kolkata,4,9091.42,0,0.0,0.0,0,0,30.43
2026-06-27,NEFT,Mumbai,4,7156.04,1,264.26,25.0,0,1,33.9
2026-06-27,NEFT,Pune,1,2169.1,0,0.0,0.0,0,0,16.6
2026-06-27,POS,Ahmedabad,4,11914.38,0,0.0,0.0,0,0,28.25
2026-06-27,POS,Bengaluru,3,11136.94,0,0.0,0.0,0,0,20.1
2026-06-27,POS,Chennai,5,16024.43,0,0.0,0.0,0,0,33.22
2026-06-27,POS,Delhi,3,2617.53,0,0.0,0.0,0,0,14.83
2026-06-27,POS,Hyderabad,3,4813.16,0,0.0,0.0,0,0,37.3
2026-06-27,POS,Jaipur,6,23389.74,0,0.0,0.0,0,0,21.47
2026-06-27,POS,Kochi,2,2947.4,0,0.0,0.0,0,0,30.25
2026-06-27,POS,Kolkata,3,3817.79,0,0.0,0.0,0,0,11.9
2026-06-27,POS,Mumbai,2,20521.74,0,0.0,0.0,0,0,30.95
2026-06-27,POS,Pune,5,11008.85,0,0.0,0.0,0,0,38.42
2026-06-27,RTGS,Ahmedabad,4,2821633.06,0,0.0,0.0,0,0,39.25
2026-06-27,RTGS,Bengaluru,1,587186.8,0,0.0,0.0,0,0,39.6
2026-06-27,RTGS,Chennai,1,787270.12,0,0.0,0.0,0,0,63.6
2026-06-27,RTGS,Delhi,2,2391182.18,0,0.0,0.0,0,0,51.4
2026-06-27,RTGS,Kochi,3,2555978.0,0,0.0,0.0,0,0,30.23
2026-06-27,RTGS,Kolkata,2,1044396.78,1,141.39,50.0,0,0,50.4
2026-06-27,RTGS,Mumbai,1,1077783.95,0,0.0,0.0,0,0,50.5
2026-06-27,RTGS,Pune,2,2173777.97,0,0.0,0.0,0,0,37.95
2026-06-27,UPI,Ahmedabad,7,8255.93,0,0.0,0.0,0,0,28.0
2026-06-27,UPI,Bengaluru,5,5423.33,0,0.0,0.0,0,0,19.38
2026-06-27,UPI,Delhi,8,14830.23,0,0.0,0.0,0,1,32.59
2026-06-27,UPI,Hyderabad,12,40166.89,0,0.0,0.0,0,0,37.06
2026-06-27,UPI,Jaipur,2,4604.95,0,0.0,0.0,0,0,41.9
2026-06-27,UPI,Kochi,6,10037.55,0,0.0,0.0,0,0,21.47
2026-06-27,UPI,Kolkata,6,17443.36,0,0.0,0.0,0,0,23.15
2026-06-27,UPI,Mumbai,1,1377.07,0,0.0,0.0,0,0,12.6
2026-06-27,UPI,Pune,6,9767.29,0,0.0,0.0,0,0,33.3
2026-06-28,ATM,Ahmedabad,2,2709.36,0,0.0,0.0,0,0,22.45
2026-06-28,ATM,Bengaluru,1,2075.99,0,0.0,0.0,0,0,13.9
2026-06-28,ATM,Chennai,3,4668.83,0,0.0,0.0,0,0,28.5
2026-06-28,ATM,Delhi,3,11456.97,0,0.0,0.0,0,0,27.07
2026-06-28,ATM,Hyderabad,4,8062.91,0,0.0,0.0,0,0,30.78
2026-06-28,ATM,Jaipur,2,4101.74,0,0.0,0.0,0,0,16.6
2026-06-28,ATM,Kochi,6,17390.36,0,0.0,0.0,0,0,31.63
2026-06-28,ATM,Kolkata,2,5523.87,0,0.0,0.0,0,0,25.5
2026-06-28,ATM,Mumbai,2,4762.8,0,0.0,0.0,0,0,35.1
2026-06-28,ATM,Pune,5,22523.72,0,0.0,0.0,0,0,28.06
2026-06-28,Branch,Bengaluru,1,4511.45,0,0.0,0.0,0,0,46.0
2026-06-28,Branch,Chennai,1,2833.09,0,0.0,0.0,0,0,32.2
2026-06-28,Branch,Delhi,1,10242.56,0,0.0,0.0,0,0,54.6
2026-06-28,Branch,Kochi,1,948.31,0,0.0,0.0,0,0,18.3
2026-06-28,Branch,Kolkata,2,9341.81,0,0.0,0.0,0,1,63.7
2026-06-28,Branch,Mumbai,2,4754.45,0,0.0,0.0,0,0,33.65
2026-06-28,Branch,Pune,1,711.63,0,0.0,0.0,0,0,33.8
2026-06-28,IMPS,Ahmedabad,3,2603.24,0,0.0,0.0,0,0,42.33
2026-06-28,IMPS,Bengaluru,2,3238.19,0,0.0,0.0,0,0,45.8
2026-06-28,IMPS,Chennai,1,1428.49,0,0.0,0.0,0,0,24.9
2026-06-28,IMPS,Delhi,4,17375.95,0,0.0,0.0,0,0,32.5
2026-06-28,IMPS,Hyderabad,3,10448.1,0,0.0,0.0,0,0,35.77
2026-06-28,IMPS,Jaipur,4,5472.77,0,0.0,0.0,0,0,17.1
2026-06-28,IMPS,Kochi,3,58918.56,1,53846.06,33.333,0,1,47.27
2026-06-28,IMPS,Kolkata,2,12333.83,0,0.0,0.0,0,0,33.45
2026-06-28,IMPS,Mumbai,3,14198.5,0,0.0,0.0,0,0,22.93
2026-06-28,Internet Banking,Ahmedabad,3,4217.31,0,0.0,0.0,0,0,32.0
2026-06-28,Internet Banking,Bengaluru,2,2389.43,0,0.0,0.0,0,0,26.95
2026-06-28,Internet Banking,Chennai,3,86761.02,1,84907.55,33.333,0,1,37.93
2026-06-28,Internet Banking,Delhi,2,5386.13,0,0.0,0.0,0,0,18.55
2026-06-28,Internet Banking,Hyderabad,2,12730.59,0,0.0,0.0,0,0,40.1
2026-06-28,Internet Banking,Jaipur,4,1666.68,0,0.0,0.0,0,0,18.02
2026-06-28,Internet Banking,Kochi,1,6827.92,0,0.0,0.0,0,0,45.4
2026-06-28,Internet Banking,Kolkata,4,14170.32,0,0.0,0.0,0,0,32.4
2026-06-28,Internet Banking,Mumbai,5,11139.63,0,0.0,0.0,0,0,33.96
2026-06-28,Mobile Banking,Ahmedabad,6,16342.7,1,127.17,16.667,0,1,29.0
2026-06-28,Mobile Banking,Bengaluru,5,17185.05,0,0.0,0.0,0,0,33.3
2026-06-28,Mobile Banking,Chennai,6,14541.71,0,0.0,0.0,0,0,30.87
2026-06-28,Mobile Banking,Delhi,2,8981.81,0,0.0,0.0,0,0,34.25
2026-06-28,Mobile Banking,Hyderabad,6,19085.47,0,0.0,0.0,0,0,30.35
2026-06-28,Mobile Banking,Jaipur,1,666.86,0,0.0,0.0,0,0,17.9
2026-06-28,Mobile Banking,Kochi,2,8528.73,0,0.0,0.0,0,0,31.4
2026-06-28,Mobile Banking,Kolkata,4,4179.57,1,2424.87,25.0,0,1,27.77
2026-06-28,Mobile Banking,Mumbai,5,37348.8,0,0.0,0.0,0,0,25.84
2026-06-28,Mobile Banking,Pune,2,4154.58,0,0.0,0.0,0,0,26.4
2026-06-28,NEFT,Ahmedabad,3,5515.86,0,0.0,0.0,0,0,39.8
2026-06-28,NEFT,Bengaluru,4,23563.83,0,0.0,0.0,0,0,35.92
2026-06-28,NEFT,Chennai,3,10377.22,0,0.0,0.0,0,0,30.47
2026-06-28,NEFT,Delhi,6,20018.98,0,0.0,0.0,0,0,42.12
2026-06-28,NEFT,Hyderabad,5,48385.98,0,0.0,0.0,0,0,26.34
2026-06-28,NEFT,Jaipur,1,648.07,0,0.0,0.0,0,0,9.9
2026-06-28,NEFT,Kochi,1,855.09,0,0.0,0.0,0,0,55.5
2026-06-28,NEFT,Kolkata,3,7184.61,0,0.0,0.0,0,0,37.97
2026-06-28,NEFT,Mumbai,1,23952.96,0,0.0,0.0,0,0,48.2
2026-06-28,NEFT,Pune,4,10481.51,0,0.0,0.0,0,0,34.42
2026-06-28,POS,Ahmedabad,2,9487.65,0,0.0,0.0,0,0,22.05
2026-06-28,POS,Bengaluru,9,30977.01,0,0.0,0.0,0,0,33.27
2026-06-28,POS,Chennai,6,40309.0,0,0.0,0.0,0,0,31.87
2026-06-28,POS,Delhi,3,9561.15,0,0.0,0.0,0,0,28.1
2026-06-28,POS,Hyderabad,3,26710.37,0,0.0,0.0,0,0,38.5
2026-06-28,POS,Jaipur,7,17157.97,0,0.0,0.0,0,0,23.39
2026-06-28,POS,Kochi,2,6857.76,0,0.0,0.0,0,0,29.25
2026-06-28,POS,Kolkata,2,2613.55,0,0.0,0.0,0,0,15.65
2026-06-28,POS,Mumbai,2,1051.93,1,33.1,50.0,0,1,53.05
2026-06-28,POS,Pune,4,6161.0,0,0.0,0.0,0,0,31.57
2026-06-28,RTGS,Bengaluru,2,1894928.34,0,0.0,0.0,0,0,41.65
2026-06-28,RTGS,Hyderabad,2,2329970.28,0,0.0,0.0,0,0,32.15
2026-06-28,RTGS,Jaipur,3,3341178.96,0,0.0,0.0,0,0,43.77
2026-06-28,RTGS,Kochi,2,1980624.03,0,0.0,0.0,0,0,34.2
2026-06-28,RTGS,Kolkata,3,3099699.23,0,0.0,0.0,0,0,35.0
2026-06-28,RTGS,Pune,3,2826166.7,0,0.0,0.0,0,0,45.2
2026-06-28,UPI,Ahmedabad,8,11192.38,0,0.0,0.0,0,1,27.98
2026-06-28,UPI,Bengaluru,6,8691.25,0,0.0,0.0,0,0,30.2
2026-06-28,UPI,Chennai,8,11462.02,0,0.0,0.0,0,0,23.11
2026-06-28,UPI,Delhi,1,199.78,0,0.0,0.0,0,0,27.6
2026-06-28,UPI,Hyderabad,5,8250.97,0,0.0,0.0,0,0,30.14
2026-06-28,UPI,Jaipur,5,17139.11,0,0.0,0.0,0,0,25.16
2026-06-28,UPI,Kochi,7,15505.38,0,0.0,0.0,0,0,26.49
2026-06-28,UPI,Kolkata,3,19510.93,0,0.0,0.0,0,0,42.03
2026-06-28,UPI,Mumbai,9,21837.31,0,0.0,0.0,0,0,26.64
2026-06-28,UPI,Pune,4,14477.81,0,0.0,0.0,0,0,30.68
2026-06-29,ATM,Ahmedabad,1,1420.39,0,0.0,0.0,0,0,50.6
2026-06-29,ATM,Bengaluru,6,7061.3,0,0.0,0.0,0,0,29.62
2026-06-29,ATM,Chennai,3,4472.61,0,0.0,0.0,0,0,30.47
2026-06-29,ATM,Delhi,1,2930.42,0,0.0,0.0,0,0,47.3
2026-06-29,ATM,Hyderabad,5,9400.53,0,0.0,0.0,0,0,31.58
2026-06-29,ATM,Kochi,3,6251.32,0,0.0,0.0,0,0,35.13
2026-06-29,ATM,Kolkata,5,5450.0,0,0.0,0.0,0,0,25.64
2026-06-29,ATM,Mumbai,4,6166.8,0,0.0,0.0,0,0,35.5
2026-06-29,ATM,Pune,4,21423.29,0,0.0,0.0,0,0,34.67
2026-06-29,Branch,Ahmedabad,1,507.59,0,0.0,0.0,0,0,18.2
2026-06-29,Branch,Bengaluru,2,2753.36,0,0.0,0.0,0,0,37.8
2026-06-29,Branch,Kochi,2,4518.85,0,0.0,0.0,0,0,16.5
2026-06-29,IMPS,Ahmedabad,3,3229.83,0,0.0,0.0,0,0,17.47
2026-06-29,IMPS,Chennai,2,13051.3,0,0.0,0.0,0,0,31.55
2026-06-29,IMPS,Delhi,1,1029.17,0,0.0,0.0,0,0,32.5
2026-06-29,IMPS,Hyderabad,2,2856.06,0,0.0,0.0,0,0,20.25
2026-06-29,IMPS,Kochi,3,4403.44,0,0.0,0.0,0,0,28.23
2026-06-29,IMPS,Kolkata,1,4878.37,0,0.0,0.0,0,0,38.9
2026-06-29,IMPS,Mumbai,2,5554.19,0,0.0,0.0,0,0,11.8
2026-06-29,IMPS,Pune,1,692.73,0,0.0,0.0,0,0,10.4
2026-06-29,Internet Banking,Ahmedabad,3,7026.52,0,0.0,0.0,0,0,30.87
2026-06-29,Internet Banking,Bengaluru,7,7478.43,0,0.0,0.0,0,0,19.34
2026-06-29,Internet Banking,Chennai,2,6951.18,0,0.0,0.0,0,0,32.25
2026-06-29,Internet Banking,Delhi,2,8287.23,0,0.0,0.0,0,0,28.8
2026-06-29,Internet Banking,Hyderabad,5,8810.51,0,0.0,0.0,0,0,34.98
2026-06-29,Internet Banking,Jaipur,1,616.27,0,0.0,0.0,0,0,23.2
2026-06-29,Internet Banking,Kochi,3,3356.16,0,0.0,0.0,0,0,15.5
2026-06-29,Internet Banking,Mumbai,3,9404.12,0,0.0,0.0,0,0,30.43
2026-06-29,Internet Banking,Pune,6,14123.6,0,0.0,0.0,0,0,29.48
2026-06-29,Mobile Banking,Ahmedabad,2,3580.21,0,0.0,0.0,0,0,20.15
2026-06-29,Mobile Banking,Bengaluru,5,8785.92,0,0.0,0.0,0,0,33.72
2026-06-29,Mobile Banking,Chennai,2,2579.45,0,0.0,0.0,0,0,22.5
2026-06-29,Mobile Banking,Delhi,4,6715.11,0,0.0,0.0,0,0,31.55
2026-06-29,Mobile Banking,Hyderabad,6,24136.3,0,0.0,0.0,0,0,29.52
2026-06-29,Mobile Banking,Jaipur,1,755.33,0,0.0,0.0,0,0,18.2
2026-06-29,Mobile Banking,Kochi,4,5328.84,0,0.0,0.0,0,0,30.02
2026-06-29,Mobile Banking,Kolkata,3,4215.59,0,0.0,0.0,0,0,25.17
2026-06-29,Mobile Banking,Pune,4,601010.96,1,546587.3,25.0,1,0,51.33
2026-06-29,NEFT,Ahmedabad,3,106753.22,1,102732.44,33.333,0,0,33.8
2026-06-29,NEFT,Bengaluru,1,2567.19,0,0.0,0.0,0,0,25.4
2026-06-29,NEFT,Chennai,2,18448.03,0,0.0,0.0,0,0,36.95
2026-06-29,NEFT,Hyderabad,4,7110.05,0,0.0,0.0,0,0,34.23
2026-06-29,NEFT,Jaipur,1,11996.05,0,0.0,0.0,0,0,30.7
2026-06-29,NEFT,Kochi,1,1701.06,0,0.0,0.0,0,0,19.6
2026-06-29,NEFT,Kolkata,4,7739.84,0,0.0,0.0,0,0,34.48
2026-06-29,NEFT,Mumbai,5,9890.92,0,0.0,0.0,0,0,22.98
2026-06-29,POS,Ahmedabad,4,10732.61,0,0.0,0.0,0,0,24.1
2026-06-29,POS,Bengaluru,8,32037.04,0,0.0,0.0,0,0,38.71
2026-06-29,POS,Chennai,2,3360.03,0,0.0,0.0,0,0,25.3
2026-06-29,POS,Delhi,7,5552.3,0,0.0,0.0,0,0,23.99
2026-06-29,POS,Hyderabad,7,15392.46,0,0.0,0.0,0,0,28.76
2026-06-29,POS,Jaipur,5,7346.59,0,0.0,0.0,0,0,19.08
2026-06-29,POS,Kochi,3,7190.3,0,0.0,0.0,0,0,30.17
2026-06-29,POS,Kolkata,4,25129.62,0,0.0,0.0,0,0,33.67
2026-06-29,POS,Mumbai,3,9581.92,0,0.0,0.0,0,0,32.13
2026-06-29,POS,Pune,4,6266.97,0,0.0,0.0,0,0,18.98
2026-06-29,RTGS,Ahmedabad,3,2973618.91,0,0.0,0.0,0,0,46.17
2026-06-29,RTGS,Bengaluru,1,1286323.37,0,0.0,0.0,0,0,51.4
2026-06-29,RTGS,Delhi,3,3359961.13,0,0.0,0.0,0,0,40.6
2026-06-29,RTGS,Hyderabad,1,927166.52,0,0.0,0.0,0,0,54.4
2026-06-29,RTGS,Jaipur,2,1844463.88,0,0.0,0.0,0,2,71.9
2026-06-29,RTGS,Kolkata,3,3978941.83,0,0.0,0.0,0,0,27.67
2026-06-29,UPI,Ahmedabad,5,10086.03,0,0.0,0.0,0,0,20.04
2026-06-29,UPI,Bengaluru,6,9165.09,0,0.0,0.0,0,0,19.03
2026-06-29,UPI,Chennai,7,16056.99,0,0.0,0.0,0,0,26.13
2026-06-29,UPI,Delhi,8,15645.6,1,196.29,12.5,0,2,37.03
2026-06-29,UPI,Hyderabad,8,39197.06,0,0.0,0.0,0,0,21.45
2026-06-29,UPI,Jaipur,3,1176.31,0,0.0,0.0,0,0,25.73
2026-06-29,UPI,Kochi,6,13012.52,0,0.0,0.0,0,0,29.35
2026-06-29,UPI,Kolkata,4,14325.52,0,0.0,0.0,0,0,33.12
2026-06-29,UPI,Mumbai,10,19782.37,0,0.0,0.0,0,0,30.03
2026-06-29,UPI,Pune,5,8348.27,0,0.0,0.0,0,0,23.3
2026-06-30,ATM,Ahmedabad,1,3115.08,0,0.0,0.0,0,0,47.5
2026-06-30,ATM,Bengaluru,3,178969.16,1,174920.44,33.333,0,0,32.6
2026-06-30,ATM,Chennai,2,1698.92,0,0.0,0.0,0,0,36.4
2026-06-30,ATM,Delhi,5,6485.32,0,0.0,0.0,0,0,21.82
2026-06-30,ATM,Hyderabad,4,10266.69,0,0.0,0.0,0,0,36.38
2026-06-30,ATM,Jaipur,2,7719.2,0,0.0,0.0,0,0,48.1
2026-06-30,ATM,Kochi,7,38057.12,0,0.0,0.0,0,0,34.81
2026-06-30,ATM,Kolkata,3,27592.76,0,0.0,0.0,0,0,33.93
2026-06-30,ATM,Mumbai,2,10410.09,0,0.0,0.0,0,0,30.35
2026-06-30,ATM,Pune,3,12930.19,0,0.0,0.0,0,0,29.73
2026-06-30,Branch,Ahmedabad,2,991.01,0,0.0,0.0,0,0,34.4
2026-06-30,Branch,Bengaluru,2,4003.93,0,0.0,0.0,0,0,30.1
2026-06-30,Branch,Kochi,1,366.53,0,0.0,0.0,0,0,16.7
2026-06-30,Branch,Pune,3,2671.7,0,0.0,0.0,0,0,28.43
2026-06-30,IMPS,Ahmedabad,1,22949.31,0,0.0,0.0,0,0,30.8
2026-06-30,IMPS,Bengaluru,4,8126.94,0,0.0,0.0,0,0,18.02
2026-06-30,IMPS,Chennai,4,8905.04,0,0.0,0.0,0,0,31.62
2026-06-30,IMPS,Delhi,6,30425.02,0,0.0,0.0,0,0,41.25
2026-06-30,IMPS,Hyderabad,2,8220.94,0,0.0,0.0,0,0,48.35
2026-06-30,IMPS,Jaipur,3,8514.01,0,0.0,0.0,0,0,27.73
2026-06-30,IMPS,Kochi,3,4120.22,0,0.0,0.0,0,0,20.37
2026-06-30,IMPS,Kolkata,2,2834.05,0,0.0,0.0,0,0,28.45
2026-06-30,IMPS,Mumbai,5,7754.15,0,0.0,0.0,0,0,29.86
2026-06-30,IMPS,Pune,1,241.1,0,0.0,0.0,0,0,31.4
2026-06-30,Internet Banking,Ahmedabad,1,7386.86,0,0.0,0.0,0,0,38.4
2026-06-30,Internet Banking,Bengaluru,4,18059.94,0,0.0,0.0,0,0,28.35
2026-06-30,Internet Banking,Chennai,4,15455.91,0,0.0,0.0,0,0,47.58
2026-06-30,Internet Banking,Delhi,2,3137.78,0,0.0,0.0,0,0,31.35
2026-06-30,Internet Banking,Hyderabad,5,16201.14,0,0.0,0.0,0,0,31.54
2026-06-30,Internet Banking,Jaipur,3,4335.74,0,0.0,0.0,0,0,42.97
2026-06-30,Internet Banking,Kochi,3,4810.77,0,0.0,0.0,0,0,28.27
2026-06-30,Internet Banking,Kolkata,5,19358.07,0,0.0,0.0,0,0,37.98
2026-06-30,Internet Banking,Mumbai,3,13653.19,0,0.0,0.0,0,0,20.7
2026-06-30,Internet Banking,Pune,5,296937.95,1,281722.22,20.0,0,0,31.7
2026-06-30,Mobile Banking,Ahmedabad,6,18602.76,0,0.0,0.0,0,0,30.97
2026-06-30,Mobile Banking,Bengaluru,3,5520.82,0,0.0,0.0,0,0,17.17
2026-06-30,Mobile Banking,Chennai,9,64173.83,0,0.0,0.0,0,0,26.63
2026-06-30,Mobile Banking,Delhi,9,11818.99,0,0.0,0.0,0,0,30.33
2026-06-30,Mobile Banking,Hyderabad,5,14281.73,0,0.0,0.0,0,0,25.62
2026-06-30,Mobile Banking,Jaipur,5,21460.01,0,0.0,0.0,0,0,36.04
2026-06-30,Mobile Banking,Kochi,4,25901.17,0,0.0,0.0,0,0,30.0
2026-06-30,Mobile Banking,Kolkata,2,43255.07,0,0.0,0.0,0,0,25.8
2026-06-30,Mobile Banking,Mumbai,3,5020.17,0,0.0,0.0,0,0,19.23
2026-06-30,Mobile Banking,Pune,4,11264.98,0,0.0,0.0,0,0,23.88
2026-06-30,NEFT,Ahmedabad,2,5886.67,0,0.0,0.0,0,0,21.4
2026-06-30,NEFT,Bengaluru,1,615.35,0,0.0,0.0,0,0,32.2
2026-06-30,NEFT,Chennai,2,2402.73,0,0.0,0.0,0,0,21.2
2026-06-30,NEFT,Delhi,2,1882.48,0,0.0,0.0,0,0,19.5
2026-06-30,NEFT,Jaipur,2,2978.51,0,0.0,0.0,0,0,28.35
2026-06-30,NEFT,Kochi,2,12867.71,0,0.0,0.0,0,0,23.25
2026-06-30,NEFT,Kolkata,2,3731.33,0,0.0,0.0,0,0,29.05
2026-06-30,NEFT,Mumbai,4,13476.65,0,0.0,0.0,0,0,38.6
2026-06-30,NEFT,Pune,1,297.99,0,0.0,0.0,0,0,7.8
2026-06-30,POS,Ahmedabad,10,28193.43,0,0.0,0.0,0,0,22.27
2026-06-30,POS,Bengaluru,2,9602.92,0,0.0,0.0,0,0,28.65
2026-06-30,POS,Chennai,5,13236.78,1,1801.39,20.0,1,0,44.68
2026-06-30,POS,Delhi,2,1895.22,0,0.0,0.0,0,0,20.2
2026-06-30,POS,Hyderabad,7,8813.4,0,0.0,0.0,0,0,28.01
2026-06-30,POS,Jaipur,7,15803.07,1,1531.29,14.286,0,1,41.36
2026-06-30,POS,Kochi,5,30888.2,0,0.0,0.0,0,1,40.44
2026-06-30,POS,Kolkata,5,11284.47,0,0.0,0.0,0,0,25.82
2026-06-30,POS,Mumbai,4,10323.96,0,0.0,0.0,0,0,30.12
2026-06-30,POS,Pune,6,8832.07,0,0.0,0.0,0,0,18.0
2026-06-30,RTGS,Ahmedabad,1,868537.83,0,0.0,0.0,0,0,32.7
2026-06-30,RTGS,Bengaluru,3,1473539.9,0,0.0,0.0,0,1,50.9
2026-06-30,RTGS,Chennai,4,2698859.57,0,0.0,0.0,0,1,50.9
2026-06-30,RTGS,Delhi,1,1356821.27,0,0.0,0.0,0,0,31.6
2026-06-30,RTGS,Hyderabad,1,1317160.7,0,0.0,0.0,0,0,52.4
2026-06-30,RTGS,Jaipur,1,443539.81,0,0.0,0.0,0,0,51.9
2026-06-30,RTGS,Kochi,1,632560.91,0,0.0,0.0,0,0,34.9
2026-06-30,RTGS,Mumbai,3,2524893.92,0,0.0,0.0,0,0,39.63
2026-06-30,RTGS,Pune,2,1589737.71,0,0.0,0.0,0,0,40.0
2026-06-30,UPI,Ahmedabad,6,50225.79,0,0.0,0.0,0,0,38.87
2026-06-30,UPI,Bengaluru,6,20027.89,0,0.0,0.0,0,1,36.02
2026-06-30,UPI,Chennai,3,11626.65,0,0.0,0.0,0,0,28.67
2026-06-30,UPI,Delhi,2,1003.83,0,0.0,0.0,0,0,25.0
2026-06-30,UPI,Hyderabad,5,8647.1,0,0.0,0.0,0,0,21.72
2026-06-30,UPI,Jaipur,5,10841.83,0,0.0,0.0,0,0,30.88
2026-06-30,UPI,Kochi,4,3761.1,0,0.0,0.0,0,0,23.17
2026-06-30,UPI,Kolkata,3,14934.98,0,0.0,0.0,0,0,34.97
2026-06-30,UPI,Mumbai,5,11416.06,0,0.0,0.0,0,0,23.28
2026-06-30,UPI,Pune,10,21768.94,0,0.0,0.0,0,0,30.02
2026-07-01,ATM,Ahmedabad,7,17156.34,0,0.0,0.0,0,0,30.36
2026-07-01,ATM,Bengaluru,2,1273.11,0,0.0,0.0,0,0,28.35
2026-07-01,ATM,Chennai,2,2991.45,0,0.0,0.0,0,0,35.1
2026-07-01,ATM,Delhi,3,8482.8,0,0.0,0.0,0,0,23.9
2026-07-01,ATM,Hyderabad,1,913.6,0,0.0,0.0,0,0,11.8
2026-07-01,ATM,Jaipur,3,8487.03,0,0.0,0.0,0,1,28.2
2026-07-01,ATM,Kochi,4,1937.3,0,0.0,0.0,0,0,20.57
2026-07-01,ATM,Kolkata,3,15620.56,0,0.0,0.0,0,0,40.4
2026-07-01,ATM,Mumbai,1,2514.48,0,0.0,0.0,0,0,59.0
2026-07-01,ATM,Pune,2,2394.8,0,0.0,0.0,0,0,29.15
2026-07-01,Branch,Ahmedabad,1,14138.72,0,0.0,0.0,0,0,27.6
2026-07-01,Branch,Bengaluru,3,25367.98,0,0.0,0.0,0,0,20.8
2026-07-01,Branch,Delhi,2,1397.77,0,0.0,0.0,0,0,31.7
2026-07-01,Branch,Kochi,1,1474.39,0,0.0,0.0,0,0,42.9
2026-07-01,Branch,Kolkata,1,748.98,0,0.0,0.0,0,0,30.9
2026-07-01,Branch,Mumbai,1,2510.52,0,0.0,0.0,0,0,42.4
2026-07-01,IMPS,Ahmedabad,5,10825.35,0,0.0,0.0,0,0,27.56
2026-07-01,IMPS,Bengaluru,2,754.42,0,0.0,0.0,0,0,26.3
2026-07-01,IMPS,Chennai,2,10177.31,0,0.0,0.0,0,1,50.5
2026-07-01,IMPS,Delhi,1,377013.0,1,377013.0,100.0,0,0,56.0
2026-07-01,IMPS,Hyderabad,2,8303.64,0,0.0,0.0,0,0,36.25
2026-07-01,IMPS,Jaipur,4,11077.65,0,0.0,0.0,0,0,39.62
2026-07-01,IMPS,Kochi,6,14815.2,0,0.0,0.0,0,0,27.17
2026-07-01,IMPS,Mumbai,2,18581.68,0,0.0,0.0,0,0,25.9
2026-07-01,IMPS,Pune,2,3003.73,0,0.0,0.0,0,0,24.1
2026-07-01,Internet Banking,Ahmedabad,2,7339.42,0,0.0,0.0,0,0,26.9
2026-07-01,Internet Banking,Chennai,5,578266.91,1,553782.0,20.0,0,0,37.18
2026-07-01,Internet Banking,Delhi,3,1785.38,0,0.0,0.0,0,0,26.53
2026-07-01,Internet Banking,Hyderabad,2,7741.66,0,0.0,0.0,0,0,33.65
2026-07-01,Internet Banking,Jaipur,2,13785.65,0,0.0,0.0,0,0,29.2
2026-07-01,Internet Banking,Kochi,4,11425.83,0,0.0,0.0,0,0,23.02
2026-07-01,Internet Banking,Mumbai,4,8248.61,0,0.0,0.0,0,0,24.12
2026-07-01,Internet Banking,Pune,4,11947.58,0,0.0,0.0,0,0,24.67
2026-07-01,Mobile Banking,Ahmedabad,8,21364.93,0,0.0,0.0,0,0,31.54
2026-07-01,Mobile Banking,Bengaluru,10,24500.38,0,0.0,0.0,0,0,32.42
2026-07-01,Mobile Banking,Chennai,4,12856.62,0,0.0,0.0,0,0,26.5
2026-07-01,Mobile Banking,Delhi,3,20800.76,0,0.0,0.0,0,0,33.37
2026-07-01,Mobile Banking,Hyderabad,8,11839.68,0,0.0,0.0,0,0,26.0
2026-07-01,Mobile Banking,Jaipur,5,12476.01,0,0.0,0.0,0,0,24.28
2026-07-01,Mobile Banking,Kochi,3,16176.43,0,0.0,0.0,0,0,36.43
2026-07-01,Mobile Banking,Kolkata,5,21474.95,0,0.0,0.0,0,0,36.48
2026-07-01,Mobile Banking,Pune,3,4337.43,0,0.0,0.0,0,0,18.33
2026-07-01,NEFT,Ahmedabad,1,4508.68,0,0.0,0.0,0,0,38.5
2026-07-01,NEFT,Chennai,3,12915.51,0,0.0,0.0,0,0,28.43
2026-07-01,NEFT,Delhi,2,2111.09,0,0.0,0.0,0,0,28.2
2026-07-01,NEFT,Jaipur,1,1053.82,0,0.0,0.0,0,0,23.2
2026-07-01,NEFT,Kochi,3,3105.48,0,0.0,0.0,0,0,19.87
2026-07-01,NEFT,Kolkata,1,1487.68,0,0.0,0.0,0,0,23.4
2026-07-01,NEFT,Mumbai,1,3195.6,0,0.0,0.0,0,0,32.8
2026-07-01,NEFT,Pune,2,14058.07,0,0.0,0.0,0,0,32.3
2026-07-01,POS,Ahmedabad,2,7331.67,0,0.0,0.0,0,0,40.15
2026-07-01,POS,Bengaluru,9,26210.2,0,0.0,0.0,0,0,32.59
2026-07-01,POS,Chennai,4,2857.28,0,0.0,0.0,0,0,15.65
2026-07-01,POS,Delhi,7,17795.59,0,0.0,0.0,0,0,28.57
2026-07-01,POS,Hyderabad,2,3418.95,0,0.0,0.0,0,0,35.3
2026-07-01,POS,Jaipur,4,20377.87,0,0.0,0.0,0,0,32.62
2026-07-01,POS,Kochi,5,14161.53,0,0.0,0.0,0,0,37.24
2026-07-01,POS,Kolkata,4,8416.41,0,0.0,0.0,0,0,34.02
2026-07-01,POS,Mumbai,5,11206.18,0,0.0,0.0,0,0,38.8
2026-07-01,POS,Pune,1,972.11,0,0.0,0.0,0,0,30.5
2026-07-01,RTGS,Chennai,2,2245400.83,0,0.0,0.0,0,1,49.05
2026-07-01,RTGS,Hyderabad,2,2170014.18,0,0.0,0.0,0,0,28.75
2026-07-01,RTGS,Jaipur,1,692925.71,0,0.0,0.0,0,1,68.4
2026-07-01,RTGS,Kochi,1,319138.96,1,319138.96,100.0,1,0,89.3
2026-07-01,RTGS,Kolkata,2,2079776.76,0,0.0,0.0,0,1,52.4
2026-07-01,RTGS,Mumbai,6,4457843.69,0,0.0,0.0,0,0,37.35
2026-07-01,UPI,Ahmedabad,5,22255.76,0,0.0,0.0,0,1,50.38
2026-07-01,UPI,Bengaluru,5,33041.52,0,0.0,0.0,0,1,42.18
2026-07-01,UPI,Chennai,10,16583.93,0,0.0,0.0,0,0,32.39
2026-07-01,UPI,Delhi,9,98811.33,1,79408.28,11.111,1,0,31.43
2026-07-01,UPI,Hyderabad,8,14207.09,0,0.0,0.0,0,0,27.23
2026-07-01,UPI,Jaipur,3,14403.04,0,0.0,0.0,0,0,28.03
2026-07-01,UPI,Kochi,3,11854.18,0,0.0,0.0,0,0,36.93
2026-07-01,UPI,Kolkata,5,196332.7,2,172587.61,40.0,0,1,49.5
2026-07-01,UPI,Mumbai,7,12205.9,0,0.0,0.0,0,0,23.0
2026-07-01,UPI,Pune,4,5544.34,0,0.0,0.0,0,0,35.47
2026-07-02,ATM,Ahmedabad,3,9182.96,0,0.0,0.0,0,0,20.5
2026-07-02,ATM,Bengaluru,4,9914.5,0,0.0,0.0,0,0,31.27
2026-07-02,ATM,Chennai,1,309072.27,1,309072.27,100.0,0,0,48.0
2026-07-02,ATM,Delhi,3,6032.91,0,0.0,0.0,0,0,19.77
2026-07-02,ATM,Hyderabad,6,18970.19,0,0.0,0.0,0,0,23.43
2026-07-02,ATM,Jaipur,3,6139.26,0,0.0,0.0,0,0,19.0
2026-07-02,ATM,Kochi,2,1381.38,0,0.0,0.0,0,0,15.85
2026-07-02,ATM,Mumbai,2,3593.27,0,0.0,0.0,0,0,25.55
2026-07-02,ATM,Pune,2,7783.87,0,0.0,0.0,0,0,24.7
2026-07-02,Branch,Ahmedabad,1,1682.48,0,0.0,0.0,0,0,38.6
2026-07-02,Branch,Bengaluru,1,1178.58,0,0.0,0.0,0,0,36.5
2026-07-02,Branch,Chennai,3,5365.54,0,0.0,0.0,0,0,28.33
2026-07-02,Branch,Jaipur,1,463.13,0,0.0,0.0,0,0,12.7
2026-07-02,Branch,Kochi,1,680.39,0,0.0,0.0,0,0,38.0
2026-07-02,Branch,Kolkata,4,5107.77,0,0.0,0.0,0,0,32.05
2026-07-02,Branch,Mumbai,2,3135.83,0,0.0,0.0,0,0,22.05
2026-07-02,IMPS,Ahmedabad,3,9364.92,0,0.0,0.0,0,0,28.6
2026-07-02,IMPS,Bengaluru,2,1588.64,0,0.0,0.0,0,0,44.6
2026-07-02,IMPS,Chennai,4,11712.32,0,0.0,0.0,0,0,18.77
2026-07-02,IMPS,Delhi,2,4044.47,0,0.0,0.0,0,0,18.35
2026-07-02,IMPS,Hyderabad,4,4490.89,0,0.0,0.0,0,0,23.02
2026-07-02,IMPS,Jaipur,1,1526.15,0,0.0,0.0,0,0,54.4
2026-07-02,IMPS,Kochi,1,1092.74,0,0.0,0.0,0,0,21.0
2026-07-02,IMPS,Kolkata,2,1742.04,0,0.0,0.0,0,0,24.0
2026-07-02,IMPS,Mumbai,4,8739.65,0,0.0,0.0,0,0,24.25
2026-07-02,IMPS,Pune,3,4070.63,0,0.0,0.0,0,1,35.2
2026-07-02,Internet Banking,Ahmedabad,6,9761.03,0,0.0,0.0,0,0,24.55
2026-07-02,Internet Banking,Bengaluru,1,832.79,0,0.0,0.0,0,0,32.7
2026-07-02,Internet Banking,Chennai,5,11884.24,0,0.0,0.0,0,0,30.44
2026-07-02,Internet Banking,Delhi,5,8739.31,0,0.0,0.0,0,0,34.18
2026-07-02,Internet Banking,Hyderabad,5,8955.85,0,0.0,0.0,0,0,24.8
2026-07-02,Internet Banking,Jaipur,1,672.03,0,0.0,0.0,0,0,16.7
2026-07-02,Internet Banking,Kochi,3,5255.02,0,0.0,0.0,0,0,26.17
2026-07-02,Internet Banking,Kolkata,3,4549.15,0,0.0,0.0,0,0,30.77
2026-07-02,Internet Banking,Mumbai,5,15756.65,0,0.0,0.0,0,0,27.54
2026-07-02,Internet Banking,Pune,3,331782.94,1,328159.34,33.333,1,0,51.07
2026-07-02,Mobile Banking,Ahmedabad,5,10739.68,0,0.0,0.0,0,0,43.0
2026-07-02,Mobile Banking,Bengaluru,9,19782.69,0,0.0,0.0,0,0,34.76
2026-07-02,Mobile Banking,Chennai,1,1173.22,0,0.0,0.0,0,0,29.5
2026-07-02,Mobile Banking,Delhi,5,14911.68,0,0.0,0.0,0,0,19.94
2026-07-02,Mobile Banking,Hyderabad,8,10016.57,0,0.0,0.0,0,0,21.26
2026-07-02,Mobile Banking,Jaipur,5,12485.48,0,0.0,0.0,0,0,31.68
2026-07-02,Mobile Banking,Kochi,4,8295.9,0,0.0,0.0,0,0,16.07
2026-07-02,Mobile Banking,Kolkata,5,15293.44,0,0.0,0.0,0,0,25.54
2026-07-02,Mobile Banking,Mumbai,6,11561.6,0,0.0,0.0,0,0,30.57
2026-07-02,Mobile Banking,Pune,2,2091.74,0,0.0,0.0,0,0,15.75
2026-07-02,NEFT,Ahmedabad,2,2419.65,0,0.0,0.0,0,0,22.25
2026-07-02,NEFT,Chennai,2,2988.03,1,650.74,50.0,0,0,35.25
2026-07-02,NEFT,Hyderabad,2,4943.97,0,0.0,0.0,0,0,32.35
2026-07-02,NEFT,Jaipur,3,9078.37,0,0.0,0.0,0,0,24.17
2026-07-02,NEFT,Kochi,3,2147.65,0,0.0,0.0,0,0,19.63
2026-07-02,NEFT,Kolkata,3,14902.27,1,1158.04,33.333,1,0,42.07
2026-07-02,NEFT,Mumbai,6,18834.26,0,0.0,0.0,0,0,28.25
2026-07-02,NEFT,Pune,1,4068.91,0,0.0,0.0,0,0,31.0
2026-07-02,POS,Ahmedabad,7,13487.54,0,0.0,0.0,0,0,31.73
2026-07-02,POS,Bengaluru,5,7252.13,0,0.0,0.0,0,0,28.82
2026-07-02,POS,Chennai,7,449143.41,1,432319.48,14.286,0,1,37.19
2026-07-02,POS,Delhi,2,2196.47,0,0.0,0.0,0,0,45.25
2026-07-02,POS,Hyderabad,2,6010.21,0,0.0,0.0,0,0,34.95
2026-07-02,POS,Jaipur,3,4400.05,1,141.52,33.333,0,1,32.23
2026-07-02,POS,Kochi,1,976.69,0,0.0,0.0,0,0,29.2
2026-07-02,POS,Kolkata,4,18542.0,1,1110.5,25.0,0,0,34.42
2026-07-02,POS,Mumbai,8,568224.19,1,552363.5,12.5,1,0,37.49
2026-07-02,POS,Pune,1,23078.58,0,0.0,0.0,0,0,54.0
2026-07-02,RTGS,Ahmedabad,1,235633.61,0,0.0,0.0,0,1,70.2
2026-07-02,RTGS,Bengaluru,2,2125134.44,0,0.0,0.0,0,0,40.0
2026-07-02,RTGS,Chennai,1,1329978.13,0,0.0,0.0,0,1,67.2
2026-07-02,RTGS,Delhi,2,1035358.47,0,0.0,0.0,0,0,30.25
2026-07-02,RTGS,Hyderabad,1,376859.25,0,0.0,0.0,0,0,48.1
2026-07-02,RTGS,Jaipur,1,1391913.21,0,0.0,0.0,0,0,52.2
2026-07-02,RTGS,Kochi,1,245230.55,0,0.0,0.0,0,0,33.1
2026-07-02,RTGS,Kolkata,3,2114633.76,0,0.0,0.0,0,0,44.67
2026-07-02,RTGS,Mumbai,2,1993953.9,0,0.0,0.0,0,0,42.55
2026-07-02,RTGS,Pune,1,1106678.57,0,0.0,0.0,0,0,47.3
2026-07-02,UPI,Ahmedabad,6,9924.0,0,0.0,0.0,0,0,21.25
2026-07-02,UPI,Bengaluru,8,29262.23,0,0.0,0.0,0,0,33.41
2026-07-02,UPI,Chennai,7,15955.1,0,0.0,0.0,0,0,24.7
2026-07-02,UPI,Delhi,3,2786.39,0,0.0,0.0,0,0,15.83
2026-07-02,UPI,Hyderabad,10,35609.99,0,0.0,0.0,0,1,44.52
2026-07-02,UPI,Jaipur,8,17237.01,0,0.0,0.0,0,0,26.2
2026-07-02,UPI,Kochi,3,10484.32,0,0.0,0.0,0,0,21.5
2026-07-02,UPI,Kolkata,4,7998.5,1,1177.34,25.0,0,1,29.1
2026-07-02,UPI,Mumbai,7,25294.75,0,0.0,0.0,0,2,33.2
2026-07-02,UPI,Pune,4,6458.96,0,0.0,0.0,0,0,25.67
2026-07-03,ATM,Ahmedabad,3,7667.48,1,130.75,33.333,0,0,37.57
2026-07-03,ATM,Bengaluru,2,2455.81,0,0.0,0.0,0,0,18.8
2026-07-03,ATM,Delhi,5,12032.15,0,0.0,0.0,0,0,28.18
2026-07-03,ATM,Hyderabad,2,13002.16,0,0.0,0.0,0,0,24.8
2026-07-03,ATM,Jaipur,4,7194.03,0,0.0,0.0,0,0,26.93
2026-07-03,ATM,Kochi,5,14595.93,0,0.0,0.0,0,0,28.24
2026-07-03,ATM,Kolkata,1,1275.74,0,0.0,0.0,0,0,30.4
2026-07-03,ATM,Mumbai,3,6950.21,0,0.0,0.0,0,0,35.03
2026-07-03,ATM,Pune,1,158.4,0,0.0,0.0,0,0,18.3
2026-07-03,Branch,Bengaluru,2,3445.08,0,0.0,0.0,0,0,13.45
2026-07-03,Branch,Delhi,2,5831.67,0,0.0,0.0,0,0,30.25
2026-07-03,Branch,Jaipur,3,8800.06,0,0.0,0.0,0,0,22.7
2026-07-03,Branch,Kochi,3,52146.15,0,0.0,0.0,0,1,44.07
2026-07-03,Branch,Pune,3,42881.54,0,0.0,0.0,0,1,47.37
2026-07-03,IMPS,Ahmedabad,3,5942.68,0,0.0,0.0,0,0,22.6
2026-07-03,IMPS,Bengaluru,2,1541.25,0,0.0,0.0,0,0,21.3
2026-07-03,IMPS,Delhi,3,4205.02,0,0.0,0.0,0,0,24.3
2026-07-03,IMPS,Jaipur,1,219.51,0,0.0,0.0,0,0,12.9
2026-07-03,IMPS,Kochi,2,5845.51,0,0.0,0.0,0,0,34.45
2026-07-03,IMPS,Kolkata,3,10411.41,0,0.0,0.0,0,1,32.77
2026-07-03,IMPS,Mumbai,4,10368.21,0,0.0,0.0,0,0,22.07
2026-07-03,IMPS,Pune,4,20021.53,1,40.84,25.0,0,1,45.75
2026-07-03,Internet Banking,Ahmedabad,1,2553.02,0,0.0,0.0,0,0,15.2
2026-07-03,Internet Banking,Bengaluru,2,1488.98,0,0.0,0.0,0,0,22.25
2026-07-03,Internet Banking,Chennai,2,14489.7,0,0.0,0.0,0,0,32.65
2026-07-03,Internet Banking,Delhi,3,399970.93,1,395831.78,33.333,0,1,51.87
2026-07-03,Internet Banking,Hyderabad,4,9109.04,1,132.25,25.0,0,0,44.7
2026-07-03,Internet Banking,Jaipur,2,8221.89,0,0.0,0.0,0,0,18.25
2026-07-03,Internet Banking,Kochi,6,31140.26,0,0.0,0.0,0,0,39.1
2026-07-03,Internet Banking,Kolkata,4,13255.52,0,0.0,0.0,0,0,36.17
2026-07-03,Internet Banking,Mumbai,9,24294.99,0,0.0,0.0,0,0,32.14
2026-07-03,Internet Banking,Pune,7,26635.38,0,0.0,0.0,0,0,39.93
2026-07-03,Mobile Banking,Ahmedabad,6,5749.3,0,0.0,0.0,0,0,29.57
2026-07-03,Mobile Banking,Bengaluru,3,4430.42,0,0.0,0.0,0,0,14.53
2026-07-03,Mobile Banking,Chennai,6,9245.53,0,0.0,0.0,0,0,38.13
2026-07-03,Mobile Banking,Delhi,5,4584.98,0,0.0,0.0,0,0,24.62
2026-07-03,Mobile Banking,Hyderabad,4,27656.37,0,0.0,0.0,0,0,45.15
2026-07-03,Mobile Banking,Jaipur,7,33801.0,0,0.0,0.0,0,0,28.26
2026-07-03,Mobile Banking,Kochi,2,4050.97,0,0.0,0.0,0,0,29.2
2026-07-03,Mobile Banking,Kolkata,5,16649.92,0,0.0,0.0,0,0,26.62
2026-07-03,Mobile Banking,Mumbai,5,10999.0,0,0.0,0.0,0,0,19.1
2026-07-03,Mobile Banking,Pune,6,611020.05,1,599917.62,16.667,1,0,36.98
2026-07-03,NEFT,Ahmedabad,1,1664.65,0,0.0,0.0,0,0,24.9
2026-07-03,NEFT,Bengaluru,1,2178.15,0,0.0,0.0,0,0,15.2
2026-07-03,NEFT,Chennai,3,6496.27,0,0.0,0.0,0,0,19.2
2026-07-03,NEFT,Delhi,1,727.43,0,0.0,0.0,0,0,38.0
2026-07-03,NEFT,Hyderabad,4,17448.72,0,0.0,0.0,0,0,29.68
2026-07-03,NEFT,Jaipur,2,3031.41,0,0.0,0.0,0,0,18.7
2026-07-03,NEFT,Kochi,2,5659.04,0,0.0,0.0,0,0,35.4
2026-07-03,NEFT,Kolkata,1,3689.45,0,0.0,0.0,0,0,40.2
2026-07-03,NEFT,Mumbai,3,4142.83,0,0.0,0.0,0,0,22.77
2026-07-03,POS,Ahmedabad,7,19048.15,0,0.0,0.0,0,0,21.73
2026-07-03,POS,Bengaluru,5,8279.1,0,0.0,0.0,0,0,22.62
2026-07-03,POS,Chennai,5,15205.1,0,0.0,0.0,0,1,37.04
2026-07-03,POS,Delhi,4,18739.02,0,0.0,0.0,0,0,29.52
2026-07-03,POS,Hyderabad,2,7713.46,0,0.0,0.0,0,0,24.35
2026-07-03,POS,Jaipur,4,8536.02,0,0.0,0.0,0,0,35.9
2026-07-03,POS,Kochi,5,11524.51,0,0.0,0.0,0,0,29.76
2026-07-03,POS,Kolkata,6,9659.49,0,0.0,0.0,0,0,35.2
2026-07-03,POS,Mumbai,3,7255.2,0,0.0,0.0,0,0,37.8
2026-07-03,POS,Pune,2,12281.47,0,0.0,0.0,0,0,51.05
2026-07-03,RTGS,Bengaluru,1,1133731.94,0,0.0,0.0,0,0,51.1
2026-07-03,RTGS,Chennai,2,1478517.62,0,0.0,0.0,0,0,45.6
2026-07-03,RTGS,Delhi,2,1610379.85,0,0.0,0.0,0,0,34.1
2026-07-03,RTGS,Hyderabad,2,1825275.16,0,0.0,0.0,0,0,42.95
2026-07-03,RTGS,Jaipur,2,1862241.4,0,0.0,0.0,0,1,60.95
2026-07-03,RTGS,Kochi,1,1372551.64,0,0.0,0.0,0,0,29.6
2026-07-03,RTGS,Kolkata,1,416328.1,0,0.0,0.0,0,0,27.2
2026-07-03,RTGS,Mumbai,2,1755173.37,0,0.0,0.0,0,0,33.0
2026-07-03,RTGS,Pune,1,762530.75,0,0.0,0.0,0,0,38.7
2026-07-03,UPI,Ahmedabad,1,716.53,0,0.0,0.0,0,0,35.9
2026-07-03,UPI,Bengaluru,6,13283.2,0,0.0,0.0,0,0,22.18
2026-07-03,UPI,Chennai,5,32197.35,0,0.0,0.0,0,0,29.28
2026-07-03,UPI,Delhi,7,11883.65,0,0.0,0.0,0,0,25.29
2026-07-03,UPI,Hyderabad,7,3994.57,0,0.0,0.0,0,0,30.2
2026-07-03,UPI,Jaipur,10,12837.98,0,0.0,0.0,0,0,23.39
2026-07-03,UPI,Kochi,7,11281.76,1,146.8,14.286,0,1,27.47
2026-07-03,UPI,Kolkata,5,16693.44,0,0.0,0.0,0,0,29.74
2026-07-03,UPI,Mumbai,9,18396.26,0,0.0,0.0,0,0,29.5
2026-07-03,UPI,Pune,3,7573.09,0,0.0,0.0,0,0,46.53
2026-07-04,ATM,Ahmedabad,3,24184.61,0,0.0,0.0,0,0,23.4
2026-07-04,ATM,Bengaluru,5,10568.67,0,0.0,0.0,0,0,32.18
2026-07-04,ATM,Chennai,3,4080.0,0,0.0,0.0,0,0,23.3
2026-07-04,ATM,Delhi,1,2790.67,0,0.0,0.0,0,0,29.8
2026-07-04,ATM,Hyderabad,2,5003.45,0,0.0,0.0,0,0,37.9
2026-07-04,ATM,Jaipur,3,11010.46,1,190.88,33.333,0,0,42.83
2026-07-04,ATM,Kochi,6,13478.97,0,0.0,0.0,0,0,22.58
2026-07-04,ATM,Kolkata,4,6785.49,0,0.0,0.0,0,0,28.9
2026-07-04,ATM,Pune,3,4171.99,0,0.0,0.0,0,0,27.17
2026-07-04,Branch,Chennai,3,5308.32,0,0.0,0.0,0,0,25.07
2026-07-04,Branch,Delhi,2,3472.74,0,0.0,0.0,0,0,18.85
2026-07-04,Branch,Jaipur,2,3622.55,0,0.0,0.0,0,0,31.25
2026-07-04,Branch,Kolkata,3,8096.83,0,0.0,0.0,0,1,39.23
2026-07-04,Branch,Mumbai,1,2760.66,0,0.0,0.0,0,0,5.8
2026-07-04,Branch,Pune,2,7914.04,0,0.0,0.0,0,0,20.35
2026-07-04,IMPS,Ahmedabad,1,1575.53,0,0.0,0.0,0,0,21.8
2026-07-04,IMPS,Bengaluru,1,4175.39,0,0.0,0.0,0,0,30.5
2026-07-04,IMPS,Chennai,3,2233.64,0,0.0,0.0,0,0,29.37
2026-07-04,IMPS,Delhi,4,8086.05,0,0.0,0.0,0,0,25.75
2026-07-04,IMPS,Jaipur,1,7826.32,0,0.0,0.0,0,0,51.3
2026-07-04,IMPS,Kochi,1,1899.3,0,0.0,0.0,0,0,12.5
2026-07-04,IMPS,Kolkata,1,1773.38,0,0.0,0.0,0,0,33.1
2026-07-04,IMPS,Mumbai,2,2469.35,0,0.0,0.0,0,0,17.15
2026-07-04,IMPS,Pune,4,3727.63,0,0.0,0.0,0,0,23.6
2026-07-04,Internet Banking,Ahmedabad,1,1418.87,0,0.0,0.0,0,0,16.8
2026-07-04,Internet Banking,Bengaluru,3,69213.78,1,59564.49,33.333,0,1,63.5
2026-07-04,Internet Banking,Chennai,6,33473.84,0,0.0,0.0,0,0,31.42
2026-07-04,Internet Banking,Delhi,4,9053.71,0,0.0,0.0,0,0,31.75
2026-07-04,Internet Banking,Hyderabad,3,4554.41,1,1097.57,33.333,0,0,30.57
2026-07-04,Internet Banking,Jaipur,1,4971.94,0,0.0,0.0,0,0,39.8
2026-07-04,Internet Banking,Kochi,4,10374.39,0,0.0,0.0,0,0,20.3
2026-07-04,Internet Banking,Kolkata,2,3430.17,0,0.0,0.0,0,0,20.5
2026-07-04,Internet Banking,Mumbai,1,625.37,0,0.0,0.0,0,0,38.0
2026-07-04,Internet Banking,Pune,3,4792.35,0,0.0,0.0,0,0,19.73
2026-07-04,Mobile Banking,Ahmedabad,1,1744.2,0,0.0,0.0,0,0,57.9
2026-07-04,Mobile Banking,Bengaluru,6,16440.26,0,0.0,0.0,0,0,26.72
2026-07-04,Mobile Banking,Chennai,2,3110.01,0,0.0,0.0,0,0,43.05
2026-07-04,Mobile Banking,Delhi,4,18627.46,0,0.0,0.0,0,0,17.93
2026-07-04,Mobile Banking,Hyderabad,2,6393.02,0,0.0,0.0,0,0,27.15
2026-07-04,Mobile Banking,Jaipur,4,4099.71,0,0.0,0.0,0,0,23.57
2026-07-04,Mobile Banking,Kochi,5,6200.56,0,0.0,0.0,0,1,38.68
2026-07-04,Mobile Banking,Kolkata,5,24507.47,0,0.0,0.0,0,0,27.86
2026-07-04,Mobile Banking,Mumbai,5,14479.38,0,0.0,0.0,0,0,34.84
2026-07-04,Mobile Banking,Pune,9,30640.77,0,0.0,0.0,0,0,26.07
2026-07-04,NEFT,Ahmedabad,7,6906.06,0,0.0,0.0,0,0,31.87
2026-07-04,NEFT,Bengaluru,3,7041.83,0,0.0,0.0,0,0,33.0
2026-07-04,NEFT,Chennai,1,7488.19,0,0.0,0.0,0,0,40.3
2026-07-04,NEFT,Delhi,3,3172.73,0,0.0,0.0,0,0,30.0
2026-07-04,NEFT,Hyderabad,2,16984.56,0,0.0,0.0,0,0,41.85
2026-07-04,NEFT,Jaipur,2,15937.31,0,0.0,0.0,0,0,23.2
2026-07-04,NEFT,Kochi,4,3335.76,0,0.0,0.0,0,0,20.57
2026-07-04,NEFT,Kolkata,4,11180.79,0,0.0,0.0,0,0,31.93
2026-07-04,NEFT,Mumbai,1,1511.95,0,0.0,0.0,0,0,33.7
2026-07-04,NEFT,Pune,1,1443.6,0,0.0,0.0,0,0,12.3
2026-07-04,POS,Ahmedabad,5,12226.0,0,0.0,0.0,0,0,30.66
2026-07-04,POS,Bengaluru,3,4207.79,0,0.0,0.0,0,0,21.3
2026-07-04,POS,Chennai,5,600671.33,1,575323.01,20.0,1,0,43.34
2026-07-04,POS,Delhi,4,8002.17,0,0.0,0.0,0,0,15.7
2026-07-04,POS,Hyderabad,3,3436.42,0,0.0,0.0,0,0,30.0
2026-07-04,POS,Jaipur,4,14607.88,0,0.0,0.0,0,0,33.93
2026-07-04,POS,Kochi,3,30273.57,0,0.0,0.0,0,0,29.47
2026-07-04,POS,Kolkata,1,8978.48,0,0.0,0.0,0,0,34.3
2026-07-04,POS,Mumbai,3,1472.38,0,0.0,0.0,0,0,16.37
2026-07-04,POS,Pune,3,14663.56,0,0.0,0.0,0,0,41.23
2026-07-04,RTGS,Ahmedabad,2,778238.94,0,0.0,0.0,0,0,45.35
2026-07-04,RTGS,Bengaluru,1,442367.18,0,0.0,0.0,0,0,56.6
2026-07-04,RTGS,Chennai,2,2145919.52,0,0.0,0.0,0,0,31.2
2026-07-04,RTGS,Delhi,1,746264.15,0,0.0,0.0,0,0,49.9
2026-07-04,RTGS,Hyderabad,1,979081.71,0,0.0,0.0,0,0,49.9
2026-07-04,RTGS,Jaipur,2,1538393.43,0,0.0,0.0,0,0,42.4
2026-07-04,RTGS,Kochi,1,719517.75,0,0.0,0.0,0,0,54.7
2026-07-04,RTGS,Mumbai,2,1649074.69,0,0.0,0.0,0,0,33.3
2026-07-04,RTGS,Pune,3,1610236.49,0,0.0,0.0,0,0,42.1
2026-07-04,UPI,Ahmedabad,9,21684.29,0,0.0,0.0,0,0,32.21
2026-07-04,UPI,Bengaluru,10,27841.27,1,6232.72,10.0,0,1,41.45
2026-07-04,UPI,Chennai,7,11981.11,0,0.0,0.0,0,0,23.27
2026-07-04,UPI,Delhi,6,9295.94,0,0.0,0.0,0,0,22.15
2026-07-04,UPI,Hyderabad,6,29792.49,0,0.0,0.0,0,0,30.33
2026-07-04,UPI,Jaipur,5,7553.04,0,0.0,0.0,0,0,28.58
2026-07-04,UPI,Kochi,7,25297.01,1,1168.52,14.286,0,0,33.07
2026-07-04,UPI,Kolkata,7,7975.53,0,0.0,0.0,0,0,25.53
2026-07-04,UPI,Mumbai,8,19163.06,0,0.0,0.0,0,0,24.71
2026-07-04,UPI,Pune,6,21902.19,0,0.0,0.0,0,0,30.48
2026-07-05,ATM,Ahmedabad,4,18368.65,0,0.0,0.0,0,1,40.75
2026-07-05,ATM,Bengaluru,2,2708.81,0,0.0,0.0,0,0,27.15
2026-07-05,ATM,Chennai,5,9267.01,0,0.0,0.0,0,0,20.32
2026-07-05,ATM,Delhi,6,10572.83,0,0.0,0.0,0,1,27.63
2026-07-05,ATM,Hyderabad,1,1326.08,0,0.0,0.0,0,0,19.6
2026-07-05,ATM,Jaipur,3,16095.09,0,0.0,0.0,0,0,37.23
2026-07-05,ATM,Kochi,4,7184.66,0,0.0,0.0,0,0,27.92
2026-07-05,ATM,Kolkata,1,2291.75,0,0.0,0.0,0,0,27.7
2026-07-05,ATM,Mumbai,3,12886.19,0,0.0,0.0,0,0,33.57
2026-07-05,ATM,Pune,2,3428.3,0,0.0,0.0,0,0,34.4
2026-07-05,Branch,Bengaluru,1,1906.48,0,0.0,0.0,0,0,29.9
2026-07-05,Branch,Chennai,1,2199.92,0,0.0,0.0,0,0,55.8
2026-07-05,Branch,Delhi,1,2036.65,0,0.0,0.0,0,0,40.1
2026-07-05,Branch,Hyderabad,1,730.45,0,0.0,0.0,0,0,51.1
2026-07-05,Branch,Kochi,1,3968.85,0,0.0,0.0,0,0,15.0
2026-07-05,Branch,Pune,3,4211.07,0,0.0,0.0,0,0,20.9
2026-07-05,IMPS,Ahmedabad,3,7346.11,0,0.0,0.0,0,0,29.1
2026-07-05,IMPS,Bengaluru,4,16784.03,0,0.0,0.0,0,0,36.9
2026-07-05,IMPS,Chennai,1,984.09,0,0.0,0.0,0,0,19.8
2026-07-05,IMPS,Hyderabad,3,8931.84,0,0.0,0.0,0,0,38.1
2026-07-05,IMPS,Jaipur,4,9215.81,0,0.0,0.0,0,0,27.55
2026-07-05,IMPS,Kochi,1,6936.9,0,0.0,0.0,0,0,50.8
2026-07-05,IMPS,Pune,2,1347.44,0,0.0,0.0,0,0,21.2
2026-07-05,Internet Banking,Ahmedabad,6,15969.88,0,0.0,0.0,0,0,34.35
2026-07-05,Internet Banking,Bengaluru,4,10258.07,0,0.0,0.0,0,0,32.02
2026-07-05,Internet Banking,Chennai,1,495.66,1,495.66,100.0,0,1,72.5
2026-07-05,Internet Banking,Delhi,2,2729.85,0,0.0,0.0,0,0,33.8
2026-07-05,Internet Banking,Hyderabad,3,9918.36,0,0.0,0.0,0,0,30.17
2026-07-05,Internet Banking,Jaipur,1,1039.37,0,0.0,0.0,0,0,36.4
2026-07-05,Internet Banking,Kochi,2,6537.84,0,0.0,0.0,0,0,32.2
2026-07-05,Internet Banking,Kolkata,7,415015.01,1,392829.25,14.286,0,1,31.7
2026-07-05,Internet Banking,Mumbai,5,5367.1,0,0.0,0.0,0,0,29.64
2026-07-05,Internet Banking,Pune,3,6532.75,0,0.0,0.0,0,0,35.9
2026-07-05,Mobile Banking,Ahmedabad,5,9354.16,0,0.0,0.0,0,0,35.96
2026-07-05,Mobile Banking,Bengaluru,1,743.98,0,0.0,0.0,0,0,19.2
2026-07-05,Mobile Banking,Chennai,9,192051.38,1,177512.03,11.111,0,1,30.02
2026-07-05,Mobile Banking,Delhi,4,9853.65,0,0.0,0.0,0,0,26.95
2026-07-05,Mobile Banking,Hyderabad,4,155803.11,1,144087.7,25.0,0,1,40.17
2026-07-05,Mobile Banking,Jaipur,3,35030.36,0,0.0,0.0,0,0,34.37
2026-07-05,Mobile Banking,Kochi,5,5873.42,0,0.0,0.0,0,0,17.4
2026-07-05,Mobile Banking,Kolkata,5,23811.77,0,0.0,0.0,0,0,29.72
2026-07-05,Mobile Banking,Mumbai,6,8009.58,0,0.0,0.0,0,0,35.88
2026-07-05,Mobile Banking,Pune,5,13858.23,0,0.0,0.0,0,0,32.42
2026-07-05,NEFT,Ahmedabad,1,1396.8,0,0.0,0.0,0,0,15.0
2026-07-05,NEFT,Bengaluru,2,9583.15,0,0.0,0.0,0,0,26.05
2026-07-05,NEFT,Chennai,3,2908.31,0,0.0,0.0,0,0,17.7
2026-07-05,NEFT,Hyderabad,2,3250.56,0,0.0,0.0,0,0,30.9
2026-07-05,NEFT,Jaipur,5,22732.92,0,0.0,0.0,0,0,19.68
2026-07-05,NEFT,Kochi,4,6121.02,0,0.0,0.0,0,0,25.68
2026-07-05,NEFT,Kolkata,1,1467.96,0,0.0,0.0,0,0,15.7
2026-07-05,NEFT,Mumbai,3,10714.61,0,0.0,0.0,0,0,31.87
2026-07-05,NEFT,Pune,5,14043.8,0,0.0,0.0,0,0,20.8
2026-07-05,POS,Ahmedabad,2,19270.97,0,0.0,0.0,0,0,31.6
2026-07-05,POS,Bengaluru,6,12269.42,0,0.0,0.0,0,0,25.77
2026-07-05,POS,Chennai,6,331624.04,1,308051.87,16.667,0,1,32.3
2026-07-05,POS,Delhi,5,10748.66,0,0.0,0.0,0,0,23.32
2026-07-05,POS,Hyderabad,4,11851.83,0,0.0,0.0,0,0,29.78
2026-07-05,POS,Jaipur,4,9164.38,0,0.0,0.0,0,0,21.1
2026-07-05,POS,Kochi,8,22812.42,0,0.0,0.0,0,0,27.79
2026-07-05,POS,Kolkata,2,1075.72,0,0.0,0.0,0,0,13.4
2026-07-05,POS,Mumbai,3,11240.77,0,0.0,0.0,0,1,45.87
2026-07-05,POS,Pune,3,6002.53,0,0.0,0.0,0,0,26.73
2026-07-05,RTGS,Ahmedabad,1,1003358.93,0,0.0,0.0,0,0,43.9
2026-07-05,RTGS,Chennai,1,1132208.24,0,0.0,0.0,0,0,30.0
2026-07-05,RTGS,Delhi,1,1091068.01,0,0.0,0.0,0,0,32.4
2026-07-05,RTGS,Hyderabad,1,314946.29,0,0.0,0.0,0,0,29.2
2026-07-05,RTGS,Kochi,1,830756.39,0,0.0,0.0,0,0,24.6
2026-07-05,RTGS,Kolkata,1,794619.27,0,0.0,0.0,0,0,37.0
2026-07-05,UPI,Ahmedabad,9,37454.15,0,0.0,0.0,0,0,29.98
2026-07-05,UPI,Bengaluru,12,23947.77,1,239.0,8.333,0,1,30.73
2026-07-05,UPI,Chennai,2,3266.22,0,0.0,0.0,0,0,38.25
2026-07-05,UPI,Delhi,3,5764.17,0,0.0,0.0,0,0,23.57
2026-07-05,UPI,Hyderabad,7,7326.51,0,0.0,0.0,0,0,29.3
2026-07-05,UPI,Jaipur,7,14775.56,0,0.0,0.0,0,1,33.76
2026-07-05,UPI,Kochi,6,12294.78,0,0.0,0.0,0,0,20.22
2026-07-05,UPI,Kolkata,2,3692.84,0,0.0,0.0,0,0,13.65
2026-07-05,UPI,Mumbai,5,8535.57,0,0.0,0.0,0,0,28.02
2026-07-05,UPI,Pune,11,15641.24,2,1029.76,18.182,0,2,36.38
2026-07-06,ATM,Ahmedabad,3,6238.06,0,0.0,0.0,0,0,24.53
2026-07-06,ATM,Bengaluru,3,85579.91,1,78239.07,33.333,0,0,35.33
2026-07-06,ATM,Chennai,1,503365.65,1,503365.65,100.0,0,0,54.0
2026-07-06,ATM,Delhi,3,3900.94,0,0.0,0.0,0,0,24.37
2026-07-06,ATM,Hyderabad,5,277784.98,1,269295.24,20.0,1,0,32.4
2026-07-06,ATM,Jaipur,1,1686.46,0,0.0,0.0,0,0,11.8
2026-07-06,ATM,Kochi,2,13594.16,0,0.0,0.0,0,0,30.5
2026-07-06,ATM,Kolkata,2,12842.33,0,0.0,0.0,0,0,17.0
2026-07-06,ATM,Mumbai,5,14441.41,0,0.0,0.0,0,0,21.9
2026-07-06,ATM,Pune,2,2501.79,0,0.0,0.0,0,0,12.6
2026-07-06,Branch,Delhi,1,2825.19,0,0.0,0.0,0,0,28.7
2026-07-06,Branch,Jaipur,1,2841.86,0,0.0,0.0,0,0,36.0
2026-07-06,Branch,Kochi,2,7325.78,0,0.0,0.0,0,0,30.25
2026-07-06,Branch,Kolkata,1,3859.79,0,0.0,0.0,0,0,22.1
2026-07-06,Branch,Mumbai,1,1400.09,0,0.0,0.0,0,0,39.0
2026-07-06,IMPS,Ahmedabad,2,4698.49,0,0.0,0.0,0,0,34.35
2026-07-06,IMPS,Bengaluru,3,13975.7,0,0.0,0.0,0,0,34.67
2026-07-06,IMPS,Chennai,2,1822.32,0,0.0,0.0,0,0,33.65
2026-07-06,IMPS,Delhi,2,3799.62,0,0.0,0.0,0,0,25.9
2026-07-06,IMPS,Hyderabad,1,1941.14,0,0.0,0.0,0,0,31.5
2026-07-06,IMPS,Jaipur,1,725.18,0,0.0,0.0,0,0,57.2
2026-07-06,IMPS,Kochi,3,8297.5,0,0.0,0.0,0,0,44.37
2026-07-06,IMPS,Kolkata,2,8521.73,0,0.0,0.0,0,0,33.25
2026-07-06,IMPS,Mumbai,4,9317.96,0,0.0,0.0,0,0,38.0
2026-07-06,IMPS,Pune,5,15261.89,0,0.0,0.0,0,0,29.82
2026-07-06,Internet Banking,Ahmedabad,8,14538.25,0,0.0,0.0,0,0,27.19
2026-07-06,Internet Banking,Bengaluru,4,6504.02,0,0.0,0.0,0,0,44.25
2026-07-06,Internet Banking,Chennai,1,843.6,0,0.0,0.0,0,0,17.0
2026-07-06,Internet Banking,Delhi,2,4266.14,0,0.0,0.0,0,0,28.9
2026-07-06,Internet Banking,Hyderabad,3,5029.41,0,0.0,0.0,0,0,24.87
2026-07-06,Internet Banking,Jaipur,2,22813.63,0,0.0,0.0,0,0,32.05
2026-07-06,Internet Banking,Kochi,7,18028.01,0,0.0,0.0,0,0,25.13
2026-07-06,Internet Banking,Kolkata,6,9878.1,0,0.0,0.0,0,1,33.43
2026-07-06,Internet Banking,Mumbai,1,1643.75,0,0.0,0.0,0,0,5.7
2026-07-06,Internet Banking,Pune,4,27665.47,0,0.0,0.0,0,0,34.4
2026-07-06,Mobile Banking,Ahmedabad,5,16755.83,0,0.0,0.0,0,0,30.2
2026-07-06,Mobile Banking,Bengaluru,4,11370.25,0,0.0,0.0,0,0,30.12
2026-07-06,Mobile Banking,Chennai,3,9627.24,0,0.0,0.0,0,0,33.2
2026-07-06,Mobile Banking,Delhi,8,24367.34,0,0.0,0.0,0,0,25.17
2026-07-06,Mobile Banking,Hyderabad,5,49709.79,0,0.0,0.0,0,0,26.82
2026-07-06,Mobile Banking,Jaipur,1,1910.41,0,0.0,0.0,0,0,14.0
2026-07-06,Mobile Banking,Kochi,2,714.76,0,0.0,0.0,0,0,23.75
2026-07-06,Mobile Banking,Kolkata,5,19947.76,1,13728.42,20.0,0,0,34.16
2026-07-06,Mobile Banking,Mumbai,5,8404.84,0,0.0,0.0,0,0,39.16
2026-07-06,Mobile Banking,Pune,5,3763.25,0,0.0,0.0,0,0,20.54
2026-07-06,NEFT,Ahmedabad,1,816.05,0,0.0,0.0,0,0,18.7
2026-07-06,NEFT,Bengaluru,1,2454.88,0,0.0,0.0,0,0,60.5
2026-07-06,NEFT,Chennai,1,12375.7,0,0.0,0.0,0,0,28.0
2026-07-06,NEFT,Delhi,2,8380.91,0,0.0,0.0,0,0,27.45
2026-07-06,NEFT,Hyderabad,2,989.0,0,0.0,0.0,0,0,36.0
2026-07-06,NEFT,Jaipur,2,4343.62,0,0.0,0.0,0,0,18.45
2026-07-06,NEFT,Kochi,2,2738.58,0,0.0,0.0,0,0,44.8
2026-07-06,NEFT,Kolkata,2,5132.79,0,0.0,0.0,0,0,24.25
2026-07-06,NEFT,Mumbai,2,10059.24,0,0.0,0.0,0,0,38.45
2026-07-06,NEFT,Pune,2,4408.86,0,0.0,0.0,0,0,37.3
2026-07-06,POS,Ahmedabad,5,24168.63,0,0.0,0.0,0,0,28.96
2026-07-06,POS,Bengaluru,9,43504.74,0,0.0,0.0,0,0,39.47
2026-07-06,POS,Chennai,8,19829.96,0,0.0,0.0,0,0,24.86
2026-07-06,POS,Delhi,2,1798.25,0,0.0,0.0,0,0,28.9
2026-07-06,POS,Hyderabad,6,36976.4,0,0.0,0.0,0,0,34.73
2026-07-06,POS,Jaipur,3,2459.7,0,0.0,0.0,0,0,26.57
2026-07-06,POS,Kochi,4,7517.19,0,0.0,0.0,0,0,31.48
2026-07-06,POS,Kolkata,1,5291.53,0,0.0,0.0,0,0,27.1
2026-07-06,POS,Mumbai,3,7084.59,0,0.0,0.0,0,0,20.0
2026-07-06,POS,Pune,4,5017.86,0,0.0,0.0,0,0,39.3
2026-07-06,RTGS,Ahmedabad,2,1716517.19,0,0.0,0.0,0,0,42.4
2026-07-06,RTGS,Bengaluru,5,4642556.09,0,0.0,0.0,0,0,40.92
2026-07-06,RTGS,Chennai,1,496500.36,0,0.0,0.0,0,0,45.6
2026-07-06,RTGS,Hyderabad,2,2055404.04,0,0.0,0.0,0,1,59.55
2026-07-06,RTGS,Jaipur,3,2976114.35,0,0.0,0.0,0,1,52.97
2026-07-06,RTGS,Kolkata,1,1486377.69,0,0.0,0.0,0,0,63.4
2026-07-06,RTGS,Mumbai,1,1087835.82,0,0.0,0.0,0,0,27.1
2026-07-06,RTGS,Pune,1,1085643.71,0,0.0,0.0,0,0,29.7
2026-07-06,UPI,Ahmedabad,5,11315.22,0,0.0,0.0,0,0,32.0
2026-07-06,UPI,Bengaluru,3,6026.57,0,0.0,0.0,0,0,34.63
2026-07-06,UPI,Chennai,3,6415.5,0,0.0,0.0,0,0,36.6
2026-07-06,UPI,Delhi,5,18578.84,0,0.0,0.0,0,0,39.14
2026-07-06,UPI,Hyderabad,5,10531.24,0,0.0,0.0,0,0,40.14
2026-07-06,UPI,Jaipur,2,9800.18,0,0.0,0.0,0,0,23.95
2026-07-06,UPI,Kochi,4,8488.15,0,0.0,0.0,0,0,36.95
2026-07-06,UPI,Kolkata,5,10366.28,0,0.0,0.0,0,0,33.12
2026-07-06,UPI,Mumbai,2,6445.51,0,0.0,0.0,0,0,24.0
2026-07-06,UPI,Pune,9,16254.83,0,0.0,0.0,0,0,28.63
2026-07-07,ATM,Ahmedabad,3,14472.97,0,0.0,0.0,0,0,31.2
2026-07-07,ATM,Bengaluru,1,1182.96,0,0.0,0.0,0,0,13.4
2026-07-07,ATM,Chennai,2,6886.13,0,0.0,0.0,0,0,32.45
2026-07-07,ATM,Delhi,2,3024.07,0,0.0,0.0,0,0,19.7
2026-07-07,ATM,Hyderabad,6,15483.89,0,0.0,0.0,0,0,24.03
2026-07-07,ATM,Jaipur,4,18579.98,0,0.0,0.0,0,0,23.02
2026-07-07,ATM,Kochi,5,18866.58,0,0.0,0.0,0,0,29.88
2026-07-07,ATM,Kolkata,5,17679.55,0,0.0,0.0,0,2,41.7
2026-07-07,ATM,Mumbai,2,5309.89,0,0.0,0.0,0,0,17.65
2026-07-07,ATM,Pune,5,14682.72,0,0.0,0.0,0,0,29.02
2026-07-07,Branch,Ahmedabad,1,869.09,0,0.0,0.0,0,0,8.7
2026-07-07,Branch,Bengaluru,3,8166.75,0,0.0,0.0,0,0,16.9
2026-07-07,Branch,Hyderabad,1,801.91,0,0.0,0.0,0,0,13.2
2026-07-07,Branch,Jaipur,1,844.04,0,0.0,0.0,0,0,24.2
2026-07-07,Branch,Kochi,1,2506.66,0,0.0,0.0,0,0,31.6
2026-07-07,Branch,Kolkata,2,11945.98,0,0.0,0.0,0,1,45.95
2026-07-07,Branch,Mumbai,1,1009.9,0,0.0,0.0,0,0,15.6
2026-07-07,Branch,Pune,2,9888.57,0,0.0,0.0,0,0,26.55
2026-07-07,IMPS,Ahmedabad,1,1279.49,0,0.0,0.0,0,0,21.2
2026-07-07,IMPS,Bengaluru,1,852.36,0,0.0,0.0,0,0,27.8
2026-07-07,IMPS,Chennai,3,6002.15,0,0.0,0.0,0,0,28.23
2026-07-07,IMPS,Delhi,1,803.92,0,0.0,0.0,0,0,11.1
2026-07-07,IMPS,Hyderabad,1,6630.49,0,0.0,0.0,0,0,30.2
2026-07-07,IMPS,Jaipur,3,3164.48,0,0.0,0.0,0,0,23.43
2026-07-07,IMPS,Kochi,1,858.41,0,0.0,0.0,0,0,12.3
2026-07-07,IMPS,Kolkata,3,2339.85,0,0.0,0.0,0,0,12.13
2026-07-07,IMPS,Pune,2,10590.2,0,0.0,0.0,0,0,32.1
2026-07-07,Internet Banking,Ahmedabad,5,7887.39,0,0.0,0.0,0,0,29.28
2026-07-07,Internet Banking,Bengaluru,1,479.89,0,0.0,0.0,0,0,14.3
2026-07-07,Internet Banking,Chennai,4,9590.65,0,0.0,0.0,0,0,24.23
2026-07-07,Internet Banking,Delhi,2,1366.42,0,0.0,0.0,0,0,16.8
2026-07-07,Internet Banking,Hyderabad,6,13331.94,0,0.0,0.0,0,0,32.88
2026-07-07,Internet Banking,Jaipur,3,11811.33,0,0.0,0.0,0,0,31.6
2026-07-07,Internet Banking,Kochi,1,416.26,0,0.0,0.0,0,0,10.6
2026-07-07,Internet Banking,Kolkata,6,6703.21,0,0.0,0.0,0,0,40.15
2026-07-07,Internet Banking,Mumbai,1,267.06,0,0.0,0.0,0,0,11.3
2026-07-07,Internet Banking,Pune,6,8986.86,0,0.0,0.0,0,0,20.6
2026-07-07,Mobile Banking,Ahmedabad,4,16730.35,0,0.0,0.0,0,0,38.08
2026-07-07,Mobile Banking,Bengaluru,2,4733.19,0,0.0,0.0,0,0,23.15
2026-07-07,Mobile Banking,Chennai,1,809.27,0,0.0,0.0,0,0,47.4
2026-07-07,Mobile Banking,Delhi,6,10129.7,0,0.0,0.0,0,0,19.98
2026-07-07,Mobile Banking,Hyderabad,3,10227.92,0,0.0,0.0,0,0,46.2
2026-07-07,Mobile Banking,Jaipur,3,6385.15,0,0.0,0.0,0,0,29.47
2026-07-07,Mobile Banking,Kochi,4,9943.66,0,0.0,0.0,0,0,22.4
2026-07-07,Mobile Banking,Kolkata,5,7884.44,0,0.0,0.0,0,0,28.42
2026-07-07,Mobile Banking,Mumbai,2,4721.97,0,0.0,0.0,0,0,16.15
2026-07-07,Mobile Banking,Pune,5,16126.88,1,2016.42,20.0,0,1,44.96
2026-07-07,NEFT,Ahmedabad,1,1071.29,0,0.0,0.0,0,0,46.6
2026-07-07,NEFT,Bengaluru,2,18296.46,0,0.0,0.0,0,0,25.45
2026-07-07,NEFT,Chennai,4,12072.05,0,0.0,0.0,0,0,33.6
2026-07-07,NEFT,Delhi,1,949.86,0,0.0,0.0,0,0,31.9
2026-07-07,NEFT,Hyderabad,2,28075.63,0,0.0,0.0,0,0,32.15
2026-07-07,NEFT,Jaipur,1,1403.8,0,0.0,0.0,0,0,16.4
2026-07-07,NEFT,Kochi,3,3519.83,0,0.0,0.0,0,0,38.97
2026-07-07,NEFT,Kolkata,1,5224.06,0,0.0,0.0,0,0,30.6
2026-07-07,NEFT,Mumbai,3,9675.35,0,0.0,0.0,0,0,36.43
2026-07-07,NEFT,Pune,5,4823.72,0,0.0,0.0,0,0,21.26
2026-07-07,POS,Ahmedabad,9,26709.48,0,0.0,0.0,0,0,27.8
2026-07-07,POS,Bengaluru,4,5831.65,0,0.0,0.0,0,0,29.75
2026-07-07,POS,Chennai,3,7339.95,0,0.0,0.0,0,0,37.7
2026-07-07,POS,Delhi,1,351.32,0,0.0,0.0,0,0,12.1
2026-07-07,POS,Hyderabad,8,32694.42,0,0.0,0.0,0,0,28.21
2026-07-07,POS,Jaipur,6,19047.68,0,0.0,0.0,0,0,21.43
2026-07-07,POS,Kochi,5,2931.93,0,0.0,0.0,0,0,20.1
2026-07-07,POS,Kolkata,3,2889.95,0,0.0,0.0,0,0,14.57
2026-07-07,POS,Mumbai,4,5830.02,0,0.0,0.0,0,0,20.73
2026-07-07,POS,Pune,2,1110.6,0,0.0,0.0,0,0,19.6
2026-07-07,RTGS,Ahmedabad,2,2514240.62,0,0.0,0.0,0,0,34.25
2026-07-07,RTGS,Bengaluru,1,858656.15,0,0.0,0.0,0,0,30.6
2026-07-07,RTGS,Chennai,3,1174321.81,0,0.0,0.0,0,0,39.8
2026-07-07,RTGS,Delhi,2,1404065.51,0,0.0,0.0,0,0,41.95
2026-07-07,RTGS,Jaipur,3,2577308.89,0,0.0,0.0,0,0,37.83
2026-07-07,RTGS,Kochi,2,1524670.81,0,0.0,0.0,0,0,42.3
2026-07-07,RTGS,Mumbai,1,347705.26,0,0.0,0.0,0,0,29.4
2026-07-07,UPI,Ahmedabad,9,18451.27,0,0.0,0.0,0,0,27.52
2026-07-07,UPI,Bengaluru,5,10345.15,0,0.0,0.0,0,0,30.6
2026-07-07,UPI,Chennai,6,24362.63,0,0.0,0.0,0,0,29.15
2026-07-07,UPI,Delhi,7,20959.56,0,0.0,0.0,0,0,35.5
2026-07-07,UPI,Hyderabad,5,6808.7,0,0.0,0.0,0,0,30.08
2026-07-07,UPI,Jaipur,6,11017.07,0,0.0,0.0,0,0,31.45
2026-07-07,UPI,Kochi,4,37489.05,0,0.0,0.0,0,0,36.85
2026-07-07,UPI,Kolkata,10,22422.24,0,0.0,0.0,0,0,25.11
2026-07-07,UPI,Mumbai,8,26214.89,0,0.0,0.0,0,0,25.75
2026-07-07,UPI,Pune,4,17208.47,0,0.0,0.0,0,0,38.73
2026-07-08,ATM,Ahmedabad,1,759.94,0,0.0,0.0,0,0,32.9
2026-07-08,ATM,Bengaluru,1,1261.0,0,0.0,0.0,0,0,10.1
2026-07-08,ATM,Chennai,3,8493.55,0,0.0,0.0,0,0,18.33
2026-07-08,ATM,Delhi,3,10026.11,0,0.0,0.0,0,0,31.37
2026-07-08,ATM,Hyderabad,3,9075.59,0,0.0,0.0,0,0,24.7
2026-07-08,ATM,Jaipur,3,17522.49,0,0.0,0.0,0,0,32.9
2026-07-08,ATM,Kochi,1,4077.23,0,0.0,0.0,0,0,32.5
2026-07-08,ATM,Kolkata,1,2493.95,0,0.0,0.0,0,0,19.5
2026-07-08,ATM,Mumbai,3,19849.72,0,0.0,0.0,0,0,31.07
2026-07-08,ATM,Pune,2,3053.65,0,0.0,0.0,0,0,23.5
2026-07-08,Branch,Ahmedabad,1,1051.59,0,0.0,0.0,0,0,13.0
2026-07-08,Branch,Bengaluru,3,11255.29,0,0.0,0.0,0,0,33.6
2026-07-08,Branch,Hyderabad,3,16177.73,0,0.0,0.0,0,0,35.47
2026-07-08,Branch,Jaipur,3,12389.05,1,2554.39,33.333,0,2,65.97
2026-07-08,Branch,Mumbai,1,2337.16,0,0.0,0.0,0,0,17.9
2026-07-08,Branch,Pune,1,493651.73,1,493651.73,100.0,1,0,89.9
2026-07-08,IMPS,Ahmedabad,3,2018.38,0,0.0,0.0,0,0,32.4
2026-07-08,IMPS,Bengaluru,4,9118.02,0,0.0,0.0,0,0,29.65
2026-07-08,IMPS,Chennai,3,5545.55,0,0.0,0.0,0,0,28.73
2026-07-08,IMPS,Delhi,1,1561.73,0,0.0,0.0,0,0,46.4
2026-07-08,IMPS,Hyderabad,2,2487.37,0,0.0,0.0,0,0,45.25
2026-07-08,IMPS,Jaipur,2,4442.45,0,0.0,0.0,0,0,40.85
2026-07-08,IMPS,Kochi,4,15022.62,0,0.0,0.0,0,1,38.48
2026-07-08,IMPS,Kolkata,4,10081.92,0,0.0,0.0,0,0,28.38
2026-07-08,IMPS,Mumbai,1,627.09,0,0.0,0.0,0,0,33.8
2026-07-08,IMPS,Pune,3,5842.09,0,0.0,0.0,0,0,28.73
2026-07-08,Internet Banking,Ahmedabad,4,7239.19,0,0.0,0.0,0,0,31.3
2026-07-08,Internet Banking,Bengaluru,3,1732.15,0,0.0,0.0,0,0,20.37
2026-07-08,Internet Banking,Chennai,3,9554.96,0,0.0,0.0,0,0,32.97
2026-07-08,Internet Banking,Delhi,2,6794.33,0,0.0,0.0,0,0,15.9
2026-07-08,Internet Banking,Hyderabad,3,2061.22,0,0.0,0.0,0,0,32.93
2026-07-08,Internet Banking,Jaipur,2,5182.92,0,0.0,0.0,0,0,24.5
2026-07-08,Internet Banking,Kochi,2,10235.86,1,9157.16,50.0,0,1,55.2
2026-07-08,Internet Banking,Kolkata,3,4515.17,0,0.0,0.0,0,0,23.33
2026-07-08,Internet Banking,Mumbai,7,18508.93,0,0.0,0.0,0,0,25.7
2026-07-08,Internet Banking,Pune,3,23800.31,0,0.0,0.0,0,0,34.5
2026-07-08,Mobile Banking,Ahmedabad,7,22060.78,0,0.0,0.0,0,0,32.7
2026-07-08,Mobile Banking,Bengaluru,4,9857.98,0,0.0,0.0,0,0,38.48
2026-07-08,Mobile Banking,Chennai,5,11698.63,0,0.0,0.0,0,0,19.58
2026-07-08,Mobile Banking,Delhi,4,8866.49,0,0.0,0.0,0,0,19.27
2026-07-08,Mobile Banking,Hyderabad,3,7112.01,0,0.0,0.0,0,0,30.23
2026-07-08,Mobile Banking,Jaipur,2,7589.54,0,0.0,0.0,0,0,47.4
2026-07-08,Mobile Banking,Kochi,3,14517.13,0,0.0,0.0,0,0,36.1
2026-07-08,Mobile Banking,Kolkata,6,7077.56,0,0.0,0.0,0,0,30.28
2026-07-08,Mobile Banking,Mumbai,4,29625.66,0,0.0,0.0,0,0,46.6
2026-07-08,Mobile Banking,Pune,4,9399.04,0,0.0,0.0,0,0,41.92
2026-07-08,NEFT,Ahmedabad,3,6155.44,0,0.0,0.0,0,0,44.57
2026-07-08,NEFT,Bengaluru,3,4904.15,0,0.0,0.0,0,0,28.47
2026-07-08,NEFT,Chennai,3,4513.45,0,0.0,0.0,0,0,34.37
2026-07-08,NEFT,Delhi,2,153316.01,1,151949.61,50.0,0,0,30.5
2026-07-08,NEFT,Hyderabad,3,7044.25,0,0.0,0.0,0,0,24.03
2026-07-08,NEFT,Jaipur,4,8322.64,0,0.0,0.0,0,0,21.15
2026-07-08,NEFT,Kochi,4,7263.21,0,0.0,0.0,0,0,29.5
2026-07-08,NEFT,Kolkata,4,9777.22,0,0.0,0.0,0,0,35.5
2026-07-08,NEFT,Mumbai,2,2503.88,0,0.0,0.0,0,0,23.0
2026-07-08,POS,Ahmedabad,5,13171.46,0,0.0,0.0,0,0,27.94
2026-07-08,POS,Bengaluru,8,28828.97,0,0.0,0.0,0,0,28.79
2026-07-08,POS,Chennai,7,14453.67,0,0.0,0.0,0,0,27.83
2026-07-08,POS,Delhi,3,7434.36,0,0.0,0.0,0,0,27.6
2026-07-08,POS,Hyderabad,3,11106.25,0,0.0,0.0,0,0,30.3
2026-07-08,POS,Jaipur,7,13703.09,0,0.0,0.0,0,0,22.74
2026-07-08,POS,Kochi,1,1036.64,0,0.0,0.0,0,0,44.0
2026-07-08,POS,Kolkata,7,26355.66,0,0.0,0.0,0,0,31.43
2026-07-08,POS,Mumbai,3,4183.37,0,0.0,0.0,0,0,28.47
2026-07-08,POS,Pune,3,7077.58,0,0.0,0.0,0,0,26.4
2026-07-08,RTGS,Ahmedabad,2,2872821.68,0,0.0,0.0,0,1,58.55
2026-07-08,RTGS,Bengaluru,3,1682967.99,0,0.0,0.0,0,0,35.97
2026-07-08,RTGS,Chennai,1,587433.39,0,0.0,0.0,0,0,45.6
2026-07-08,RTGS,Delhi,2,1908255.32,0,0.0,0.0,0,0,35.45
2026-07-08,RTGS,Hyderabad,3,2626077.96,0,0.0,0.0,0,0,48.23
2026-07-08,RTGS,Jaipur,2,2683362.85,0,0.0,0.0,0,0,47.15
2026-07-08,RTGS,Kochi,1,485717.0,0,0.0,0.0,0,0,56.5
2026-07-08,RTGS,Kolkata,2,2504303.32,0,0.0,0.0,0,0,49.4
2026-07-08,UPI,Ahmedabad,6,8525.59,0,0.0,0.0,0,0,24.92
2026-07-08,UPI,Bengaluru,9,17038.49,0,0.0,0.0,0,0,31.71
2026-07-08,UPI,Chennai,6,28739.29,0,0.0,0.0,0,0,30.52
2026-07-08,UPI,Delhi,7,28324.84,0,0.0,0.0,0,0,33.39
2026-07-08,UPI,Hyderabad,4,7358.85,0,0.0,0.0,0,0,23.25
2026-07-08,UPI,Jaipur,8,14782.41,0,0.0,0.0,0,0,27.62
2026-07-08,UPI,Kochi,4,9661.59,0,0.0,0.0,0,0,23.55
2026-07-08,UPI,Kolkata,5,24170.23,0,0.0,0.0,0,0,38.76
2026-07-08,UPI,Mumbai,3,5528.25,0,0.0,0.0,0,0,27.33
2026-07-08,UPI,Pune,7,16342.34,1,2306.0,14.286,0,1,35.29
2026-07-09,ATM,Ahmedabad,5,9546.89,0,0.0,0.0,0,0,19.32
2026-07-09,ATM,Bengaluru,2,4642.23,0,0.0,0.0,0,0,15.65
2026-07-09,ATM,Chennai,4,8854.63,0,0.0,0.0,0,0,36.53
2026-07-09,ATM,Delhi,3,19901.59,0,0.0,0.0,0,0,30.2
2026-07-09,ATM,Hyderabad,5,13466.08,0,0.0,0.0,0,0,18.4
2026-07-09,ATM,Kochi,5,11148.19,0,0.0,0.0,0,0,22.3
2026-07-09,ATM,Kolkata,3,14014.93,0,0.0,0.0,0,0,29.13
2026-07-09,ATM,Mumbai,1,648.95,0,0.0,0.0,0,0,37.8
2026-07-09,ATM,Pune,1,704.28,0,0.0,0.0,0,0,15.3
2026-07-09,Branch,Ahmedabad,1,1727.04,0,0.0,0.0,0,0,15.6
2026-07-09,Branch,Bengaluru,1,1524.44,0,0.0,0.0,0,0,22.2
2026-07-09,Branch,Hyderabad,1,731.17,0,0.0,0.0,0,0,38.2
2026-07-09,Branch,Jaipur,1,1612.49,0,0.0,0.0,0,0,14.7
2026-07-09,Branch,Kochi,3,2948.65,0,0.0,0.0,0,0,24.37
2026-07-09,Branch,Kolkata,1,1359.58,0,0.0,0.0,0,0,8.1
2026-07-09,Branch,Pune,2,2356.61,0,0.0,0.0,0,0,42.6
2026-07-09,IMPS,Ahmedabad,3,13487.6,0,0.0,0.0,0,0,27.8
2026-07-09,IMPS,Bengaluru,4,22252.67,0,0.0,0.0,0,0,33.27
2026-07-09,IMPS,Chennai,3,16073.96,0,0.0,0.0,0,0,28.33
2026-07-09,IMPS,Delhi,5,27958.56,0,0.0,0.0,0,0,36.5
2026-07-09,IMPS,Hyderabad,5,11493.83,0,0.0,0.0,0,0,21.96
2026-07-09,IMPS,Jaipur,3,12706.61,0,0.0,0.0,0,0,25.7
2026-07-09,IMPS,Kolkata,1,3930.38,0,0.0,0.0,0,0,37.8
2026-07-09,IMPS,Mumbai,5,17684.55,0,0.0,0.0,0,0,30.52
2026-07-09,IMPS,Pune,3,15082.19,0,0.0,0.0,0,0,26.5
2026-07-09,Internet Banking,Ahmedabad,7,20169.02,0,0.0,0.0,0,0,33.16
2026-07-09,Internet Banking,Bengaluru,3,11667.45,0,0.0,0.0,0,0,40.2
2026-07-09,Internet Banking,Chennai,2,2142.08,0,0.0,0.0,0,0,24.3
2026-07-09,Internet Banking,Delhi,1,241.32,0,0.0,0.0,0,0,29.4
2026-07-09,Internet Banking,Hyderabad,5,562607.11,1,543875.16,20.0,0,0,30.98
2026-07-09,Internet Banking,Jaipur,4,14484.52,0,0.0,0.0,0,0,36.6
2026-07-09,Internet Banking,Kochi,5,3256.54,0,0.0,0.0,0,0,31.46
2026-07-09,Internet Banking,Kolkata,3,7205.76,0,0.0,0.0,0,0,28.0
2026-07-09,Internet Banking,Mumbai,3,7751.82,0,0.0,0.0,0,0,21.93
2026-07-09,Internet Banking,Pune,6,23864.05,0,0.0,0.0,0,0,24.27
2026-07-09,Mobile Banking,Ahmedabad,5,10655.57,1,4263.27,20.0,1,0,42.24
2026-07-09,Mobile Banking,Bengaluru,6,11590.47,0,0.0,0.0,0,0,26.55
2026-07-09,Mobile Banking,Chennai,5,9370.11,0,0.0,0.0,0,0,25.02
2026-07-09,Mobile Banking,Delhi,9,16332.08,0,0.0,0.0,0,0,21.78
2026-07-09,Mobile Banking,Hyderabad,3,1904.71,0,0.0,0.0,0,0,32.4
2026-07-09,Mobile Banking,Jaipur,3,9811.29,0,0.0,0.0,0,0,27.7
2026-07-09,Mobile Banking,Kochi,7,116254.98,1,98782.74,14.286,0,1,33.51
2026-07-09,Mobile Banking,Kolkata,2,3934.72,0,0.0,0.0,0,0,31.6
2026-07-09,Mobile Banking,Mumbai,5,4879.53,0,0.0,0.0,0,0,21.54
2026-07-09,Mobile Banking,Pune,8,14149.44,0,0.0,0.0,0,1,31.78
2026-07-09,NEFT,Ahmedabad,4,27645.72,0,0.0,0.0,0,0,27.95
2026-07-09,NEFT,Bengaluru,2,4118.36,0,0.0,0.0,0,0,31.5
2026-07-09,NEFT,Chennai,3,5160.24,0,0.0,0.0,0,0,24.13
2026-07-09,NEFT,Delhi,4,13963.68,0,0.0,0.0,0,0,26.82
2026-07-09,NEFT,Hyderabad,1,350.37,0,0.0,0.0,0,0,16.0
2026-07-09,NEFT,Jaipur,4,3853.13,0,0.0,0.0,0,0,24.77
2026-07-09,NEFT,Kochi,2,18879.18,0,0.0,0.0,0,0,23.4
2026-07-09,NEFT,Mumbai,3,7338.76,0,0.0,0.0,0,0,32.43
2026-07-09,NEFT,Pune,3,6213.03,0,0.0,0.0,0,0,31.8
2026-07-09,POS,Ahmedabad,6,8214.46,0,0.0,0.0,0,0,23.63
2026-07-09,POS,Bengaluru,7,13322.31,0,0.0,0.0,0,0,26.63
2026-07-09,POS,Chennai,4,5179.35,0,0.0,0.0,0,0,20.95
2026-07-09,POS,Delhi,4,7504.85,0,0.0,0.0,0,0,25.98
2026-07-09,POS,Hyderabad,4,2686.26,0,0.0,0.0,0,0,31.07
2026-07-09,POS,Jaipur,2,2818.89,0,0.0,0.0,0,0,38.95
2026-07-09,POS,Kochi,3,8589.61,0,0.0,0.0,0,0,30.97
2026-07-09,POS,Kolkata,3,2762.81,0,0.0,0.0,0,0,21.7
2026-07-09,POS,Mumbai,4,9481.62,0,0.0,0.0,0,0,29.18
2026-07-09,POS,Pune,5,6803.9,0,0.0,0.0,0,0,20.0
2026-07-09,RTGS,Ahmedabad,1,373817.27,0,0.0,0.0,0,0,32.3
2026-07-09,RTGS,Bengaluru,1,1358978.33,0,0.0,0.0,0,1,67.0
2026-07-09,RTGS,Chennai,1,692820.41,0,0.0,0.0,0,0,30.0
2026-07-09,RTGS,Delhi,1,612210.29,0,0.0,0.0,0,0,50.0
2026-07-09,RTGS,Hyderabad,1,679238.19,0,0.0,0.0,0,0,51.8
2026-07-09,RTGS,Jaipur,3,1306562.14,0,0.0,0.0,0,0,37.3
2026-07-09,RTGS,Kochi,4,2448843.14,0,0.0,0.0,0,2,50.6
2026-07-09,RTGS,Kolkata,1,1297618.69,0,0.0,0.0,0,0,28.1
2026-07-09,UPI,Ahmedabad,6,16586.12,0,0.0,0.0,0,0,24.35
2026-07-09,UPI,Bengaluru,4,28498.94,0,0.0,0.0,0,0,29.02
2026-07-09,UPI,Chennai,6,14528.69,1,3179.73,16.667,0,0,33.52
2026-07-09,UPI,Delhi,6,4821.44,0,0.0,0.0,0,0,18.58
2026-07-09,UPI,Hyderabad,6,13079.47,0,0.0,0.0,0,0,38.9
2026-07-09,UPI,Jaipur,3,5382.65,0,0.0,0.0,0,0,27.63
2026-07-09,UPI,Kochi,8,26494.71,0,0.0,0.0,0,0,27.34
2026-07-09,UPI,Kolkata,5,20205.63,0,0.0,0.0,0,0,23.02
2026-07-09,UPI,Mumbai,4,2959.27,0,0.0,0.0,0,0,22.7
2026-07-09,UPI,Pune,5,137099.45,1,104263.99,20.0,0,0,31.84
2026-07-10,ATM,Ahmedabad,3,3175.01,0,0.0,0.0,0,0,32.07
2026-07-10,ATM,Bengaluru,3,10477.58,0,0.0,0.0,0,0,34.97
2026-07-10,ATM,Chennai,2,1977.57,0,0.0,0.0,0,0,13.0
2026-07-10,ATM,Jaipur,4,33632.72,0,0.0,0.0,0,0,25.27
2026-07-10,ATM,Kochi,3,8663.69,0,0.0,0.0,0,0,53.0
2026-07-10,ATM,Kolkata,1,4922.81,0,0.0,0.0,0,0,14.7
2026-07-10,ATM,Mumbai,4,16170.62,0,0.0,0.0,0,0,20.35
2026-07-10,ATM,Pune,2,2875.76,0,0.0,0.0,0,0,27.25
2026-07-10,Branch,Ahmedabad,2,2833.53,0,0.0,0.0,0,0,45.85
2026-07-10,Branch,Bengaluru,1,1791.06,0,0.0,0.0,0,0,57.5
2026-07-10,Branch,Chennai,2,2901.65,0,0.0,0.0,0,0,16.85
2026-07-10,Branch,Delhi,1,2641.06,0,0.0,0.0,0,0,37.5
2026-07-10,Branch,Hyderabad,2,5003.92,0,0.0,0.0,0,0,33.95
2026-07-10,Branch,Jaipur,2,5305.63,0,0.0,0.0,0,0,30.45
2026-07-10,Branch,Pune,1,881.16,0,0.0,0.0,0,0,14.1
2026-07-10,IMPS,Ahmedabad,4,3246.13,0,0.0,0.0,0,0,15.0
2026-07-10,IMPS,Bengaluru,1,3232.59,0,0.0,0.0,0,1,67.9
2026-07-10,IMPS,Chennai,4,5945.87,0,0.0,0.0,0,0,26.78
2026-07-10,IMPS,Delhi,2,1576.82,0,0.0,0.0,0,0,14.45
2026-07-10,IMPS,Hyderabad,2,14705.89,0,0.0,0.0,0,0,36.0
2026-07-10,IMPS,Jaipur,2,15864.82,0,0.0,0.0,0,0,33.7
2026-07-10,IMPS,Kochi,4,46577.59,0,0.0,0.0,0,0,31.6
2026-07-10,IMPS,Kolkata,3,12225.18,0,0.0,0.0,0,0,33.37
2026-07-10,IMPS,Mumbai,4,29797.83,0,0.0,0.0,0,0,36.52
2026-07-10,Internet Banking,Ahmedabad,1,1913.04,0,0.0,0.0,0,0,34.2
2026-07-10,Internet Banking,Chennai,8,14316.35,0,0.0,0.0,0,0,33.61
2026-07-10,Internet Banking,Delhi,6,17331.73,0,0.0,0.0,0,0,23.93
2026-07-10,Internet Banking,Hyderabad,2,1520.68,0,0.0,0.0,0,0,16.5
2026-07-10,Internet Banking,Jaipur,3,13944.35,0,0.0,0.0,0,0,31.37
2026-07-10,Internet Banking,Kochi,3,4087.59,0,0.0,0.0,0,0,29.07
2026-07-10,Internet Banking,Kolkata,3,2977.36,0,0.0,0.0,0,0,23.5
2026-07-10,Internet Banking,Mumbai,7,14864.82,0,0.0,0.0,0,0,32.24
2026-07-10,Internet Banking,Pune,4,3893.47,0,0.0,0.0,0,0,15.35
2026-07-10,Mobile Banking,Ahmedabad,5,529151.37,1,521424.93,20.0,0,0,30.62
2026-07-10,Mobile Banking,Bengaluru,5,8837.84,0,0.0,0.0,0,0,28.9
2026-07-10,Mobile Banking,Chennai,2,51238.82,0,0.0,0.0,0,0,39.7
2026-07-10,Mobile Banking,Delhi,2,6796.23,0,0.0,0.0,0,0,28.5
2026-07-10,Mobile Banking,Hyderabad,5,18677.55,0,0.0,0.0,0,0,35.42
2026-07-10,Mobile Banking,Jaipur,4,4695.85,0,0.0,0.0,0,0,22.15
2026-07-10,Mobile Banking,Kochi,3,6272.92,0,0.0,0.0,0,0,30.67
2026-07-10,Mobile Banking,Kolkata,6,5028.78,0,0.0,0.0,0,0,29.37
2026-07-10,Mobile Banking,Mumbai,4,4213.88,0,0.0,0.0,0,0,17.3
2026-07-10,Mobile Banking,Pune,6,14122.95,0,0.0,0.0,0,0,34.23
2026-07-10,NEFT,Ahmedabad,4,11267.78,0,0.0,0.0,0,0,41.32
2026-07-10,NEFT,Bengaluru,2,16095.11,0,0.0,0.0,0,0,46.6
2026-07-10,NEFT,Chennai,2,513.09,0,0.0,0.0,0,0,22.75
2026-07-10,NEFT,Hyderabad,3,6694.77,0,0.0,0.0,0,0,20.63
2026-07-10,NEFT,Jaipur,1,464.08,0,0.0,0.0,0,0,13.0
2026-07-10,NEFT,Kolkata,4,12304.92,0,0.0,0.0,0,1,41.1
2026-07-10,NEFT,Mumbai,2,875.17,0,0.0,0.0,0,0,28.15
2026-07-10,NEFT,Pune,4,11143.36,0,0.0,0.0,0,0,30.98
2026-07-10,POS,Ahmedabad,5,3129.34,0,0.0,0.0,0,0,27.06
2026-07-10,POS,Bengaluru,8,21859.15,0,0.0,0.0,0,0,30.66
2026-07-10,POS,Chennai,3,5768.83,0,0.0,0.0,0,0,22.3
2026-07-10,POS,Delhi,3,7438.89,0,0.0,0.0,0,0,30.23
2026-07-10,POS,Hyderabad,6,20752.44,0,0.0,0.0,0,0,18.05
2026-07-10,POS,Jaipur,2,4743.5,0,0.0,0.0,0,0,40.7
2026-07-10,POS,Kochi,1,2145.75,0,0.0,0.0,0,0,41.0
2026-07-10,POS,Kolkata,2,10188.3,0,0.0,0.0,0,0,33.5
2026-07-10,POS,Mumbai,5,9738.72,0,0.0,0.0,0,0,35.38
2026-07-10,POS,Pune,3,2661.37,0,0.0,0.0,0,0,20.6
2026-07-10,RTGS,Ahmedabad,4,3385096.12,0,0.0,0.0,0,0,33.88
2026-07-10,RTGS,Bengaluru,4,3292649.15,0,0.0,0.0,0,0,39.78
2026-07-10,RTGS,Chennai,1,645031.38,0,0.0,0.0,0,0,48.1
2026-07-10,RTGS,Hyderabad,2,827289.35,0,0.0,0.0,0,0,34.6
2026-07-10,RTGS,Kochi,2,2034088.37,0,0.0,0.0,0,0,27.25
2026-07-10,RTGS,Kolkata,2,1806098.91,0,0.0,0.0,0,0,37.95
2026-07-10,UPI,Ahmedabad,4,17307.9,0,0.0,0.0,0,0,44.05
2026-07-10,UPI,Bengaluru,7,7488.46,0,0.0,0.0,0,0,29.77
2026-07-10,UPI,Chennai,6,13422.42,0,0.0,0.0,0,0,32.72
2026-07-10,UPI,Delhi,5,21526.02,0,0.0,0.0,0,0,29.98
2026-07-10,UPI,Hyderabad,11,26515.59,0,0.0,0.0,0,1,35.03
2026-07-10,UPI,Jaipur,4,5167.15,0,0.0,0.0,0,0,30.3
2026-07-10,UPI,Kochi,6,13432.78,0,0.0,0.0,0,0,20.32
2026-07-10,UPI,Kolkata,7,19359.62,0,0.0,0.0,0,0,27.91
2026-07-10,UPI,Mumbai,10,22140.66,0,0.0,0.0,0,0,27.97
2026-07-10,UPI,Pune,7,21189.83,0,0.0,0.0,0,0,26.11
2026-07-11,ATM,Ahmedabad,1,304.8,0,0.0,0.0,0,0,17.5
2026-07-11,ATM,Bengaluru,1,192532.64,1,192532.64,100.0,0,0,48.0
2026-07-11,ATM,Chennai,1,1293.56,0,0.0,0.0,0,0,39.9
2026-07-11,ATM,Delhi,2,35879.74,0,0.0,0.0,0,0,39.85
2026-07-11,ATM,Hyderabad,2,2719.54,0,0.0,0.0,0,0,20.15
2026-07-11,ATM,Jaipur,3,12635.95,0,0.0,0.0,0,0,27.63
2026-07-11,ATM,Kochi,1,2163.42,0,0.0,0.0,0,0,30.3
2026-07-11,ATM,Kolkata,2,3789.84,0,0.0,0.0,0,0,23.9
2026-07-11,ATM,Mumbai,3,15232.08,0,0.0,0.0,0,0,25.23
2026-07-11,ATM,Pune,2,3134.28,0,0.0,0.0,0,0,12.9
2026-07-11,Branch,Bengaluru,1,936.89,0,0.0,0.0,0,0,29.5
2026-07-11,Branch,Chennai,2,6143.41,0,0.0,0.0,0,0,48.25
2026-07-11,Branch,Delhi,1,5273.78,0,0.0,0.0,0,0,20.8
2026-07-11,Branch,Hyderabad,1,179.3,0,0.0,0.0,0,0,29.6
2026-07-11,Branch,Kochi,1,2984.91,0,0.0,0.0,0,0,29.5
2026-07-11,Branch,Mumbai,1,3794.31,0,0.0,0.0,0,0,26.4
2026-07-11,Branch,Pune,1,1981.71,0,0.0,0.0,0,0,21.2
2026-07-11,IMPS,Ahmedabad,4,5680.69,0,0.0,0.0,0,0,31.52
2026-07-11,IMPS,Bengaluru,3,6814.17,0,0.0,0.0,0,0,35.23
2026-07-11,IMPS,Delhi,2,1540.75,0,0.0,0.0,0,0,25.8
2026-07-11,IMPS,Hyderabad,6,13960.83,0,0.0,0.0,0,0,35.02
2026-07-11,IMPS,Jaipur,3,2392.29,0,0.0,0.0,0,0,22.2
2026-07-11,IMPS,Kochi,4,11116.76,0,0.0,0.0,0,0,35.17
2026-07-11,IMPS,Kolkata,6,10597.74,0,0.0,0.0,0,0,34.0
2026-07-11,IMPS,Mumbai,1,462.98,0,0.0,0.0,0,0,13.4
2026-07-11,IMPS,Pune,2,7287.01,0,0.0,0.0,0,0,30.5
2026-07-11,Internet Banking,Ahmedabad,3,7164.36,0,0.0,0.0,0,0,20.33
2026-07-11,Internet Banking,Bengaluru,1,283.42,0,0.0,0.0,0,0,13.2
2026-07-11,Internet Banking,Chennai,1,4479.17,0,0.0,0.0,0,0,36.0
2026-07-11,Internet Banking,Delhi,2,1607.19,0,0.0,0.0,0,0,30.05
2026-07-11,Internet Banking,Hyderabad,2,15985.25,0,0.0,0.0,0,0,37.3
2026-07-11,Internet Banking,Jaipur,6,10990.07,0,0.0,0.0,0,0,23.9
2026-07-11,Internet Banking,Kochi,8,19033.61,1,9840.1,12.5,0,1,37.25
2026-07-11,Internet Banking,Kolkata,2,5772.97,0,0.0,0.0,0,0,41.85
2026-07-11,Internet Banking,Mumbai,3,26806.93,0,0.0,0.0,0,0,20.57
2026-07-11,Mobile Banking,Ahmedabad,2,2016.21,0,0.0,0.0,0,0,24.25
2026-07-11,Mobile Banking,Bengaluru,9,19075.66,0,0.0,0.0,0,0,28.88
2026-07-11,Mobile Banking,Chennai,4,17660.37,0,0.0,0.0,0,0,35.4
2026-07-11,Mobile Banking,Delhi,4,9069.58,0,0.0,0.0,0,0,24.35
2026-07-11,Mobile Banking,Hyderabad,7,13822.57,0,0.0,0.0,0,0,24.46
2026-07-11,Mobile Banking,Jaipur,2,833.47,0,0.0,0.0,0,0,33.0
2026-07-11,Mobile Banking,Kochi,11,19549.99,1,109.92,9.091,0,0,30.32
2026-07-11,Mobile Banking,Kolkata,4,16095.39,0,0.0,0.0,0,0,20.57
2026-07-11,Mobile Banking,Mumbai,7,23953.67,1,129.07,14.286,0,0,32.26
2026-07-11,Mobile Banking,Pune,8,36702.15,0,0.0,0.0,0,0,36.91
2026-07-11,NEFT,Ahmedabad,1,1242.6,0,0.0,0.0,0,0,10.6
2026-07-11,NEFT,Bengaluru,3,12720.46,0,0.0,0.0,0,0,37.97
2026-07-11,NEFT,Chennai,3,12668.5,0,0.0,0.0,0,0,36.13
2026-07-11,NEFT,Hyderabad,1,2478.58,0,0.0,0.0,0,0,18.8
2026-07-11,NEFT,Jaipur,1,614.42,0,0.0,0.0,0,0,25.3
2026-07-11,NEFT,Kochi,2,3727.69,0,0.0,0.0,0,0,25.8
2026-07-11,NEFT,Mumbai,1,479.79,0,0.0,0.0,0,0,25.8
2026-07-11,NEFT,Pune,2,3015.05,0,0.0,0.0,0,0,30.0
2026-07-11,POS,Ahmedabad,7,17824.65,0,0.0,0.0,0,0,27.06
2026-07-11,POS,Bengaluru,7,11158.1,0,0.0,0.0,0,0,34.63
2026-07-11,POS,Chennai,4,60115.31,0,0.0,0.0,0,0,40.92
2026-07-11,POS,Delhi,5,10387.62,0,0.0,0.0,0,0,40.6
2026-07-11,POS,Hyderabad,8,22816.17,0,0.0,0.0,0,0,30.16
2026-07-11,POS,Jaipur,5,15717.69,0,0.0,0.0,0,0,37.88
2026-07-11,POS,Kochi,3,6035.21,0,0.0,0.0,0,0,19.9
2026-07-11,POS,Kolkata,4,3565.82,0,0.0,0.0,0,0,19.77
2026-07-11,POS,Mumbai,7,10237.93,0,0.0,0.0,0,0,28.16
2026-07-11,POS,Pune,2,3054.71,0,0.0,0.0,0,0,43.1
2026-07-11,RTGS,Ahmedabad,1,701094.95,0,0.0,0.0,0,0,38.1
2026-07-11,RTGS,Bengaluru,1,1378432.89,0,0.0,0.0,0,0,46.0
2026-07-11,RTGS,Chennai,3,3836623.88,0,0.0,0.0,0,0,41.17
2026-07-11,RTGS,Delhi,2,1343618.45,0,0.0,0.0,0,0,52.7
2026-07-11,RTGS,Hyderabad,2,2178619.85,0,0.0,0.0,0,1,52.25
2026-07-11,RTGS,Jaipur,3,2601265.26,0,0.0,0.0,0,0,45.07
2026-07-11,RTGS,Kochi,1,511521.59,0,0.0,0.0,0,0,34.2
2026-07-11,RTGS,Kolkata,1,693668.45,0,0.0,0.0,0,0,28.2
2026-07-11,RTGS,Mumbai,1,550285.19,0,0.0,0.0,0,0,29.4
2026-07-11,RTGS,Pune,2,1069109.22,0,0.0,0.0,0,0,31.75
2026-07-11,UPI,Ahmedabad,11,29407.43,0,0.0,0.0,0,0,33.32
2026-07-11,UPI,Bengaluru,7,12444.5,0,0.0,0.0,0,0,21.69
2026-07-11,UPI,Chennai,7,28770.04,0,0.0,0.0,0,0,18.19
2026-07-11,UPI,Delhi,7,8558.27,0,0.0,0.0,0,0,25.76
2026-07-11,UPI,Hyderabad,5,11358.28,0,0.0,0.0,0,1,34.2
2026-07-11,UPI,Jaipur,6,14139.67,0,0.0,0.0,0,0,20.07
2026-07-11,UPI,Kochi,6,20762.37,0,0.0,0.0,0,0,32.2
2026-07-11,UPI,Kolkata,4,10925.18,0,0.0,0.0,0,0,33.55
2026-07-11,UPI,Mumbai,8,19057.33,0,0.0,0.0,0,0,36.35
2026-07-11,UPI,Pune,6,27272.61,0,0.0,0.0,0,0,23.58
2026-07-12,ATM,Ahmedabad,1,1612.04,0,0.0,0.0,0,0,17.9
2026-07-12,ATM,Bengaluru,1,331.74,0,0.0,0.0,0,0,19.6
2026-07-12,ATM,Chennai,4,6621.18,1,2240.08,25.0,0,1,38.17
2026-07-12,ATM,Delhi,1,2110.37,0,0.0,0.0,0,0,26.6
2026-07-12,ATM,Hyderabad,1,1607.74,0,0.0,0.0,0,0,35.7
2026-07-12,ATM,Jaipur,3,6800.01,0,0.0,0.0,0,0,28.1
2026-07-12,ATM,Kochi,3,5777.91,0,0.0,0.0,0,0,27.27
2026-07-12,ATM,Kolkata,3,6812.85,0,0.0,0.0,0,0,28.9
2026-07-12,ATM,Mumbai,1,604.45,0,0.0,0.0,0,0,16.6
2026-07-12,ATM,Pune,1,5246.32,0,0.0,0.0,0,0,34.1
2026-07-12,Branch,Ahmedabad,3,2803.19,0,0.0,0.0,0,0,25.03
2026-07-12,Branch,Bengaluru,2,8833.1,0,0.0,0.0,0,1,61.85
2026-07-12,Branch,Hyderabad,1,637.49,0,0.0,0.0,0,0,34.2
2026-07-12,Branch,Jaipur,1,1313.89,0,0.0,0.0,0,0,29.9
2026-07-12,Branch,Kochi,1,842.16,0,0.0,0.0,0,0,13.4
2026-07-12,Branch,Mumbai,2,6147.15,0,0.0,0.0,0,0,21.35
2026-07-12,IMPS,Ahmedabad,2,12764.24,0,0.0,0.0,0,0,48.75
2026-07-12,IMPS,Bengaluru,4,5543.3,0,0.0,0.0,0,0,25.88
2026-07-12,IMPS,Chennai,2,3564.32,0,0.0,0.0,0,0,31.45
2026-07-12,IMPS,Delhi,2,3558.57,0,0.0,0.0,0,0,30.3
2026-07-12,IMPS,Hyderabad,1,765.86,0,0.0,0.0,0,0,15.1
2026-07-12,IMPS,Jaipur,1,6731.49,0,0.0,0.0,0,0,47.3
2026-07-12,IMPS,Kochi,5,19205.05,0,0.0,0.0,0,0,31.22
2026-07-12,IMPS,Kolkata,3,4801.17,0,0.0,0.0,0,0,34.5
2026-07-12,IMPS,Pune,1,679.92,0,0.0,0.0,0,0,36.2
2026-07-12,Internet Banking,Ahmedabad,1,1143.66,0,0.0,0.0,0,0,40.5
2026-07-12,Internet Banking,Bengaluru,2,3733.35,0,0.0,0.0,0,0,10.2
2026-07-12,Internet Banking,Chennai,4,7368.9,0,0.0,0.0,0,1,40.27
2026-07-12,Internet Banking,Delhi,3,2290.79,0,0.0,0.0,0,0,22.37
2026-07-12,Internet Banking,Hyderabad,3,4317.22,0,0.0,0.0,0,0,38.13
2026-07-12,Internet Banking,Jaipur,3,21712.69,0,0.0,0.0,0,0,38.3
2026-07-12,Internet Banking,Kochi,1,993.5,0,0.0,0.0,0,0,22.8
2026-07-12,Internet Banking,Kolkata,2,2655.55,0,0.0,0.0,0,0,44.4
2026-07-12,Internet Banking,Mumbai,3,4199.0,0,0.0,0.0,0,0,29.2
2026-07-12,Internet Banking,Pune,2,1670.61,0,0.0,0.0,0,1,46.1
2026-07-12,Mobile Banking,Ahmedabad,2,3493.46,0,0.0,0.0,0,0,40.5
2026-07-12,Mobile Banking,Bengaluru,4,3836.76,1,423.96,25.0,1,0,42.27
2026-07-12,Mobile Banking,Chennai,2,4619.91,0,0.0,0.0,0,0,25.3
2026-07-12,Mobile Banking,Delhi,11,28491.85,1,242.14,9.091,0,0,27.55
2026-07-12,Mobile Banking,Hyderabad,3,4662.9,0,0.0,0.0,0,0,29.93
2026-07-12,Mobile Banking,Jaipur,2,3280.23,0,0.0,0.0,0,0,14.95
2026-07-12,Mobile Banking,Kolkata,7,10207.72,0,0.0,0.0,0,0,26.13
2026-07-12,Mobile Banking,Mumbai,1,2731.14,0,0.0,0.0,0,0,27.6
2026-07-12,Mobile Banking,Pune,5,9939.62,0,0.0,0.0,0,0,22.94
2026-07-12,NEFT,Ahmedabad,1,5603.09,0,0.0,0.0,0,0,11.9
2026-07-12,NEFT,Bengaluru,3,3415.2,0,0.0,0.0,0,1,40.97
2026-07-12,NEFT,Hyderabad,1,12887.02,0,0.0,0.0,0,0,42.9
2026-07-12,NEFT,Jaipur,3,9343.37,0,0.0,0.0,0,0,30.1
2026-07-12,NEFT,Kochi,4,9764.25,0,0.0,0.0,0,0,26.72
2026-07-12,NEFT,Kolkata,4,453102.67,1,441949.74,25.0,0,1,42.12
2026-07-12,NEFT,Mumbai,2,4542.39,0,0.0,0.0,0,0,33.85
2026-07-12,NEFT,Pune,1,4221.85,0,0.0,0.0,0,0,33.0
2026-07-12,POS,Ahmedabad,5,12269.4,0,0.0,0.0,0,0,29.32
2026-07-12,POS,Bengaluru,1,3235.99,0,0.0,0.0,0,0,54.2
2026-07-12,POS,Chennai,1,804.84,0,0.0,0.0,0,0,16.6
2026-07-12,POS,Delhi,3,5561.04,0,0.0,0.0,0,0,45.17
2026-07-12,POS,Hyderabad,6,16775.02,0,0.0,0.0,0,1,38.83
2026-07-12,POS,Jaipur,4,30546.74,0,0.0,0.0,0,0,28.85
2026-07-12,POS,Kochi,4,9278.15,0,0.0,0.0,0,0,28.15
2026-07-12,POS,Kolkata,1,1102.52,0,0.0,0.0,0,0,22.9
2026-07-12,POS,Mumbai,4,15768.3,0,0.0,0.0,0,0,18.5
2026-07-12,POS,Pune,8,18442.05,0,0.0,0.0,0,1,32.74
2026-07-12,RTGS,Ahmedabad,3,2229146.24,0,0.0,0.0,0,0,38.8
2026-07-12,RTGS,Bengaluru,1,437279.54,0,0.0,0.0,0,0,56.8
2026-07-12,RTGS,Chennai,3,1933421.01,0,0.0,0.0,0,1,47.7
2026-07-12,RTGS,Delhi,1,726375.41,0,0.0,0.0,0,0,33.5
2026-07-12,RTGS,Hyderabad,1,387762.08,0,0.0,0.0,0,0,55.7
2026-07-12,RTGS,Kochi,2,1854091.37,0,0.0,0.0,0,0,39.6
2026-07-12,RTGS,Kolkata,2,1630012.98,0,0.0,0.0,0,0,43.75
2026-07-12,RTGS,Mumbai,2,1814148.28,0,0.0,0.0,0,0,32.45
2026-07-12,RTGS,Pune,1,600604.59,0,0.0,0.0,0,0,46.9
2026-07-12,UPI,Ahmedabad,8,14428.16,0,0.0,0.0,0,0,23.06
2026-07-12,UPI,Bengaluru,8,14293.69,0,0.0,0.0,0,0,27.86
2026-07-12,UPI,Chennai,3,9532.18,0,0.0,0.0,0,0,36.6
2026-07-12,UPI,Delhi,6,18232.64,0,0.0,0.0,0,0,20.75
2026-07-12,UPI,Hyderabad,6,9707.06,0,0.0,0.0,0,0,29.58
2026-07-12,UPI,Jaipur,9,20867.55,0,0.0,0.0,0,0,27.64
2026-07-12,UPI,Kochi,4,16873.23,0,0.0,0.0,0,0,32.2
2026-07-12,UPI,Kolkata,3,4907.81,0,0.0,0.0,0,0,29.97
2026-07-12,UPI,Mumbai,4,12044.81,0,0.0,0.0,0,1,36.65
2026-07-12,UPI,Pune,7,16844.86,0,0.0,0.0,0,1,32.61
2026-07-13,ATM,Ahmedabad,5,10555.26,0,0.0,0.0,0,1,36.56
2026-07-13,ATM,Bengaluru,5,4311.38,0,0.0,0.0,0,0,17.5
2026-07-13,ATM,Chennai,1,308.52,0,0.0,0.0,0,0,5.5
2026-07-13,ATM,Delhi,3,4190.69,0,0.0,0.0,0,0,23.33
2026-07-13,ATM,Hyderabad,2,3167.28,1,2320.18,50.0,0,1,56.45
2026-07-13,ATM,Jaipur,4,3126.12,0,0.0,0.0,0,0,15.45
2026-07-13,ATM,Kochi,5,7405.32,0,0.0,0.0,0,0,37.62
2026-07-13,ATM,Kolkata,3,10825.21,0,0.0,0.0,0,0,43.37
2026-07-13,ATM,Mumbai,5,19553.61,0,0.0,0.0,0,0,38.32
2026-07-13,ATM,Pune,2,10064.6,0,0.0,0.0,0,0,43.55
2026-07-13,Branch,Delhi,1,1134.82,0,0.0,0.0,0,0,32.7
2026-07-13,Branch,Mumbai,1,2158.34,0,0.0,0.0,0,0,37.2
2026-07-13,Branch,Pune,1,2539.45,0,0.0,0.0,0,0,59.6
2026-07-13,IMPS,Bengaluru,1,2571.66,0,0.0,0.0,0,0,36.3
2026-07-13,IMPS,Chennai,3,2862.99,0,0.0,0.0,0,0,14.47
2026-07-13,IMPS,Delhi,1,361.25,0,0.0,0.0,0,0,21.4
2026-07-13,IMPS,Hyderabad,4,11179.73,0,0.0,0.0,0,0,28.65
2026-07-13,IMPS,Jaipur,2,7373.04,0,0.0,0.0,0,0,18.05
2026-07-13,IMPS,Kochi,4,7365.44,0,0.0,0.0,0,0,14.45
2026-07-13,IMPS,Kolkata,1,968.12,0,0.0,0.0,0,0,31.9
2026-07-13,IMPS,Mumbai,1,467.93,0,0.0,0.0,0,0,13.5
2026-07-13,IMPS,Pune,4,7960.41,0,0.0,0.0,0,0,27.7
2026-07-13,Internet Banking,Ahmedabad,7,15704.98,0,0.0,0.0,0,0,33.46
2026-07-13,Internet Banking,Bengaluru,1,2756.75,0,0.0,0.0,0,0,28.2
2026-07-13,Internet Banking,Chennai,6,11798.51,0,0.0,0.0,0,0,34.38
2026-07-13,Internet Banking,Delhi,1,201.78,0,0.0,0.0,0,0,35.9
2026-07-13,Internet Banking,Hyderabad,5,22559.88,0,0.0,0.0,0,0,17.84
2026-07-13,Internet Banking,Jaipur,3,12039.43,0,0.0,0.0,0,0,28.43
2026-07-13,Internet Banking,Kolkata,2,1789.99,0,0.0,0.0,0,0,35.6
2026-07-13,Internet Banking,Mumbai,4,5315.18,0,0.0,0.0,0,0,35.4
2026-07-13,Internet Banking,Pune,7,35116.4,0,0.0,0.0,0,1,34.0
2026-07-13,Mobile Banking,Ahmedabad,7,18130.25,0,0.0,0.0,0,0,29.61
2026-07-13,Mobile Banking,Bengaluru,5,13136.12,0,0.0,0.0,0,0,27.0
2026-07-13,Mobile Banking,Chennai,7,12152.55,0,0.0,0.0,0,0,34.37
2026-07-13,Mobile Banking,Delhi,1,1044.85,0,0.0,0.0,0,0,18.3
2026-07-13,Mobile Banking,Hyderabad,7,27119.36,0,0.0,0.0,0,0,29.19
2026-07-13,Mobile Banking,Jaipur,4,38399.53,0,0.0,0.0,0,0,45.4
2026-07-13,Mobile Banking,Kochi,5,46034.45,0,0.0,0.0,0,0,27.86
2026-07-13,Mobile Banking,Kolkata,4,8596.85,0,0.0,0.0,0,0,34.12
2026-07-13,Mobile Banking,Mumbai,5,6390.09,0,0.0,0.0,0,0,29.96
2026-07-13,Mobile Banking,Pune,6,20664.65,0,0.0,0.0,0,0,42.62
2026-07-13,NEFT,Ahmedabad,3,10912.77,0,0.0,0.0,0,0,23.37
2026-07-13,NEFT,Bengaluru,2,3851.79,0,0.0,0.0,0,0,26.9
2026-07-13,NEFT,Chennai,2,5484.88,0,0.0,0.0,0,0,15.45
2026-07-13,NEFT,Hyderabad,5,37091.64,0,0.0,0.0,0,0,29.12
2026-07-13,NEFT,Jaipur,2,9363.42,0,0.0,0.0,0,0,24.0
2026-07-13,NEFT,Kochi,2,3641.24,0,0.0,0.0,0,0,13.85
2026-07-13,NEFT,Kolkata,2,9017.91,0,0.0,0.0,0,0,28.15
2026-07-13,NEFT,Mumbai,3,2531.73,0,0.0,0.0,0,0,32.43
2026-07-13,NEFT,Pune,4,9852.54,0,0.0,0.0,0,0,22.78
2026-07-13,POS,Ahmedabad,5,9417.39,0,0.0,0.0,0,0,32.0
2026-07-13,POS,Bengaluru,7,16403.03,0,0.0,0.0,0,0,28.31
2026-07-13,POS,Chennai,5,10213.39,0,0.0,0.0,0,0,23.18
2026-07-13,POS,Delhi,6,7259.33,0,0.0,0.0,0,0,27.92
2026-07-13,POS,Hyderabad,5,7245.74,0,0.0,0.0,0,0,30.42
2026-07-13,POS,Jaipur,1,1963.93,0,0.0,0.0,0,0,21.7
2026-07-13,POS,Kochi,10,25482.71,0,0.0,0.0,0,0,27.16
2026-07-13,POS,Kolkata,3,10476.92,0,0.0,0.0,0,0,27.43
2026-07-13,POS,Mumbai,1,388.68,0,0.0,0.0,0,0,22.1
2026-07-13,POS,Pune,2,1251.34,0,0.0,0.0,0,0,39.05
2026-07-13,RTGS,Ahmedabad,3,1434779.25,0,0.0,0.0,0,0,44.77
2026-07-13,RTGS,Bengaluru,2,672151.18,0,0.0,0.0,0,0,34.8
2026-07-13,RTGS,Delhi,1,859151.79,0,0.0,0.0,0,0,37.0
2026-07-13,RTGS,Hyderabad,1,726882.94,0,0.0,0.0,0,0,28.1
2026-07-13,RTGS,Jaipur,1,478932.4,0,0.0,0.0,0,1,74.7
2026-07-13,RTGS,Kochi,1,789324.29,0,0.0,0.0,0,0,52.6
2026-07-13,RTGS,Kolkata,2,1843686.52,0,0.0,0.0,0,0,32.7
2026-07-13,RTGS,Mumbai,2,559755.84,1,294404.43,50.0,1,0,66.7
2026-07-13,RTGS,Pune,2,1777879.27,0,0.0,0.0,0,0,44.6
2026-07-13,UPI,Ahmedabad,6,7292.49,1,1408.21,16.667,0,0,27.28
2026-07-13,UPI,Bengaluru,4,7564.46,0,0.0,0.0,0,0,39.25
2026-07-13,UPI,Chennai,5,10755.29,0,0.0,0.0,0,0,29.2
2026-07-13,UPI,Delhi,4,7782.14,0,0.0,0.0,0,1,37.17
2026-07-13,UPI,Hyderabad,2,4224.9,0,0.0,0.0,0,0,21.35
2026-07-13,UPI,Jaipur,6,6943.55,0,0.0,0.0,0,1,25.62
2026-07-13,UPI,Kochi,5,20665.27,0,0.0,0.0,0,0,32.72
2026-07-13,UPI,Kolkata,4,14326.31,0,0.0,0.0,0,0,38.3
2026-07-13,UPI,Mumbai,8,12597.6,0,0.0,0.0,0,0,19.36
2026-07-13,UPI,Pune,6,8041.48,1,2330.16,16.667,0,1,36.43
2026-07-14,ATM,Ahmedabad,5,4788.3,1,1154.48,20.0,0,1,38.84
2026-07-14,ATM,Bengaluru,4,8236.67,0,0.0,0.0,0,0,24.18
2026-07-14,ATM,Chennai,4,7279.38,0,0.0,0.0,0,0,20.7
2026-07-14,ATM,Delhi,2,2311.55,0,0.0,0.0,0,0,25.7
2026-07-14,ATM,Hyderabad,5,8077.7,0,0.0,0.0,0,0,28.1
2026-07-14,ATM,Jaipur,2,7625.58,0,0.0,0.0,0,0,45.95
2026-07-14,ATM,Kochi,1,843.25,0,0.0,0.0,0,0,22.3
2026-07-14,ATM,Kolkata,2,2173.45,0,0.0,0.0,0,0,23.15
2026-07-14,ATM,Mumbai,3,6497.12,0,0.0,0.0,0,0,24.7
2026-07-14,ATM,Pune,3,6982.83,0,0.0,0.0,0,0,14.9
2026-07-14,Branch,Bengaluru,3,7369.5,0,0.0,0.0,0,0,29.33
2026-07-14,Branch,Chennai,3,1853.26,0,0.0,0.0,0,0,20.57
2026-07-14,Branch,Jaipur,2,17043.26,0,0.0,0.0,0,0,41.95
2026-07-14,Branch,Kochi,1,1036.11,0,0.0,0.0,0,0,26.9
2026-07-14,Branch,Mumbai,1,2127.73,0,0.0,0.0,0,0,22.5
2026-07-14,IMPS,Ahmedabad,2,10628.36,0,0.0,0.0,0,0,39.35
2026-07-14,IMPS,Bengaluru,3,3729.4,0,0.0,0.0,0,0,13.37
2026-07-14,IMPS,Chennai,3,3320.89,0,0.0,0.0,0,0,34.57
2026-07-14,IMPS,Delhi,1,940.93,0,0.0,0.0,0,0,43.8
2026-07-14,IMPS,Hyderabad,5,23917.04,0,0.0,0.0,0,0,39.3
2026-07-14,IMPS,Jaipur,2,6294.56,0,0.0,0.0,0,0,40.45
2026-07-14,IMPS,Kochi,3,5496.64,0,0.0,0.0,0,0,41.4
2026-07-14,IMPS,Kolkata,4,4877.49,0,0.0,0.0,0,0,26.43
2026-07-14,IMPS,Mumbai,2,8079.21,0,0.0,0.0,0,0,37.85
2026-07-14,IMPS,Pune,1,6043.13,0,0.0,0.0,0,0,31.7
2026-07-14,Internet Banking,Ahmedabad,2,16711.91,0,0.0,0.0,0,0,33.3
2026-07-14,Internet Banking,Bengaluru,2,36529.59,0,0.0,0.0,0,0,53.1
2026-07-14,Internet Banking,Chennai,2,6058.72,0,0.0,0.0,0,0,21.35
2026-07-14,Internet Banking,Hyderabad,5,13493.9,0,0.0,0.0,0,0,33.06
2026-07-14,Internet Banking,Jaipur,2,4623.16,0,0.0,0.0,0,0,31.1
2026-07-14,Internet Banking,Kochi,2,2674.05,0,0.0,0.0,0,0,16.2
2026-07-14,Internet Banking,Kolkata,5,12440.25,0,0.0,0.0,0,0,27.92
2026-07-14,Internet Banking,Mumbai,2,7525.6,0,0.0,0.0,0,0,31.75
2026-07-14,Internet Banking,Pune,2,6938.95,0,0.0,0.0,0,0,28.65
2026-07-14,Mobile Banking,Bengaluru,4,3044.37,0,0.0,0.0,0,0,25.73
2026-07-14,Mobile Banking,Chennai,8,33967.82,0,0.0,0.0,0,0,26.21
2026-07-14,Mobile Banking,Delhi,5,22212.28,0,0.0,0.0,0,0,27.3
2026-07-14,Mobile Banking,Hyderabad,5,13071.11,0,0.0,0.0,0,0,40.32
2026-07-14,Mobile Banking,Jaipur,3,5936.41,0,0.0,0.0,0,1,39.7
2026-07-14,Mobile Banking,Kochi,8,15866.34,0,0.0,0.0,0,0,37.02
2026-07-14,Mobile Banking,Kolkata,4,1959.16,0,0.0,0.0,0,0,27.58
2026-07-14,Mobile Banking,Mumbai,4,6290.47,0,0.0,0.0,0,0,26.23
2026-07-14,Mobile Banking,Pune,3,7071.28,0,0.0,0.0,0,1,33.23
2026-07-14,NEFT,Ahmedabad,3,7589.4,1,21.02,33.333,0,0,28.1
2026-07-14,NEFT,Bengaluru,2,4641.27,0,0.0,0.0,0,0,14.95
2026-07-14,NEFT,Chennai,1,709.13,0,0.0,0.0,0,0,13.2
2026-07-14,NEFT,Delhi,2,2115.66,0,0.0,0.0,0,0,35.95
2026-07-14,NEFT,Hyderabad,2,5132.5,0,0.0,0.0,0,0,27.2
2026-07-14,NEFT,Kochi,2,8007.37,0,0.0,0.0,0,0,35.5
2026-07-14,NEFT,Mumbai,2,6186.93,0,0.0,0.0,0,0,19.0
2026-07-14,NEFT,Pune,4,7390.51,0,0.0,0.0,0,0,27.4
2026-07-14,POS,Ahmedabad,7,18045.84,0,0.0,0.0,0,0,19.3
2026-07-14,POS,Bengaluru,5,19065.96,1,745.52,20.0,0,0,38.3
2026-07-14,POS,Chennai,2,4129.99,0,0.0,0.0,0,0,29.3
2026-07-14,POS,Delhi,6,12884.64,1,1859.37,16.667,0,1,35.42
2026-07-14,POS,Hyderabad,6,53656.78,0,0.0,0.0,0,0,34.75
2026-07-14,POS,Jaipur,6,5420.19,1,278.41,16.667,0,1,29.73
2026-07-14,POS,Kochi,6,14440.43,0,0.0,0.0,0,0,29.13
2026-07-14,POS,Kolkata,4,6441.09,0,0.0,0.0,0,0,28.35
2026-07-14,POS,Mumbai,7,206420.2,1,188675.18,14.286,1,0,40.29
2026-07-14,POS,Pune,3,7149.66,0,0.0,0.0,0,0,38.9
2026-07-14,RTGS,Chennai,3,3255858.37,0,0.0,0.0,0,0,43.97
2026-07-14,RTGS,Jaipur,1,1195904.97,0,0.0,0.0,0,0,32.4
2026-07-14,RTGS,Kochi,1,1124509.61,0,0.0,0.0,0,0,42.8
2026-07-14,RTGS,Kolkata,2,658470.96,0,0.0,0.0,0,0,38.45
2026-07-14,RTGS,Mumbai,4,4127519.06,0,0.0,0.0,0,0,37.9
2026-07-14,UPI,Ahmedabad,4,6281.54,0,0.0,0.0,0,0,27.35
2026-07-14,UPI,Bengaluru,6,53724.6,0,0.0,0.0,0,1,43.07
2026-07-14,UPI,Chennai,7,15749.97,0,0.0,0.0,0,0,30.84
2026-07-14,UPI,Delhi,4,10796.94,0,0.0,0.0,0,0,37.8
2026-07-14,UPI,Hyderabad,2,3504.29,0,0.0,0.0,0,0,34.55
2026-07-14,UPI,Jaipur,5,24937.0,0,0.0,0.0,0,0,36.3
2026-07-14,UPI,Kochi,5,21615.67,0,0.0,0.0,0,0,37.28
2026-07-14,UPI,Kolkata,4,4465.8,0,0.0,0.0,0,0,20.4
2026-07-14,UPI,Mumbai,2,4480.51,0,0.0,0.0,0,1,41.0
2026-07-14,UPI,Pune,6,31273.73,0,0.0,0.0,0,0,26.98
2026-07-15,ATM,Ahmedabad,3,4273.71,0,0.0,0.0,0,0,25.37
2026-07-15,ATM,Bengaluru,2,818.93,0,0.0,0.0,0,0,12.45
2026-07-15,ATM,Chennai,4,3297.77,0,0.0,0.0,0,0,22.45
2026-07-15,ATM,Delhi,2,6599.8,0,0.0,0.0,0,0,46.25
2026-07-15,ATM,Hyderabad,5,28705.13,0,0.0,0.0,0,0,34.88
2026-07-15,ATM,Jaipur,2,3351.34,0,0.0,0.0,0,0,17.8
2026-07-15,ATM,Kochi,3,98669.76,1,54189.06,33.333,0,0,45.23
2026-07-15,ATM,Kolkata,1,476.06,0,0.0,0.0,0,0,10.3
2026-07-15,ATM,Mumbai,1,367.21,0,0.0,0.0,0,0,12.3
2026-07-15,ATM,Pune,6,6723.35,0,0.0,0.0,0,0,24.22
2026-07-15,Branch,Ahmedabad,1,949.91,0,0.0,0.0,0,0,24.6
2026-07-15,Branch,Hyderabad,2,3563.61,0,0.0,0.0,0,0,18.0
2026-07-15,Branch,Jaipur,1,892.53,0,0.0,0.0,0,0,27.3
2026-07-15,Branch,Kochi,1,904.57,0,0.0,0.0,0,0,10.9
2026-07-15,Branch,Kolkata,1,5215.0,0,0.0,0.0,0,0,46.7
2026-07-15,Branch,Mumbai,1,913.52,0,0.0,0.0,0,0,27.8
2026-07-15,IMPS,Ahmedabad,1,1769.2,0,0.0,0.0,0,0,31.8
2026-07-15,IMPS,Bengaluru,1,239.03,0,0.0,0.0,0,0,37.5
2026-07-15,IMPS,Delhi,3,2964.53,0,0.0,0.0,0,0,30.63
2026-07-15,IMPS,Hyderabad,1,564.21,0,0.0,0.0,0,0,33.7
2026-07-15,IMPS,Jaipur,1,2348.11,0,0.0,0.0,0,0,21.0
2026-07-15,IMPS,Kochi,1,857.6,0,0.0,0.0,0,0,34.9
2026-07-15,IMPS,Kolkata,7,20513.3,0,0.0,0.0,0,0,19.1
2026-07-15,IMPS,Mumbai,3,12236.99,0,0.0,0.0,0,1,39.63
2026-07-15,IMPS,Pune,1,680.66,0,0.0,0.0,0,0,7.0
2026-07-15,Internet Banking,Ahmedabad,5,13824.53,0,0.0,0.0,0,0,33.28
2026-07-15,Internet Banking,Bengaluru,3,4201.64,0,0.0,0.0,0,0,24.57
2026-07-15,Internet Banking,Chennai,3,3589.03,0,0.0,0.0,0,0,19.3
2026-07-15,Internet Banking,Delhi,7,15928.89,0,0.0,0.0,0,0,29.99
2026-07-15,Internet Banking,Hyderabad,1,1120.93,0,0.0,0.0,0,0,14.0
2026-07-15,Internet Banking,Jaipur,5,6313.4,0,0.0,0.0,0,0,22.3
2026-07-15,Internet Banking,Kochi,4,6924.98,0,0.0,0.0,0,0,28.4
2026-07-15,Internet Banking,Kolkata,5,15242.28,0,0.0,0.0,0,0,23.62
2026-07-15,Internet Banking,Mumbai,4,16940.99,0,0.0,0.0,0,0,30.13
2026-07-15,Internet Banking,Pune,7,16642.99,0,0.0,0.0,0,1,41.71
2026-07-15,Mobile Banking,Ahmedabad,3,4025.55,0,0.0,0.0,0,1,39.73
2026-07-15,Mobile Banking,Bengaluru,8,15170.09,0,0.0,0.0,0,0,27.64
2026-07-15,Mobile Banking,Chennai,6,20227.79,1,3050.41,16.667,0,1,47.03
2026-07-15,Mobile Banking,Delhi,7,13820.94,1,128.48,14.286,0,1,40.07
2026-07-15,Mobile Banking,Hyderabad,5,23570.9,0,0.0,0.0,0,0,28.1
2026-07-15,Mobile Banking,Jaipur,1,567.16,0,0.0,0.0,0,0,34.9
2026-07-15,Mobile Banking,Kochi,6,24721.24,0,0.0,0.0,0,1,32.18
2026-07-15,Mobile Banking,Kolkata,7,14526.36,0,0.0,0.0,0,0,27.8
2026-07-15,Mobile Banking,Mumbai,6,12790.14,0,0.0,0.0,0,0,23.17
2026-07-15,Mobile Banking,Pune,4,4936.56,0,0.0,0.0,0,0,26.85
2026-07-15,NEFT,Ahmedabad,2,7430.51,0,0.0,0.0,0,1,48.7
2026-07-15,NEFT,Bengaluru,3,5901.06,0,0.0,0.0,0,0,35.03
2026-07-15,NEFT,Chennai,1,1162.15,0,0.0,0.0,0,0,31.6
2026-07-15,NEFT,Delhi,1,6473.54,0,0.0,0.0,0,0,33.5
2026-07-15,NEFT,Hyderabad,2,1082.54,0,0.0,0.0,0,0,22.85
2026-07-15,NEFT,Jaipur,1,20539.0,0,0.0,0.0,0,0,36.0
2026-07-15,NEFT,Kochi,1,1021.9,0,0.0,0.0,0,0,35.1
2026-07-15,NEFT,Kolkata,3,9438.26,0,0.0,0.0,0,0,25.07
2026-07-15,NEFT,Mumbai,2,6010.84,0,0.0,0.0,0,0,35.95
2026-07-15,NEFT,Pune,4,13033.11,0,0.0,0.0,0,0,30.67
2026-07-15,POS,Ahmedabad,4,4739.87,0,0.0,0.0,0,0,21.27
2026-07-15,POS,Bengaluru,12,27688.86,0,0.0,0.0,0,1,28.92
2026-07-15,POS,Chennai,5,8539.49,0,0.0,0.0,0,0,23.06
2026-07-15,POS,Delhi,3,5361.2,0,0.0,0.0,0,0,30.07
2026-07-15,POS,Hyderabad,5,15292.12,0,0.0,0.0,0,0,37.2
2026-07-15,POS,Jaipur,3,3902.15,0,0.0,0.0,0,0,32.27
2026-07-15,POS,Kochi,3,7981.81,0,0.0,0.0,0,0,25.97
2026-07-15,POS,Mumbai,4,14168.29,0,0.0,0.0,0,0,35.33
2026-07-15,POS,Pune,5,12961.96,0,0.0,0.0,0,0,23.6
2026-07-15,RTGS,Ahmedabad,1,390580.07,0,0.0,0.0,0,0,23.1
2026-07-15,RTGS,Hyderabad,2,2371692.28,0,0.0,0.0,0,0,43.95
2026-07-15,RTGS,Jaipur,2,853921.35,1,21.29,50.0,0,0,50.2
2026-07-15,RTGS,Kochi,3,3024383.58,0,0.0,0.0,0,0,29.03
2026-07-15,RTGS,Kolkata,1,321418.16,0,0.0,0.0,0,0,27.2
2026-07-15,RTGS,Mumbai,1,219220.69,0,0.0,0.0,0,0,30.5
2026-07-15,UPI,Ahmedabad,12,19084.35,0,0.0,0.0,0,0,25.16
2026-07-15,UPI,Bengaluru,5,27395.43,0,0.0,0.0,0,0,27.8
2026-07-15,UPI,Chennai,5,8184.51,0,0.0,0.0,0,0,29.88
2026-07-15,UPI,Delhi,9,18254.97,0,0.0,0.0,0,0,26.31
2026-07-15,UPI,Hyderabad,4,10030.68,0,0.0,0.0,0,0,31.1
2026-07-15,UPI,Jaipur,4,38137.73,0,0.0,0.0,0,1,48.1
2026-07-15,UPI,Kochi,4,17273.39,0,0.0,0.0,0,0,32.5
2026-07-15,UPI,Kolkata,5,14935.83,0,0.0,0.0,0,0,26.12
2026-07-15,UPI,Mumbai,8,28687.19,0,0.0,0.0,0,1,31.81
2026-07-15,UPI,Pune,11,24688.99,0,0.0,0.0,0,0,28.63
2026-07-16,ATM,Ahmedabad,8,10083.7,0,0.0,0.0,0,0,31.05
2026-07-16,ATM,Bengaluru,3,2752.49,0,0.0,0.0,0,0,14.33
2026-07-16,ATM,Chennai,4,15605.71,0,0.0,0.0,0,0,33.8
2026-07-16,ATM,Delhi,2,5119.96,0,0.0,0.0,0,0,42.3
2026-07-16,ATM,Hyderabad,3,5587.23,0,0.0,0.0,0,0,28.9
2026-07-16,ATM,Jaipur,1,902.58,0,0.0,0.0,0,0,28.7
2026-07-16,ATM,Kochi,1,1345.09,0,0.0,0.0,0,0,37.9
2026-07-16,ATM,Kolkata,2,8484.51,0,0.0,0.0,0,0,37.75
2026-07-16,ATM,Mumbai,5,12935.08,0,0.0,0.0,0,0,38.82
2026-07-16,ATM,Pune,6,10340.92,0,0.0,0.0,0,0,22.38
2026-07-16,Branch,Ahmedabad,1,3559.67,0,0.0,0.0,0,0,20.5
2026-07-16,Branch,Bengaluru,1,482.04,0,0.0,0.0,0,0,16.5
2026-07-16,Branch,Delhi,4,9771.26,0,0.0,0.0,0,0,25.23
2026-07-16,Branch,Hyderabad,1,906.21,0,0.0,0.0,0,0,16.8
2026-07-16,Branch,Jaipur,1,619.45,0,0.0,0.0,0,0,25.2
2026-07-16,Branch,Kolkata,2,8128.29,0,0.0,0.0,0,0,22.8
2026-07-16,Branch,Mumbai,1,3907.15,0,0.0,0.0,0,0,54.6
2026-07-16,Branch,Pune,4,3076.98,0,0.0,0.0,0,0,18.52
2026-07-16,IMPS,Ahmedabad,3,250797.24,1,248370.34,33.333,1,0,51.13
2026-07-16,IMPS,Chennai,6,23350.65,0,0.0,0.0,0,1,29.57
2026-07-16,IMPS,Hyderabad,4,3860.19,0,0.0,0.0,0,0,23.3
2026-07-16,IMPS,Jaipur,3,2300.65,0,0.0,0.0,0,0,28.0
2026-07-16,IMPS,Kochi,3,5929.6,0,0.0,0.0,0,0,43.27
2026-07-16,IMPS,Kolkata,3,5587.62,0,0.0,0.0,0,0,12.5
2026-07-16,IMPS,Mumbai,1,2228.3,0,0.0,0.0,0,0,13.4
2026-07-16,IMPS,Pune,3,11984.23,0,0.0,0.0,0,0,25.7
2026-07-16,Internet Banking,Ahmedabad,2,4197.71,0,0.0,0.0,0,0,18.2
2026-07-16,Internet Banking,Bengaluru,3,1989.85,0,0.0,0.0,0,0,42.27
2026-07-16,Internet Banking,Chennai,2,5632.62,0,0.0,0.0,0,0,27.0
2026-07-16,Internet Banking,Delhi,6,26920.69,0,0.0,0.0,0,0,30.65
2026-07-16,Internet Banking,Hyderabad,4,5544.47,0,0.0,0.0,0,0,16.65
2026-07-16,Internet Banking,Jaipur,2,1297.29,0,0.0,0.0,0,0,19.3
2026-07-16,Internet Banking,Kochi,8,18922.21,0,0.0,0.0,0,0,29.05
2026-07-16,Internet Banking,Kolkata,1,4047.04,0,0.0,0.0,0,0,47.7
2026-07-16,Internet Banking,Mumbai,3,15439.33,0,0.0,0.0,0,0,38.27
2026-07-16,Internet Banking,Pune,5,8495.91,0,0.0,0.0,0,1,35.86
2026-07-16,Mobile Banking,Ahmedabad,5,8463.35,0,0.0,0.0,0,0,23.02
2026-07-16,Mobile Banking,Bengaluru,3,21053.73,0,0.0,0.0,0,1,45.17
2026-07-16,Mobile Banking,Chennai,9,16707.43,0,0.0,0.0,0,0,36.2
2026-07-16,Mobile Banking,Delhi,1,553.81,0,0.0,0.0,0,0,28.0
2026-07-16,Mobile Banking,Hyderabad,5,7579.04,0,0.0,0.0,0,0,33.8
2026-07-16,Mobile Banking,Jaipur,4,5194.19,0,0.0,0.0,0,0,19.0
2026-07-16,Mobile Banking,Kochi,6,18396.39,0,0.0,0.0,0,0,34.45
2026-07-16,Mobile Banking,Kolkata,4,12468.35,0,0.0,0.0,0,0,41.48
2026-07-16,Mobile Banking,Mumbai,1,129.71,0,0.0,0.0,0,0,15.4
2026-07-16,Mobile Banking,Pune,8,6688.52,0,0.0,0.0,0,0,22.57
2026-07-16,NEFT,Ahmedabad,2,8662.74,0,0.0,0.0,0,0,24.25
2026-07-16,NEFT,Bengaluru,3,2833.29,0,0.0,0.0,0,0,18.23
2026-07-16,NEFT,Chennai,1,4255.71,0,0.0,0.0,0,0,44.3
2026-07-16,NEFT,Hyderabad,2,3721.06,0,0.0,0.0,0,0,22.55
2026-07-16,NEFT,Jaipur,2,2489.49,0,0.0,0.0,0,0,27.95
2026-07-16,NEFT,Kochi,3,5110.99,0,0.0,0.0,0,0,31.3
2026-07-16,NEFT,Kolkata,2,1656.26,0,0.0,0.0,0,0,35.2
2026-07-16,NEFT,Mumbai,2,1098.6,0,0.0,0.0,0,0,22.5
2026-07-16,NEFT,Pune,4,18354.53,0,0.0,0.0,0,0,22.83
2026-07-16,POS,Ahmedabad,5,3832.88,0,0.0,0.0,0,0,20.26
2026-07-16,POS,Bengaluru,4,19067.38,0,0.0,0.0,0,0,25.75
2026-07-16,POS,Chennai,2,3691.18,0,0.0,0.0,0,0,18.3
2026-07-16,POS,Delhi,6,18714.04,0,0.0,0.0,0,0,24.05
2026-07-16,POS,Hyderabad,5,7908.46,0,0.0,0.0,0,0,22.44
2026-07-16,POS,Jaipur,3,7440.75,0,0.0,0.0,0,0,26.5
2026-07-16,POS,Kochi,3,1320.63,0,0.0,0.0,0,0,29.33
2026-07-16,POS,Kolkata,4,11588.59,0,0.0,0.0,0,0,18.52
2026-07-16,POS,Mumbai,3,8626.65,0,0.0,0.0,0,0,35.2
2026-07-16,POS,Pune,2,5779.83,0,0.0,0.0,0,0,28.2
2026-07-16,RTGS,Chennai,2,1555707.52,0,0.0,0.0,0,0,48.2
2026-07-16,RTGS,Hyderabad,4,3571216.4,0,0.0,0.0,0,0,43.0
2026-07-16,RTGS,Jaipur,3,2751538.59,0,0.0,0.0,0,0,28.63
2026-07-16,RTGS,Kochi,1,533804.52,0,0.0,0.0,0,0,51.7
2026-07-16,RTGS,Mumbai,1,1494053.37,0,0.0,0.0,0,0,54.2
2026-07-16,RTGS,Pune,1,957509.83,0,0.0,0.0,0,0,30.2
2026-07-16,UPI,Ahmedabad,5,12143.41,0,0.0,0.0,0,0,39.08
2026-07-16,UPI,Bengaluru,6,51014.79,0,0.0,0.0,0,0,28.28
2026-07-16,UPI,Chennai,5,25620.14,0,0.0,0.0,0,0,18.82
2026-07-16,UPI,Delhi,6,43097.22,0,0.0,0.0,0,0,26.15
2026-07-16,UPI,Hyderabad,4,7581.19,0,0.0,0.0,0,0,26.83
2026-07-16,UPI,Jaipur,4,11774.51,0,0.0,0.0,0,0,26.78
2026-07-16,UPI,Kochi,1,1940.73,0,0.0,0.0,0,0,16.8
2026-07-16,UPI,Kolkata,7,12787.68,1,390.28,14.286,0,1,37.7
2026-07-16,UPI,Mumbai,4,8759.27,1,3546.34,25.0,1,0,46.88
2026-07-16,UPI,Pune,8,22505.84,0,0.0,0.0,0,0,39.8
2026-07-17,ATM,Ahmedabad,2,521.48,0,0.0,0.0,0,0,27.2
2026-07-17,ATM,Bengaluru,2,7529.55,0,0.0,0.0,0,0,24.4
2026-07-17,ATM,Chennai,1,1990.36,0,0.0,0.0,0,0,17.6
2026-07-17,ATM,Delhi,1,903.94,0,0.0,0.0,0,0,29.2
2026-07-17,ATM,Hyderabad,2,3364.44,0,0.0,0.0,0,0,33.95
2026-07-17,ATM,Jaipur,3,2216.15,0,0.0,0.0,0,0,17.37
2026-07-17,ATM,Kochi,2,6400.55,0,0.0,0.0,0,0,37.15
2026-07-17,ATM,Kolkata,2,2386.96,0,0.0,0.0,0,0,15.65
2026-07-17,ATM,Mumbai,4,6357.59,0,0.0,0.0,0,0,29.6
2026-07-17,ATM,Pune,2,3880.39,0,0.0,0.0,0,0,29.55
2026-07-17,Branch,Ahmedabad,1,14252.5,0,0.0,0.0,0,0,44.0
2026-07-17,Branch,Bengaluru,1,1012.01,0,0.0,0.0,0,0,41.8
2026-07-17,Branch,Delhi,1,5227.79,0,0.0,0.0,0,1,75.3
2026-07-17,Branch,Hyderabad,1,1002.79,0,0.0,0.0,0,0,19.5
2026-07-17,Branch,Jaipur,2,9005.46,0,0.0,0.0,0,0,37.1
2026-07-17,Branch,Kochi,3,5414.27,0,0.0,0.0,0,0,9.4
2026-07-17,Branch,Kolkata,2,8378.38,0,0.0,0.0,0,0,23.95
2026-07-17,Branch,Mumbai,1,637.54,0,0.0,0.0,0,0,12.3
2026-07-17,IMPS,Ahmedabad,8,7114.83,0,0.0,0.0,0,0,22.25
2026-07-17,IMPS,Bengaluru,3,4550.85,1,58.03,33.333,0,0,37.03
2026-07-17,IMPS,Chennai,1,6846.57,0,0.0,0.0,0,0,41.0
2026-07-17,IMPS,Delhi,1,779.38,0,0.0,0.0,0,0,13.9
2026-07-17,IMPS,Hyderabad,1,2538.32,0,0.0,0.0,0,0,31.3
2026-07-17,IMPS,Kochi,1,2076.21,0,0.0,0.0,0,0,39.7
2026-07-17,IMPS,Kolkata,2,3393.9,0,0.0,0.0,0,0,28.75
2026-07-17,IMPS,Mumbai,3,3975.5,0,0.0,0.0,0,0,25.0
2026-07-17,IMPS,Pune,2,4853.17,0,0.0,0.0,0,0,18.0
2026-07-17,Internet Banking,Ahmedabad,2,2017.88,0,0.0,0.0,0,0,9.8
2026-07-17,Internet Banking,Bengaluru,5,8235.12,0,0.0,0.0,0,0,25.82
2026-07-17,Internet Banking,Chennai,4,3935.9,0,0.0,0.0,0,0,26.42
2026-07-17,Internet Banking,Delhi,4,7437.82,1,3296.31,25.0,0,1,35.6
2026-07-17,Internet Banking,Hyderabad,3,4299.01,0,0.0,0.0,0,0,30.57
2026-07-17,Internet Banking,Jaipur,5,9422.97,0,0.0,0.0,0,0,20.68
2026-07-17,Internet Banking,Kochi,2,3157.55,0,0.0,0.0,0,0,29.0
2026-07-17,Internet Banking,Kolkata,3,6800.96,0,0.0,0.0,0,0,30.57
2026-07-17,Internet Banking,Mumbai,5,18726.26,0,0.0,0.0,0,0,30.28
2026-07-17,Internet Banking,Pune,6,9222.91,0,0.0,0.0,0,0,24.08
2026-07-17,Mobile Banking,Ahmedabad,8,9903.91,0,0.0,0.0,0,0,27.5
2026-07-17,Mobile Banking,Bengaluru,5,20149.0,0,0.0,0.0,0,0,33.38
2026-07-17,Mobile Banking,Chennai,5,7326.62,1,2938.24,20.0,0,1,37.34
2026-07-17,Mobile Banking,Delhi,5,14086.4,0,0.0,0.0,0,0,34.84
2026-07-17,Mobile Banking,Hyderabad,2,14002.27,0,0.0,0.0,0,0,28.1
2026-07-17,Mobile Banking,Jaipur,6,5861.37,0,0.0,0.0,0,0,29.5
2026-07-17,Mobile Banking,Kochi,2,2311.22,0,0.0,0.0,0,0,28.5
2026-07-17,Mobile Banking,Kolkata,3,5631.56,0,0.0,0.0,0,0,19.97
2026-07-17,Mobile Banking,Mumbai,2,2139.62,0,0.0,0.0,0,0,22.5
2026-07-17,Mobile Banking,Pune,9,46424.77,0,0.0,0.0,0,0,31.78
2026-07-17,NEFT,Ahmedabad,1,12904.97,0,0.0,0.0,0,0,31.0
2026-07-17,NEFT,Bengaluru,1,171.48,0,0.0,0.0,0,0,3.9
2026-07-17,NEFT,Chennai,4,11535.02,0,0.0,0.0,0,0,41.45
2026-07-17,NEFT,Delhi,2,6387.98,0,0.0,0.0,0,0,17.65
2026-07-17,NEFT,Hyderabad,5,102303.48,1,97482.84,20.0,0,1,25.84
2026-07-17,NEFT,Jaipur,5,21396.27,0,0.0,0.0,0,0,23.9
2026-07-17,NEFT,Kochi,3,15421.64,0,0.0,0.0,0,0,31.47
2026-07-17,NEFT,Mumbai,1,288.71,0,0.0,0.0,0,0,8.7
2026-07-17,NEFT,Pune,2,3148.16,0,0.0,0.0,0,0,15.0
2026-07-17,POS,Ahmedabad,8,31756.97,0,0.0,0.0,0,0,35.04
2026-07-17,POS,Bengaluru,5,11428.31,0,0.0,0.0,0,0,35.76
2026-07-17,POS,Chennai,1,7274.31,0,0.0,0.0,0,0,13.7
2026-07-17,POS,Delhi,5,16561.01,0,0.0,0.0,0,0,29.58
2026-07-17,POS,Hyderabad,3,4747.95,0,0.0,0.0,0,0,24.3
2026-07-17,POS,Jaipur,5,9980.02,0,0.0,0.0,0,0,27.06
2026-07-17,POS,Kochi,4,268840.27,2,263208.42,50.0,0,2,59.65
2026-07-17,POS,Kolkata,4,10317.9,0,0.0,0.0,0,0,39.23
2026-07-17,POS,Mumbai,4,6688.8,0,0.0,0.0,0,0,33.73
2026-07-17,POS,Pune,2,11752.36,0,0.0,0.0,0,0,39.9
2026-07-17,RTGS,Bengaluru,1,1025108.35,0,0.0,0.0,0,0,29.9
2026-07-17,RTGS,Chennai,1,210297.58,0,0.0,0.0,0,0,50.1
2026-07-17,RTGS,Hyderabad,1,1463219.71,0,0.0,0.0,0,0,58.5
2026-07-17,RTGS,Kochi,2,1602838.93,0,0.0,0.0,0,0,34.8
2026-07-17,RTGS,Mumbai,1,457701.79,0,0.0,0.0,0,0,48.5
2026-07-17,RTGS,Pune,2,1686874.79,0,0.0,0.0,0,0,43.8
2026-07-17,UPI,Ahmedabad,5,5687.03,0,0.0,0.0,0,0,25.96
2026-07-17,UPI,Bengaluru,9,14258.69,0,0.0,0.0,0,0,21.82
2026-07-17,UPI,Chennai,9,47857.29,0,0.0,0.0,0,0,31.28
2026-07-17,UPI,Delhi,4,4761.16,0,0.0,0.0,0,0,25.75
2026-07-17,UPI,Hyderabad,7,24311.21,0,0.0,0.0,0,0,35.89
2026-07-17,UPI,Jaipur,5,15961.75,0,0.0,0.0,0,0,37.8
2026-07-17,UPI,Kochi,5,7985.01,0,0.0,0.0,0,0,19.02
2026-07-17,UPI,Kolkata,6,20126.32,0,0.0,0.0,0,0,22.48
2026-07-17,UPI,Mumbai,12,33097.31,0,0.0,0.0,0,0,25.8
2026-07-17,UPI,Pune,6,428002.97,1,419204.51,16.667,0,1,34.43
2026-07-18,ATM,Ahmedabad,4,3196.98,0,0.0,0.0,0,0,31.38
2026-07-18,ATM,Bengaluru,2,4727.07,0,0.0,0.0,0,0,36.4
2026-07-18,ATM,Chennai,4,5817.5,0,0.0,0.0,0,0,24.45
2026-07-18,ATM,Delhi,4,10585.79,0,0.0,0.0,0,0,29.82
2026-07-18,ATM,Hyderabad,4,8577.65,0,0.0,0.0,0,0,38.48
2026-07-18,ATM,Jaipur,5,25624.63,0,0.0,0.0,0,0,38.98
2026-07-18,ATM,Kochi,3,4103.1,0,0.0,0.0,0,0,15.97
2026-07-18,ATM,Kolkata,3,6383.18,0,0.0,0.0,0,0,27.2
2026-07-18,ATM,Mumbai,2,4124.48,0,0.0,0.0,0,0,40.8
2026-07-18,ATM,Pune,1,3279.74,0,0.0,0.0,0,0,55.7
2026-07-18,Branch,Ahmedabad,5,29336.85,0,0.0,0.0,0,0,34.94
2026-07-18,Branch,Bengaluru,1,3769.82,0,0.0,0.0,0,0,20.3
2026-07-18,Branch,Chennai,1,1126.32,0,0.0,0.0,0,0,37.4
2026-07-18,Branch,Delhi,1,2298.87,0,0.0,0.0,0,0,20.1
2026-07-18,Branch,Kolkata,1,237.2,0,0.0,0.0,0,0,11.5
2026-07-18,Branch,Pune,2,1051.96,0,0.0,0.0,0,0,35.3
2026-07-18,IMPS,Ahmedabad,1,1356.06,0,0.0,0.0,0,0,53.6
2026-07-18,IMPS,Chennai,4,33918.67,0,0.0,0.0,0,0,41.3
2026-07-18,IMPS,Delhi,1,679.68,0,0.0,0.0,0,0,10.6
2026-07-18,IMPS,Hyderabad,1,1236.43,0,0.0,0.0,0,0,22.4
2026-07-18,IMPS,Jaipur,2,6607.87,0,0.0,0.0,0,0,15.1
2026-07-18,IMPS,Kochi,2,1102.96,0,0.0,0.0,0,0,27.3
2026-07-18,IMPS,Kolkata,2,1552.4,0,0.0,0.0,0,0,20.75
2026-07-18,IMPS,Mumbai,2,3650.99,0,0.0,0.0,0,0,23.25
2026-07-18,IMPS,Pune,3,14392.18,0,0.0,0.0,0,0,32.77
2026-07-18,Internet Banking,Ahmedabad,4,16903.59,0,0.0,0.0,0,0,35.05
2026-07-18,Internet Banking,Bengaluru,4,4265.73,0,0.0,0.0,0,0,20.2
2026-07-18,Internet Banking,Chennai,3,11778.33,0,0.0,0.0,0,0,31.37
2026-07-18,Internet Banking,Delhi,4,69054.54,0,0.0,0.0,0,0,25.33
2026-07-18,Internet Banking,Hyderabad,4,4811.35,0,0.0,0.0,0,0,24.37
2026-07-18,Internet Banking,Jaipur,7,33244.6,0,0.0,0.0,0,0,35.79
2026-07-18,Internet Banking,Kochi,4,12021.06,0,0.0,0.0,0,0,32.0
2026-07-18,Internet Banking,Kolkata,4,17390.54,0,0.0,0.0,0,0,25.45
2026-07-18,Internet Banking,Mumbai,6,28079.47,0,0.0,0.0,0,0,38.25
2026-07-18,Internet Banking,Pune,7,35941.48,1,1705.65,14.286,0,1,39.87
2026-07-18,Mobile Banking,Ahmedabad,5,20068.45,1,148.79,20.0,0,0,43.2
2026-07-18,Mobile Banking,Bengaluru,6,24997.74,0,0.0,0.0,0,0,39.47
2026-07-18,Mobile Banking,Chennai,9,19253.01,0,0.0,0.0,0,0,28.38
2026-07-18,Mobile Banking,Delhi,6,32640.84,2,28851.39,33.333,1,0,47.08
2026-07-18,Mobile Banking,Hyderabad,6,43042.55,0,0.0,0.0,0,0,22.33
2026-07-18,Mobile Banking,Jaipur,9,21939.53,0,0.0,0.0,0,0,26.63
2026-07-18,Mobile Banking,Kochi,2,5179.73,0,0.0,0.0,0,1,56.5
2026-07-18,Mobile Banking,Kolkata,3,2649.25,0,0.0,0.0,0,0,29.8
2026-07-18,Mobile Banking,Mumbai,4,14379.7,0,0.0,0.0,0,0,34.33
2026-07-18,Mobile Banking,Pune,5,10191.01,0,0.0,0.0,0,0,20.36
2026-07-18,NEFT,Ahmedabad,2,28324.45,0,0.0,0.0,0,0,37.4
2026-07-18,NEFT,Bengaluru,4,10559.86,0,0.0,0.0,0,0,22.2
2026-07-18,NEFT,Chennai,3,5987.69,0,0.0,0.0,0,0,30.3
2026-07-18,NEFT,Delhi,4,17857.52,0,0.0,0.0,0,0,25.38
2026-07-18,NEFT,Hyderabad,1,571.72,0,0.0,0.0,0,0,33.2
2026-07-18,NEFT,Jaipur,5,4490.88,0,0.0,0.0,0,0,21.54
2026-07-18,NEFT,Kochi,2,4128.49,0,0.0,0.0,0,0,42.0
2026-07-18,NEFT,Kolkata,1,570.81,0,0.0,0.0,0,0,11.8
2026-07-18,NEFT,Mumbai,1,396.9,0,0.0,0.0,0,0,11.9
2026-07-18,NEFT,Pune,2,2400.43,0,0.0,0.0,0,0,21.85
2026-07-18,POS,Ahmedabad,1,624.45,0,0.0,0.0,0,0,38.9
2026-07-18,POS,Bengaluru,3,4776.36,0,0.0,0.0,0,0,40.23
2026-07-18,POS,Chennai,3,5822.96,1,1044.93,33.333,0,0,47.1
2026-07-18,POS,Delhi,4,7960.24,0,0.0,0.0,0,0,38.38
2026-07-18,POS,Hyderabad,2,1120.48,0,0.0,0.0,0,0,22.05
2026-07-18,POS,Jaipur,4,10134.28,0,0.0,0.0,0,0,30.22
2026-07-18,POS,Kochi,5,34532.08,0,0.0,0.0,0,0,25.9
2026-07-18,POS,Kolkata,5,28151.11,0,0.0,0.0,0,1,34.38
2026-07-18,POS,Mumbai,2,4130.53,0,0.0,0.0,0,0,44.65
2026-07-18,POS,Pune,5,6073.08,0,0.0,0.0,0,0,11.96
2026-07-18,RTGS,Ahmedabad,2,1149657.09,0,0.0,0.0,0,0,39.2
2026-07-18,RTGS,Bengaluru,2,1047596.81,0,0.0,0.0,0,0,33.0
2026-07-18,RTGS,Delhi,2,1083670.69,0,0.0,0.0,0,0,28.0
2026-07-18,RTGS,Hyderabad,2,2823733.58,0,0.0,0.0,0,1,62.05
2026-07-18,UPI,Ahmedabad,5,524872.62,2,520602.93,40.0,0,0,43.02
2026-07-18,UPI,Bengaluru,3,21521.59,0,0.0,0.0,0,0,45.0
2026-07-18,UPI,Chennai,5,10617.09,0,0.0,0.0,0,0,35.42
2026-07-18,UPI,Delhi,6,8785.52,0,0.0,0.0,0,0,32.92
2026-07-18,UPI,Hyderabad,7,18488.92,1,873.8,14.286,1,0,36.7
2026-07-18,UPI,Jaipur,6,19648.44,0,0.0,0.0,0,0,32.52
2026-07-18,UPI,Kochi,5,7107.56,0,0.0,0.0,0,0,34.0
2026-07-18,UPI,Kolkata,5,5646.16,0,0.0,0.0,0,0,21.66
2026-07-18,UPI,Mumbai,4,11175.91,1,25.01,25.0,0,0,32.55
2026-07-18,UPI,Pune,7,9256.97,0,0.0,0.0,0,1,34.14
2026-07-19,ATM,Ahmedabad,7,12921.92,0,0.0,0.0,0,0,31.2
2026-07-19,ATM,Bengaluru,2,2742.74,0,0.0,0.0,0,0,25.85
2026-07-19,ATM,Chennai,2,1177.25,0,0.0,0.0,0,0,32.3
2026-07-19,ATM,Delhi,2,8950.79,0,0.0,0.0,0,0,25.05
2026-07-19,ATM,Hyderabad,6,14444.94,0,0.0,0.0,0,0,25.68
2026-07-19,ATM,Jaipur,2,2535.88,0,0.0,0.0,0,0,40.55
2026-07-19,ATM,Kochi,2,9085.11,0,0.0,0.0,0,0,25.3
2026-07-19,ATM,Kolkata,1,908.42,0,0.0,0.0,0,0,31.3
2026-07-19,ATM,Mumbai,4,6772.7,0,0.0,0.0,0,0,21.73
2026-07-19,ATM,Pune,3,3734.04,0,0.0,0.0,0,0,23.97
2026-07-19,Branch,Ahmedabad,2,633.99,0,0.0,0.0,0,0,37.55
2026-07-19,Branch,Delhi,1,1251.34,0,0.0,0.0,0,0,18.4
2026-07-19,Branch,Hyderabad,2,855.83,0,0.0,0.0,0,0,18.9
2026-07-19,Branch,Jaipur,1,2234.61,0,0.0,0.0,0,0,33.6
2026-07-19,Branch,Kolkata,2,12244.37,0,0.0,0.0,0,0,40.3
2026-07-19,Branch,Mumbai,1,878.68,0,0.0,0.0,0,0,16.2
2026-07-19,Branch,Pune,1,431.72,0,0.0,0.0,0,0,13.8
2026-07-19,IMPS,Ahmedabad,3,2748.22,0,0.0,0.0,0,0,30.3
2026-07-19,IMPS,Bengaluru,3,5097.47,0,0.0,0.0,0,0,28.4
2026-07-19,IMPS,Chennai,1,20979.87,0,0.0,0.0,0,0,43.1
2026-07-19,IMPS,Delhi,2,6906.63,0,0.0,0.0,0,0,41.25
2026-07-19,IMPS,Hyderabad,3,6597.99,0,0.0,0.0,0,0,29.83
2026-07-19,IMPS,Jaipur,2,294101.06,1,290459.7,50.0,1,0,78.95
2026-07-19,IMPS,Kochi,2,3307.63,0,0.0,0.0,0,0,11.8
2026-07-19,IMPS,Kolkata,3,12600.25,0,0.0,0.0,0,0,34.27
2026-07-19,IMPS,Mumbai,7,18265.42,0,0.0,0.0,0,0,29.7
2026-07-19,IMPS,Pune,3,19673.07,0,0.0,0.0,0,0,36.23
2026-07-19,Internet Banking,Ahmedabad,4,24602.2,0,0.0,0.0,0,0,37.73
2026-07-19,Internet Banking,Bengaluru,3,7563.36,0,0.0,0.0,0,0,38.5
2026-07-19,Internet Banking,Chennai,4,4592.9,0,0.0,0.0,0,0,32.7
2026-07-19,Internet Banking,Delhi,2,1795.85,0,0.0,0.0,0,0,47.25
2026-07-19,Internet Banking,Hyderabad,4,8032.27,0,0.0,0.0,0,0,29.4
2026-07-19,Internet Banking,Jaipur,5,18140.71,0,0.0,0.0,0,0,36.44
2026-07-19,Internet Banking,Kochi,3,4626.04,0,0.0,0.0,0,0,24.2
2026-07-19,Internet Banking,Kolkata,5,35111.74,0,0.0,0.0,0,0,38.74
2026-07-19,Internet Banking,Mumbai,1,1828.81,0,0.0,0.0,0,0,22.7
2026-07-19,Internet Banking,Pune,1,2715.7,0,0.0,0.0,0,0,47.7
2026-07-19,Mobile Banking,Ahmedabad,7,22368.39,0,0.0,0.0,0,0,30.39
2026-07-19,Mobile Banking,Bengaluru,8,8211.39,0,0.0,0.0,0,0,26.24
2026-07-19,Mobile Banking,Chennai,7,7992.21,0,0.0,0.0,0,0,16.76
2026-07-19,Mobile Banking,Delhi,6,222831.84,1,211482.04,16.667,0,0,25.33
2026-07-19,Mobile Banking,Hyderabad,1,313.2,0,0.0,0.0,0,0,58.4
2026-07-19,Mobile Banking,Jaipur,6,11251.6,0,0.0,0.0,0,1,37.9
2026-07-19,Mobile Banking,Kochi,4,13650.08,0,0.0,0.0,0,0,31.95
2026-07-19,Mobile Banking,Kolkata,1,3161.06,0,0.0,0.0,0,0,47.3
2026-07-19,Mobile Banking,Mumbai,3,4815.93,0,0.0,0.0,0,0,35.0
2026-07-19,Mobile Banking,Pune,7,29639.15,0,0.0,0.0,0,0,36.97
2026-07-19,NEFT,Bengaluru,2,3473.47,0,0.0,0.0,0,0,16.2
2026-07-19,NEFT,Chennai,2,51892.03,1,49679.48,50.0,0,0,44.35
2026-07-19,NEFT,Delhi,3,5733.55,0,0.0,0.0,0,0,22.83
2026-07-19,NEFT,Hyderabad,2,36562.96,0,0.0,0.0,0,0,23.35
2026-07-19,NEFT,Jaipur,3,13565.28,1,1274.32,33.333,1,0,48.57
2026-07-19,NEFT,Kolkata,2,2079.36,0,0.0,0.0,0,0,33.65
2026-07-19,NEFT,Mumbai,2,3336.26,0,0.0,0.0,0,0,24.6
2026-07-19,NEFT,Pune,2,3508.81,0,0.0,0.0,0,0,22.2
2026-07-19,POS,Ahmedabad,3,3369.25,0,0.0,0.0,0,0,36.97
2026-07-19,POS,Bengaluru,5,6500.23,0,0.0,0.0,0,0,33.18
2026-07-19,POS,Chennai,8,22889.05,0,0.0,0.0,0,0,28.31
2026-07-19,POS,Delhi,2,11294.5,0,0.0,0.0,0,0,30.95
2026-07-19,POS,Hyderabad,4,6383.08,0,0.0,0.0,0,0,29.38
2026-07-19,POS,Jaipur,5,10233.93,0,0.0,0.0,0,0,29.14
2026-07-19,POS,Kochi,2,2204.34,0,0.0,0.0,0,0,25.85
2026-07-19,POS,Kolkata,5,11440.09,0,0.0,0.0,0,0,27.54
2026-07-19,POS,Mumbai,3,5845.74,0,0.0,0.0,0,0,27.87
2026-07-19,POS,Pune,2,6411.79,0,0.0,0.0,0,0,43.8
2026-07-19,RTGS,Bengaluru,2,2335097.35,0,0.0,0.0,0,0,27.75
2026-07-19,RTGS,Delhi,2,2763908.08,0,0.0,0.0,0,0,50.75
2026-07-19,RTGS,Hyderabad,2,1263638.35,0,0.0,0.0,0,0,45.45
2026-07-19,RTGS,Jaipur,1,1118933.47,0,0.0,0.0,0,0,29.0
2026-07-19,RTGS,Kochi,2,1261495.73,0,0.0,0.0,0,0,31.8
2026-07-19,RTGS,Kolkata,1,1086178.82,0,0.0,0.0,0,0,42.8
2026-07-19,RTGS,Pune,3,2627764.06,0,0.0,0.0,0,0,34.03
2026-07-19,UPI,Ahmedabad,8,14529.55,0,0.0,0.0,0,1,34.84
2026-07-19,UPI,Bengaluru,6,16653.74,0,0.0,0.0,0,0,32.92
2026-07-19,UPI,Chennai,3,7079.51,0,0.0,0.0,0,0,16.03
2026-07-19,UPI,Delhi,8,15935.15,2,138.74,25.0,0,0,35.49
2026-07-19,UPI,Hyderabad,4,63298.07,1,52597.89,25.0,0,0,45.45
2026-07-19,UPI,Jaipur,7,28494.76,0,0.0,0.0,0,0,34.87
2026-07-19,UPI,Kochi,4,9972.01,0,0.0,0.0,0,0,33.55
2026-07-19,UPI,Kolkata,5,7857.54,1,63.15,20.0,0,0,31.08
2026-07-19,UPI,Mumbai,2,8742.99,0,0.0,0.0,0,0,29.85
2026-07-19,UPI,Pune,6,15854.86,0,0.0,0.0,0,0,28.1
2026-07-20,ATM,Ahmedabad,1,2271.37,0,0.0,0.0,0,0,17.3
2026-07-20,ATM,Bengaluru,3,10946.55,0,0.0,0.0,0,0,37.77
2026-07-20,ATM,Chennai,3,18430.28,0,0.0,0.0,0,0,40.3
2026-07-20,ATM,Delhi,1,2061.55,0,0.0,0.0,0,0,15.4
2026-07-20,ATM,Hyderabad,4,5318.12,0,0.0,0.0,0,0,21.17
2026-07-20,ATM,Jaipur,1,28914.1,0,0.0,0.0,0,0,43.8
2026-07-20,ATM,Kochi,6,211383.84,0,0.0,0.0,0,0,21.38
2026-07-20,ATM,Kolkata,2,3887.33,0,0.0,0.0,0,0,38.25
2026-07-20,ATM,Mumbai,6,14351.34,0,0.0,0.0,0,0,41.9
2026-07-20,ATM,Pune,2,95703.6,0,0.0,0.0,0,0,51.75
2026-07-20,Branch,Ahmedabad,2,1958.9,0,0.0,0.0,0,0,11.9
2026-07-20,Branch,Chennai,1,756.88,0,0.0,0.0,0,0,18.0
2026-07-20,Branch,Hyderabad,3,15356.41,0,0.0,0.0,0,0,26.97
2026-07-20,Branch,Kochi,1,4778.46,0,0.0,0.0,0,0,36.4
2026-07-20,Branch,Pune,1,886.62,0,0.0,0.0,0,0,25.2
2026-07-20,IMPS,Ahmedabad,1,94.4,0,0.0,0.0,0,0,14.6
2026-07-20,IMPS,Bengaluru,3,7730.04,0,0.0,0.0,0,0,36.17
2026-07-20,IMPS,Chennai,1,1895.85,0,0.0,0.0,0,0,41.3
2026-07-20,IMPS,Delhi,3,4940.68,1,783.09,33.333,0,1,47.57
2026-07-20,IMPS,Hyderabad,1,4269.14,0,0.0,0.0,0,0,48.1
2026-07-20,IMPS,Jaipur,2,5109.19,0,0.0,0.0,0,0,29.8
2026-07-20,IMPS,Kochi,1,2428.53,0,0.0,0.0,0,0,26.2
2026-07-20,IMPS,Kolkata,1,3688.87,0,0.0,0.0,0,0,23.4
2026-07-20,IMPS,Mumbai,5,15177.41,0,0.0,0.0,0,0,38.02
2026-07-20,IMPS,Pune,5,9130.16,0,0.0,0.0,0,0,24.24
2026-07-20,Internet Banking,Ahmedabad,3,3196.49,0,0.0,0.0,0,0,27.8
2026-07-20,Internet Banking,Bengaluru,4,9241.33,0,0.0,0.0,0,0,17.85
2026-07-20,Internet Banking,Chennai,2,1812.51,0,0.0,0.0,0,0,36.05
2026-07-20,Internet Banking,Delhi,2,7074.64,0,0.0,0.0,0,0,35.95
2026-07-20,Internet Banking,Hyderabad,2,6258.02,0,0.0,0.0,0,0,23.35
2026-07-20,Internet Banking,Jaipur,2,4717.37,0,0.0,0.0,0,0,29.8
2026-07-20,Internet Banking,Kochi,3,7932.79,0,0.0,0.0,0,0,38.43
2026-07-20,Internet Banking,Kolkata,2,905.2,0,0.0,0.0,0,0,31.6
2026-07-20,Internet Banking,Mumbai,3,8428.39,0,0.0,0.0,0,1,36.8
2026-07-20,Internet Banking,Pune,3,5352.26,0,0.0,0.0,0,0,50.67
2026-07-20,Mobile Banking,Ahmedabad,8,20767.97,0,0.0,0.0,0,0,27.3
2026-07-20,Mobile Banking,Bengaluru,6,16502.53,0,0.0,0.0,0,0,38.15
2026-07-20,Mobile Banking,Chennai,5,10532.42,0,0.0,0.0,0,0,31.74
2026-07-20,Mobile Banking,Delhi,2,8744.3,0,0.0,0.0,0,0,43.3
2026-07-20,Mobile Banking,Hyderabad,6,12530.9,0,0.0,0.0,0,0,33.93
2026-07-20,Mobile Banking,Jaipur,4,6690.21,0,0.0,0.0,0,0,24.93
2026-07-20,Mobile Banking,Kochi,1,9689.36,0,0.0,0.0,0,0,29.9
2026-07-20,Mobile Banking,Kolkata,3,2212.53,0,0.0,0.0,0,0,19.4
2026-07-20,Mobile Banking,Mumbai,5,13282.85,0,0.0,0.0,0,0,25.16
2026-07-20,Mobile Banking,Pune,4,4562.96,0,0.0,0.0,0,0,14.33
2026-07-20,NEFT,Ahmedabad,1,1196.79,0,0.0,0.0,0,0,15.8
2026-07-20,NEFT,Bengaluru,4,9293.76,0,0.0,0.0,0,0,27.73
2026-07-20,NEFT,Chennai,2,668.29,0,0.0,0.0,0,0,22.3
2026-07-20,NEFT,Hyderabad,3,23884.93,0,0.0,0.0,0,1,46.13
2026-07-20,NEFT,Jaipur,1,2545.16,0,0.0,0.0,0,0,36.6
2026-07-20,NEFT,Kochi,2,25185.73,1,1513.12,50.0,0,1,61.2
2026-07-20,NEFT,Kolkata,2,1180.75,0,0.0,0.0,0,0,26.5
2026-07-20,NEFT,Mumbai,2,8866.87,0,0.0,0.0,0,0,32.65
2026-07-20,NEFT,Pune,2,3133.46,0,0.0,0.0,0,0,24.35
2026-07-20,POS,Ahmedabad,4,5447.02,0,0.0,0.0,0,0,39.65
2026-07-20,POS,Bengaluru,5,31980.26,0,0.0,0.0,0,0,39.22
2026-07-20,POS,Chennai,3,1934.37,0,0.0,0.0,0,0,20.73
2026-07-20,POS,Delhi,5,8890.5,0,0.0,0.0,0,0,31.14
2026-07-20,POS,Hyderabad,5,4672.83,0,0.0,0.0,0,0,30.98
2026-07-20,POS,Jaipur,5,13989.2,0,0.0,0.0,0,0,32.04
2026-07-20,POS,Kochi,2,906.29,0,0.0,0.0,0,0,26.45
2026-07-20,POS,Kolkata,4,4139.19,0,0.0,0.0,0,0,32.98
2026-07-20,POS,Mumbai,10,23697.19,0,0.0,0.0,0,0,29.29
2026-07-20,POS,Pune,3,15790.97,0,0.0,0.0,0,0,35.6
2026-07-20,RTGS,Bengaluru,2,1937701.38,0,0.0,0.0,0,0,38.4
2026-07-20,RTGS,Chennai,2,2072704.29,0,0.0,0.0,0,1,64.35
2026-07-20,RTGS,Delhi,1,1200007.63,0,0.0,0.0,0,0,28.2
2026-07-20,RTGS,Jaipur,1,316192.17,0,0.0,0.0,0,0,31.7
2026-07-20,RTGS,Kolkata,1,751072.8,0,0.0,0.0,0,0,53.3
2026-07-20,RTGS,Pune,1,1341696.04,0,0.0,0.0,0,0,40.9
2026-07-20,UPI,Ahmedabad,3,2189.8,0,0.0,0.0,0,0,42.67
2026-07-20,UPI,Bengaluru,4,5011.18,0,0.0,0.0,0,0,28.2
2026-07-20,UPI,Chennai,9,404174.34,1,334437.24,11.111,0,0,30.79
2026-07-20,UPI,Delhi,5,10690.96,0,0.0,0.0,0,0,25.94
2026-07-20,UPI,Hyderabad,10,26675.48,0,0.0,0.0,0,0,36.12
2026-07-20,UPI,Jaipur,4,9367.45,0,0.0,0.0,0,0,17.83
2026-07-20,UPI,Kochi,6,19364.01,0,0.0,0.0,0,0,25.9
2026-07-20,UPI,Kolkata,4,66135.37,1,59594.86,25.0,0,0,37.7
2026-07-20,UPI,Mumbai,7,9481.67,1,587.81,14.286,0,0,31.47
2026-07-20,UPI,Pune,10,32855.44,0,0.0,0.0,0,0,28.12
2026-07-21,ATM,Ahmedabad,4,24643.95,0,0.0,0.0,0,0,38.82
2026-07-21,ATM,Bengaluru,3,3813.71,0,0.0,0.0,0,0,29.07
2026-07-21,ATM,Chennai,3,2915.36,0,0.0,0.0,0,0,23.8
2026-07-21,ATM,Delhi,2,6174.5,0,0.0,0.0,0,0,25.4
2026-07-21,ATM,Hyderabad,5,11252.67,0,0.0,0.0,0,0,28.28
2026-07-21,ATM,Jaipur,3,9916.99,0,0.0,0.0,0,0,30.33
2026-07-21,ATM,Kochi,2,9405.43,0,0.0,0.0,0,0,33.8
2026-07-21,ATM,Kolkata,2,1104.32,0,0.0,0.0,0,0,14.25
2026-07-21,ATM,Mumbai,5,13181.37,0,0.0,0.0,0,0,29.38
2026-07-21,ATM,Pune,3,11071.63,0,0.0,0.0,0,0,32.2
2026-07-21,Branch,Ahmedabad,2,1778.69,0,0.0,0.0,0,0,17.75
2026-07-21,Branch,Bengaluru,2,4893.07,0,0.0,0.0,0,0,45.5
2026-07-21,Branch,Hyderabad,3,11202.86,0,0.0,0.0,0,0,23.33
2026-07-21,Branch,Jaipur,2,3660.63,0,0.0,0.0,0,0,29.0
2026-07-21,Branch,Kochi,1,2328.99,0,0.0,0.0,0,0,36.0
2026-07-21,Branch,Pune,1,8802.49,0,0.0,0.0,0,0,21.0
2026-07-21,IMPS,Ahmedabad,2,1938.66,0,0.0,0.0,0,0,23.85
2026-07-21,IMPS,Bengaluru,2,14184.31,0,0.0,0.0,0,0,31.55
2026-07-21,IMPS,Chennai,4,14139.95,0,0.0,0.0,0,0,30.85
2026-07-21,IMPS,Delhi,1,2950.05,0,0.0,0.0,0,0,19.0
2026-07-21,IMPS,Hyderabad,5,29862.31,0,0.0,0.0,0,0,25.16
2026-07-21,IMPS,Jaipur,2,6320.18,0,0.0,0.0,0,0,23.05
2026-07-21,IMPS,Kochi,2,12411.57,0,0.0,0.0,0,0,36.9
2026-07-21,IMPS,Kolkata,4,13061.01,0,0.0,0.0,0,0,29.02
2026-07-21,IMPS,Mumbai,2,11710.34,0,0.0,0.0,0,0,38.3
2026-07-21,IMPS,Pune,1,1335.42,0,0.0,0.0,0,0,19.1
2026-07-21,Internet Banking,Ahmedabad,1,5145.99,0,0.0,0.0,0,0,49.9
2026-07-21,Internet Banking,Bengaluru,2,10138.23,1,520.22,50.0,0,1,52.1
2026-07-21,Internet Banking,Delhi,3,5478.44,0,0.0,0.0,0,0,28.1
2026-07-21,Internet Banking,Hyderabad,6,47975.69,0,0.0,0.0,0,0,31.38
2026-07-21,Internet Banking,Jaipur,3,4866.09,0,0.0,0.0,0,0,22.47
2026-07-21,Internet Banking,Kochi,2,6515.08,0,0.0,0.0,0,1,44.05
2026-07-21,Internet Banking,Kolkata,4,10745.66,0,0.0,0.0,0,0,34.35
2026-07-21,Internet Banking,Mumbai,2,3498.27,0,0.0,0.0,0,0,19.75
2026-07-21,Internet Banking,Pune,3,7756.09,0,0.0,0.0,0,0,37.17
2026-07-21,Mobile Banking,Ahmedabad,7,15735.35,0,0.0,0.0,0,0,24.49
2026-07-21,Mobile Banking,Bengaluru,2,2623.52,0,0.0,0.0,0,0,25.2
2026-07-21,Mobile Banking,Chennai,6,11468.75,0,0.0,0.0,0,0,29.2
2026-07-21,Mobile Banking,Delhi,5,12688.81,0,0.0,0.0,0,0,33.22
2026-07-21,Mobile Banking,Hyderabad,7,27548.71,0,0.0,0.0,0,1,39.51
2026-07-21,Mobile Banking,Jaipur,4,4741.57,0,0.0,0.0,0,0,22.38
2026-07-21,Mobile Banking,Kochi,5,17351.12,0,0.0,0.0,0,0,31.98
2026-07-21,Mobile Banking,Kolkata,4,21025.14,0,0.0,0.0,0,0,28.65
2026-07-21,Mobile Banking,Mumbai,8,19500.05,0,0.0,0.0,0,0,33.49
2026-07-21,Mobile Banking,Pune,4,6102.97,0,0.0,0.0,0,0,22.02
2026-07-21,NEFT,Ahmedabad,5,9384.49,0,0.0,0.0,0,0,34.68
2026-07-21,NEFT,Bengaluru,3,6471.06,0,0.0,0.0,0,0,14.23
2026-07-21,NEFT,Chennai,3,3522.6,0,0.0,0.0,0,0,22.33
2026-07-21,NEFT,Delhi,2,2180.57,0,0.0,0.0,0,0,32.15
2026-07-21,NEFT,Hyderabad,3,2189.04,0,0.0,0.0,0,0,28.0
2026-07-21,NEFT,Kochi,4,136961.4,0,0.0,0.0,0,0,31.07
2026-07-21,NEFT,Kolkata,2,2722.25,0,0.0,0.0,0,0,28.0
2026-07-21,NEFT,Mumbai,2,9347.14,0,0.0,0.0,0,0,23.35
2026-07-21,NEFT,Pune,1,1564.69,0,0.0,0.0,0,0,51.7
2026-07-21,POS,Ahmedabad,6,24869.62,0,0.0,0.0,0,0,28.98
2026-07-21,POS,Bengaluru,2,9385.74,0,0.0,0.0,0,0,30.7
2026-07-21,POS,Chennai,4,8951.0,0,0.0,0.0,0,0,26.38
2026-07-21,POS,Delhi,6,11707.29,0,0.0,0.0,0,0,24.67
2026-07-21,POS,Hyderabad,5,10754.17,1,3275.17,20.0,0,1,34.54
2026-07-21,POS,Jaipur,5,20118.89,0,0.0,0.0,0,0,21.4
2026-07-21,POS,Kochi,6,30684.77,0,0.0,0.0,0,0,33.43
2026-07-21,POS,Kolkata,2,13048.43,0,0.0,0.0,0,0,39.1
2026-07-21,POS,Mumbai,6,37514.27,0,0.0,0.0,0,0,28.28
2026-07-21,POS,Pune,3,11986.2,0,0.0,0.0,0,0,31.2
2026-07-21,RTGS,Ahmedabad,3,2497151.44,0,0.0,0.0,0,0,38.53
2026-07-21,RTGS,Bengaluru,1,936220.19,0,0.0,0.0,0,0,53.1
2026-07-21,RTGS,Chennai,4,2142418.03,0,0.0,0.0,0,0,37.23
2026-07-21,RTGS,Delhi,2,1551381.94,0,0.0,0.0,0,1,63.7
2026-07-21,RTGS,Hyderabad,3,2766907.68,0,0.0,0.0,0,0,31.13
2026-07-21,RTGS,Kolkata,2,1383336.78,0,0.0,0.0,0,0,33.85
2026-07-21,RTGS,Mumbai,1,990327.19,0,0.0,0.0,0,0,27.9
2026-07-21,RTGS,Pune,2,1795404.5,0,0.0,0.0,0,0,31.55
2026-07-21,UPI,Ahmedabad,6,10972.21,0,0.0,0.0,0,0,26.42
2026-07-21,UPI,Bengaluru,7,253680.96,1,231470.73,14.286,0,1,33.83
2026-07-21,UPI,Chennai,4,6265.79,0,0.0,0.0,0,0,23.42
2026-07-21,UPI,Delhi,6,10436.57,0,0.0,0.0,0,0,30.82
2026-07-21,UPI,Hyderabad,5,11705.8,0,0.0,0.0,0,0,28.78
2026-07-21,UPI,Jaipur,4,4123.39,0,0.0,0.0,0,0,30.27
2026-07-21,UPI,Kochi,8,94760.63,1,84031.65,12.5,0,1,37.44
2026-07-21,UPI,Kolkata,5,8553.21,0,0.0,0.0,0,0,34.76
2026-07-21,UPI,Mumbai,7,16335.29,0,0.0,0.0,0,0,31.93
2026-07-21,UPI,Pune,10,501048.77,1,476352.11,10.0,0,1,34.93
2026-07-22,ATM,Ahmedabad,6,68964.4,1,55971.43,16.667,0,0,32.57
2026-07-22,ATM,Bengaluru,4,8558.11,0,0.0,0.0,0,0,15.08
2026-07-22,ATM,Chennai,4,10220.75,0,0.0,0.0,0,0,35.23
2026-07-22,ATM,Delhi,2,5791.56,0,0.0,0.0,0,0,26.6
2026-07-22,ATM,Hyderabad,3,8038.15,0,0.0,0.0,0,0,45.1
2026-07-22,ATM,Jaipur,1,919.39,0,0.0,0.0,0,0,12.6
2026-07-22,ATM,Kochi,3,4396.09,0,0.0,0.0,0,0,29.43
2026-07-22,ATM,Kolkata,3,19406.79,0,0.0,0.0,0,0,20.3
2026-07-22,ATM,Pune,3,10435.44,0,0.0,0.0,0,0,35.73
2026-07-22,Branch,Ahmedabad,1,1365.53,0,0.0,0.0,0,0,38.8
2026-07-22,Branch,Bengaluru,1,3430.27,0,0.0,0.0,0,1,75.6
2026-07-22,Branch,Hyderabad,1,105195.16,1,105195.16,100.0,0,0,50.0
2026-07-22,Branch,Jaipur,2,12670.77,0,0.0,0.0,0,0,27.25
2026-07-22,Branch,Kolkata,1,663.36,0,0.0,0.0,0,0,37.8
2026-07-22,Branch,Mumbai,2,9647.55,0,0.0,0.0,0,0,28.7
2026-07-22,IMPS,Ahmedabad,1,6288.56,0,0.0,0.0,0,0,32.1
2026-07-22,IMPS,Bengaluru,1,1188.94,0,0.0,0.0,0,0,12.2
2026-07-22,IMPS,Chennai,1,722.24,0,0.0,0.0,0,0,17.5
2026-07-22,IMPS,Delhi,2,3885.05,0,0.0,0.0,0,0,30.45
2026-07-22,IMPS,Hyderabad,2,4203.01,0,0.0,0.0,0,0,23.2
2026-07-22,IMPS,Jaipur,2,1130.77,0,0.0,0.0,0,0,20.95
2026-07-22,IMPS,Kochi,1,769.71,0,0.0,0.0,0,0,26.8
2026-07-22,IMPS,Mumbai,2,3382.81,0,0.0,0.0,0,0,27.0
2026-07-22,Internet Banking,Ahmedabad,2,6457.06,0,0.0,0.0,0,0,37.75
2026-07-22,Internet Banking,Bengaluru,5,27709.95,0,0.0,0.0,0,0,28.52
2026-07-22,Internet Banking,Chennai,1,387.37,0,0.0,0.0,0,0,40.1
2026-07-22,Internet Banking,Delhi,2,507.38,0,0.0,0.0,0,0,24.9
2026-07-22,Internet Banking,Hyderabad,7,8792.34,0,0.0,0.0,0,0,25.94
2026-07-22,Internet Banking,Kochi,5,10699.55,0,0.0,0.0,0,0,25.5
2026-07-22,Internet Banking,Kolkata,1,799.19,0,0.0,0.0,0,0,41.0
2026-07-22,Internet Banking,Mumbai,6,18331.69,0,0.0,0.0,0,0,34.83
2026-07-22,Internet Banking,Pune,2,1832.75,0,0.0,0.0,0,0,29.7
2026-07-22,Mobile Banking,Ahmedabad,4,8569.81,0,0.0,0.0,0,0,28.55
2026-07-22,Mobile Banking,Bengaluru,8,13984.88,0,0.0,0.0,0,0,30.7
2026-07-22,Mobile Banking,Chennai,3,5609.35,0,0.0,0.0,0,0,23.57
2026-07-22,Mobile Banking,Delhi,4,8561.95,0,0.0,0.0,0,0,40.0
2026-07-22,Mobile Banking,Hyderabad,5,14590.98,0,0.0,0.0,0,0,22.92
2026-07-22,Mobile Banking,Jaipur,4,6616.11,0,0.0,0.0,0,0,30.97
2026-07-22,Mobile Banking,Kochi,5,10713.43,0,0.0,0.0,0,0,31.12
2026-07-22,Mobile Banking,Kolkata,3,7071.41,0,0.0,0.0,0,0,17.23
2026-07-22,Mobile Banking,Mumbai,3,2810.7,0,0.0,0.0,0,0,33.7
2026-07-22,Mobile Banking,Pune,6,36573.27,0,0.0,0.0,0,0,33.13
2026-07-22,NEFT,Ahmedabad,6,403223.46,1,389749.58,16.667,0,1,29.5
2026-07-22,NEFT,Bengaluru,3,10311.08,0,0.0,0.0,0,0,27.27
2026-07-22,NEFT,Chennai,1,6057.41,0,0.0,0.0,0,0,51.9
2026-07-22,NEFT,Delhi,2,8813.62,0,0.0,0.0,0,0,35.4
2026-07-22,NEFT,Hyderabad,2,3556.43,0,0.0,0.0,0,0,22.6
2026-07-22,NEFT,Jaipur,1,2886.92,0,0.0,0.0,0,0,51.2
2026-07-22,NEFT,Kochi,2,7431.27,0,0.0,0.0,0,0,34.9
2026-07-22,NEFT,Kolkata,1,931.8,0,0.0,0.0,0,0,41.1
2026-07-22,NEFT,Mumbai,2,8443.81,0,0.0,0.0,0,0,51.55
2026-07-22,NEFT,Pune,3,3005.82,0,0.0,0.0,0,0,20.33
2026-07-22,POS,Ahmedabad,6,40691.54,0,0.0,0.0,0,0,33.82
2026-07-22,POS,Bengaluru,3,4785.12,0,0.0,0.0,0,0,38.83
2026-07-22,POS,Chennai,4,14817.84,0,0.0,0.0,0,0,31.47
2026-07-22,POS,Delhi,3,144202.66,1,140815.63,33.333,0,0,39.5
2026-07-22,POS,Hyderabad,4,4381.51,0,0.0,0.0,0,0,34.15
2026-07-22,POS,Jaipur,2,1013.11,1,129.8,50.0,0,0,29.5
2026-07-22,POS,Kochi,4,14489.09,0,0.0,0.0,0,0,22.25
2026-07-22,POS,Kolkata,4,13743.25,0,0.0,0.0,0,0,30.6
2026-07-22,POS,Mumbai,9,23252.67,0,0.0,0.0,0,0,25.52
2026-07-22,POS,Pune,5,11575.85,0,0.0,0.0,0,0,34.3
2026-07-22,RTGS,Ahmedabad,3,2562949.46,0,0.0,0.0,0,1,44.37
2026-07-22,RTGS,Bengaluru,2,1274933.43,0,0.0,0.0,0,0,33.25
2026-07-22,RTGS,Chennai,3,2730936.22,0,0.0,0.0,0,0,45.07
2026-07-22,RTGS,Hyderabad,2,1983792.49,0,0.0,0.0,0,0,35.0
2026-07-22,RTGS,Kochi,1,1285331.6,0,0.0,0.0,0,0,36.9
2026-07-22,RTGS,Kolkata,1,800792.72,0,0.0,0.0,0,0,30.9
2026-07-22,RTGS,Mumbai,2,1350235.39,0,0.0,0.0,0,1,52.35
2026-07-22,RTGS,Pune,2,2311290.5,0,0.0,0.0,0,0,33.95
2026-07-22,UPI,Ahmedabad,5,15959.3,0,0.0,0.0,0,0,27.1
2026-07-22,UPI,Bengaluru,8,31147.22,0,0.0,0.0,0,0,36.06
2026-07-22,UPI,Chennai,6,14260.44,0,0.0,0.0,0,0,39.2
2026-07-22,UPI,Delhi,4,18891.83,0,0.0,0.0,0,0,25.25
2026-07-22,UPI,Hyderabad,7,9762.44,0,0.0,0.0,0,0,17.09
2026-07-22,UPI,Jaipur,7,28240.84,0,0.0,0.0,0,0,28.31
2026-07-22,UPI,Kochi,6,4351.95,0,0.0,0.0,0,0,29.85
2026-07-22,UPI,Kolkata,4,12317.19,0,0.0,0.0,0,0,22.03
2026-07-22,UPI,Mumbai,5,7763.78,0,0.0,0.0,0,0,28.64
2026-07-22,UPI,Pune,4,13758.62,0,0.0,0.0,0,0,26.75
2026-07-23,ATM,Ahmedabad,2,9945.64,0,0.0,0.0,0,0,37.4
2026-07-23,ATM,Bengaluru,3,6949.89,0,0.0,0.0,0,0,22.6
2026-07-23,ATM,Chennai,5,6625.01,0,0.0,0.0,0,0,26.1
2026-07-23,ATM,Delhi,4,8896.56,0,0.0,0.0,0,0,22.6
2026-07-23,ATM,Hyderabad,1,3999.49,0,0.0,0.0,0,0,53.6
2026-07-23,ATM,Jaipur,4,7701.09,1,3592.82,25.0,0,0,27.68
2026-07-23,ATM,Kochi,2,3343.49,0,0.0,0.0,0,0,30.85
2026-07-23,ATM,Kolkata,2,5103.42,0,0.0,0.0,0,0,21.4
2026-07-23,ATM,Mumbai,3,750.35,0,0.0,0.0,0,0,44.47
2026-07-23,ATM,Pune,1,1381.22,0,0.0,0.0,0,0,19.7
2026-07-23,Branch,Chennai,1,1754.94,0,0.0,0.0,0,0,27.8
2026-07-23,Branch,Delhi,1,13677.81,0,0.0,0.0,0,1,71.3
2026-07-23,Branch,Jaipur,1,3618.47,0,0.0,0.0,0,0,45.7
2026-07-23,IMPS,Ahmedabad,1,404.56,0,0.0,0.0,0,0,11.3
2026-07-23,IMPS,Bengaluru,3,5655.97,0,0.0,0.0,0,0,21.7
2026-07-23,IMPS,Chennai,2,18991.64,0,0.0,0.0,0,0,37.25
2026-07-23,IMPS,Delhi,4,19457.3,0,0.0,0.0,0,0,41.23
2026-07-23,IMPS,Hyderabad,4,2133.11,0,0.0,0.0,0,0,10.85
2026-07-23,IMPS,Kochi,9,27932.75,0,0.0,0.0,0,0,33.6
2026-07-23,IMPS,Kolkata,2,4449.15,0,0.0,0.0,0,0,26.1
2026-07-23,IMPS,Mumbai,2,9464.91,0,0.0,0.0,0,0,56.2
2026-07-23,IMPS,Pune,4,36903.45,0,0.0,0.0,0,0,40.18
2026-07-23,Internet Banking,Ahmedabad,5,7033.32,0,0.0,0.0,0,0,28.46
2026-07-23,Internet Banking,Bengaluru,2,3627.97,0,0.0,0.0,0,0,45.3
2026-07-23,Internet Banking,Chennai,2,11354.04,0,0.0,0.0,0,0,26.45
2026-07-23,Internet Banking,Delhi,4,9945.55,0,0.0,0.0,0,0,20.62
2026-07-23,Internet Banking,Hyderabad,4,8048.17,0,0.0,0.0,0,0,29.38
2026-07-23,Internet Banking,Jaipur,3,15973.89,0,0.0,0.0,0,0,16.07
2026-07-23,Internet Banking,Kochi,5,9542.01,0,0.0,0.0,0,0,20.96
2026-07-23,Internet Banking,Kolkata,2,4860.37,0,0.0,0.0,0,0,50.2
2026-07-23,Internet Banking,Mumbai,3,3080.48,0,0.0,0.0,0,0,30.73
2026-07-23,Internet Banking,Pune,5,18013.13,0,0.0,0.0,0,0,38.78
2026-07-23,Mobile Banking,Ahmedabad,8,58006.92,0,0.0,0.0,0,0,28.79
2026-07-23,Mobile Banking,Bengaluru,5,11240.55,0,0.0,0.0,0,0,37.44
2026-07-23,Mobile Banking,Chennai,1,1524.05,0,0.0,0.0,0,0,41.8
2026-07-23,Mobile Banking,Delhi,6,44448.0,0,0.0,0.0,0,1,37.9
2026-07-23,Mobile Banking,Hyderabad,5,8123.35,0,0.0,0.0,0,0,23.46
2026-07-23,Mobile Banking,Jaipur,4,7607.71,0,0.0,0.0,0,0,21.2
2026-07-23,Mobile Banking,Kochi,4,6737.62,0,0.0,0.0,0,0,34.75
2026-07-23,Mobile Banking,Kolkata,2,6942.39,0,0.0,0.0,0,0,39.25
2026-07-23,Mobile Banking,Mumbai,2,94153.31,1,91177.93,50.0,0,1,56.9
2026-07-23,Mobile Banking,Pune,9,16489.9,0,0.0,0.0,0,0,22.86
2026-07-23,NEFT,Ahmedabad,7,17424.25,0,0.0,0.0,0,0,23.99
2026-07-23,NEFT,Bengaluru,3,5311.88,0,0.0,0.0,0,0,21.53
2026-07-23,NEFT,Chennai,3,7684.05,0,0.0,0.0,0,0,48.8
2026-07-23,NEFT,Delhi,3,5025.77,0,0.0,0.0,0,0,25.83
2026-07-23,NEFT,Jaipur,1,1145.82,0,0.0,0.0,0,0,13.1
2026-07-23,NEFT,Kochi,1,4365.97,0,0.0,0.0,0,0,32.5
2026-07-23,NEFT,Kolkata,2,2847.26,0,0.0,0.0,0,0,15.9
2026-07-23,NEFT,Mumbai,3,12181.06,0,0.0,0.0,0,0,23.73
2026-07-23,NEFT,Pune,3,5652.37,0,0.0,0.0,0,0,19.27
2026-07-23,POS,Ahmedabad,6,15290.14,0,0.0,0.0,0,0,25.52
2026-07-23,POS,Bengaluru,6,15083.86,0,0.0,0.0,0,0,33.35
2026-07-23,POS,Chennai,3,3806.04,0,0.0,0.0,0,0,41.33
2026-07-23,POS,Delhi,1,6659.95,0,0.0,0.0,0,0,14.3
2026-07-23,POS,Hyderabad,9,26937.92,0,0.0,0.0,0,0,26.94
2026-07-23,POS,Jaipur,3,2118.22,1,474.46,33.333,0,1,47.23
2026-07-23,POS,Kochi,4,14013.15,0,0.0,0.0,0,0,23.62
2026-07-23,POS,Kolkata,3,5812.54,0,0.0,0.0,0,0,37.63
2026-07-23,POS,Mumbai,5,6268.77,0,0.0,0.0,0,0,19.3
2026-07-23,POS,Pune,4,8992.3,0,0.0,0.0,0,0,21.95
2026-07-23,RTGS,Bengaluru,3,2218475.9,1,126103.33,33.333,1,0,58.23
2026-07-23,RTGS,Chennai,2,2574675.87,0,0.0,0.0,0,0,50.95
2026-07-23,RTGS,Hyderabad,1,1363030.01,0,0.0,0.0,0,0,33.8
2026-07-23,RTGS,Jaipur,2,484162.87,1,147672.38,50.0,0,1,61.55
2026-07-23,RTGS,Kochi,2,2237474.03,0,0.0,0.0,0,0,50.2
2026-07-23,RTGS,Kolkata,2,1379519.85,0,0.0,0.0,0,0,52.85
2026-07-23,RTGS,Mumbai,4,3348549.58,1,396409.54,25.0,1,0,45.75
2026-07-23,RTGS,Pune,3,2211592.55,0,0.0,0.0,0,0,30.5
2026-07-23,UPI,Ahmedabad,8,40169.39,0,0.0,0.0,0,0,30.09
2026-07-23,UPI,Bengaluru,7,22678.47,0,0.0,0.0,0,0,32.11
2026-07-23,UPI,Chennai,15,27492.76,2,1359.78,13.333,1,0,36.51
2026-07-23,UPI,Delhi,5,12178.42,0,0.0,0.0,0,0,22.0
2026-07-23,UPI,Hyderabad,5,22613.2,0,0.0,0.0,0,0,32.52
2026-07-23,UPI,Jaipur,11,213936.9,1,198621.92,9.091,1,1,35.96
2026-07-23,UPI,Kochi,7,14196.25,0,0.0,0.0,0,0,21.7
2026-07-23,UPI,Kolkata,5,11305.85,0,0.0,0.0,0,0,30.18
2026-07-23,UPI,Mumbai,3,8300.75,0,0.0,0.0,0,0,25.2
2026-07-23,UPI,Pune,4,11635.0,0,0.0,0.0,0,0,36.62
2026-07-24,ATM,Ahmedabad,1,2317.4,0,0.0,0.0,0,0,9.0
2026-07-24,ATM,Bengaluru,2,9252.38,0,0.0,0.0,0,0,21.45
2026-07-24,ATM,Delhi,1,2900.54,0,0.0,0.0,0,0,54.0
2026-07-24,ATM,Hyderabad,5,13501.9,0,0.0,0.0,0,0,20.46
2026-07-24,ATM,Jaipur,2,4288.82,0,0.0,0.0,0,0,20.5
2026-07-24,ATM,Kochi,3,3746.18,0,0.0,0.0,0,0,19.0
2026-07-24,ATM,Kolkata,4,18996.54,0,0.0,0.0,0,0,32.93
2026-07-24,ATM,Mumbai,4,3180.43,0,0.0,0.0,0,0,26.55
2026-07-24,ATM,Pune,2,6444.56,0,0.0,0.0,0,0,29.6
2026-07-24,Branch,Ahmedabad,3,8459.58,0,0.0,0.0,0,0,29.03
2026-07-24,Branch,Delhi,3,7737.23,0,0.0,0.0,0,0,26.13
2026-07-24,Branch,Jaipur,2,4223.13,0,0.0,0.0,0,0,36.0
2026-07-24,Branch,Kolkata,1,518.49,0,0.0,0.0,0,0,49.5
2026-07-24,Branch,Pune,1,205.26,0,0.0,0.0,0,0,37.3
2026-07-24,IMPS,Ahmedabad,2,5023.01,0,0.0,0.0,0,0,21.45
2026-07-24,IMPS,Bengaluru,6,28602.91,0,0.0,0.0,0,0,35.87
2026-07-24,IMPS,Chennai,1,4388.16,0,0.0,0.0,0,0,26.8
2026-07-24,IMPS,Delhi,2,2482.9,0,0.0,0.0,0,0,35.4
2026-07-24,IMPS,Hyderabad,2,11334.85,0,0.0,0.0,0,0,44.0
2026-07-24,IMPS,Jaipur,4,10404.92,0,0.0,0.0,0,0,25.55
2026-07-24,IMPS,Kolkata,6,17823.78,0,0.0,0.0,0,0,33.15
2026-07-24,IMPS,Mumbai,5,6384.42,0,0.0,0.0,0,0,24.5
2026-07-24,IMPS,Pune,2,5413.49,0,0.0,0.0,0,0,18.25
2026-07-24,Internet Banking,Ahmedabad,2,9597.51,0,0.0,0.0,0,0,17.45
2026-07-24,Internet Banking,Bengaluru,3,9577.4,0,0.0,0.0,0,0,25.6
2026-07-24,Internet Banking,Chennai,6,13917.56,0,0.0,0.0,0,0,29.28
2026-07-24,Internet Banking,Delhi,4,18607.85,0,0.0,0.0,0,0,21.88
2026-07-24,Internet Banking,Hyderabad,2,1223.85,0,0.0,0.0,0,0,35.85
2026-07-24,Internet Banking,Jaipur,3,5577.74,0,0.0,0.0,0,0,31.2
2026-07-24,Internet Banking,Kochi,6,19634.44,0,0.0,0.0,0,0,35.95
2026-07-24,Internet Banking,Kolkata,5,13501.8,0,0.0,0.0,0,2,51.52
2026-07-24,Internet Banking,Mumbai,4,8944.36,0,0.0,0.0,0,0,27.1
2026-07-24,Internet Banking,Pune,1,1384.79,0,0.0,0.0,0,0,20.5
2026-07-24,Mobile Banking,Ahmedabad,4,8525.62,0,0.0,0.0,0,0,21.22
2026-07-24,Mobile Banking,Bengaluru,9,29612.78,0,0.0,0.0,0,0,33.12
2026-07-24,Mobile Banking,Chennai,5,13861.06,0,0.0,0.0,0,0,30.0
2026-07-24,Mobile Banking,Delhi,5,10217.4,0,0.0,0.0,0,0,28.68
2026-07-24,Mobile Banking,Hyderabad,4,15557.56,0,0.0,0.0,0,0,28.8
2026-07-24,Mobile Banking,Jaipur,7,34422.31,0,0.0,0.0,0,0,30.24
2026-07-24,Mobile Banking,Kochi,7,21204.75,0,0.0,0.0,0,0,25.89
2026-07-24,Mobile Banking,Kolkata,8,25618.57,0,0.0,0.0,0,0,27.24
2026-07-24,Mobile Banking,Mumbai,8,244663.38,1,227752.48,12.5,0,1,36.2
2026-07-24,Mobile Banking,Pune,1,295.94,0,0.0,0.0,0,0,9.5
2026-07-24,NEFT,Ahmedabad,3,3041.85,0,0.0,0.0,0,0,20.53
2026-07-24,NEFT,Bengaluru,1,857.55,0,0.0,0.0,0,0,18.5
2026-07-24,NEFT,Chennai,2,3636.04,0,0.0,0.0,0,0,38.3
2026-07-24,NEFT,Delhi,2,1938.11,0,0.0,0.0,0,0,18.75
2026-07-24,NEFT,Hyderabad,3,14571.44,0,0.0,0.0,0,0,29.6
2026-07-24,NEFT,Jaipur,4,1971.19,0,0.0,0.0,0,0,13.4
2026-07-24,NEFT,Kochi,3,7552.69,0,0.0,0.0,0,0,20.37
2026-07-24,NEFT,Mumbai,1,2390.41,0,0.0,0.0,0,0,47.3
2026-07-24,NEFT,Pune,3,5090.65,0,0.0,0.0,0,0,18.87
2026-07-24,POS,Ahmedabad,5,126645.03,1,108353.99,20.0,0,0,38.14
2026-07-24,POS,Bengaluru,2,1524.73,0,0.0,0.0,0,0,40.65
2026-07-24,POS,Chennai,2,3623.12,0,0.0,0.0,0,0,21.25
2026-07-24,POS,Delhi,9,32558.8,0,0.0,0.0,0,0,30.64
2026-07-24,POS,Hyderabad,7,16205.47,0,0.0,0.0,0,0,30.03
2026-07-24,POS,Jaipur,2,754.72,0,0.0,0.0,0,0,14.4
2026-07-24,POS,Kochi,2,13890.97,0,0.0,0.0,0,0,38.5
2026-07-24,POS,Kolkata,4,5951.7,0,0.0,0.0,0,0,30.07
2026-07-24,POS,Mumbai,5,11192.81,0,0.0,0.0,0,1,32.8
2026-07-24,POS,Pune,6,14508.22,0,0.0,0.0,0,0,28.45
2026-07-24,RTGS,Bengaluru,2,780462.86,0,0.0,0.0,0,0,42.0
2026-07-24,RTGS,Delhi,2,1654028.09,0,0.0,0.0,0,0,33.7
2026-07-24,RTGS,Hyderabad,1,533747.42,0,0.0,0.0,0,0,40.9
2026-07-24,RTGS,Kochi,2,1114933.97,0,0.0,0.0,0,0,44.15
2026-07-24,RTGS,Kolkata,1,1322007.96,0,0.0,0.0,0,0,32.7
2026-07-24,RTGS,Mumbai,1,452519.08,0,0.0,0.0,0,0,56.1
2026-07-24,RTGS,Pune,2,1553625.6,0,0.0,0.0,0,0,38.15
2026-07-24,UPI,Ahmedabad,11,18649.81,0,0.0,0.0,0,0,18.84
2026-07-24,UPI,Bengaluru,10,259128.1,1,222726.51,10.0,0,1,38.6
2026-07-24,UPI,Chennai,2,36388.41,0,0.0,0.0,0,0,32.75
2026-07-24,UPI,Delhi,6,9186.68,0,0.0,0.0,0,0,19.1
2026-07-24,UPI,Hyderabad,8,23172.93,0,0.0,0.0,0,0,28.36
2026-07-24,UPI,Jaipur,2,3844.5,0,0.0,0.0,0,0,32.25
2026-07-24,UPI,Kochi,4,8216.55,0,0.0,0.0,0,1,43.7
2026-07-24,UPI,Kolkata,6,23070.45,0,0.0,0.0,0,1,44.88
2026-07-24,UPI,Mumbai,7,498691.81,2,493461.47,28.571,1,1,39.41
2026-07-24,UPI,Pune,7,15518.31,0,0.0,0.0,0,0,30.16
2026-07-25,ATM,Ahmedabad,1,755.24,0,0.0,0.0,0,0,24.6
2026-07-25,ATM,Bengaluru,1,4374.59,0,0.0,0.0,0,0,45.9
2026-07-25,ATM,Chennai,2,36131.18,0,0.0,0.0,0,0,33.15
2026-07-25,ATM,Delhi,1,1910.41,0,0.0,0.0,0,0,21.3
2026-07-25,ATM,Hyderabad,3,3016.23,0,0.0,0.0,0,0,27.27
2026-07-25,ATM,Jaipur,1,571.56,0,0.0,0.0,0,0,29.2
2026-07-25,ATM,Kolkata,3,3875.65,0,0.0,0.0,0,0,26.4
2026-07-25,ATM,Mumbai,1,1568.08,0,0.0,0.0,0,0,40.7
2026-07-25,ATM,Pune,1,922.56,0,0.0,0.0,0,0,12.8
2026-07-25,Branch,Bengaluru,1,1271.16,0,0.0,0.0,0,0,12.9
2026-07-25,Branch,Chennai,1,11591.98,0,0.0,0.0,0,0,39.2
2026-07-25,Branch,Delhi,1,1777.78,0,0.0,0.0,0,0,20.6
2026-07-25,Branch,Hyderabad,1,570.37,0,0.0,0.0,0,0,54.6
2026-07-25,Branch,Jaipur,1,790.11,0,0.0,0.0,0,0,13.6
2026-07-25,Branch,Kochi,1,7355.0,0,0.0,0.0,0,0,47.5
2026-07-25,Branch,Kolkata,1,1440.07,0,0.0,0.0,0,0,49.3
2026-07-25,Branch,Pune,1,1115.2,0,0.0,0.0,0,1,66.8
2026-07-25,IMPS,Ahmedabad,3,23711.92,0,0.0,0.0,0,0,22.87
2026-07-25,IMPS,Bengaluru,1,5112.88,0,0.0,0.0,0,0,31.2
2026-07-25,IMPS,Chennai,4,11884.75,0,0.0,0.0,0,0,28.8
2026-07-25,IMPS,Delhi,1,1617.61,0,0.0,0.0,0,0,34.1
2026-07-25,IMPS,Hyderabad,1,271.28,0,0.0,0.0,0,0,13.2
2026-07-25,IMPS,Jaipur,2,5020.62,0,0.0,0.0,0,0,33.7
2026-07-25,IMPS,Kochi,3,67553.81,1,58124.5,33.333,0,0,35.7
2026-07-25,IMPS,Kolkata,2,2771.28,0,0.0,0.0,0,0,41.85
2026-07-25,IMPS,Mumbai,4,4036.43,0,0.0,0.0,0,0,17.68
2026-07-25,IMPS,Pune,3,6299.85,0,0.0,0.0,0,0,40.77
2026-07-25,Internet Banking,Ahmedabad,2,3547.9,0,0.0,0.0,0,0,24.6
2026-07-25,Internet Banking,Bengaluru,4,10519.17,0,0.0,0.0,0,0,26.62
2026-07-25,Internet Banking,Chennai,1,3037.25,0,0.0,0.0,0,0,18.9
2026-07-25,Internet Banking,Delhi,5,6522.36,0,0.0,0.0,0,0,20.2
2026-07-25,Internet Banking,Hyderabad,4,6883.39,0,0.0,0.0,0,0,23.88
2026-07-25,Internet Banking,Kochi,7,14398.22,0,0.0,0.0,0,0,24.13
2026-07-25,Internet Banking,Kolkata,2,2893.91,0,0.0,0.0,0,0,33.05
2026-07-25,Internet Banking,Pune,6,11124.67,0,0.0,0.0,0,0,28.3
2026-07-25,Mobile Banking,Ahmedabad,2,4062.66,0,0.0,0.0,0,0,25.9
2026-07-25,Mobile Banking,Bengaluru,6,12209.11,0,0.0,0.0,0,0,26.72
2026-07-25,Mobile Banking,Chennai,3,2514.07,0,0.0,0.0,0,0,11.83
2026-07-25,Mobile Banking,Delhi,8,16857.5,0,0.0,0.0,0,0,25.6
2026-07-25,Mobile Banking,Hyderabad,5,17749.48,0,0.0,0.0,0,0,34.9
2026-07-25,Mobile Banking,Jaipur,1,1890.75,0,0.0,0.0,0,0,9.0
2026-07-25,Mobile Banking,Kochi,9,51352.05,0,0.0,0.0,0,0,33.84
2026-07-25,Mobile Banking,Mumbai,5,12873.58,1,90.36,20.0,0,0,32.78
2026-07-25,Mobile Banking,Pune,5,11381.33,0,0.0,0.0,0,0,23.02
2026-07-25,NEFT,Ahmedabad,2,4232.47,0,0.0,0.0,0,0,42.05
2026-07-25,NEFT,Bengaluru,2,13378.94,0,0.0,0.0,0,0,49.95
2026-07-25,NEFT,Chennai,3,8034.28,0,0.0,0.0,0,0,32.2
2026-07-25,NEFT,Delhi,1,641.8,0,0.0,0.0,0,0,20.5
2026-07-25,NEFT,Hyderabad,6,10496.55,0,0.0,0.0,0,0,30.65
2026-07-25,NEFT,Jaipur,2,1895.42,0,0.0,0.0,0,0,23.2
2026-07-25,NEFT,Kochi,2,16474.84,0,0.0,0.0,0,0,37.4
2026-07-25,NEFT,Mumbai,4,20372.48,0,0.0,0.0,0,0,38.88
2026-07-25,NEFT,Pune,2,3242.81,0,0.0,0.0,0,0,40.75
2026-07-25,POS,Ahmedabad,4,10303.31,0,0.0,0.0,0,0,21.82
2026-07-25,POS,Bengaluru,4,10277.81,0,0.0,0.0,0,0,34.57
2026-07-25,POS,Chennai,3,19421.42,0,0.0,0.0,0,0,47.1
2026-07-25,POS,Delhi,4,6087.71,0,0.0,0.0,0,0,28.48
2026-07-25,POS,Hyderabad,6,10283.99,0,0.0,0.0,0,0,20.5
2026-07-25,POS,Jaipur,3,1895.27,0,0.0,0.0,0,0,11.17
2026-07-25,POS,Kochi,3,5454.4,0,0.0,0.0,0,0,29.73
2026-07-25,POS,Kolkata,2,2995.41,0,0.0,0.0,0,0,23.9
2026-07-25,POS,Mumbai,7,16042.76,0,0.0,0.0,0,0,31.49
2026-07-25,POS,Pune,3,9461.49,0,0.0,0.0,0,0,36.53
2026-07-25,RTGS,Ahmedabad,1,1288277.64,0,0.0,0.0,0,0,53.2
2026-07-25,RTGS,Bengaluru,1,1013564.65,0,0.0,0.0,0,0,37.7
2026-07-25,RTGS,Chennai,3,3570435.42,0,0.0,0.0,0,0,44.2
2026-07-25,RTGS,Delhi,1,383822.82,0,0.0,0.0,0,0,28.4
2026-07-25,RTGS,Hyderabad,2,2165400.16,0,0.0,0.0,0,1,62.7
2026-07-25,RTGS,Kochi,2,1754408.28,0,0.0,0.0,0,0,39.55
2026-07-25,RTGS,Kolkata,1,1297401.41,0,0.0,0.0,0,0,26.7
2026-07-25,RTGS,Mumbai,1,1406637.95,0,0.0,0.0,0,0,34.2
2026-07-25,RTGS,Pune,1,1263470.36,0,0.0,0.0,0,0,30.8
2026-07-25,UPI,Ahmedabad,8,42765.7,0,0.0,0.0,0,0,37.27
2026-07-25,UPI,Bengaluru,6,9663.58,0,0.0,0.0,0,0,28.02
2026-07-25,UPI,Chennai,1,6547.64,0,0.0,0.0,0,0,48.5
2026-07-25,UPI,Delhi,3,6938.21,0,0.0,0.0,0,0,39.97
2026-07-25,UPI,Hyderabad,10,27606.72,1,2416.87,10.0,0,1,25.27
2026-07-25,UPI,Jaipur,4,11162.5,0,0.0,0.0,0,0,27.77
2026-07-25,UPI,Kochi,5,15785.99,0,0.0,0.0,0,0,33.16
2026-07-25,UPI,Kolkata,2,4422.86,0,0.0,0.0,0,0,22.85
2026-07-25,UPI,Mumbai,3,2710.97,0,0.0,0.0,0,0,21.07
2026-07-25,UPI,Pune,6,18500.66,0,0.0,0.0,0,0,35.03
2026-07-26,ATM,Ahmedabad,5,11895.44,0,0.0,0.0,0,0,23.98
2026-07-26,ATM,Bengaluru,4,6652.66,0,0.0,0.0,0,0,33.68
2026-07-26,ATM,Chennai,3,9248.55,0,0.0,0.0,0,0,24.47
2026-07-26,ATM,Delhi,2,3374.47,0,0.0,0.0,0,0,33.2
2026-07-26,ATM,Hyderabad,1,8370.87,0,0.0,0.0,0,0,50.9
2026-07-26,ATM,Jaipur,5,8721.79,0,0.0,0.0,0,0,23.18
2026-07-26,ATM,Kochi,4,4968.83,0,0.0,0.0,0,0,21.95
2026-07-26,ATM,Kolkata,1,1600.62,0,0.0,0.0,0,0,33.8
2026-07-26,ATM,Mumbai,4,14963.43,0,0.0,0.0,0,0,21.27
2026-07-26,ATM,Pune,4,7416.05,0,0.0,0.0,0,0,25.45
2026-07-26,Branch,Ahmedabad,1,256.53,0,0.0,0.0,0,0,14.5
2026-07-26,Branch,Hyderabad,2,4921.1,0,0.0,0.0,0,0,35.35
2026-07-26,Branch,Jaipur,1,6665.03,0,0.0,0.0,0,0,34.6
2026-07-26,Branch,Kolkata,1,5801.23,0,0.0,0.0,0,0,47.6
2026-07-26,Branch,Pune,2,9664.96,0,0.0,0.0,0,0,30.25
2026-07-26,IMPS,Ahmedabad,2,4969.9,1,4790.34,50.0,1,0,56.15
2026-07-26,IMPS,Bengaluru,1,552.71,0,0.0,0.0,0,0,26.1
2026-07-26,IMPS,Chennai,3,3488.9,0,0.0,0.0,0,0,41.87
2026-07-26,IMPS,Delhi,4,11189.58,0,0.0,0.0,0,0,28.73
2026-07-26,IMPS,Jaipur,1,699.18,0,0.0,0.0,0,0,30.3
2026-07-26,IMPS,Kochi,5,174100.2,1,166801.78,20.0,0,0,40.02
2026-07-26,IMPS,Kolkata,1,353.1,0,0.0,0.0,0,0,26.9
2026-07-26,IMPS,Mumbai,2,7107.11,0,0.0,0.0,0,0,35.95
2026-07-26,IMPS,Pune,3,2528.88,0,0.0,0.0,0,0,33.5
2026-07-26,Internet Banking,Bengaluru,9,27041.64,0,0.0,0.0,0,1,30.59
2026-07-26,Internet Banking,Chennai,6,13647.21,0,0.0,0.0,0,0,30.78
2026-07-26,Internet Banking,Delhi,2,5541.28,0,0.0,0.0,0,0,28.8
2026-07-26,Internet Banking,Hyderabad,1,1420.98,0,0.0,0.0,0,0,24.3
2026-07-26,Internet Banking,Jaipur,5,18231.37,0,0.0,0.0,0,0,45.2
2026-07-26,Internet Banking,Kochi,5,18330.69,1,13796.74,20.0,1,0,38.82
2026-07-26,Internet Banking,Kolkata,4,8834.11,0,0.0,0.0,0,0,33.05
2026-07-26,Internet Banking,Mumbai,5,11836.13,0,0.0,0.0,0,0,23.26
2026-07-26,Internet Banking,Pune,3,8609.61,0,0.0,0.0,0,0,25.7
2026-07-26,Mobile Banking,Ahmedabad,3,8373.5,0,0.0,0.0,0,0,24.93
2026-07-26,Mobile Banking,Bengaluru,3,8573.62,0,0.0,0.0,0,0,37.43
2026-07-26,Mobile Banking,Chennai,2,5104.1,0,0.0,0.0,0,0,28.6
2026-07-26,Mobile Banking,Delhi,2,3644.0,0,0.0,0.0,0,0,20.0
2026-07-26,Mobile Banking,Hyderabad,2,3452.74,0,0.0,0.0,0,0,16.3
2026-07-26,Mobile Banking,Jaipur,1,466.63,0,0.0,0.0,0,0,32.4
2026-07-26,Mobile Banking,Kochi,4,3214.47,0,0.0,0.0,0,0,23.95
2026-07-26,Mobile Banking,Kolkata,4,24174.21,0,0.0,0.0,0,0,29.2
2026-07-26,Mobile Banking,Mumbai,5,14197.54,0,0.0,0.0,0,0,31.34
2026-07-26,Mobile Banking,Pune,7,347652.04,1,321144.19,14.286,0,0,35.37
2026-07-26,NEFT,Ahmedabad,1,1159.5,0,0.0,0.0,0,0,39.8
2026-07-26,NEFT,Bengaluru,1,1181.82,0,0.0,0.0,0,0,33.8
2026-07-26,NEFT,Chennai,5,342724.06,1,333464.48,20.0,1,0,33.04
2026-07-26,NEFT,Delhi,3,3555.48,0,0.0,0.0,0,0,29.03
2026-07-26,NEFT,Hyderabad,3,2728.95,0,0.0,0.0,0,0,19.67
2026-07-26,NEFT,Jaipur,1,1411.32,0,0.0,0.0,0,0,38.3
2026-07-26,NEFT,Kochi,3,8368.08,0,0.0,0.0,0,0,29.57
2026-07-26,NEFT,Kolkata,3,13225.42,0,0.0,0.0,0,0,38.57
2026-07-26,NEFT,Mumbai,2,8224.06,0,0.0,0.0,0,0,35.65
2026-07-26,NEFT,Pune,1,473.16,0,0.0,0.0,0,0,18.0
2026-07-26,POS,Bengaluru,3,9151.41,0,0.0,0.0,0,0,49.43
2026-07-26,POS,Chennai,4,7003.52,0,0.0,0.0,0,0,27.75
2026-07-26,POS,Delhi,2,1871.84,0,0.0,0.0,0,0,12.25
2026-07-26,POS,Hyderabad,4,20427.45,0,0.0,0.0,0,0,27.67
2026-07-26,POS,Jaipur,6,15291.21,0,0.0,0.0,0,1,38.35
2026-07-26,POS,Kochi,3,5708.54,0,0.0,0.0,0,0,18.27
2026-07-26,POS,Kolkata,1,4692.23,0,0.0,0.0,0,0,17.6
2026-07-26,POS,Mumbai,10,37685.18,0,0.0,0.0,0,0,34.91
2026-07-26,POS,Pune,3,3903.96,0,0.0,0.0,0,1,31.37
2026-07-26,RTGS,Ahmedabad,1,881640.37,0,0.0,0.0,0,0,57.0
2026-07-26,RTGS,Bengaluru,4,2424380.33,0,0.0,0.0,0,0,42.7
2026-07-26,RTGS,Hyderabad,3,2286717.18,0,0.0,0.0,0,0,39.43
2026-07-26,RTGS,Jaipur,2,1265552.08,0,0.0,0.0,0,0,47.1
2026-07-26,RTGS,Kochi,1,473068.44,0,0.0,0.0,0,0,31.5
2026-07-26,RTGS,Kolkata,2,1502524.51,0,0.0,0.0,0,0,39.1
2026-07-26,RTGS,Mumbai,2,2031863.44,0,0.0,0.0,0,0,44.7
2026-07-26,RTGS,Pune,1,1302898.92,0,0.0,0.0,0,0,45.3
2026-07-26,UPI,Ahmedabad,8,12329.66,0,0.0,0.0,0,0,20.26
2026-07-26,UPI,Bengaluru,4,6881.48,0,0.0,0.0,0,0,29.15
2026-07-26,UPI,Chennai,3,9221.51,0,0.0,0.0,0,0,32.87
2026-07-26,UPI,Delhi,3,7129.23,0,0.0,0.0,0,0,38.53
2026-07-26,UPI,Hyderabad,6,160839.34,1,135261.97,16.667,0,1,46.92
2026-07-26,UPI,Jaipur,5,13322.29,0,0.0,0.0,0,0,28.1
2026-07-26,UPI,Kochi,3,2963.23,0,0.0,0.0,0,0,11.87
2026-07-26,UPI,Kolkata,8,10953.55,0,0.0,0.0,0,0,29.21
2026-07-26,UPI,Mumbai,5,22839.37,0,0.0,0.0,0,0,44.82
2026-07-26,UPI,Pune,14,34808.56,1,2486.48,7.143,0,1,32.24
2026-07-27,ATM,Ahmedabad,3,6108.59,0,0.0,0.0,0,0,25.47
2026-07-27,ATM,Bengaluru,5,10064.25,0,0.0,0.0,0,0,36.58
2026-07-27,ATM,Chennai,3,5199.1,0,0.0,0.0,0,0,35.87
2026-07-27,ATM,Delhi,4,9749.7,0,0.0,0.0,0,0,24.1
2026-07-27,ATM,Hyderabad,5,22071.21,1,8586.72,20.0,0,1,39.7
2026-07-27,ATM,Jaipur,4,12085.68,0,0.0,0.0,0,1,31.95
2026-07-27,ATM,Kochi,4,15706.29,0,0.0,0.0,0,0,32.98
2026-07-27,ATM,Kolkata,3,3846.0,0,0.0,0.0,0,0,24.47
2026-07-27,ATM,Mumbai,4,206133.59,1,197470.93,25.0,1,1,53.82
2026-07-27,Branch,Bengaluru,3,3878.88,0,0.0,0.0,0,0,35.6
2026-07-27,Branch,Delhi,2,6177.85,0,0.0,0.0,0,0,35.95
2026-07-27,Branch,Hyderabad,1,3711.93,0,0.0,0.0,0,0,27.8
2026-07-27,Branch,Jaipur,1,2709.18,0,0.0,0.0,0,0,36.4
2026-07-27,Branch,Kolkata,2,3212.33,0,0.0,0.0,0,0,28.65
2026-07-27,Branch,Mumbai,2,3191.71,0,0.0,0.0,0,0,25.4
2026-07-27,IMPS,Ahmedabad,1,855.84,0,0.0,0.0,0,0,40.3
2026-07-27,IMPS,Bengaluru,3,2356.35,0,0.0,0.0,0,0,22.93
2026-07-27,IMPS,Chennai,1,423.7,0,0.0,0.0,0,0,18.0
2026-07-27,IMPS,Delhi,1,769.98,0,0.0,0.0,0,0,12.7
2026-07-27,IMPS,Hyderabad,2,2142.61,0,0.0,0.0,0,0,36.05
2026-07-27,IMPS,Jaipur,2,7311.09,0,0.0,0.0,0,0,40.1
2026-07-27,IMPS,Kochi,2,5457.34,1,4727.81,50.0,0,0,51.25
2026-07-27,IMPS,Kolkata,4,10611.61,0,0.0,0.0,0,0,22.25
2026-07-27,IMPS,Mumbai,3,6043.89,0,0.0,0.0,0,0,31.87
2026-07-27,IMPS,Pune,1,6388.85,0,0.0,0.0,0,0,21.2
2026-07-27,Internet Banking,Ahmedabad,2,4544.84,0,0.0,0.0,0,0,22.2
2026-07-27,Internet Banking,Bengaluru,8,31098.12,0,0.0,0.0,0,0,38.64
2026-07-27,Internet Banking,Chennai,1,3489.03,0,0.0,0.0,0,0,33.5
2026-07-27,Internet Banking,Delhi,4,12307.47,0,0.0,0.0,0,0,36.22
2026-07-27,Internet Banking,Hyderabad,4,7318.22,0,0.0,0.0,0,0,22.52
2026-07-27,Internet Banking,Jaipur,1,1627.98,0,0.0,0.0,0,0,33.3
2026-07-27,Internet Banking,Kochi,6,229172.8,1,203493.92,16.667,0,1,38.18
2026-07-27,Internet Banking,Kolkata,3,5297.12,0,0.0,0.0,0,0,28.1
2026-07-27,Internet Banking,Mumbai,5,17952.34,0,0.0,0.0,0,0,38.12
2026-07-27,Internet Banking,Pune,4,15428.1,0,0.0,0.0,0,0,27.62
2026-07-27,Mobile Banking,Ahmedabad,7,30865.0,0,0.0,0.0,0,0,26.64
2026-07-27,Mobile Banking,Bengaluru,2,2921.33,0,0.0,0.0,0,0,40.3
2026-07-27,Mobile Banking,Chennai,1,370.25,0,0.0,0.0,0,0,17.0
2026-07-27,Mobile Banking,Delhi,5,12761.79,0,0.0,0.0,0,0,22.22
2026-07-27,Mobile Banking,Hyderabad,5,13697.22,0,0.0,0.0,0,0,22.56
2026-07-27,Mobile Banking,Jaipur,2,2836.98,0,0.0,0.0,0,0,28.8
2026-07-27,Mobile Banking,Kochi,6,16988.7,0,0.0,0.0,0,0,43.28
2026-07-27,Mobile Banking,Kolkata,3,12138.0,0,0.0,0.0,0,0,45.27
2026-07-27,Mobile Banking,Mumbai,7,14313.4,0,0.0,0.0,0,0,28.43
2026-07-27,Mobile Banking,Pune,4,36162.04,0,0.0,0.0,0,0,23.38
2026-07-27,NEFT,Bengaluru,2,3259.8,0,0.0,0.0,0,0,31.95
2026-07-27,NEFT,Chennai,1,1037.22,0,0.0,0.0,0,0,12.2
2026-07-27,NEFT,Delhi,1,876.54,0,0.0,0.0,0,0,34.5
2026-07-27,NEFT,Hyderabad,4,12615.72,0,0.0,0.0,0,0,22.73
2026-07-27,NEFT,Jaipur,1,811.36,0,0.0,0.0,0,0,14.0
2026-07-27,NEFT,Kolkata,4,6266.21,0,0.0,0.0,0,0,20.38
2026-07-27,NEFT,Mumbai,1,723.72,0,0.0,0.0,0,0,34.0
2026-07-27,NEFT,Pune,3,16708.49,0,0.0,0.0,0,0,27.73
2026-07-27,POS,Ahmedabad,4,4785.45,0,0.0,0.0,0,0,24.9
2026-07-27,POS,Bengaluru,4,13303.52,0,0.0,0.0,0,0,32.73
2026-07-27,POS,Chennai,4,4531.86,1,1653.32,25.0,0,0,33.55
2026-07-27,POS,Delhi,3,8146.65,0,0.0,0.0,0,0,17.77
2026-07-27,POS,Hyderabad,6,45592.09,0,0.0,0.0,0,0,32.73
2026-07-27,POS,Jaipur,5,15944.56,0,0.0,0.0,0,0,26.82
2026-07-27,POS,Kochi,5,9205.93,0,0.0,0.0,0,0,23.2
2026-07-27,POS,Kolkata,4,5956.16,0,0.0,0.0,0,0,35.45
2026-07-27,POS,Mumbai,4,10192.99,0,0.0,0.0,0,0,23.95
2026-07-27,POS,Pune,3,8926.1,0,0.0,0.0,0,0,36.47
2026-07-27,RTGS,Bengaluru,1,1419432.79,0,0.0,0.0,0,0,38.1
2026-07-27,RTGS,Delhi,1,889829.35,0,0.0,0.0,0,0,37.5
2026-07-27,RTGS,Hyderabad,1,481125.19,0,0.0,0.0,0,0,31.0
2026-07-27,RTGS,Jaipur,3,2600248.53,0,0.0,0.0,0,0,38.0
2026-07-27,RTGS,Kochi,2,652440.57,0,0.0,0.0,0,0,46.7
2026-07-27,RTGS,Pune,2,1993330.64,0,0.0,0.0,0,0,41.3
2026-07-27,UPI,Ahmedabad,5,11687.14,1,51.6,20.0,0,0,39.84
2026-07-27,UPI,Bengaluru,11,22969.96,0,0.0,0.0,0,1,26.48
2026-07-27,UPI,Chennai,10,36842.45,0,0.0,0.0,0,0,21.57
2026-07-27,UPI,Delhi,5,7304.51,0,0.0,0.0,0,0,27.56
2026-07-27,UPI,Hyderabad,8,15761.96,0,0.0,0.0,0,1,37.02
2026-07-27,UPI,Jaipur,6,22785.72,0,0.0,0.0,0,0,24.73
2026-07-27,UPI,Kochi,10,21785.04,0,0.0,0.0,0,0,30.28
2026-07-27,UPI,Kolkata,3,51650.26,0,0.0,0.0,0,1,50.17
2026-07-27,UPI,Mumbai,1,6709.62,0,0.0,0.0,0,0,31.2
2026-07-27,UPI,Pune,6,16299.78,0,0.0,0.0,0,0,20.22
2026-07-28,ATM,Ahmedabad,2,5531.19,0,0.0,0.0,0,0,47.2
2026-07-28,ATM,Bengaluru,3,3998.37,0,0.0,0.0,0,0,27.97
2026-07-28,ATM,Chennai,6,16010.21,0,0.0,0.0,0,0,42.15
2026-07-28,ATM,Delhi,3,1858.36,0,0.0,0.0,0,0,26.6
2026-07-28,ATM,Hyderabad,3,5896.87,0,0.0,0.0,0,0,33.13
2026-07-28,ATM,Jaipur,3,3905.75,0,0.0,0.0,0,0,28.97
2026-07-28,ATM,Kochi,8,19033.19,0,0.0,0.0,0,0,31.23
2026-07-28,ATM,Kolkata,1,10663.6,0,0.0,0.0,0,0,34.9
2026-07-28,ATM,Mumbai,3,13116.09,0,0.0,0.0,0,2,55.4
2026-07-28,ATM,Pune,3,10384.56,0,0.0,0.0,0,0,23.63
2026-07-28,Branch,Bengaluru,2,3382.51,0,0.0,0.0,0,0,20.8
2026-07-28,Branch,Chennai,3,5168.41,0,0.0,0.0,0,0,32.4
2026-07-28,Branch,Hyderabad,2,13733.3,0,0.0,0.0,0,0,36.25
2026-07-28,Branch,Kochi,1,5811.41,0,0.0,0.0,0,0,61.3
2026-07-28,Branch,Kolkata,1,886.29,0,0.0,0.0,0,0,12.7
2026-07-28,IMPS,Ahmedabad,2,29852.97,0,0.0,0.0,0,0,36.65
2026-07-28,IMPS,Bengaluru,4,14820.49,0,0.0,0.0,0,0,35.77
2026-07-28,IMPS,Chennai,3,6595.71,0,0.0,0.0,0,0,32.13
2026-07-28,IMPS,Delhi,1,836.95,0,0.0,0.0,0,0,11.0
2026-07-28,IMPS,Hyderabad,1,1699.97,0,0.0,0.0,0,0,26.7
2026-07-28,IMPS,Kolkata,1,1132.89,0,0.0,0.0,0,0,15.6
2026-07-28,IMPS,Mumbai,3,3254.78,0,0.0,0.0,0,0,36.57
2026-07-28,IMPS,Pune,2,2444.36,0,0.0,0.0,0,0,40.9
2026-07-28,Internet Banking,Ahmedabad,6,576441.97,1,570328.16,16.667,0,0,31.57
2026-07-28,Internet Banking,Bengaluru,1,1046.25,0,0.0,0.0,0,0,17.1
2026-07-28,Internet Banking,Chennai,2,8487.35,0,0.0,0.0,0,0,40.15
2026-07-28,Internet Banking,Delhi,6,29892.13,0,0.0,0.0,0,0,27.23
2026-07-28,Internet Banking,Hyderabad,2,2116.4,0,0.0,0.0,0,0,43.5
2026-07-28,Internet Banking,Jaipur,4,20158.65,0,0.0,0.0,0,0,22.62
2026-07-28,Internet Banking,Kochi,6,9432.69,1,975.28,16.667,0,1,37.85
2026-07-28,Internet Banking,Kolkata,2,3172.68,0,0.0,0.0,0,0,34.95
2026-07-28,Internet Banking,Mumbai,1,2102.02,0,0.0,0.0,0,0,33.8
2026-07-28,Internet Banking,Pune,7,27143.94,0,0.0,0.0,0,0,30.63
2026-07-28,Mobile Banking,Ahmedabad,3,6790.01,0,0.0,0.0,0,0,25.17
2026-07-28,Mobile Banking,Bengaluru,4,8092.52,0,0.0,0.0,0,0,15.7
2026-07-28,Mobile Banking,Chennai,3,5556.29,0,0.0,0.0,0,0,22.93
2026-07-28,Mobile Banking,Delhi,3,4486.62,0,0.0,0.0,0,0,27.3
2026-07-28,Mobile Banking,Hyderabad,4,9806.86,0,0.0,0.0,0,0,28.3
2026-07-28,Mobile Banking,Jaipur,3,6501.34,0,0.0,0.0,0,0,25.93
2026-07-28,Mobile Banking,Kochi,3,8322.08,0,0.0,0.0,0,0,33.87
2026-07-28,Mobile Banking,Kolkata,2,1246.96,0,0.0,0.0,0,0,10.2
2026-07-28,Mobile Banking,Mumbai,6,8101.41,0,0.0,0.0,0,1,34.35
2026-07-28,Mobile Banking,Pune,4,7898.23,0,0.0,0.0,0,0,30.48
2026-07-28,NEFT,Ahmedabad,2,9500.36,0,0.0,0.0,0,0,25.65
2026-07-28,NEFT,Bengaluru,2,2516.86,0,0.0,0.0,0,0,13.05
2026-07-28,NEFT,Chennai,2,3632.5,0,0.0,0.0,0,0,38.2
2026-07-28,NEFT,Delhi,2,10245.1,1,1597.04,50.0,0,1,47.3
2026-07-28,NEFT,Hyderabad,2,5378.61,0,0.0,0.0,0,0,35.5
2026-07-28,NEFT,Jaipur,4,15844.32,0,0.0,0.0,0,0,27.7
2026-07-28,NEFT,Kochi,5,15672.83,0,0.0,0.0,0,0,40.74
2026-07-28,NEFT,Kolkata,4,8039.72,0,0.0,0.0,0,0,30.35
2026-07-28,NEFT,Mumbai,2,3885.78,0,0.0,0.0,0,0,28.35
2026-07-28,NEFT,Pune,3,8076.47,0,0.0,0.0,0,0,35.13
2026-07-28,POS,Ahmedabad,4,6506.62,1,1315.93,25.0,0,0,32.98
2026-07-28,POS,Bengaluru,7,27992.41,0,0.0,0.0,0,0,38.26
2026-07-28,POS,Chennai,3,7838.75,0,0.0,0.0,0,0,31.3
2026-07-28,POS,Delhi,4,12961.36,0,0.0,0.0,0,0,25.82
2026-07-28,POS,Hyderabad,3,3392.45,0,0.0,0.0,0,0,25.97
2026-07-28,POS,Jaipur,4,11615.69,0,0.0,0.0,0,0,31.9
2026-07-28,POS,Kochi,3,13171.01,0,0.0,0.0,0,0,36.97
2026-07-28,POS,Kolkata,4,20478.85,0,0.0,0.0,0,0,30.25
2026-07-28,POS,Mumbai,1,1020.66,0,0.0,0.0,0,0,33.2
2026-07-28,POS,Pune,4,19080.83,0,0.0,0.0,0,0,19.35
2026-07-28,RTGS,Ahmedabad,1,403293.32,0,0.0,0.0,0,0,29.2
2026-07-28,RTGS,Bengaluru,1,1018390.12,0,0.0,0.0,0,1,67.8
2026-07-28,RTGS,Chennai,4,3267315.18,0,0.0,0.0,0,0,31.85
2026-07-28,RTGS,Delhi,3,2633444.96,0,0.0,0.0,0,0,37.03
2026-07-28,RTGS,Hyderabad,2,1433666.96,0,0.0,0.0,0,0,41.45
2026-07-28,RTGS,Kochi,2,1982100.68,0,0.0,0.0,0,0,40.25
2026-07-28,RTGS,Kolkata,1,937437.15,0,0.0,0.0,0,0,25.2
2026-07-28,RTGS,Mumbai,1,1107560.69,0,0.0,0.0,0,0,26.3
2026-07-28,RTGS,Pune,1,319395.28,0,0.0,0.0,0,0,49.6
2026-07-28,UPI,Ahmedabad,6,12829.59,0,0.0,0.0,0,0,27.9
2026-07-28,UPI,Bengaluru,8,24553.71,0,0.0,0.0,0,0,25.5
2026-07-28,UPI,Chennai,5,12109.66,0,0.0,0.0,0,0,26.76
2026-07-28,UPI,Delhi,4,104224.8,1,87716.23,25.0,0,0,42.7
2026-07-28,UPI,Hyderabad,8,19078.43,0,0.0,0.0,0,0,32.34
2026-07-28,UPI,Jaipur,3,18220.22,0,0.0,0.0,0,0,22.6
2026-07-28,UPI,Kochi,8,8865.13,0,0.0,0.0,0,0,28.23
2026-07-28,UPI,Kolkata,10,31273.28,0,0.0,0.0,0,1,27.19
2026-07-28,UPI,Mumbai,2,2917.26,0,0.0,0.0,0,0,22.85
2026-07-28,UPI,Pune,10,27140.15,0,0.0,0.0,0,1,29.73
2026-07-29,ATM,Ahmedabad,4,21246.41,0,0.0,0.0,0,0,32.52
2026-07-29,ATM,Bengaluru,6,12934.38,0,0.0,0.0,0,0,29.3
2026-07-29,ATM,Chennai,4,25219.34,0,0.0,0.0,0,0,25.35
2026-07-29,ATM,Delhi,1,1465.61,0,0.0,0.0,0,0,34.4
2026-07-29,ATM,Hyderabad,3,10060.6,0,0.0,0.0,0,0,31.13
2026-07-29,ATM,Jaipur,3,9216.5,0,0.0,0.0,0,0,45.0
2026-07-29,ATM,Kochi,3,1801.61,0,0.0,0.0,0,0,11.77
2026-07-29,ATM,Kolkata,2,11179.47,0,0.0,0.0,0,0,26.65
2026-07-29,ATM,Mumbai,1,311.66,0,0.0,0.0,0,0,32.1
2026-07-29,ATM,Pune,3,1659.2,0,0.0,0.0,0,0,20.6
2026-07-29,Branch,Ahmedabad,3,3829.15,0,0.0,0.0,0,0,24.47
2026-07-29,Branch,Bengaluru,2,3098.71,0,0.0,0.0,0,0,26.45
2026-07-29,Branch,Chennai,1,1629.17,0,0.0,0.0,0,0,33.9
2026-07-29,Branch,Delhi,1,792.63,0,0.0,0.0,0,0,39.2
2026-07-29,Branch,Mumbai,1,366.78,0,0.0,0.0,0,0,15.0
2026-07-29,Branch,Pune,1,699.06,0,0.0,0.0,0,0,13.2
2026-07-29,IMPS,Bengaluru,3,1814.09,0,0.0,0.0,0,0,14.33
2026-07-29,IMPS,Chennai,2,11812.34,0,0.0,0.0,0,0,36.2
2026-07-29,IMPS,Delhi,1,1750.32,0,0.0,0.0,0,0,45.1
2026-07-29,IMPS,Hyderabad,2,4886.61,0,0.0,0.0,0,0,30.15
2026-07-29,IMPS,Jaipur,3,4856.07,0,0.0,0.0,0,0,33.37
2026-07-29,IMPS,Kochi,1,8619.93,0,0.0,0.0,0,0,51.8
2026-07-29,IMPS,Kolkata,3,28993.04,0,0.0,0.0,0,0,35.3
2026-07-29,IMPS,Pune,3,2132.9,0,0.0,0.0,0,0,34.07
2026-07-29,Internet Banking,Ahmedabad,2,8285.12,0,0.0,0.0,0,0,29.35
2026-07-29,Internet Banking,Bengaluru,2,13842.21,0,0.0,0.0,0,0,37.05
2026-07-29,Internet Banking,Chennai,3,7154.82,0,0.0,0.0,0,0,31.93
2026-07-29,Internet Banking,Delhi,2,14046.12,0,0.0,0.0,0,0,31.0
2026-07-29,Internet Banking,Hyderabad,6,36164.46,0,0.0,0.0,0,0,28.47
2026-07-29,Internet Banking,Jaipur,1,1212.3,1,1212.3,100.0,0,1,83.8
2026-07-29,Internet Banking,Kochi,3,18049.75,0,0.0,0.0,0,1,36.03
2026-07-29,Internet Banking,Kolkata,2,3643.43,0,0.0,0.0,0,0,33.25
2026-07-29,Internet Banking,Mumbai,3,6280.59,0,0.0,0.0,0,0,22.5
2026-07-29,Internet Banking,Pune,4,27210.59,0,0.0,0.0,0,1,41.25
2026-07-29,Mobile Banking,Ahmedabad,2,4329.69,0,0.0,0.0,0,0,26.05
2026-07-29,Mobile Banking,Bengaluru,6,23421.63,0,0.0,0.0,0,0,26.53
2026-07-29,Mobile Banking,Chennai,6,14303.54,0,0.0,0.0,0,0,30.22
2026-07-29,Mobile Banking,Delhi,4,6652.04,0,0.0,0.0,0,1,31.08
2026-07-29,Mobile Banking,Hyderabad,8,46285.66,1,17.05,12.5,0,0,32.11
2026-07-29,Mobile Banking,Jaipur,7,27618.55,0,0.0,0.0,0,0,20.84
2026-07-29,Mobile Banking,Kochi,9,17110.7,0,0.0,0.0,0,0,25.53
2026-07-29,Mobile Banking,Kolkata,1,735.81,0,0.0,0.0,0,0,27.7
2026-07-29,Mobile Banking,Mumbai,7,14646.42,0,0.0,0.0,0,0,33.43
2026-07-29,Mobile Banking,Pune,7,15235.35,0,0.0,0.0,0,0,31.09
2026-07-29,NEFT,Ahmedabad,3,5949.12,0,0.0,0.0,0,0,16.2
2026-07-29,NEFT,Bengaluru,1,860.56,0,0.0,0.0,0,0,27.1
2026-07-29,NEFT,Chennai,3,3223.94,0,0.0,0.0,0,0,28.87
2026-07-29,NEFT,Delhi,1,3700.98,0,0.0,0.0,0,1,67.7
2026-07-29,NEFT,Jaipur,2,4367.44,0,0.0,0.0,0,0,20.2
2026-07-29,NEFT,Kochi,1,425.26,0,0.0,0.0,0,0,18.9
2026-07-29,NEFT,Kolkata,3,8504.7,0,0.0,0.0,0,0,31.3
2026-07-29,NEFT,Mumbai,2,3474.29,0,0.0,0.0,0,0,37.9
2026-07-29,NEFT,Pune,2,8392.62,0,0.0,0.0,0,0,38.6
2026-07-29,POS,Ahmedabad,5,14530.87,0,0.0,0.0,0,0,34.44
2026-07-29,POS,Bengaluru,4,16126.05,0,0.0,0.0,0,0,22.22
2026-07-29,POS,Chennai,6,26565.16,0,0.0,0.0,0,0,35.17
2026-07-29,POS,Delhi,6,10594.13,0,0.0,0.0,0,0,22.93
2026-07-29,POS,Hyderabad,6,11559.84,1,49.16,16.667,0,0,34.38
2026-07-29,POS,Jaipur,2,2428.44,0,0.0,0.0,0,0,29.05
2026-07-29,POS,Kochi,5,9744.87,0,0.0,0.0,0,0,25.08
2026-07-29,POS,Kolkata,2,1073.47,0,0.0,0.0,0,0,12.65
2026-07-29,POS,Mumbai,1,5600.62,0,0.0,0.0,0,0,14.3
2026-07-29,POS,Pune,5,27726.9,0,0.0,0.0,0,1,35.8
2026-07-29,RTGS,Ahmedabad,1,1142052.11,0,0.0,0.0,0,0,34.9
2026-07-29,RTGS,Chennai,2,1145932.67,0,0.0,0.0,0,0,35.7
2026-07-29,RTGS,Jaipur,2,1235357.56,1,518748.87,50.0,1,0,72.4
2026-07-29,RTGS,Kochi,1,1049408.7,0,0.0,0.0,0,0,53.9
2026-07-29,RTGS,Pune,3,3073970.15,0,0.0,0.0,0,0,47.77
2026-07-29,UPI,Ahmedabad,4,8584.5,0,0.0,0.0,0,0,30.62
2026-07-29,UPI,Bengaluru,9,24999.15,0,0.0,0.0,0,0,33.09
2026-07-29,UPI,Chennai,3,8188.59,0,0.0,0.0,0,1,43.4
2026-07-29,UPI,Delhi,6,12593.96,0,0.0,0.0,0,0,24.13
2026-07-29,UPI,Hyderabad,5,75792.64,1,71557.81,20.0,0,1,47.32
2026-07-29,UPI,Jaipur,5,12634.44,0,0.0,0.0,0,0,32.78
2026-07-29,UPI,Kochi,6,37968.53,1,12586.41,16.667,1,0,44.35
2026-07-29,UPI,Kolkata,3,3996.22,0,0.0,0.0,0,0,28.93
2026-07-29,UPI,Mumbai,6,10003.94,0,0.0,0.0,0,0,27.18
2026-07-29,UPI,Pune,5,36754.09,0,0.0,0.0,0,0,27.8
2026-07-30,ATM,Ahmedabad,5,16404.68,0,0.0,0.0,0,0,28.28
2026-07-30,ATM,Bengaluru,2,2254.65,0,0.0,0.0,0,0,29.2
2026-07-30,ATM,Chennai,1,1260.94,0,0.0,0.0,0,0,11.2
2026-07-30,ATM,Delhi,1,871.3,0,0.0,0.0,0,0,15.1
2026-07-30,ATM,Hyderabad,4,5805.11,0,0.0,0.0,0,0,24.95
2026-07-30,ATM,Jaipur,1,5176.03,0,0.0,0.0,0,0,32.1
2026-07-30,ATM,Kochi,1,913.67,0,0.0,0.0,0,0,10.9
2026-07-30,ATM,Kolkata,5,10059.55,0,0.0,0.0,0,0,20.88
2026-07-30,ATM,Mumbai,2,8540.95,0,0.0,0.0,0,0,35.3
2026-07-30,ATM,Pune,3,20908.44,0,0.0,0.0,0,0,25.27
2026-07-30,Branch,Ahmedabad,1,1387.22,0,0.0,0.0,0,0,32.3
2026-07-30,Branch,Delhi,1,168.96,0,0.0,0.0,0,0,13.0
2026-07-30,Branch,Hyderabad,1,788.92,0,0.0,0.0,0,0,23.0
2026-07-30,Branch,Jaipur,1,4020.61,0,0.0,0.0,0,0,11.6
2026-07-30,Branch,Kolkata,2,4407.44,0,0.0,0.0,0,0,23.45
2026-07-30,IMPS,Ahmedabad,5,18442.08,0,0.0,0.0,0,0,26.48
2026-07-30,IMPS,Bengaluru,4,7343.28,0,0.0,0.0,0,0,22.77
2026-07-30,IMPS,Chennai,4,462446.38,1,448703.88,25.0,0,1,44.4
2026-07-30,IMPS,Delhi,1,3704.76,0,0.0,0.0,0,0,18.8
2026-07-30,IMPS,Hyderabad,2,3793.41,0,0.0,0.0,0,0,29.9
2026-07-30,IMPS,Jaipur,1,978.0,0,0.0,0.0,0,0,20.1
2026-07-30,IMPS,Kochi,4,10162.17,0,0.0,0.0,0,0,28.25
2026-07-30,IMPS,Kolkata,1,2906.78,0,0.0,0.0,0,0,30.7
2026-07-30,IMPS,Mumbai,5,8682.67,0,0.0,0.0,0,0,20.68
2026-07-30,Internet Banking,Ahmedabad,3,2325.38,0,0.0,0.0,0,0,22.57
2026-07-30,Internet Banking,Bengaluru,6,6364.92,0,0.0,0.0,0,0,21.18
2026-07-30,Internet Banking,Chennai,4,6663.39,0,0.0,0.0,0,0,22.93
2026-07-30,Internet Banking,Delhi,3,11577.09,0,0.0,0.0,0,0,23.6
2026-07-30,Internet Banking,Hyderabad,5,6867.69,0,0.0,0.0,0,0,27.64
2026-07-30,Internet Banking,Jaipur,1,9508.41,0,0.0,0.0,0,0,24.6
2026-07-30,Internet Banking,Kochi,3,10883.64,0,0.0,0.0,0,0,35.73
2026-07-30,Internet Banking,Kolkata,1,1085.85,1,1085.85,100.0,0,1,76.4
2026-07-30,Internet Banking,Mumbai,4,98869.18,1,96011.45,25.0,0,0,39.02
2026-07-30,Internet Banking,Pune,3,8644.71,0,0.0,0.0,0,0,22.67
2026-07-30,Mobile Banking,Ahmedabad,4,7155.91,0,0.0,0.0,0,0,30.27
2026-07-30,Mobile Banking,Bengaluru,10,23763.52,0,0.0,0.0,0,0,28.42
2026-07-30,Mobile Banking,Chennai,8,19060.32,0,0.0,0.0,0,0,32.92
2026-07-30,Mobile Banking,Delhi,3,5439.48,0,0.0,0.0,0,0,29.0
2026-07-30,Mobile Banking,Hyderabad,8,30552.8,0,0.0,0.0,0,0,24.47
2026-07-30,Mobile Banking,Jaipur,6,17886.29,0,0.0,0.0,0,1,31.2
2026-07-30,Mobile Banking,Kochi,5,8310.24,0,0.0,0.0,0,0,22.74
2026-07-30,Mobile Banking,Kolkata,3,2381.63,0,0.0,0.0,0,0,24.33
2026-07-30,Mobile Banking,Mumbai,2,3133.89,0,0.0,0.0,0,0,21.35
2026-07-30,Mobile Banking,Pune,5,4449.64,0,0.0,0.0,0,0,30.22
2026-07-30,NEFT,Ahmedabad,2,4236.83,0,0.0,0.0,0,0,42.2
2026-07-30,NEFT,Bengaluru,3,5054.01,0,0.0,0.0,0,0,24.67
2026-07-30,NEFT,Chennai,2,7064.48,0,0.0,0.0,0,1,42.6
2026-07-30,NEFT,Delhi,2,6045.94,0,0.0,0.0,0,0,39.0
2026-07-30,NEFT,Hyderabad,3,3773.25,0,0.0,0.0,0,0,41.07
2026-07-30,NEFT,Jaipur,2,612.76,0,0.0,0.0,0,0,24.35
2026-07-30,NEFT,Kochi,4,518426.04,1,514336.9,25.0,0,1,40.83
2026-07-30,NEFT,Kolkata,2,2242.67,0,0.0,0.0,0,0,29.75
2026-07-30,NEFT,Mumbai,2,3188.71,0,0.0,0.0,0,0,13.4
2026-07-30,NEFT,Pune,4,82124.33,1,75462.01,25.0,0,1,36.3
2026-07-30,POS,Ahmedabad,6,14712.04,0,0.0,0.0,0,0,28.7
2026-07-30,POS,Bengaluru,5,12942.53,0,0.0,0.0,0,0,22.2
2026-07-30,POS,Chennai,3,15875.17,0,0.0,0.0,0,0,32.8
2026-07-30,POS,Delhi,8,6252.9,0,0.0,0.0,0,0,29.91
2026-07-30,POS,Hyderabad,9,32945.72,0,0.0,0.0,0,0,27.1
2026-07-30,POS,Jaipur,1,2060.38,0,0.0,0.0,0,0,14.2
2026-07-30,POS,Kochi,6,8106.98,0,0.0,0.0,0,0,33.58
2026-07-30,POS,Kolkata,3,307799.09,1,303058.81,33.333,0,1,48.47
2026-07-30,POS,Mumbai,6,11984.44,0,0.0,0.0,0,0,34.9
2026-07-30,POS,Pune,3,3977.88,0,0.0,0.0,0,0,10.23
2026-07-30,RTGS,Ahmedabad,1,244236.81,0,0.0,0.0,0,0,60.2
2026-07-30,RTGS,Bengaluru,4,4037880.11,0,0.0,0.0,0,0,39.5
2026-07-30,RTGS,Chennai,3,1057691.86,0,0.0,0.0,0,0,49.87
2026-07-30,RTGS,Delhi,1,1271594.61,0,0.0,0.0,0,0,29.3
2026-07-30,RTGS,Hyderabad,1,1279056.33,0,0.0,0.0,0,0,46.9
2026-07-30,RTGS,Jaipur,2,1856741.18,0,0.0,0.0,0,0,31.45
2026-07-30,RTGS,Kolkata,2,1332432.4,0,0.0,0.0,0,0,31.95
2026-07-30,RTGS,Mumbai,3,1322408.52,0,0.0,0.0,0,0,37.57
2026-07-30,RTGS,Pune,3,2406353.05,0,0.0,0.0,0,0,45.13
2026-07-30,UPI,Ahmedabad,4,426935.71,1,418619.55,25.0,0,1,41.38
2026-07-30,UPI,Bengaluru,7,16032.13,0,0.0,0.0,0,0,39.41
2026-07-30,UPI,Chennai,5,5977.28,0,0.0,0.0,0,0,22.72
2026-07-30,UPI,Delhi,7,28301.64,1,12.24,14.286,0,1,26.39
2026-07-30,UPI,Hyderabad,7,32563.58,0,0.0,0.0,0,0,18.06
2026-07-30,UPI,Jaipur,4,19395.12,0,0.0,0.0,0,0,22.35
2026-07-30,UPI,Kochi,7,17925.06,0,0.0,0.0,0,0,31.44
2026-07-30,UPI,Kolkata,2,1708.84,0,0.0,0.0,0,0,19.3
2026-07-30,UPI,Mumbai,9,22197.64,0,0.0,0.0,0,0,28.81
2026-07-30,UPI,Pune,7,35623.8,0,0.0,0.0,0,0,27.94
